[2026-06-04T17:08:31.575Z] INFO Bot started. {"mode":"sim","enabledMarkets":["BTC","ETH","DOGE"],"minDistanceUsdByMarket":{"BTC":5,"ETH":0.5,"DOGE":0.0001},"minDistanceUsdByMarketOutcome":{"BTC":{"UP":5,"DOWN":5},"ETH":{"UP":0.5,"DOWN":0.5},"DOGE":{"UP":0.0001,"DOWN":0.0001}},"entryWindowSeconds":32,"entryWindowSecondsByMarket":{"BTC":32,"ETH":32,"DOGE":32},"entryWindowSecondsByMarketOutcome":{"BTC":{"UP":32,"DOWN":32},"ETH":{"UP":32,"DOWN":32},"DOGE":{"UP":32,"DOWN":32}},"maxAskPrice":0.6,"maxAskPriceByMarketOutcome":{"BTC":{"UP":0.6,"DOWN":0.6},"ETH":{"UP":0.6,"DOWN":0.6},"DOGE":{"UP":0.6,"DOWN":0.6}},"dailySpendLimitUsd":1000}
[2026-06-04T17:08:31.738Z] INFO Tracking market. {"market":"BTC","slug":"btc-updown-5m-1780592700","title":"Bitcoin Up or Down - June 4, 1:05PM-1:10PM ET","end":"2026-06-04T17:10:00.000Z","upToken":"8540501647600156528659424815492731644304310189759429232294449086305970164944","downToken":"43601779394171008366688063954520241613086571244944075054603868672859608878902","orderMinSize":5,"tickSize":"0.01"}
[2026-06-04T17:08:31.741Z] INFO Skipped trade. {"slug":"btc-updown-5m-1780592700","reason":"missing_current_chainlink_tick"}
[2026-06-04T17:08:31.742Z] INFO Tracking market. {"market":"ETH","slug":"eth-updown-5m-1780592700","title":"Ethereum Up or Down - June 4, 1:05PM-1:10PM ET","end":"2026-06-04T17:10:00.000Z","upToken":"10580242240844271034337825380827757246673595203454993327484416544158214362201","downToken":"110529151786180746435553849184168859717190991269858200544591767059267140262489","orderMinSize":5,"tickSize":"0.01"}
[2026-06-04T17:08:31.742Z] INFO Skipped trade. {"slug":"eth-updown-5m-1780592700","reason":"missing_current_chainlink_tick"}
[2026-06-04T17:08:31.742Z] INFO Tracking market. {"market":"DOGE","slug":"doge-updown-5m-1780592700","title":"Dogecoin Up or Down - June 4, 1:05PM-1:10PM ET","end":"2026-06-04T17:10:00.000Z","upToken":"47494282631710000907600328662457134071885546584531983179119432897054513858620","downToken":"88525013973153573519843793830026672477569198958579931948443280757338910076953","orderMinSize":5,"tickSize":"0.01"}
[2026-06-04T17:08:31.742Z] INFO Skipped trade. {"slug":"doge-updown-5m-1780592700","reason":"missing_current_chainlink_tick"}
[2026-06-04T17:08:32.152Z] INFO Connected to Polymarket RTDS Chainlink feed.
[2026-06-04T17:08:32.755Z] INFO Skipped trade. {"slug":"eth-updown-5m-1780592700","reason":"btc_distance_below_threshold","market":"ETH","minDistanceUsd":{"UP":0.5,"DOWN":0.5},"openingPrice":1769.431995,"currentPrice":1769.453145}
[2026-06-04T17:08:32.756Z] INFO Skipped trade. {"slug":"doge-updown-5m-1780592700","reason":"btc_distance_below_threshold","market":"DOGE","minDistanceUsd":{"UP":0.0001,"DOWN":0.0001},"openingPrice":0.0892045,"currentPrice":0.089106}
[2026-06-04T17:09:30.042Z] INFO Bot started. {"mode":"sim","enabledMarkets":["BTC","ETH","DOGE"],"minDistanceUsdByMarket":{"BTC":5,"ETH":0.5,"DOGE":0.0001},"minDistanceUsdByMarketOutcome":{"BTC":{"UP":5,"DOWN":5},"ETH":{"UP":0.5,"DOWN":0.5},"DOGE":{"UP":0.0001,"DOWN":0.0001}},"entryWindowSeconds":32,"entryWindowSecondsByMarket":{"BTC":32,"ETH":32,"DOGE":32},"entryWindowSecondsByMarketOutcome":{"BTC":{"UP":32,"DOWN":32},"ETH":{"UP":32,"DOWN":32},"DOGE":{"UP":32,"DOWN":32}},"maxAskPrice":0.6,"maxAskPriceByMarketOutcome":{"BTC":{"UP":0.6,"DOWN":0.6},"ETH":{"UP":0.6,"DOWN":0.6},"DOGE":{"UP":0.6,"DOWN":0.6}},"dailySpendLimitUsd":1000}
[2026-06-04T17:09:30.191Z] INFO Tracking market. {"market":"BTC","slug":"btc-updown-5m-1780592700","title":"Bitcoin Up or Down - June 4, 1:05PM-1:10PM ET","end":"2026-06-04T17:10:00.000Z","upToken":"8540501647600156528659424815492731644304310189759429232294449086305970164944","downToken":"43601779394171008366688063954520241613086571244944075054603868672859608878902","orderMinSize":5,"tickSize":"0.01"}
[2026-06-04T17:09:30.505Z] INFO Skipped trade. {"slug":"btc-updown-5m-1780592700","reason":"missing_current_chainlink_tick"}
[2026-06-04T17:09:30.505Z] INFO Tracking market. {"market":"ETH","slug":"eth-updown-5m-1780592700","title":"Ethereum Up or Down - June 4, 1:05PM-1:10PM ET","end":"2026-06-04T17:10:00.000Z","upToken":"10580242240844271034337825380827757246673595203454993327484416544158214362201","downToken":"110529151786180746435553849184168859717190991269858200544591767059267140262489","orderMinSize":5,"tickSize":"0.01"}
[2026-06-04T17:09:30.618Z] INFO Connected to Polymarket RTDS Chainlink feed.
[2026-06-04T17:09:30.704Z] INFO Skipped trade. {"slug":"eth-updown-5m-1780592700","reason":"missing_current_chainlink_tick"}
[2026-06-04T17:09:30.704Z] INFO Tracking market. {"market":"DOGE","slug":"doge-updown-5m-1780592700","title":"Dogecoin Up or Down - June 4, 1:05PM-1:10PM ET","end":"2026-06-04T17:10:00.000Z","upToken":"47494282631710000907600328662457134071885546584531983179119432897054513858620","downToken":"88525013973153573519843793830026672477569198958579931948443280757338910076953","orderMinSize":5,"tickSize":"0.01"}
[2026-06-04T17:09:30.897Z] INFO Skipped trade. {"slug":"doge-updown-5m-1780592700","reason":"missing_current_chainlink_tick"}
[2026-06-04T17:09:32.101Z] INFO Skipped trade. {"slug":"btc-updown-5m-1780592700","reason":"btc_distance_below_threshold","market":"BTC","minDistanceUsd":{"UP":5,"DOWN":5},"openingPrice":63449.69172011689,"currentPrice":63448.07500431236}
[2026-06-04T17:09:32.289Z] INFO Skipped trade. {"slug":"eth-updown-5m-1780592700","reason":"btc_distance_below_threshold","market":"ETH","minDistanceUsd":{"UP":0.5,"DOWN":0.5},"openingPrice":1769.431995,"currentPrice":1769.5969680174749}
[2026-06-04T17:09:32.482Z] INFO Skipped trade. {"slug":"doge-updown-5m-1780592700","reason":"btc_distance_below_threshold","market":"DOGE","minDistanceUsd":{"UP":0.0001,"DOWN":0.0001},"openingPrice":0.0892045,"currentPrice":0.089117}
[2026-06-04T17:09:35.730Z] INFO Skipped trade. {"slug":"btc-updown-5m-1780592700","reason":"no_ask_liquidity_under_cap","outcome":"UP"}
[2026-06-04T17:09:37.495Z] INFO Skipped trade. {"slug":"eth-updown-5m-1780592700","reason":"no_ask_liquidity_under_cap","outcome":"UP"}
[2026-06-04T17:10:01.399Z] INFO Tracking market. {"market":"BTC","slug":"btc-updown-5m-1780593000","title":"Bitcoin Up or Down - June 4, 1:10PM-1:15PM ET","end":"2026-06-04T17:15:00.000Z","upToken":"86021203360929835245380351555699974669939287213823903163798397916552573740549","downToken":"804644422617914007844014075118508432136103948094144537579958655136018936287","orderMinSize":5,"tickSize":"0.01"}
[2026-06-04T17:10:01.415Z] INFO Captured Chainlink opening tick. {"slug":"btc-updown-5m-1780593000","openingPrice":63486.63012220324,"tickTimestamp":"2026-06-04T17:10:00.000Z"}
[2026-06-04T17:10:01.428Z] INFO Skipped trade. {"slug":"btc-updown-5m-1780593000","reason":"btc_distance_below_threshold","market":"BTC","minDistanceUsd":{"UP":5,"DOWN":5},"openingPrice":63486.63012220324,"currentPrice":63486.63012220324}
[2026-06-04T17:10:01.428Z] INFO Tracking market. {"market":"ETH","slug":"eth-updown-5m-1780593000","title":"Ethereum Up or Down - June 4, 1:10PM-1:15PM ET","end":"2026-06-04T17:15:00.000Z","upToken":"90540993998013061990679707354707541594371198175409450103989912210919821799228","downToken":"12908573801730481060907838153575887595122965010722321517600728089160832044970","orderMinSize":5,"tickSize":"0.01"}
[2026-06-04T17:10:01.443Z] INFO Captured Chainlink opening tick. {"slug":"eth-updown-5m-1780593000","openingPrice":1770.90026,"tickTimestamp":"2026-06-04T17:10:00.000Z"}
[2026-06-04T17:10:01.451Z] INFO Skipped trade. {"slug":"eth-updown-5m-1780593000","reason":"btc_distance_below_threshold","market":"ETH","minDistanceUsd":{"UP":0.5,"DOWN":0.5},"openingPrice":1770.90026,"currentPrice":1770.90026}
[2026-06-04T17:10:01.452Z] INFO Tracking market. {"market":"DOGE","slug":"doge-updown-5m-1780593000","title":"Dogecoin Up or Down - June 4, 1:10PM-1:15PM ET","end":"2026-06-04T17:15:00.000Z","upToken":"83325346549220698183660102392794150688415268492289120508145365049835210656388","downToken":"99152407170036190295525521988780942546808254455843352383388133706164390224519","orderMinSize":5,"tickSize":"0.01"}
[2026-06-04T17:10:01.462Z] INFO Captured Chainlink opening tick. {"slug":"doge-updown-5m-1780593000","openingPrice":0.089233,"tickTimestamp":"2026-06-04T17:10:00.000Z"}
[2026-06-04T17:10:01.471Z] INFO Skipped trade. {"slug":"doge-updown-5m-1780593000","reason":"btc_distance_below_threshold","market":"DOGE","minDistanceUsd":{"UP":0.0001,"DOWN":0.0001},"openingPrice":0.089233,"currentPrice":0.089233}
[2026-06-04T17:14:39.956Z] INFO Skipped trade. {"slug":"btc-updown-5m-1780593000","reason":"no_ask_liquidity_under_cap","outcome":"UP"}
[2026-06-04T17:14:54.364Z] INFO Skipped trade. {"slug":"eth-updown-5m-1780593000","reason":"no_ask_liquidity_under_cap","outcome":"DOWN"}
[2026-06-04T17:15:00.571Z] INFO Tracking market. {"market":"BTC","slug":"btc-updown-5m-1780593300","title":"Bitcoin Up or Down - June 4, 1:15PM-1:20PM ET","end":"2026-06-04T17:20:00.000Z","upToken":"47283872727063116811595308384057899371872459081497698184581611527450641506661","downToken":"62624472012103748330219442951769167938754123424867310040437889904700140855597","orderMinSize":5,"tickSize":"0.01"}
[2026-06-04T17:15:00.572Z] INFO Skipped trade. {"slug":"btc-updown-5m-1780593300","reason":"missing_opening_chainlink_tick"}
[2026-06-04T17:15:00.572Z] INFO Tracking market. {"market":"ETH","slug":"eth-updown-5m-1780593300","title":"Ethereum Up or Down - June 4, 1:15PM-1:20PM ET","end":"2026-06-04T17:20:00.000Z","upToken":"96064474194424931613315584823769127190331146856589363732294605370031482344288","downToken":"110379762140431599290383752259670092481096440686130914373094661990133421301631","orderMinSize":5,"tickSize":"0.01"}
[2026-06-04T17:15:00.572Z] INFO Skipped trade. {"slug":"eth-updown-5m-1780593300","reason":"missing_opening_chainlink_tick"}
[2026-06-04T17:15:00.572Z] INFO Tracking market. {"market":"DOGE","slug":"doge-updown-5m-1780593300","title":"Dogecoin Up or Down - June 4, 1:15PM-1:20PM ET","end":"2026-06-04T17:20:00.000Z","upToken":"113885935910868380847235621640892297456024247955309381854084983071080256483859","downToken":"1039053220702076528001534262491755034273556045650877875442773557007819263655","orderMinSize":5,"tickSize":"0.01"}
[2026-06-04T17:15:00.573Z] INFO Skipped trade. {"slug":"doge-updown-5m-1780593300","reason":"missing_opening_chainlink_tick"}
[2026-06-04T17:15:01.582Z] INFO Captured Chainlink opening tick. {"slug":"btc-updown-5m-1780593300","openingPrice":63515.350385068894,"tickTimestamp":"2026-06-04T17:15:00.000Z"}
[2026-06-04T17:15:01.588Z] INFO Skipped trade. {"slug":"btc-updown-5m-1780593300","reason":"btc_distance_below_threshold","market":"BTC","minDistanceUsd":{"UP":5,"DOWN":5},"openingPrice":63515.350385068894,"currentPrice":63515.350385068894}
[2026-06-04T17:15:01.591Z] INFO Captured Chainlink opening tick. {"slug":"eth-updown-5m-1780593300","openingPrice":1770.565116303417,"tickTimestamp":"2026-06-04T17:15:00.000Z"}
[2026-06-04T17:15:01.594Z] INFO Skipped trade. {"slug":"eth-updown-5m-1780593300","reason":"btc_distance_below_threshold","market":"ETH","minDistanceUsd":{"UP":0.5,"DOWN":0.5},"openingPrice":1770.565116303417,"currentPrice":1770.565116303417}
[2026-06-04T17:15:01.597Z] INFO Captured Chainlink opening tick. {"slug":"doge-updown-5m-1780593300","openingPrice":0.089266,"tickTimestamp":"2026-06-04T17:15:00.000Z"}
[2026-06-04T17:15:01.600Z] INFO Skipped trade. {"slug":"doge-updown-5m-1780593300","reason":"btc_distance_below_threshold","market":"DOGE","minDistanceUsd":{"UP":0.0001,"DOWN":0.0001},"openingPrice":0.089266,"currentPrice":0.089266}
[2026-06-04T17:19:30.232Z] INFO Skipped trade. {"slug":"btc-updown-5m-1780593300","reason":"no_ask_liquidity_under_cap","outcome":"DOWN"}
[2026-06-04T17:19:30.232Z] INFO Skipped trade. {"slug":"eth-updown-5m-1780593300","reason":"no_ask_liquidity_under_cap","outcome":"DOWN"}
[2026-06-04T17:19:30.232Z] INFO Skipped trade. {"slug":"doge-updown-5m-1780593300","reason":"no_ask_liquidity_under_cap","outcome":"DOWN"}
[2026-06-04T17:20:01.196Z] INFO Tracking market. {"market":"BTC","slug":"btc-updown-5m-1780593600","title":"Bitcoin Up or Down - June 4, 1:20PM-1:25PM ET","end":"2026-06-04T17:25:00.000Z","upToken":"1754388355651964721163985492296713875924866662204526737284651578986776672346","downToken":"12037351201177683223265322379171915194847675809186823897702307171300037036142","orderMinSize":5,"tickSize":"0.01"}
[2026-06-04T17:20:01.197Z] INFO Skipped trade. {"slug":"btc-updown-5m-1780593600","reason":"missing_opening_chainlink_tick"}
[2026-06-04T17:20:01.197Z] INFO Tracking market. {"market":"ETH","slug":"eth-updown-5m-1780593600","title":"Ethereum Up or Down - June 4, 1:20PM-1:25PM ET","end":"2026-06-04T17:25:00.000Z","upToken":"66132427626773321031091802487904102620052161448880258152231891248153092345879","downToken":"105223599513104332811560896039116047209475027177373010765191709621993455944523","orderMinSize":5,"tickSize":"0.01"}
[2026-06-04T17:20:01.197Z] INFO Skipped trade. {"slug":"eth-updown-5m-1780593600","reason":"missing_opening_chainlink_tick"}
[2026-06-04T17:20:01.197Z] INFO Tracking market. {"market":"DOGE","slug":"doge-updown-5m-1780593600","title":"Dogecoin Up or Down - June 4, 1:20PM-1:25PM ET","end":"2026-06-04T17:25:00.000Z","upToken":"102513306834367561573440508413349832737728005884051506478645316088508463870068","downToken":"95288047861797372472105576958771286431117414219082461319148582356939673945627","orderMinSize":5,"tickSize":"0.01"}
[2026-06-04T17:20:01.197Z] INFO Skipped trade. {"slug":"doge-updown-5m-1780593600","reason":"missing_opening_chainlink_tick"}
[2026-06-04T17:20:02.210Z] INFO Captured Chainlink opening tick. {"slug":"btc-updown-5m-1780593600","openingPrice":63182.28126028199,"tickTimestamp":"2026-06-04T17:20:00.000Z"}
[2026-06-04T17:20:02.214Z] INFO Skipped trade. {"slug":"btc-updown-5m-1780593600","reason":"btc_distance_below_threshold","market":"BTC","minDistanceUsd":{"UP":5,"DOWN":5},"openingPrice":63182.28126028199,"currentPrice":63185.00032663138}
[2026-06-04T17:20:02.217Z] INFO Captured Chainlink opening tick. {"slug":"eth-updown-5m-1780593600","openingPrice":1762.41113,"tickTimestamp":"2026-06-04T17:20:00.000Z"}
[2026-06-04T17:20:02.221Z] INFO Skipped trade. {"slug":"eth-updown-5m-1780593600","reason":"btc_distance_below_threshold","market":"ETH","minDistanceUsd":{"UP":0.5,"DOWN":0.5},"openingPrice":1762.41113,"currentPrice":1762.417735}
[2026-06-04T17:20:02.226Z] INFO Captured Chainlink opening tick. {"slug":"doge-updown-5m-1780593600","openingPrice":0.088867,"tickTimestamp":"2026-06-04T17:20:00.000Z"}
[2026-06-04T17:20:02.230Z] INFO Skipped trade. {"slug":"doge-updown-5m-1780593600","reason":"btc_distance_below_threshold","market":"DOGE","minDistanceUsd":{"UP":0.0001,"DOWN":0.0001},"openingPrice":0.088867,"currentPrice":0.0888693870583596}
[2026-06-04T17:20:19.642Z] INFO Skipped trade. {"slug":"doge-updown-5m-1780593600","reason":"stale_chainlink_tick","tickTimestamp":"2026-06-04T17:20:09.000Z"}
[2026-06-04T17:20:20.654Z] INFO Skipped trade. {"slug":"eth-updown-5m-1780593600","reason":"stale_chainlink_tick","tickTimestamp":"2026-06-04T17:20:10.000Z"}
[2026-06-04T17:20:44.589Z] WARN RTDS websocket closed; reconnecting soon.
[2026-06-04T17:20:48.225Z] INFO Connected to Polymarket RTDS Chainlink feed.
[2026-06-04T17:24:29.290Z] INFO Skipped trade. {"slug":"btc-updown-5m-1780593600","reason":"no_ask_liquidity_under_cap","outcome":"DOWN"}
[2026-06-04T17:24:39.561Z] INFO Skipped trade. {"slug":"eth-updown-5m-1780593600","reason":"no_ask_liquidity_under_cap","outcome":"DOWN"}
[2026-06-04T17:25:00.576Z] INFO Tracking market. {"market":"BTC","slug":"btc-updown-5m-1780593900","title":"Bitcoin Up or Down - June 4, 1:25PM-1:30PM ET","end":"2026-06-04T17:30:00.000Z","upToken":"49210264694734159279467832312606278896959293515015744262642130288326295275843","downToken":"50456126825096130055893944328569657523046105039949629085223697226012706854992","orderMinSize":5,"tickSize":"0.01"}
[2026-06-04T17:25:00.577Z] INFO Skipped trade. {"slug":"btc-updown-5m-1780593900","reason":"missing_opening_chainlink_tick"}
[2026-06-04T17:25:00.577Z] INFO Tracking market. {"market":"ETH","slug":"eth-updown-5m-1780593900","title":"Ethereum Up or Down - June 4, 1:25PM-1:30PM ET","end":"2026-06-04T17:30:00.000Z","upToken":"71607637259145622368908088344176931318270170207196459049451885156879009805990","downToken":"112172810617596345071322263009588206008390415212192859713273094764669972546262","orderMinSize":5,"tickSize":"0.01"}
[2026-06-04T17:25:00.577Z] INFO Skipped trade. {"slug":"eth-updown-5m-1780593900","reason":"missing_opening_chainlink_tick"}
[2026-06-04T17:25:00.577Z] INFO Tracking market. {"market":"DOGE","slug":"doge-updown-5m-1780593900","title":"Dogecoin Up or Down - June 4, 1:25PM-1:30PM ET","end":"2026-06-04T17:30:00.000Z","upToken":"13620744052058075740316541901325187599356694516442777409480551403267454711420","downToken":"74928027679929909364656376238765829662354470678656931128105028771367049379821","orderMinSize":5,"tickSize":"0.01"}
[2026-06-04T17:25:00.577Z] INFO Skipped trade. {"slug":"doge-updown-5m-1780593900","reason":"missing_opening_chainlink_tick"}
[2026-06-04T17:25:01.597Z] INFO Captured Chainlink opening tick. {"slug":"btc-updown-5m-1780593900","openingPrice":63079.90358871115,"tickTimestamp":"2026-06-04T17:25:00.000Z"}
[2026-06-04T17:25:01.600Z] INFO Skipped trade. {"slug":"btc-updown-5m-1780593900","reason":"btc_distance_below_threshold","market":"BTC","minDistanceUsd":{"UP":5,"DOWN":5},"openingPrice":63079.90358871115,"currentPrice":63079.90358871115}
[2026-06-04T17:25:04.626Z] INFO Captured Chainlink opening tick. {"slug":"eth-updown-5m-1780593900","openingPrice":1761.2185952247814,"tickTimestamp":"2026-06-04T17:25:00.000Z"}
[2026-06-04T17:25:04.649Z] INFO Captured Chainlink opening tick. {"slug":"doge-updown-5m-1780593900","openingPrice":0.0888448388664456,"tickTimestamp":"2026-06-04T17:25:00.000Z"}
[2026-06-04T17:25:04.665Z] INFO Skipped trade. {"slug":"doge-updown-5m-1780593900","reason":"btc_distance_below_threshold","market":"DOGE","minDistanceUsd":{"UP":0.0001,"DOWN":0.0001},"openingPrice":0.0888448388664456,"currentPrice":0.0888893}
[2026-06-04T17:25:19.098Z] INFO Skipped trade. {"slug":"eth-updown-5m-1780593900","reason":"btc_distance_below_threshold","market":"ETH","minDistanceUsd":{"UP":0.5,"DOWN":0.5},"openingPrice":1761.2185952247814,"currentPrice":1761.610858086583}
[2026-06-04T17:29:30.874Z] INFO Skipped trade. {"slug":"btc-updown-5m-1780593900","reason":"no_ask_liquidity_under_cap","outcome":"UP"}
[2026-06-04T17:29:30.874Z] INFO Skipped trade. {"slug":"eth-updown-5m-1780593900","reason":"no_ask_liquidity_under_cap","outcome":"UP"}
[2026-06-04T17:29:30.874Z] INFO Skipped trade. {"slug":"doge-updown-5m-1780593900","reason":"no_ask_liquidity_under_cap","outcome":"UP"}
[2026-06-04T17:30:01.167Z] INFO Tracking market. {"market":"BTC","slug":"btc-updown-5m-1780594200","title":"Bitcoin Up or Down - June 4, 1:30PM-1:35PM ET","end":"2026-06-04T17:35:00.000Z","upToken":"8076101584719252755207330298713970837327499590799796381446650088806018186859","downToken":"97951428013223705248887565387569973799354441537008469356563446723670468814939","orderMinSize":5,"tickSize":"0.01"}
[2026-06-04T17:30:01.178Z] INFO Captured Chainlink opening tick. {"slug":"btc-updown-5m-1780594200","openingPrice":63150.78816058908,"tickTimestamp":"2026-06-04T17:30:00.000Z"}
[2026-06-04T17:30:01.189Z] INFO Skipped trade. {"slug":"btc-updown-5m-1780594200","reason":"btc_distance_below_threshold","market":"BTC","minDistanceUsd":{"UP":5,"DOWN":5},"openingPrice":63150.78816058908,"currentPrice":63150.78816058908}
[2026-06-04T17:30:01.189Z] INFO Tracking market. {"market":"ETH","slug":"eth-updown-5m-1780594200","title":"Ethereum Up or Down - June 4, 1:30PM-1:35PM ET","end":"2026-06-04T17:35:00.000Z","upToken":"89889576084888490157841150969102203687295163655707995385785916900109429215600","downToken":"6492481643076388515670102814034368210811457332208787920174830234985998478540","orderMinSize":5,"tickSize":"0.01"}
[2026-06-04T17:30:01.189Z] INFO Skipped trade. {"slug":"eth-updown-5m-1780594200","reason":"missing_opening_chainlink_tick"}
[2026-06-04T17:30:01.189Z] INFO Tracking market. {"market":"DOGE","slug":"doge-updown-5m-1780594200","title":"Dogecoin Up or Down - June 4, 1:30PM-1:35PM ET","end":"2026-06-04T17:35:00.000Z","upToken":"19204631583341088442415827881227858366083484928511332716815239161497534470051","downToken":"16709491505270363030278233248303834860786642387950385438065646571913483186351","orderMinSize":5,"tickSize":"0.01"}
[2026-06-04T17:30:01.190Z] INFO Skipped trade. {"slug":"doge-updown-5m-1780594200","reason":"missing_opening_chainlink_tick"}
[2026-06-04T17:30:05.254Z] INFO Captured Chainlink opening tick. {"slug":"eth-updown-5m-1780594200","openingPrice":1762.682575,"tickTimestamp":"2026-06-04T17:30:00.000Z"}
[2026-06-04T17:30:05.259Z] INFO Skipped trade. {"slug":"eth-updown-5m-1780594200","reason":"btc_distance_below_threshold","market":"ETH","minDistanceUsd":{"UP":0.5,"DOWN":0.5},"openingPrice":1762.682575,"currentPrice":1762.641515}
[2026-06-04T17:30:05.264Z] INFO Captured Chainlink opening tick. {"slug":"doge-updown-5m-1780594200","openingPrice":0.089018,"tickTimestamp":"2026-06-04T17:30:00.000Z"}
[2026-06-04T17:30:05.268Z] INFO Skipped trade. {"slug":"doge-updown-5m-1780594200","reason":"btc_distance_below_threshold","market":"DOGE","minDistanceUsd":{"UP":0.0001,"DOWN":0.0001},"openingPrice":0.089018,"currentPrice":0.089022}
[2026-06-04T17:34:29.482Z] INFO Skipped trade. {"slug":"btc-updown-5m-1780594200","reason":"no_ask_liquidity_under_cap","outcome":"DOWN"}
[2026-06-04T17:34:29.483Z] INFO Skipped trade. {"slug":"eth-updown-5m-1780594200","reason":"no_ask_liquidity_under_cap","outcome":"DOWN"}
[2026-06-04T17:34:29.483Z] INFO Skipped trade. {"slug":"doge-updown-5m-1780594200","reason":"no_ask_liquidity_under_cap","outcome":"DOWN"}
[2026-06-04T17:34:47.295Z] WARN Analytics sample recording failed; continuing. {"market":"ETH","slug":"eth-updown-5m-1780594200","error":"ENOENT: no such file or directory, rename 'C:\\DEV\\tests\\Workspace de Yarbis\\Polybot\\data\\analytics-active.json.tmp' -> 'C:\\DEV\\tests\\Workspace de Yarbis\\Polybot\\data\\analytics-active.json'"}
[2026-06-04T17:35:00.311Z] INFO Tracking market. {"market":"BTC","slug":"btc-updown-5m-1780594500","title":"Bitcoin Up or Down - June 4, 1:35PM-1:40PM ET","end":"2026-06-04T17:40:00.000Z","upToken":"9818280594589449107616243916770832513866250221037499954756791581681343755274","downToken":"109935478146941338112263047513975513099360908746988048212859335404526343999850","orderMinSize":5,"tickSize":"0.01"}
[2026-06-04T17:35:00.312Z] INFO Skipped trade. {"slug":"btc-updown-5m-1780594500","reason":"missing_opening_chainlink_tick"}
[2026-06-04T17:35:00.312Z] INFO Tracking market. {"market":"ETH","slug":"eth-updown-5m-1780594500","title":"Ethereum Up or Down - June 4, 1:35PM-1:40PM ET","end":"2026-06-04T17:40:00.000Z","upToken":"93328432561712273364777681030460719401782958675636774821969112703267898005858","downToken":"98632709560426092625469198240860112275622559193365064354921527611298373280563","orderMinSize":5,"tickSize":"0.01"}
[2026-06-04T17:35:00.312Z] INFO Skipped trade. {"slug":"eth-updown-5m-1780594500","reason":"missing_opening_chainlink_tick"}
[2026-06-04T17:35:00.312Z] INFO Tracking market. {"market":"DOGE","slug":"doge-updown-5m-1780594500","title":"Dogecoin Up or Down - June 4, 1:35PM-1:40PM ET","end":"2026-06-04T17:40:00.000Z","upToken":"72474124153352419722368708879600911022327478506564727957933576839405978249128","downToken":"44532551268244825777263730307920629073046830188582027777564102860298181423873","orderMinSize":5,"tickSize":"0.01"}
[2026-06-04T17:35:00.312Z] INFO Skipped trade. {"slug":"doge-updown-5m-1780594500","reason":"missing_opening_chainlink_tick"}
[2026-06-04T17:35:01.319Z] INFO Captured Chainlink opening tick. {"slug":"btc-updown-5m-1780594500","openingPrice":63009.189636277355,"tickTimestamp":"2026-06-04T17:35:00.000Z"}
[2026-06-04T17:35:01.334Z] INFO Skipped trade. {"slug":"btc-updown-5m-1780594500","reason":"btc_distance_below_threshold","market":"BTC","minDistanceUsd":{"UP":5,"DOWN":5},"openingPrice":63009.189636277355,"currentPrice":63009.189636277355}
[2026-06-04T17:35:05.477Z] INFO Captured Chainlink opening tick. {"slug":"eth-updown-5m-1780594500","openingPrice":1758.646895,"tickTimestamp":"2026-06-04T17:35:00.000Z"}
[2026-06-04T17:35:05.480Z] INFO Skipped trade. {"slug":"eth-updown-5m-1780594500","reason":"btc_distance_below_threshold","market":"ETH","minDistanceUsd":{"UP":0.5,"DOWN":0.5},"openingPrice":1758.646895,"currentPrice":1758.7761278445748}
[2026-06-04T17:35:05.484Z] INFO Captured Chainlink opening tick. {"slug":"doge-updown-5m-1780594500","openingPrice":0.0886958542047559,"tickTimestamp":"2026-06-04T17:35:00.000Z"}
[2026-06-04T17:35:05.487Z] INFO Skipped trade. {"slug":"doge-updown-5m-1780594500","reason":"btc_distance_below_threshold","market":"DOGE","minDistanceUsd":{"UP":0.0001,"DOWN":0.0001},"openingPrice":0.0886958542047559,"currentPrice":0.0887144614940215}
[2026-06-04T17:39:05.901Z] WARN Analytics sample recording failed; continuing. {"market":"ETH","slug":"eth-updown-5m-1780594500","error":"ENOENT: no such file or directory, rename 'C:\\DEV\\tests\\Workspace de Yarbis\\Polybot\\data\\analytics-active.json.tmp' -> 'C:\\DEV\\tests\\Workspace de Yarbis\\Polybot\\data\\analytics-active.json'"}
[2026-06-04T17:39:07.383Z] WARN Analytics sample recording failed; continuing. {"market":"BTC","slug":"btc-updown-5m-1780594500","error":"ENOENT: no such file or directory, rename 'C:\\DEV\\tests\\Workspace de Yarbis\\Polybot\\data\\analytics-active.json.tmp' -> 'C:\\DEV\\tests\\Workspace de Yarbis\\Polybot\\data\\analytics-active.json'"}
[2026-06-04T17:39:30.365Z] INFO Skipped trade. {"slug":"btc-updown-5m-1780594500","reason":"no_ask_liquidity_under_cap","outcome":"DOWN"}
[2026-06-04T17:39:30.366Z] INFO Skipped trade. {"slug":"eth-updown-5m-1780594500","reason":"no_ask_liquidity_under_cap","outcome":"DOWN"}
[2026-06-04T17:39:30.366Z] INFO Skipped trade. {"slug":"doge-updown-5m-1780594500","reason":"no_ask_liquidity_under_cap","outcome":"DOWN"}
[2026-06-04T17:40:01.464Z] INFO Tracking market. {"market":"BTC","slug":"btc-updown-5m-1780594800","title":"Bitcoin Up or Down - June 4, 1:40PM-1:45PM ET","end":"2026-06-04T17:45:00.000Z","upToken":"14699606240908105255830674467251964303259550887746093557102084000828420976796","downToken":"86515435192831575696006180907405823871037987060096206228367554175884438966031","orderMinSize":5,"tickSize":"0.01"}
[2026-06-04T17:40:01.469Z] INFO Captured Chainlink opening tick. {"slug":"btc-updown-5m-1780594800","openingPrice":62933.80895476163,"tickTimestamp":"2026-06-04T17:40:00.000Z"}
[2026-06-04T17:40:01.473Z] INFO Skipped trade. {"slug":"btc-updown-5m-1780594800","reason":"btc_distance_below_threshold","market":"BTC","minDistanceUsd":{"UP":5,"DOWN":5},"openingPrice":62933.80895476163,"currentPrice":62933.80895476163}
[2026-06-04T17:40:01.473Z] INFO Tracking market. {"market":"ETH","slug":"eth-updown-5m-1780594800","title":"Ethereum Up or Down - June 4, 1:40PM-1:45PM ET","end":"2026-06-04T17:45:00.000Z","upToken":"60557739965814068245632250617169300222924350465636489361528844941240149041159","downToken":"49041692277809059441066567924272667643396545838388734757049960971833401404106","orderMinSize":5,"tickSize":"0.01"}
[2026-06-04T17:40:01.474Z] INFO Skipped trade. {"slug":"eth-updown-5m-1780594800","reason":"missing_opening_chainlink_tick"}
[2026-06-04T17:40:01.474Z] INFO Tracking market. {"market":"DOGE","slug":"doge-updown-5m-1780594800","title":"Dogecoin Up or Down - June 4, 1:40PM-1:45PM ET","end":"2026-06-04T17:45:00.000Z","upToken":"20179216085151294755310740610355117276971526206039786293513075988379181799785","downToken":"100023425234250987283774535103604714353412355223992112992966265142414413153320","orderMinSize":5,"tickSize":"0.01"}
[2026-06-04T17:40:01.474Z] INFO Skipped trade. {"slug":"doge-updown-5m-1780594800","reason":"missing_opening_chainlink_tick"}
[2026-06-04T17:40:05.536Z] INFO Captured Chainlink opening tick. {"slug":"eth-updown-5m-1780594800","openingPrice":1756.129149174965,"tickTimestamp":"2026-06-04T17:40:00.000Z"}
[2026-06-04T17:40:05.539Z] INFO Skipped trade. {"slug":"eth-updown-5m-1780594800","reason":"btc_distance_below_threshold","market":"ETH","minDistanceUsd":{"UP":0.5,"DOWN":0.5},"openingPrice":1756.129149174965,"currentPrice":1755.64843}
[2026-06-04T17:40:05.543Z] INFO Captured Chainlink opening tick. {"slug":"doge-updown-5m-1780594800","openingPrice":0.0885568,"tickTimestamp":"2026-06-04T17:40:00.000Z"}
[2026-06-04T17:40:05.546Z] INFO Skipped trade. {"slug":"doge-updown-5m-1780594800","reason":"btc_distance_below_threshold","market":"DOGE","minDistanceUsd":{"UP":0.0001,"DOWN":0.0001},"openingPrice":0.0885568,"currentPrice":0.088531}
[2026-06-04T17:44:29.181Z] INFO Skipped trade. {"slug":"eth-updown-5m-1780594800","reason":"no_ask_liquidity_under_cap","outcome":"DOWN"}
[2026-06-04T17:44:34.233Z] INFO Skipped trade. {"slug":"btc-updown-5m-1780594800","reason":"no_ask_liquidity_under_cap","outcome":"UP"}
[2026-06-04T17:45:00.801Z] INFO Tracking market. {"market":"BTC","slug":"btc-updown-5m-1780595100","title":"Bitcoin Up or Down - June 4, 1:45PM-1:50PM ET","end":"2026-06-04T17:50:00.000Z","upToken":"31345947066430574978360336767415947715925702199676785448002150437743628985053","downToken":"44713740522683846642114290320098496704948458625673265021605723609421279807930","orderMinSize":5,"tickSize":"0.01"}
[2026-06-04T17:45:00.801Z] INFO Skipped trade. {"slug":"btc-updown-5m-1780595100","reason":"missing_opening_chainlink_tick"}
[2026-06-04T17:45:00.801Z] INFO Tracking market. {"market":"ETH","slug":"eth-updown-5m-1780595100","title":"Ethereum Up or Down - June 4, 1:45PM-1:50PM ET","end":"2026-06-04T17:50:00.000Z","upToken":"81988790292430253713072041585783290064981922180611776680200479265496452502791","downToken":"59261067292658064728026234035543439804203628724609801655691651288986880409174","orderMinSize":5,"tickSize":"0.01"}
[2026-06-04T17:45:00.801Z] INFO Skipped trade. {"slug":"eth-updown-5m-1780595100","reason":"missing_opening_chainlink_tick"}
[2026-06-04T17:45:00.801Z] INFO Tracking market. {"market":"DOGE","slug":"doge-updown-5m-1780595100","title":"Dogecoin Up or Down - June 4, 1:45PM-1:50PM ET","end":"2026-06-04T17:50:00.000Z","upToken":"83243815820913722670307650754555645576628954291614155971212173304474388927074","downToken":"19151924194386529849381956907546837420536621154609331414517675385087538047549","orderMinSize":5,"tickSize":"0.01"}
[2026-06-04T17:45:00.801Z] INFO Skipped trade. {"slug":"doge-updown-5m-1780595100","reason":"missing_opening_chainlink_tick"}
[2026-06-04T17:45:01.815Z] INFO Captured Chainlink opening tick. {"slug":"btc-updown-5m-1780595100","openingPrice":62969.41022096619,"tickTimestamp":"2026-06-04T17:45:00.000Z"}
[2026-06-04T17:45:01.818Z] INFO Skipped trade. {"slug":"btc-updown-5m-1780595100","reason":"btc_distance_below_threshold","market":"BTC","minDistanceUsd":{"UP":5,"DOWN":5},"openingPrice":62969.41022096619,"currentPrice":62969.41022096619}
[2026-06-04T17:45:05.977Z] INFO Captured Chainlink opening tick. {"slug":"eth-updown-5m-1780595100","openingPrice":1756.0166676146848,"tickTimestamp":"2026-06-04T17:45:00.000Z"}
[2026-06-04T17:45:05.984Z] INFO Captured Chainlink opening tick. {"slug":"doge-updown-5m-1780595100","openingPrice":0.0885679,"tickTimestamp":"2026-06-04T17:45:00.000Z"}
[2026-06-04T17:45:05.987Z] INFO Skipped trade. {"slug":"doge-updown-5m-1780595100","reason":"btc_distance_below_threshold","market":"DOGE","minDistanceUsd":{"UP":0.0001,"DOWN":0.0001},"openingPrice":0.0885679,"currentPrice":0.0885603}
[2026-06-04T17:45:11.241Z] INFO Skipped trade. {"slug":"eth-updown-5m-1780595100","reason":"btc_distance_below_threshold","market":"ETH","minDistanceUsd":{"UP":0.5,"DOWN":0.5},"openingPrice":1756.0166676146848,"currentPrice":1755.54163}
[2026-06-04T17:47:19.758Z] INFO Skipped trade. {"slug":"doge-updown-5m-1780595100","reason":"stale_chainlink_tick","tickTimestamp":"2026-06-04T17:47:09.000Z"}
[2026-06-04T17:47:20.901Z] INFO Skipped trade. {"slug":"eth-updown-5m-1780595100","reason":"stale_chainlink_tick","tickTimestamp":"2026-06-04T17:47:10.000Z"}
[2026-06-04T17:49:28.842Z] INFO Skipped trade. {"slug":"eth-updown-5m-1780595100","reason":"no_ask_liquidity_under_cap","outcome":"DOWN"}
[2026-06-04T17:49:28.842Z] INFO Skipped trade. {"slug":"doge-updown-5m-1780595100","reason":"no_ask_liquidity_under_cap","outcome":"DOWN"}
[2026-06-04T17:49:30.467Z] INFO Skipped trade. {"slug":"btc-updown-5m-1780595100","reason":"no_ask_liquidity_under_cap","outcome":"UP"}
[2026-06-04T17:49:30.484Z] INFO Trade attempt recorded. {"mode":"sim","slug":"eth-updown-5m-1780595100","outcome":"DOWN","amountUsd":5,"bestAsk":0.54,"estimatedShares":9.25925925925926}
[2026-06-04T17:49:31.881Z] INFO Skipped trade. {"slug":"eth-updown-5m-1780595100","reason":"market_already_traded"}
[2026-06-04T17:50:01.268Z] INFO Tracking market. {"market":"BTC","slug":"btc-updown-5m-1780595400","title":"Bitcoin Up or Down - June 4, 1:50PM-1:55PM ET","end":"2026-06-04T17:55:00.000Z","upToken":"37549829113639534795096418564703268868270847629204887537631761448195954623995","downToken":"21914917160884405387942839691376239168977427899932575215799901553548213445861","orderMinSize":5,"tickSize":"0.01"}
[2026-06-04T17:50:01.274Z] INFO Captured Chainlink opening tick. {"slug":"btc-updown-5m-1780595400","openingPrice":63017.331930049964,"tickTimestamp":"2026-06-04T17:50:00.000Z"}
[2026-06-04T17:50:01.287Z] INFO Skipped trade. {"slug":"btc-updown-5m-1780595400","reason":"btc_distance_below_threshold","market":"BTC","minDistanceUsd":{"UP":5,"DOWN":5},"openingPrice":63017.331930049964,"currentPrice":63017.331930049964}
[2026-06-04T17:50:01.287Z] INFO Tracking market. {"market":"ETH","slug":"eth-updown-5m-1780595400","title":"Ethereum Up or Down - June 4, 1:50PM-1:55PM ET","end":"2026-06-04T17:55:00.000Z","upToken":"30566899256282960097893965546360450406017827651404177231473836077387937168626","downToken":"67340108837136367887098699659670812372398895310104963445043786158398922634493","orderMinSize":5,"tickSize":"0.01"}
[2026-06-04T17:50:01.292Z] INFO Captured Chainlink opening tick. {"slug":"eth-updown-5m-1780595400","openingPrice":1756.687755,"tickTimestamp":"2026-06-04T17:50:00.000Z"}
[2026-06-04T17:50:01.295Z] INFO Skipped trade. {"slug":"eth-updown-5m-1780595400","reason":"btc_distance_below_threshold","market":"ETH","minDistanceUsd":{"UP":0.5,"DOWN":0.5},"openingPrice":1756.687755,"currentPrice":1756.687755}
[2026-06-04T17:50:01.295Z] INFO Tracking market. {"market":"DOGE","slug":"doge-updown-5m-1780595400","title":"Dogecoin Up or Down - June 4, 1:50PM-1:55PM ET","end":"2026-06-04T17:55:00.000Z","upToken":"88888542251799888462888647579464066782816692056484718205945603763989347663031","downToken":"35945140288702326068399827012669218953172621955930560047647088723263736989760","orderMinSize":5,"tickSize":"0.01"}
[2026-06-04T17:50:01.299Z] INFO Captured Chainlink opening tick. {"slug":"doge-updown-5m-1780595400","openingPrice":0.088467,"tickTimestamp":"2026-06-04T17:50:00.000Z"}
[2026-06-04T17:50:01.303Z] INFO Skipped trade. {"slug":"doge-updown-5m-1780595400","reason":"btc_distance_below_threshold","market":"DOGE","minDistanceUsd":{"UP":0.0001,"DOWN":0.0001},"openingPrice":0.088467,"currentPrice":0.088467}
[2026-06-04T17:50:02.328Z] INFO Resolved trade. {"mode":"sim","slug":"eth-updown-5m-1780595100","outcome":"DOWN","winningOutcome":"UP","won":false,"finalPrice":1756.687755}
[2026-06-04T17:54:29.658Z] INFO Skipped trade. {"slug":"btc-updown-5m-1780595400","reason":"no_ask_liquidity_under_cap","outcome":"UP"}
[2026-06-04T17:54:29.658Z] INFO Skipped trade. {"slug":"eth-updown-5m-1780595400","reason":"no_ask_liquidity_under_cap","outcome":"UP"}
[2026-06-04T17:54:29.658Z] INFO Skipped trade. {"slug":"doge-updown-5m-1780595400","reason":"no_ask_liquidity_under_cap","outcome":"UP"}
[2026-06-04T17:55:00.985Z] INFO Tracking market. {"market":"BTC","slug":"btc-updown-5m-1780595700","title":"Bitcoin Up or Down - June 4, 1:55PM-2:00PM ET","end":"2026-06-04T18:00:00.000Z","upToken":"4183010384409789736883533955455747338289631925625893210694683879799531682769","downToken":"81325946999826142578610028924932402406826138328979020390375680362163453375339","orderMinSize":5,"tickSize":"0.01"}
[2026-06-04T17:55:00.989Z] INFO Captured Chainlink opening tick. {"slug":"btc-updown-5m-1780595700","openingPrice":63521.50328973888,"tickTimestamp":"2026-06-04T17:55:00.000Z"}
[2026-06-04T17:55:00.994Z] INFO Skipped trade. {"slug":"btc-updown-5m-1780595700","reason":"btc_distance_below_threshold","market":"BTC","minDistanceUsd":{"UP":5,"DOWN":5},"openingPrice":63521.50328973888,"currentPrice":63521.50328973888}
[2026-06-04T17:55:00.994Z] INFO Tracking market. {"market":"ETH","slug":"eth-updown-5m-1780595700","title":"Ethereum Up or Down - June 4, 1:55PM-2:00PM ET","end":"2026-06-04T18:00:00.000Z","upToken":"45836257878267352137832039103804702681144904365848766524012157337300191483654","downToken":"31170889579989738141107464677357007269997457664182185429508230008932259223997","orderMinSize":5,"tickSize":"0.01"}
[2026-06-04T17:55:00.994Z] INFO Skipped trade. {"slug":"eth-updown-5m-1780595700","reason":"missing_opening_chainlink_tick"}
[2026-06-04T17:55:00.994Z] INFO Tracking market. {"market":"DOGE","slug":"doge-updown-5m-1780595700","title":"Dogecoin Up or Down - June 4, 1:55PM-2:00PM ET","end":"2026-06-04T18:00:00.000Z","upToken":"19730648308148004058645559088542306144093889215685075468783075943873870404498","downToken":"104177126535134798291612107195669896751555571879992698905094974031423599847366","orderMinSize":5,"tickSize":"0.01"}
[2026-06-04T17:55:00.994Z] INFO Skipped trade. {"slug":"doge-updown-5m-1780595700","reason":"missing_opening_chainlink_tick"}
[2026-06-04T17:55:02.005Z] INFO Captured Chainlink opening tick. {"slug":"eth-updown-5m-1780595700","openingPrice":1770.416565,"tickTimestamp":"2026-06-04T17:55:00.000Z"}
[2026-06-04T17:55:02.010Z] INFO Skipped trade. {"slug":"eth-updown-5m-1780595700","reason":"btc_distance_below_threshold","market":"ETH","minDistanceUsd":{"UP":0.5,"DOWN":0.5},"openingPrice":1770.416565,"currentPrice":1770.416565}
[2026-06-04T17:55:02.021Z] INFO Captured Chainlink opening tick. {"slug":"doge-updown-5m-1780595700","openingPrice":0.0893328501931871,"tickTimestamp":"2026-06-04T17:55:00.000Z"}
[2026-06-04T17:55:02.025Z] INFO Skipped trade. {"slug":"doge-updown-5m-1780595700","reason":"btc_distance_below_threshold","market":"DOGE","minDistanceUsd":{"UP":0.0001,"DOWN":0.0001},"openingPrice":0.0893328501931871,"currentPrice":0.0893328501931871}
[2026-06-04T17:59:29.962Z] INFO Skipped trade. {"slug":"btc-updown-5m-1780595700","reason":"no_ask_liquidity_under_cap","outcome":"DOWN"}
[2026-06-04T17:59:29.963Z] INFO Skipped trade. {"slug":"eth-updown-5m-1780595700","reason":"no_ask_liquidity_under_cap","outcome":"DOWN"}
[2026-06-04T18:00:00.191Z] INFO Tracking market. {"market":"BTC","slug":"btc-updown-5m-1780596000","title":"Bitcoin Up or Down - June 4, 2:00PM-2:05PM ET","end":"2026-06-04T18:05:00.000Z","upToken":"114689442201214042303261859006796332151975926799167991663278495879005911683730","downToken":"30566985300246599510060335323788597672619441574062414294760985679137166622078","orderMinSize":5,"tickSize":"0.01"}
[2026-06-04T18:00:00.191Z] INFO Skipped trade. {"slug":"btc-updown-5m-1780596000","reason":"missing_opening_chainlink_tick"}
[2026-06-04T18:00:00.191Z] INFO Tracking market. {"market":"ETH","slug":"eth-updown-5m-1780596000","title":"Ethereum Up or Down - June 4, 2:00PM-2:05PM ET","end":"2026-06-04T18:05:00.000Z","upToken":"75222358372696141289218321603857194960914888211094459517739374169843917981105","downToken":"12701598416417639476849479958788460658037119339931466084603252369446535443763","orderMinSize":5,"tickSize":"0.01"}
[2026-06-04T18:00:00.191Z] INFO Skipped trade. {"slug":"eth-updown-5m-1780596000","reason":"missing_opening_chainlink_tick"}
[2026-06-04T18:00:00.191Z] INFO Tracking market. {"market":"DOGE","slug":"doge-updown-5m-1780596000","title":"Dogecoin Up or Down - June 4, 2:00PM-2:05PM ET","end":"2026-06-04T18:05:00.000Z","upToken":"103586263787152411678450045234057508604738230119332268775952860165924244497807","downToken":"108113877332808165461960773560068486804439266867670191861532113798660759200983","orderMinSize":5,"tickSize":"0.01"}
[2026-06-04T18:00:00.192Z] INFO Skipped trade. {"slug":"doge-updown-5m-1780596000","reason":"missing_opening_chainlink_tick"}
[2026-06-04T18:00:01.200Z] INFO Captured Chainlink opening tick. {"slug":"btc-updown-5m-1780596000","openingPrice":63461.571019882525,"tickTimestamp":"2026-06-04T18:00:00.000Z"}
[2026-06-04T18:00:01.206Z] INFO Skipped trade. {"slug":"btc-updown-5m-1780596000","reason":"btc_distance_below_threshold","market":"BTC","minDistanceUsd":{"UP":5,"DOWN":5},"openingPrice":63461.571019882525,"currentPrice":63461.571019882525}
[2026-06-04T18:00:02.212Z] INFO Captured Chainlink opening tick. {"slug":"eth-updown-5m-1780596000","openingPrice":1765.8850731020414,"tickTimestamp":"2026-06-04T18:00:00.000Z"}
[2026-06-04T18:00:02.215Z] INFO Skipped trade. {"slug":"eth-updown-5m-1780596000","reason":"btc_distance_below_threshold","market":"ETH","minDistanceUsd":{"UP":0.5,"DOWN":0.5},"openingPrice":1765.8850731020414,"currentPrice":1765.8851410291925}
[2026-06-04T18:00:02.221Z] INFO Captured Chainlink opening tick. {"slug":"doge-updown-5m-1780596000","openingPrice":0.089256,"tickTimestamp":"2026-06-04T18:00:00.000Z"}
[2026-06-04T18:00:02.225Z] INFO Skipped trade. {"slug":"doge-updown-5m-1780596000","reason":"btc_distance_below_threshold","market":"DOGE","minDistanceUsd":{"UP":0.0001,"DOWN":0.0001},"openingPrice":0.089256,"currentPrice":0.089256}
[2026-06-04T18:04:28.740Z] INFO Skipped trade. {"slug":"btc-updown-5m-1780596000","reason":"no_ask_liquidity_under_cap","outcome":"DOWN"}
[2026-06-04T18:04:28.741Z] INFO Skipped trade. {"slug":"eth-updown-5m-1780596000","reason":"no_ask_liquidity_under_cap","outcome":"DOWN"}
[2026-06-04T18:04:28.741Z] INFO Skipped trade. {"slug":"doge-updown-5m-1780596000","reason":"no_ask_liquidity_under_cap","outcome":"DOWN"}
[2026-06-04T18:05:01.135Z] INFO Tracking market. {"market":"BTC","slug":"btc-updown-5m-1780596300","title":"Bitcoin Up or Down - June 4, 2:05PM-2:10PM ET","end":"2026-06-04T18:10:00.000Z","upToken":"78487350143217867954352638101167831226979054461886021680969916703616035663793","downToken":"24653969359476946251653391810187679577409283508083339140241642437528963519595","orderMinSize":5,"tickSize":"0.01"}
[2026-06-04T18:05:01.140Z] INFO Captured Chainlink opening tick. {"slug":"btc-updown-5m-1780596300","openingPrice":63267.39027997418,"tickTimestamp":"2026-06-04T18:05:00.000Z"}
[2026-06-04T18:05:01.144Z] INFO Skipped trade. {"slug":"btc-updown-5m-1780596300","reason":"btc_distance_below_threshold","market":"BTC","minDistanceUsd":{"UP":5,"DOWN":5},"openingPrice":63267.39027997418,"currentPrice":63267.39027997418}
[2026-06-04T18:05:01.145Z] INFO Tracking market. {"market":"ETH","slug":"eth-updown-5m-1780596300","title":"Ethereum Up or Down - June 4, 2:05PM-2:10PM ET","end":"2026-06-04T18:10:00.000Z","upToken":"37230181527956153517929355737894317144394687863978221760972901428793219744510","downToken":"100662212542391911925752772441244847007861479740834787064710121901539742672539","orderMinSize":5,"tickSize":"0.01"}
[2026-06-04T18:05:01.145Z] INFO Skipped trade. {"slug":"eth-updown-5m-1780596300","reason":"missing_opening_chainlink_tick"}
[2026-06-04T18:05:01.145Z] INFO Tracking market. {"market":"DOGE","slug":"doge-updown-5m-1780596300","title":"Dogecoin Up or Down - June 4, 2:05PM-2:10PM ET","end":"2026-06-04T18:10:00.000Z","upToken":"49305888798372675483268539123638044923433326033345064073355501031029049103570","downToken":"78415324229434873135593378314854768390554276422038490158394048506319712999553","orderMinSize":5,"tickSize":"0.01"}
[2026-06-04T18:05:01.145Z] INFO Skipped trade. {"slug":"doge-updown-5m-1780596300","reason":"missing_opening_chainlink_tick"}
[2026-06-04T18:05:03.169Z] INFO Captured Chainlink opening tick. {"slug":"eth-updown-5m-1780596300","openingPrice":1762.024508824304,"tickTimestamp":"2026-06-04T18:05:00.000Z"}
[2026-06-04T18:05:03.175Z] INFO Skipped trade. {"slug":"eth-updown-5m-1780596300","reason":"btc_distance_below_threshold","market":"ETH","minDistanceUsd":{"UP":0.5,"DOWN":0.5},"openingPrice":1762.024508824304,"currentPrice":1762.024508824304}
[2026-06-04T18:05:03.194Z] INFO Captured Chainlink opening tick. {"slug":"doge-updown-5m-1780596300","openingPrice":0.088925,"tickTimestamp":"2026-06-04T18:05:00.000Z"}
[2026-06-04T18:05:03.197Z] INFO Skipped trade. {"slug":"doge-updown-5m-1780596300","reason":"btc_distance_below_threshold","market":"DOGE","minDistanceUsd":{"UP":0.0001,"DOWN":0.0001},"openingPrice":0.088925,"currentPrice":0.088925}
[2026-06-04T18:09:29.721Z] INFO Skipped trade. {"slug":"btc-updown-5m-1780596300","reason":"no_ask_liquidity_under_cap","outcome":"DOWN"}
[2026-06-04T18:09:29.721Z] INFO Skipped trade. {"slug":"eth-updown-5m-1780596300","reason":"no_ask_liquidity_under_cap","outcome":"DOWN"}
[2026-06-04T18:09:29.721Z] INFO Skipped trade. {"slug":"doge-updown-5m-1780596300","reason":"no_ask_liquidity_under_cap","outcome":"DOWN"}
[2026-06-04T18:10:00.208Z] INFO Tracking market. {"market":"BTC","slug":"btc-updown-5m-1780596600","title":"Bitcoin Up or Down - June 4, 2:10PM-2:15PM ET","end":"2026-06-04T18:15:00.000Z","upToken":"22373253951028728026541288088584734381905666302236457809307585464596671111383","downToken":"53152193228414572188631236292972215362242445684194321611104133310257293221394","orderMinSize":5,"tickSize":"0.01"}
[2026-06-04T18:10:00.209Z] INFO Skipped trade. {"slug":"btc-updown-5m-1780596600","reason":"missing_opening_chainlink_tick"}
[2026-06-04T18:10:00.209Z] INFO Tracking market. {"market":"ETH","slug":"eth-updown-5m-1780596600","title":"Ethereum Up or Down - June 4, 2:10PM-2:15PM ET","end":"2026-06-04T18:15:00.000Z","upToken":"23238514012031719574616586271059174035702958371975826040537560814857314538521","downToken":"98959732867693672085017189546666384927776196092465614270769982668888873008280","orderMinSize":5,"tickSize":"0.01"}
[2026-06-04T18:10:00.209Z] INFO Skipped trade. {"slug":"eth-updown-5m-1780596600","reason":"missing_opening_chainlink_tick"}
[2026-06-04T18:10:00.209Z] INFO Tracking market. {"market":"DOGE","slug":"doge-updown-5m-1780596600","title":"Dogecoin Up or Down - June 4, 2:10PM-2:15PM ET","end":"2026-06-04T18:15:00.000Z","upToken":"38878528664668247012506493888012058730659440634634872415335227062279315324300","downToken":"17271635638824223935645948485065365819553342886438300670471396183329355772710","orderMinSize":5,"tickSize":"0.01"}
[2026-06-04T18:10:00.209Z] INFO Skipped trade. {"slug":"doge-updown-5m-1780596600","reason":"missing_opening_chainlink_tick"}
[2026-06-04T18:10:01.217Z] INFO Captured Chainlink opening tick. {"slug":"btc-updown-5m-1780596600","openingPrice":63204.21300491782,"tickTimestamp":"2026-06-04T18:10:00.000Z"}
[2026-06-04T18:10:01.221Z] INFO Skipped trade. {"slug":"btc-updown-5m-1780596600","reason":"btc_distance_below_threshold","market":"BTC","minDistanceUsd":{"UP":5,"DOWN":5},"openingPrice":63204.21300491782,"currentPrice":63204.21300491782}
[2026-06-04T18:10:03.242Z] INFO Captured Chainlink opening tick. {"slug":"eth-updown-5m-1780596600","openingPrice":1761.21787,"tickTimestamp":"2026-06-04T18:10:00.000Z"}
[2026-06-04T18:10:03.247Z] INFO Skipped trade. {"slug":"eth-updown-5m-1780596600","reason":"btc_distance_below_threshold","market":"ETH","minDistanceUsd":{"UP":0.5,"DOWN":0.5},"openingPrice":1761.21787,"currentPrice":1761.20144}
[2026-06-04T18:10:03.262Z] INFO Captured Chainlink opening tick. {"slug":"doge-updown-5m-1780596600","openingPrice":0.0887665,"tickTimestamp":"2026-06-04T18:10:00.000Z"}
[2026-06-04T18:10:03.268Z] INFO Skipped trade. {"slug":"doge-updown-5m-1780596600","reason":"btc_distance_below_threshold","market":"DOGE","minDistanceUsd":{"UP":0.0001,"DOWN":0.0001},"openingPrice":0.0887665,"currentPrice":0.0887687}
[2026-06-04T18:15:32.027Z] INFO Tracking market. {"market":"BTC","slug":"btc-updown-5m-1780596900","title":"Bitcoin Up or Down - June 4, 2:15PM-2:20PM ET","end":"2026-06-04T18:20:00.000Z","upToken":"42982807944625901387590961687805967181386471310332458179118522706912289639809","downToken":"105782112981886724733575197968638523849013956944584823360806860311130512918506","orderMinSize":5,"tickSize":"0.01"}
[2026-06-04T18:15:32.031Z] INFO Captured Chainlink opening tick. {"slug":"btc-updown-5m-1780596900","openingPrice":63081.31586930261,"tickTimestamp":"2026-06-04T18:15:00.000Z"}
[2026-06-04T18:15:32.034Z] INFO Tracking market. {"market":"ETH","slug":"eth-updown-5m-1780596900","title":"Ethereum Up or Down - June 4, 2:15PM-2:20PM ET","end":"2026-06-04T18:20:00.000Z","upToken":"95303629991757244717316476578577113790524624947363272781947775711134732529975","downToken":"3556600291991518642344537378046590867129523707762165136273322214808055049970","orderMinSize":5,"tickSize":"0.01"}
[2026-06-04T18:15:32.038Z] INFO Captured Chainlink opening tick. {"slug":"eth-updown-5m-1780596900","openingPrice":1758.43649,"tickTimestamp":"2026-06-04T18:15:00.000Z"}
[2026-06-04T18:15:32.040Z] INFO Tracking market. {"market":"DOGE","slug":"doge-updown-5m-1780596900","title":"Dogecoin Up or Down - June 4, 2:15PM-2:20PM ET","end":"2026-06-04T18:20:00.000Z","upToken":"19392075868676173101959965375628131212929717722666782909857416163905370640444","downToken":"33407852634129440462497241887570560654200514936908347380467363364987473448807","orderMinSize":5,"tickSize":"0.01"}
[2026-06-04T18:15:32.044Z] INFO Captured Chainlink opening tick. {"slug":"doge-updown-5m-1780596900","openingPrice":0.0884967731308848,"tickTimestamp":"2026-06-04T18:15:00.000Z"}
[2026-06-04T18:15:32.046Z] INFO Skipped trade. {"slug":"doge-updown-5m-1780596900","reason":"btc_distance_below_threshold","market":"DOGE","minDistanceUsd":{"UP":0.0001,"DOWN":0.0001},"openingPrice":0.0884967731308848,"currentPrice":0.0885642}
[2026-06-04T18:15:34.062Z] INFO Skipped trade. {"slug":"btc-updown-5m-1780596900","reason":"btc_distance_below_threshold","market":"BTC","minDistanceUsd":{"UP":5,"DOWN":5},"openingPrice":63081.31586930261,"currentPrice":63082.98937087833}
[2026-06-04T18:15:38.237Z] INFO Skipped trade. {"slug":"eth-updown-5m-1780596900","reason":"btc_distance_below_threshold","market":"ETH","minDistanceUsd":{"UP":0.5,"DOWN":0.5},"openingPrice":1758.43649,"currentPrice":1758.46931}
[2026-06-04T18:16:14.520Z] INFO Skipped trade. {"slug":"eth-updown-5m-1780596900","reason":"stale_chainlink_tick","tickTimestamp":"2026-06-04T18:16:04.000Z"}
[2026-06-04T18:16:14.521Z] INFO Skipped trade. {"slug":"doge-updown-5m-1780596900","reason":"stale_chainlink_tick","tickTimestamp":"2026-06-04T18:16:04.000Z"}
[2026-06-04T18:19:30.052Z] INFO Skipped trade. {"slug":"btc-updown-5m-1780596900","reason":"no_ask_liquidity_under_cap","outcome":"UP"}
[2026-06-04T18:19:30.053Z] INFO Skipped trade. {"slug":"eth-updown-5m-1780596900","reason":"no_ask_liquidity_under_cap","outcome":"UP"}
[2026-06-04T18:19:30.053Z] INFO Skipped trade. {"slug":"doge-updown-5m-1780596900","reason":"no_ask_liquidity_under_cap","outcome":"UP"}
[2026-06-04T18:20:01.122Z] INFO Tracking market. {"market":"BTC","slug":"btc-updown-5m-1780597200","title":"Bitcoin Up or Down - June 4, 2:20PM-2:25PM ET","end":"2026-06-04T18:25:00.000Z","upToken":"54076401061781381262551180563881958313343903904954365408978292870874578222962","downToken":"112172486867717142666557601685588835397620832013150418837424449252520123510075","orderMinSize":5,"tickSize":"0.01"}
[2026-06-04T18:20:01.127Z] INFO Captured Chainlink opening tick. {"slug":"btc-updown-5m-1780597200","openingPrice":63306.705187292566,"tickTimestamp":"2026-06-04T18:20:00.000Z"}
[2026-06-04T18:20:01.131Z] INFO Skipped trade. {"slug":"btc-updown-5m-1780597200","reason":"btc_distance_below_threshold","market":"BTC","minDistanceUsd":{"UP":5,"DOWN":5},"openingPrice":63306.705187292566,"currentPrice":63306.705187292566}
[2026-06-04T18:20:01.131Z] INFO Tracking market. {"market":"ETH","slug":"eth-updown-5m-1780597200","title":"Ethereum Up or Down - June 4, 2:20PM-2:25PM ET","end":"2026-06-04T18:25:00.000Z","upToken":"106047036908082626154514409305568225657565367610578289440987921687190276087267","downToken":"63428071064131015860676049531244047229629091235378291629752165711467273018424","orderMinSize":5,"tickSize":"0.01"}
[2026-06-04T18:20:01.131Z] INFO Skipped trade. {"slug":"eth-updown-5m-1780597200","reason":"missing_opening_chainlink_tick"}
[2026-06-04T18:20:01.131Z] INFO Tracking market. {"market":"DOGE","slug":"doge-updown-5m-1780597200","title":"Dogecoin Up or Down - June 4, 2:20PM-2:25PM ET","end":"2026-06-04T18:25:00.000Z","upToken":"82366035625561857160136733533544044479634091280328815692509466142964746739163","downToken":"66999802846635415008015018074247608939055317444076872738448869099058189054960","orderMinSize":5,"tickSize":"0.01"}
[2026-06-04T18:20:01.132Z] INFO Skipped trade. {"slug":"doge-updown-5m-1780597200","reason":"missing_opening_chainlink_tick"}
[2026-06-04T18:20:04.158Z] INFO Captured Chainlink opening tick. {"slug":"eth-updown-5m-1780597200","openingPrice":1764.5194050752468,"tickTimestamp":"2026-06-04T18:20:00.000Z"}
[2026-06-04T18:20:04.166Z] INFO Skipped trade. {"slug":"eth-updown-5m-1780597200","reason":"btc_distance_below_threshold","market":"ETH","minDistanceUsd":{"UP":0.5,"DOWN":0.5},"openingPrice":1764.5194050752468,"currentPrice":1764.4223232840172}
[2026-06-04T18:20:04.174Z] INFO Captured Chainlink opening tick. {"slug":"doge-updown-5m-1780597200","openingPrice":0.088823,"tickTimestamp":"2026-06-04T18:20:00.000Z"}
[2026-06-04T18:20:04.182Z] INFO Skipped trade. {"slug":"doge-updown-5m-1780597200","reason":"btc_distance_below_threshold","market":"DOGE","minDistanceUsd":{"UP":0.0001,"DOWN":0.0001},"openingPrice":0.088823,"currentPrice":0.088824}
[2026-06-04T18:24:30.047Z] INFO Skipped trade. {"slug":"btc-updown-5m-1780597200","reason":"no_ask_liquidity_under_cap","outcome":"UP"}
[2026-06-04T18:24:30.047Z] INFO Skipped trade. {"slug":"eth-updown-5m-1780597200","reason":"no_ask_liquidity_under_cap","outcome":"UP"}
[2026-06-04T18:24:30.047Z] INFO Skipped trade. {"slug":"doge-updown-5m-1780597200","reason":"no_ask_liquidity_under_cap","outcome":"UP"}
[2026-06-04T18:24:56.762Z] WARN Analytics sample recording failed; continuing. {"market":"DOGE","slug":"doge-updown-5m-1780597200","error":"ENOENT: no such file or directory, rename 'C:\\DEV\\tests\\Workspace de Yarbis\\Polybot\\data\\analytics-active.json.tmp' -> 'C:\\DEV\\tests\\Workspace de Yarbis\\Polybot\\data\\analytics-active.json'"}
[2026-06-04T18:25:01.158Z] INFO Tracking market. {"market":"BTC","slug":"btc-updown-5m-1780597500","title":"Bitcoin Up or Down - June 4, 2:25PM-2:30PM ET","end":"2026-06-04T18:30:00.000Z","upToken":"35272256776457553537197345441425582596575761824307159937664414947571737241176","downToken":"104821399105483648362545588930626902303219800711991273635222903356059485440626","orderMinSize":5,"tickSize":"0.01"}
[2026-06-04T18:25:01.158Z] INFO Skipped trade. {"slug":"btc-updown-5m-1780597500","reason":"missing_opening_chainlink_tick"}
[2026-06-04T18:25:01.158Z] INFO Tracking market. {"market":"ETH","slug":"eth-updown-5m-1780597500","title":"Ethereum Up or Down - June 4, 2:25PM-2:30PM ET","end":"2026-06-04T18:30:00.000Z","upToken":"21977708690527940069331262411819637704729328991344288052053089398125352699155","downToken":"90725026660343552073135772326083864350292461058852632522303304236456224994861","orderMinSize":5,"tickSize":"0.01"}
[2026-06-04T18:25:01.159Z] INFO Skipped trade. {"slug":"eth-updown-5m-1780597500","reason":"missing_opening_chainlink_tick"}
[2026-06-04T18:25:01.159Z] INFO Tracking market. {"market":"DOGE","slug":"doge-updown-5m-1780597500","title":"Dogecoin Up or Down - June 4, 2:25PM-2:30PM ET","end":"2026-06-04T18:30:00.000Z","upToken":"106184642698818217279262287652499423613889986589902363169506404555450225697834","downToken":"50420590614118610347396133114536693778510161798264340450211191204907917322505","orderMinSize":5,"tickSize":"0.01"}
[2026-06-04T18:25:01.159Z] INFO Skipped trade. {"slug":"doge-updown-5m-1780597500","reason":"missing_opening_chainlink_tick"}
[2026-06-04T18:25:02.170Z] INFO Captured Chainlink opening tick. {"slug":"btc-updown-5m-1780597500","openingPrice":63520.95561928608,"tickTimestamp":"2026-06-04T18:25:00.000Z"}
[2026-06-04T18:25:02.177Z] INFO Skipped trade. {"slug":"btc-updown-5m-1780597500","reason":"btc_distance_below_threshold","market":"BTC","minDistanceUsd":{"UP":5,"DOWN":5},"openingPrice":63520.95561928608,"currentPrice":63518.29255779306}
[2026-06-04T18:25:04.194Z] INFO Captured Chainlink opening tick. {"slug":"eth-updown-5m-1780597500","openingPrice":1770.6890631622946,"tickTimestamp":"2026-06-04T18:25:00.000Z"}
[2026-06-04T18:25:04.207Z] INFO Captured Chainlink opening tick. {"slug":"doge-updown-5m-1780597500","openingPrice":0.0892678766952983,"tickTimestamp":"2026-06-04T18:25:00.000Z"}
[2026-06-04T18:25:04.213Z] INFO Skipped trade. {"slug":"doge-updown-5m-1780597500","reason":"btc_distance_below_threshold","market":"DOGE","minDistanceUsd":{"UP":0.0001,"DOWN":0.0001},"openingPrice":0.0892678766952983,"currentPrice":0.089217}
[2026-06-04T18:27:00.053Z] INFO Skipped trade. {"slug":"eth-updown-5m-1780597500","reason":"btc_distance_below_threshold","market":"ETH","minDistanceUsd":{"UP":0.5,"DOWN":0.5},"openingPrice":1770.6890631622946,"currentPrice":1770.5822345800857}
[2026-06-04T18:29:10.860Z] WARN Analytics sample recording failed; continuing. {"market":"DOGE","slug":"doge-updown-5m-1780597500","error":"ENOENT: no such file or directory, rename 'C:\\DEV\\tests\\Workspace de Yarbis\\Polybot\\data\\analytics-active.json.tmp' -> 'C:\\DEV\\tests\\Workspace de Yarbis\\Polybot\\data\\analytics-active.json'"}
[2026-06-04T18:29:29.162Z] INFO Skipped trade. {"slug":"btc-updown-5m-1780597500","reason":"no_ask_liquidity_under_cap","outcome":"UP"}
[2026-06-04T18:29:29.162Z] INFO Skipped trade. {"slug":"eth-updown-5m-1780597500","reason":"no_ask_liquidity_under_cap","outcome":"UP"}
[2026-06-04T18:29:30.819Z] INFO Skipped trade. {"slug":"doge-updown-5m-1780597500","reason":"no_ask_liquidity_under_cap","outcome":"UP"}
[2026-06-04T18:30:00.746Z] INFO Tracking market. {"market":"BTC","slug":"btc-updown-5m-1780597800","title":"Bitcoin Up or Down - June 4, 2:30PM-2:35PM ET","end":"2026-06-04T18:35:00.000Z","upToken":"49286650253079608539398449400480938456467248530087506480045029247966933467099","downToken":"66004116130234644289155492180237255814291716912659688079857909657567939263861","orderMinSize":5,"tickSize":"0.01"}
[2026-06-04T18:30:00.746Z] INFO Skipped trade. {"slug":"btc-updown-5m-1780597800","reason":"missing_opening_chainlink_tick"}
[2026-06-04T18:30:00.746Z] INFO Tracking market. {"market":"ETH","slug":"eth-updown-5m-1780597800","title":"Ethereum Up or Down - June 4, 2:30PM-2:35PM ET","end":"2026-06-04T18:35:00.000Z","upToken":"73761934430786640387669915251108253797512132628885765971165299966360824162804","downToken":"13825029693998981395307537622818529575378649652880167899532145482439932457473","orderMinSize":5,"tickSize":"0.01"}
[2026-06-04T18:30:00.746Z] INFO Skipped trade. {"slug":"eth-updown-5m-1780597800","reason":"missing_opening_chainlink_tick"}
[2026-06-04T18:30:00.746Z] INFO Tracking market. {"market":"DOGE","slug":"doge-updown-5m-1780597800","title":"Dogecoin Up or Down - June 4, 2:30PM-2:35PM ET","end":"2026-06-04T18:35:00.000Z","upToken":"81345852401165697345264519101915693671506212194492062294443933814383509964439","downToken":"62362434018479310868672291112414119216654386516160978699097288619197263075304","orderMinSize":5,"tickSize":"0.01"}
[2026-06-04T18:30:00.746Z] INFO Skipped trade. {"slug":"doge-updown-5m-1780597800","reason":"missing_opening_chainlink_tick"}
[2026-06-04T18:30:01.757Z] INFO Captured Chainlink opening tick. {"slug":"btc-updown-5m-1780597800","openingPrice":63810.4956069609,"tickTimestamp":"2026-06-04T18:30:00.000Z"}
[2026-06-04T18:30:01.760Z] INFO Skipped trade. {"slug":"btc-updown-5m-1780597800","reason":"btc_distance_below_threshold","market":"BTC","minDistanceUsd":{"UP":5,"DOWN":5},"openingPrice":63810.4956069609,"currentPrice":63810.4956069609}
[2026-06-04T18:30:04.787Z] INFO Captured Chainlink opening tick. {"slug":"eth-updown-5m-1780597800","openingPrice":1777.1955,"tickTimestamp":"2026-06-04T18:30:00.000Z"}
[2026-06-04T18:30:04.814Z] INFO Captured Chainlink opening tick. {"slug":"doge-updown-5m-1780597800","openingPrice":0.0895726,"tickTimestamp":"2026-06-04T18:30:00.000Z"}
[2026-06-04T18:30:04.828Z] INFO Skipped trade. {"slug":"doge-updown-5m-1780597800","reason":"btc_distance_below_threshold","market":"DOGE","minDistanceUsd":{"UP":0.0001,"DOWN":0.0001},"openingPrice":0.0895726,"currentPrice":0.089573}
[2026-06-04T18:30:59.885Z] INFO Skipped trade. {"slug":"eth-updown-5m-1780597800","reason":"btc_distance_below_threshold","market":"ETH","minDistanceUsd":{"UP":0.5,"DOWN":0.5},"openingPrice":1777.1955,"currentPrice":1777.6463758295263}
[2026-06-04T18:34:29.179Z] INFO Skipped trade. {"slug":"btc-updown-5m-1780597800","reason":"no_ask_liquidity_under_cap","outcome":"DOWN"}
[2026-06-04T18:34:29.179Z] INFO Skipped trade. {"slug":"eth-updown-5m-1780597800","reason":"no_ask_liquidity_under_cap","outcome":"DOWN"}
[2026-06-04T18:34:48.831Z] WARN Analytics sample recording failed; continuing. {"market":"ETH","slug":"eth-updown-5m-1780597800","error":"ENOENT: no such file or directory, rename 'C:\\DEV\\tests\\Workspace de Yarbis\\Polybot\\data\\analytics-active.json.tmp' -> 'C:\\DEV\\tests\\Workspace de Yarbis\\Polybot\\data\\analytics-active.json'"}
[2026-06-04T18:34:50.699Z] INFO Skipped trade. {"slug":"doge-updown-5m-1780597800","reason":"no_ask_liquidity_under_cap","outcome":"DOWN"}
[2026-06-04T18:35:00.595Z] INFO Tracking market. {"market":"BTC","slug":"btc-updown-5m-1780598100","title":"Bitcoin Up or Down - June 4, 2:35PM-2:40PM ET","end":"2026-06-04T18:40:00.000Z","upToken":"33043953207054641526597716185438838632004487269118616780317337834873127071825","downToken":"56769396082045481695536859646947079374456846513959123516718278793281343083412","orderMinSize":5,"tickSize":"0.01"}
[2026-06-04T18:35:00.595Z] INFO Skipped trade. {"slug":"btc-updown-5m-1780598100","reason":"missing_opening_chainlink_tick"}
[2026-06-04T18:35:00.595Z] INFO Tracking market. {"market":"ETH","slug":"eth-updown-5m-1780598100","title":"Ethereum Up or Down - June 4, 2:35PM-2:40PM ET","end":"2026-06-04T18:40:00.000Z","upToken":"57757449387824504563073125842854622162069652564510637011561655521073178302778","downToken":"84298511307942622169133354783632571827956005788762655291320903582817178599607","orderMinSize":5,"tickSize":"0.01"}
[2026-06-04T18:35:00.595Z] INFO Skipped trade. {"slug":"eth-updown-5m-1780598100","reason":"missing_opening_chainlink_tick"}
[2026-06-04T18:35:00.595Z] INFO Tracking market. {"market":"DOGE","slug":"doge-updown-5m-1780598100","title":"Dogecoin Up or Down - June 4, 2:35PM-2:40PM ET","end":"2026-06-04T18:40:00.000Z","upToken":"19845436316112816414069444415797980531132346269948343685185965241022475390699","downToken":"35193247479463959595068754984000023137795636908792311111761956572560724300743","orderMinSize":5,"tickSize":"0.01"}
[2026-06-04T18:35:00.595Z] INFO Skipped trade. {"slug":"doge-updown-5m-1780598100","reason":"missing_opening_chainlink_tick"}
[2026-06-04T18:35:01.606Z] INFO Captured Chainlink opening tick. {"slug":"btc-updown-5m-1780598100","openingPrice":63763.48128875823,"tickTimestamp":"2026-06-04T18:35:00.000Z"}
[2026-06-04T18:35:01.611Z] INFO Skipped trade. {"slug":"btc-updown-5m-1780598100","reason":"btc_distance_below_threshold","market":"BTC","minDistanceUsd":{"UP":5,"DOWN":5},"openingPrice":63763.48128875823,"currentPrice":63763.48128875823}
[2026-06-04T18:35:04.627Z] INFO Captured Chainlink opening tick. {"slug":"eth-updown-5m-1780598100","openingPrice":1772.10927,"tickTimestamp":"2026-06-04T18:35:00.000Z"}
[2026-06-04T18:35:04.632Z] INFO Skipped trade. {"slug":"eth-updown-5m-1780598100","reason":"btc_distance_below_threshold","market":"ETH","minDistanceUsd":{"UP":0.5,"DOWN":0.5},"openingPrice":1772.10927,"currentPrice":1771.895245}
[2026-06-04T18:35:04.635Z] INFO Captured Chainlink opening tick. {"slug":"doge-updown-5m-1780598100","openingPrice":0.0895091406631279,"tickTimestamp":"2026-06-04T18:35:00.000Z"}
[2026-06-04T18:35:04.643Z] INFO Skipped trade. {"slug":"doge-updown-5m-1780598100","reason":"btc_distance_below_threshold","market":"DOGE","minDistanceUsd":{"UP":0.0001,"DOWN":0.0001},"openingPrice":0.0895091406631279,"currentPrice":0.0895084}
[2026-06-04T18:39:29.368Z] INFO Skipped trade. {"slug":"btc-updown-5m-1780598100","reason":"no_ask_liquidity_under_cap","outcome":"UP"}
[2026-06-04T18:39:29.368Z] INFO Skipped trade. {"slug":"eth-updown-5m-1780598100","reason":"no_ask_liquidity_under_cap","outcome":"UP"}
[2026-06-04T18:40:01.012Z] INFO Tracking market. {"market":"BTC","slug":"btc-updown-5m-1780598400","title":"Bitcoin Up or Down - June 4, 2:40PM-2:45PM ET","end":"2026-06-04T18:45:00.000Z","upToken":"89174672937526342443975386919994021347979766957742910861112424987275695592970","downToken":"98368537813459553172897554390162967202691523286575046253918823822572634579304","orderMinSize":5,"tickSize":"0.01"}
[2026-06-04T18:40:01.012Z] INFO Skipped trade. {"slug":"btc-updown-5m-1780598400","reason":"missing_opening_chainlink_tick"}
[2026-06-04T18:40:01.012Z] INFO Tracking market. {"market":"ETH","slug":"eth-updown-5m-1780598400","title":"Ethereum Up or Down - June 4, 2:40PM-2:45PM ET","end":"2026-06-04T18:45:00.000Z","upToken":"114174550761769843143448503588727336675599848448016075816579214614014595740501","downToken":"55132686318482585317318642778604234551034777371692248351880467356735078332697","orderMinSize":5,"tickSize":"0.01"}
[2026-06-04T18:40:01.012Z] INFO Skipped trade. {"slug":"eth-updown-5m-1780598400","reason":"missing_opening_chainlink_tick"}
[2026-06-04T18:40:01.012Z] INFO Tracking market. {"market":"DOGE","slug":"doge-updown-5m-1780598400","title":"Dogecoin Up or Down - June 4, 2:40PM-2:45PM ET","end":"2026-06-04T18:45:00.000Z","upToken":"102941677722016080525641689948366190345809017287187286736427407498867916356383","downToken":"82655939713838700739533284942377117765507342548814299872358361700537624691915","orderMinSize":5,"tickSize":"0.01"}
[2026-06-04T18:40:01.012Z] INFO Skipped trade. {"slug":"doge-updown-5m-1780598400","reason":"missing_opening_chainlink_tick"}
[2026-06-04T18:40:02.034Z] INFO Captured Chainlink opening tick. {"slug":"btc-updown-5m-1780598400","openingPrice":63874.31870953279,"tickTimestamp":"2026-06-04T18:40:00.000Z"}
[2026-06-04T18:40:02.047Z] INFO Skipped trade. {"slug":"btc-updown-5m-1780598400","reason":"btc_distance_below_threshold","market":"BTC","minDistanceUsd":{"UP":5,"DOWN":5},"openingPrice":63874.31870953279,"currentPrice":63874.31870953279}
[2026-06-04T18:40:05.059Z] INFO Captured Chainlink opening tick. {"slug":"eth-updown-5m-1780598400","openingPrice":1773.3385721084574,"tickTimestamp":"2026-06-04T18:40:00.000Z"}
[2026-06-04T18:40:05.064Z] INFO Skipped trade. {"slug":"eth-updown-5m-1780598400","reason":"btc_distance_below_threshold","market":"ETH","minDistanceUsd":{"UP":0.5,"DOWN":0.5},"openingPrice":1773.3385721084574,"currentPrice":1773.4380492692}
[2026-06-04T18:40:05.068Z] INFO Captured Chainlink opening tick. {"slug":"doge-updown-5m-1780598400","openingPrice":0.0894630805936668,"tickTimestamp":"2026-06-04T18:40:00.000Z"}
[2026-06-04T18:40:05.073Z] INFO Skipped trade. {"slug":"doge-updown-5m-1780598400","reason":"btc_distance_below_threshold","market":"DOGE","minDistanceUsd":{"UP":0.0001,"DOWN":0.0001},"openingPrice":0.0894630805936668,"currentPrice":0.089479}
[2026-06-04T18:44:29.506Z] INFO Skipped trade. {"slug":"btc-updown-5m-1780598400","reason":"no_ask_liquidity_under_cap","outcome":"DOWN"}
[2026-06-04T18:44:29.506Z] INFO Skipped trade. {"slug":"eth-updown-5m-1780598400","reason":"no_ask_liquidity_under_cap","outcome":"DOWN"}
[2026-06-04T18:45:01.237Z] INFO Tracking market. {"market":"BTC","slug":"btc-updown-5m-1780598700","title":"Bitcoin Up or Down - June 4, 2:45PM-2:50PM ET","end":"2026-06-04T18:50:00.000Z","upToken":"79130921939860957651276250887290864345812767083742840759777851311393039376876","downToken":"30432312578948785654293635248470183029460587224599930434009505469442939790220","orderMinSize":5,"tickSize":"0.01"}
[2026-06-04T18:45:01.238Z] INFO Skipped trade. {"slug":"btc-updown-5m-1780598700","reason":"missing_opening_chainlink_tick"}
[2026-06-04T18:45:01.238Z] INFO Tracking market. {"market":"ETH","slug":"eth-updown-5m-1780598700","title":"Ethereum Up or Down - June 4, 2:45PM-2:50PM ET","end":"2026-06-04T18:50:00.000Z","upToken":"4809010046627403578981672856252341701576224064584523581355534190365144210335","downToken":"114177433172113364050360948365192243273354677896036860313976255859974270545404","orderMinSize":5,"tickSize":"0.01"}
[2026-06-04T18:45:01.238Z] INFO Skipped trade. {"slug":"eth-updown-5m-1780598700","reason":"missing_opening_chainlink_tick"}
[2026-06-04T18:45:01.238Z] INFO Tracking market. {"market":"DOGE","slug":"doge-updown-5m-1780598700","title":"Dogecoin Up or Down - June 4, 2:45PM-2:50PM ET","end":"2026-06-04T18:50:00.000Z","upToken":"16689162016690485840212957621759602600012666242410242196289595673676130143998","downToken":"71500108204547730115286914962754407946379706516455507723025793922913485384901","orderMinSize":5,"tickSize":"0.01"}
[2026-06-04T18:45:01.238Z] INFO Skipped trade. {"slug":"doge-updown-5m-1780598700","reason":"missing_opening_chainlink_tick"}
[2026-06-04T18:45:02.243Z] INFO Captured Chainlink opening tick. {"slug":"btc-updown-5m-1780598700","openingPrice":63842.97672070311,"tickTimestamp":"2026-06-04T18:45:00.000Z"}
[2026-06-04T18:45:02.247Z] INFO Skipped trade. {"slug":"btc-updown-5m-1780598700","reason":"btc_distance_below_threshold","market":"BTC","minDistanceUsd":{"UP":5,"DOWN":5},"openingPrice":63842.97672070311,"currentPrice":63842.97672070311}
[2026-06-04T18:45:06.390Z] INFO Captured Chainlink opening tick. {"slug":"eth-updown-5m-1780598700","openingPrice":1772.6505795480682,"tickTimestamp":"2026-06-04T18:45:00.000Z"}
[2026-06-04T18:45:06.395Z] INFO Skipped trade. {"slug":"eth-updown-5m-1780598700","reason":"btc_distance_below_threshold","market":"ETH","minDistanceUsd":{"UP":0.5,"DOWN":0.5},"openingPrice":1772.6505795480682,"currentPrice":1772.7504558686348}
[2026-06-04T18:45:06.399Z] INFO Captured Chainlink opening tick. {"slug":"doge-updown-5m-1780598700","openingPrice":0.0894519,"tickTimestamp":"2026-06-04T18:45:00.000Z"}
[2026-06-04T18:45:06.403Z] INFO Skipped trade. {"slug":"doge-updown-5m-1780598700","reason":"btc_distance_below_threshold","market":"DOGE","minDistanceUsd":{"UP":0.0001,"DOWN":0.0001},"openingPrice":0.0894519,"currentPrice":0.089447}
[2026-06-04T18:49:12.900Z] WARN Analytics sample recording failed; continuing. {"market":"ETH","slug":"eth-updown-5m-1780598700","error":"ENOENT: no such file or directory, rename 'C:\\DEV\\tests\\Workspace de Yarbis\\Polybot\\data\\analytics-active.json.tmp' -> 'C:\\DEV\\tests\\Workspace de Yarbis\\Polybot\\data\\analytics-active.json'"}
[2026-06-04T18:49:29.468Z] WARN Analytics sample recording failed; continuing. {"market":"ETH","slug":"eth-updown-5m-1780598700","error":"ENOENT: no such file or directory, rename 'C:\\DEV\\tests\\Workspace de Yarbis\\Polybot\\data\\analytics-active.json.tmp' -> 'C:\\DEV\\tests\\Workspace de Yarbis\\Polybot\\data\\analytics-active.json'"}
[2026-06-04T18:49:29.659Z] INFO Skipped trade. {"slug":"btc-updown-5m-1780598700","reason":"no_ask_liquidity_under_cap","outcome":"UP"}
[2026-06-04T18:49:29.659Z] INFO Skipped trade. {"slug":"eth-updown-5m-1780598700","reason":"no_ask_liquidity_under_cap","outcome":"UP"}
[2026-06-04T18:49:29.659Z] INFO Skipped trade. {"slug":"doge-updown-5m-1780598700","reason":"no_ask_liquidity_under_cap","outcome":"UP"}
[2026-06-04T18:50:01.592Z] INFO Tracking market. {"market":"BTC","slug":"btc-updown-5m-1780599000","title":"Bitcoin Up or Down - June 4, 2:50PM-2:55PM ET","end":"2026-06-04T18:55:00.000Z","upToken":"1025444295984868108613017079903130397144717778962682346999475544005197523174","downToken":"107808802593864938828577767855525458147794631710053831286626202636969329868681","orderMinSize":5,"tickSize":"0.01"}
[2026-06-04T18:50:01.599Z] WARN Bot loop iteration failed; retrying. {"error":"ENOENT: no such file or directory, rename 'C:\\DEV\\tests\\Workspace de Yarbis\\Polybot\\data\\state.json.tmp' -> 'C:\\DEV\\tests\\Workspace de Yarbis\\Polybot\\data\\state.json'"}
[2026-06-04T18:50:02.606Z] INFO Skipped trade. {"slug":"btc-updown-5m-1780599000","reason":"btc_distance_below_threshold","market":"BTC","minDistanceUsd":{"UP":5,"DOWN":5},"openingPrice":63931.34791465237,"currentPrice":63931.53847189392}
[2026-06-04T18:50:02.606Z] INFO Tracking market. {"market":"ETH","slug":"eth-updown-5m-1780599000","title":"Ethereum Up or Down - June 4, 2:50PM-2:55PM ET","end":"2026-06-04T18:55:00.000Z","upToken":"65226312599973025907508345352356804897135829453983476740093880958349453724092","downToken":"76131385568398164776228637047263193672156468911264306153256821692684171272016","orderMinSize":5,"tickSize":"0.01"}
[2026-06-04T18:50:02.606Z] INFO Skipped trade. {"slug":"eth-updown-5m-1780599000","reason":"missing_opening_chainlink_tick"}
[2026-06-04T18:50:02.606Z] INFO Tracking market. {"market":"DOGE","slug":"doge-updown-5m-1780599000","title":"Dogecoin Up or Down - June 4, 2:50PM-2:55PM ET","end":"2026-06-04T18:55:00.000Z","upToken":"33626358424434275726018512621122142319071951334480810906696438144656493446944","downToken":"82697441173334086728694135555328797480730544936425542777005579845668122849747","orderMinSize":5,"tickSize":"0.01"}
[2026-06-04T18:50:02.606Z] INFO Skipped trade. {"slug":"doge-updown-5m-1780599000","reason":"missing_opening_chainlink_tick"}
[2026-06-04T18:50:07.012Z] INFO Captured Chainlink opening tick. {"slug":"eth-updown-5m-1780599000","openingPrice":1774.457290280702,"tickTimestamp":"2026-06-04T18:50:00.000Z"}
[2026-06-04T18:50:07.018Z] INFO Captured Chainlink opening tick. {"slug":"doge-updown-5m-1780599000","openingPrice":0.0895070722842248,"tickTimestamp":"2026-06-04T18:50:00.000Z"}
[2026-06-04T18:50:07.021Z] INFO Skipped trade. {"slug":"doge-updown-5m-1780599000","reason":"btc_distance_below_threshold","market":"DOGE","minDistanceUsd":{"UP":0.0001,"DOWN":0.0001},"openingPrice":0.0895070722842248,"currentPrice":0.089542}
[2026-06-04T18:50:11.045Z] INFO Skipped trade. {"slug":"eth-updown-5m-1780599000","reason":"btc_distance_below_threshold","market":"ETH","minDistanceUsd":{"UP":0.5,"DOWN":0.5},"openingPrice":1774.457290280702,"currentPrice":1774.7047025783875}
[2026-06-04T18:54:30.191Z] INFO Skipped trade. {"slug":"btc-updown-5m-1780599000","reason":"no_ask_liquidity_under_cap","outcome":"DOWN"}
[2026-06-04T18:54:30.191Z] INFO Skipped trade. {"slug":"eth-updown-5m-1780599000","reason":"no_ask_liquidity_under_cap","outcome":"UP"}
[2026-06-04T18:54:59.530Z] WARN Analytics sample recording failed; continuing. {"market":"BTC","slug":"btc-updown-5m-1780599000","error":"ENOENT: no such file or directory, rename 'C:\\DEV\\tests\\Workspace de Yarbis\\Polybot\\data\\analytics-active.json.tmp' -> 'C:\\DEV\\tests\\Workspace de Yarbis\\Polybot\\data\\analytics-active.json'"}
[2026-06-04T18:55:01.005Z] INFO Tracking market. {"market":"BTC","slug":"btc-updown-5m-1780599300","title":"Bitcoin Up or Down - June 4, 2:55PM-3:00PM ET","end":"2026-06-04T19:00:00.000Z","upToken":"13557299865206949127462664486036609576652856699400825303966416173970154799510","downToken":"4362818260154257119074631475714212821619281998577289943469380812679974215936","orderMinSize":5,"tickSize":"0.01"}
[2026-06-04T18:55:01.006Z] INFO Skipped trade. {"slug":"btc-updown-5m-1780599300","reason":"missing_opening_chainlink_tick"}
[2026-06-04T18:55:01.006Z] INFO Tracking market. {"market":"ETH","slug":"eth-updown-5m-1780599300","title":"Ethereum Up or Down - June 4, 2:55PM-3:00PM ET","end":"2026-06-04T19:00:00.000Z","upToken":"58893462000215892130224880950334395210013595759853055169234550695606414365436","downToken":"70876458880671989499307678082172160962077806673458274168452520541574850270052","orderMinSize":5,"tickSize":"0.01"}
[2026-06-04T18:55:01.007Z] INFO Skipped trade. {"slug":"eth-updown-5m-1780599300","reason":"missing_opening_chainlink_tick"}
[2026-06-04T18:55:01.007Z] INFO Tracking market. {"market":"DOGE","slug":"doge-updown-5m-1780599300","title":"Dogecoin Up or Down - June 4, 2:55PM-3:00PM ET","end":"2026-06-04T19:00:00.000Z","upToken":"1146568437189920665408904410067800385240351491299205920659083769488306096090","downToken":"12804079878443193947595301154028024252381942092550084036074276546048539756899","orderMinSize":5,"tickSize":"0.01"}
[2026-06-04T18:55:01.007Z] INFO Skipped trade. {"slug":"doge-updown-5m-1780599300","reason":"missing_opening_chainlink_tick"}
[2026-06-04T18:55:02.024Z] INFO Captured Chainlink opening tick. {"slug":"btc-updown-5m-1780599300","openingPrice":63850.98904508313,"tickTimestamp":"2026-06-04T18:55:00.000Z"}
[2026-06-04T18:55:02.028Z] INFO Skipped trade. {"slug":"btc-updown-5m-1780599300","reason":"btc_distance_below_threshold","market":"BTC","minDistanceUsd":{"UP":5,"DOWN":5},"openingPrice":63850.98904508313,"currentPrice":63850.98904508313}
[2026-06-04T18:55:02.032Z] INFO Captured Chainlink opening tick. {"slug":"eth-updown-5m-1780599300","openingPrice":1776.1850581934534,"tickTimestamp":"2026-06-04T18:55:00.000Z"}
[2026-06-04T18:55:02.035Z] INFO Skipped trade. {"slug":"eth-updown-5m-1780599300","reason":"btc_distance_below_threshold","market":"ETH","minDistanceUsd":{"UP":0.5,"DOWN":0.5},"openingPrice":1776.1850581934534,"currentPrice":1776.1850581934534}
[2026-06-04T18:55:02.040Z] INFO Captured Chainlink opening tick. {"slug":"doge-updown-5m-1780599300","openingPrice":0.0894159095390886,"tickTimestamp":"2026-06-04T18:55:00.000Z"}
[2026-06-04T18:55:02.044Z] INFO Skipped trade. {"slug":"doge-updown-5m-1780599300","reason":"btc_distance_below_threshold","market":"DOGE","minDistanceUsd":{"UP":0.0001,"DOWN":0.0001},"openingPrice":0.0894159095390886,"currentPrice":0.0894159095390886}
[2026-06-04T18:59:29.026Z] INFO Skipped trade. {"slug":"btc-updown-5m-1780599300","reason":"no_ask_liquidity_under_cap","outcome":"DOWN"}
[2026-06-04T18:59:29.026Z] INFO Skipped trade. {"slug":"eth-updown-5m-1780599300","reason":"no_ask_liquidity_under_cap","outcome":"DOWN"}
[2026-06-04T18:59:38.834Z] INFO Skipped trade. {"slug":"eth-updown-5m-1780599300","reason":"stale_chainlink_tick","tickTimestamp":"2026-06-04T18:59:28.000Z"}
[2026-06-04T18:59:39.015Z] INFO Skipped trade. {"slug":"doge-updown-5m-1780599300","reason":"stale_chainlink_tick","tickTimestamp":"2026-06-04T18:59:28.000Z"}
[2026-06-04T19:00:01.253Z] INFO Tracking market. {"market":"BTC","slug":"btc-updown-5m-1780599600","title":"Bitcoin Up or Down - June 4, 3:00PM-3:05PM ET","end":"2026-06-04T19:05:00.000Z","upToken":"51786941846784550889772539465776577465226820066030468489396033670590379050210","downToken":"109772590156532413799753175873121103910770894671982567357371589090763071517704","orderMinSize":5,"tickSize":"0.01"}
[2026-06-04T19:00:01.259Z] INFO Captured Chainlink opening tick. {"slug":"btc-updown-5m-1780599600","openingPrice":63740.06714121807,"tickTimestamp":"2026-06-04T19:00:00.000Z"}
[2026-06-04T19:00:01.263Z] INFO Skipped trade. {"slug":"btc-updown-5m-1780599600","reason":"btc_distance_below_threshold","market":"BTC","minDistanceUsd":{"UP":5,"DOWN":5},"openingPrice":63740.06714121807,"currentPrice":63740.06714121807}
[2026-06-04T19:00:01.263Z] INFO Tracking market. {"market":"ETH","slug":"eth-updown-5m-1780599600","title":"Ethereum Up or Down - June 4, 3:00PM-3:05PM ET","end":"2026-06-04T19:05:00.000Z","upToken":"59777928421721868196613404902796183934804993704176625105745397172496692992211","downToken":"64960097358401670795525489958228554356015006884193414943120947548264627514189","orderMinSize":5,"tickSize":"0.01"}
[2026-06-04T19:00:01.263Z] INFO Skipped trade. {"slug":"eth-updown-5m-1780599600","reason":"missing_opening_chainlink_tick"}
[2026-06-04T19:00:01.263Z] INFO Tracking market. {"market":"DOGE","slug":"doge-updown-5m-1780599600","title":"Dogecoin Up or Down - June 4, 3:00PM-3:05PM ET","end":"2026-06-04T19:05:00.000Z","upToken":"92656190404003655383538876812947041405912146417985833091680379927929539421838","downToken":"46207926712105951676604837279349799147238737001250770525956580900419249125517","orderMinSize":5,"tickSize":"0.01"}
[2026-06-04T19:00:01.263Z] INFO Skipped trade. {"slug":"doge-updown-5m-1780599600","reason":"missing_opening_chainlink_tick"}
[2026-06-04T19:00:02.272Z] INFO Captured Chainlink opening tick. {"slug":"eth-updown-5m-1780599600","openingPrice":1774.3008264869334,"tickTimestamp":"2026-06-04T19:00:00.000Z"}
[2026-06-04T19:00:02.276Z] INFO Skipped trade. {"slug":"eth-updown-5m-1780599600","reason":"btc_distance_below_threshold","market":"ETH","minDistanceUsd":{"UP":0.5,"DOWN":0.5},"openingPrice":1774.3008264869334,"currentPrice":1774.3008264869334}
[2026-06-04T19:00:02.280Z] INFO Captured Chainlink opening tick. {"slug":"doge-updown-5m-1780599600","openingPrice":0.0893974,"tickTimestamp":"2026-06-04T19:00:00.000Z"}
[2026-06-04T19:00:02.283Z] INFO Skipped trade. {"slug":"doge-updown-5m-1780599600","reason":"btc_distance_below_threshold","market":"DOGE","minDistanceUsd":{"UP":0.0001,"DOWN":0.0001},"openingPrice":0.0893974,"currentPrice":0.0893974}
[2026-06-04T19:04:29.662Z] INFO Skipped trade. {"slug":"btc-updown-5m-1780599600","reason":"no_ask_liquidity_under_cap","outcome":"DOWN"}
[2026-06-04T19:04:29.663Z] INFO Skipped trade. {"slug":"eth-updown-5m-1780599600","reason":"no_ask_liquidity_under_cap","outcome":"DOWN"}
[2026-06-04T19:04:36.060Z] WARN Analytics sample recording failed; continuing. {"market":"BTC","slug":"btc-updown-5m-1780599600","error":"ENOENT: no such file or directory, rename 'C:\\DEV\\tests\\Workspace de Yarbis\\Polybot\\data\\analytics-active.json.tmp' -> 'C:\\DEV\\tests\\Workspace de Yarbis\\Polybot\\data\\analytics-active.json'"}
[2026-06-04T19:04:38.149Z] INFO Skipped trade. {"slug":"doge-updown-5m-1780599600","reason":"no_ask_liquidity_under_cap","outcome":"DOWN"}
[2026-06-04T19:04:54.176Z] WARN Analytics sample recording failed; continuing. {"market":"BTC","slug":"btc-updown-5m-1780599600","error":"ENOENT: no such file or directory, rename 'C:\\DEV\\tests\\Workspace de Yarbis\\Polybot\\data\\analytics-active.json.tmp' -> 'C:\\DEV\\tests\\Workspace de Yarbis\\Polybot\\data\\analytics-active.json'"}
[2026-06-04T19:05:00.601Z] INFO Tracking market. {"market":"BTC","slug":"btc-updown-5m-1780599900","title":"Bitcoin Up or Down - June 4, 3:05PM-3:10PM ET","end":"2026-06-04T19:10:00.000Z","upToken":"52190724389350168687597054735420897379280324273372720521414558063085258103641","downToken":"69236546866506683796085835752349683891074376974820658585763005003290694433181","orderMinSize":5,"tickSize":"0.01"}
[2026-06-04T19:05:00.601Z] INFO Skipped trade. {"slug":"btc-updown-5m-1780599900","reason":"missing_opening_chainlink_tick"}
[2026-06-04T19:05:00.602Z] INFO Tracking market. {"market":"ETH","slug":"eth-updown-5m-1780599900","title":"Ethereum Up or Down - June 4, 3:05PM-3:10PM ET","end":"2026-06-04T19:10:00.000Z","upToken":"112794459580061134467829443333624652941974561790944913218011815086229251298786","downToken":"6662670646212475142186855569962981789329271448764722172066535268110824804564","orderMinSize":5,"tickSize":"0.01"}
[2026-06-04T19:05:00.602Z] INFO Skipped trade. {"slug":"eth-updown-5m-1780599900","reason":"missing_opening_chainlink_tick"}
[2026-06-04T19:05:00.602Z] INFO Tracking market. {"market":"DOGE","slug":"doge-updown-5m-1780599900","title":"Dogecoin Up or Down - June 4, 3:05PM-3:10PM ET","end":"2026-06-04T19:10:00.000Z","upToken":"8653424162276297699440079084011412908100436547622676998491788888882185994434","downToken":"111203780379734744386086087609890891747158768110029254132190110109310680602870","orderMinSize":5,"tickSize":"0.01"}
[2026-06-04T19:05:00.602Z] INFO Skipped trade. {"slug":"doge-updown-5m-1780599900","reason":"missing_opening_chainlink_tick"}
[2026-06-04T19:05:01.612Z] INFO Captured Chainlink opening tick. {"slug":"btc-updown-5m-1780599900","openingPrice":63630.591978508724,"tickTimestamp":"2026-06-04T19:05:00.000Z"}
[2026-06-04T19:05:01.619Z] INFO Skipped trade. {"slug":"btc-updown-5m-1780599900","reason":"btc_distance_below_threshold","market":"BTC","minDistanceUsd":{"UP":5,"DOWN":5},"openingPrice":63630.591978508724,"currentPrice":63630.591978508724}
[2026-06-04T19:05:02.625Z] INFO Captured Chainlink opening tick. {"slug":"eth-updown-5m-1780599900","openingPrice":1771.998885,"tickTimestamp":"2026-06-04T19:05:00.000Z"}
[2026-06-04T19:05:02.630Z] INFO Skipped trade. {"slug":"eth-updown-5m-1780599900","reason":"btc_distance_below_threshold","market":"ETH","minDistanceUsd":{"UP":0.5,"DOWN":0.5},"openingPrice":1771.998885,"currentPrice":1771.998885}
[2026-06-04T19:05:02.634Z] INFO Captured Chainlink opening tick. {"slug":"doge-updown-5m-1780599900","openingPrice":0.089303,"tickTimestamp":"2026-06-04T19:05:00.000Z"}
[2026-06-04T19:05:02.638Z] INFO Skipped trade. {"slug":"doge-updown-5m-1780599900","reason":"btc_distance_below_threshold","market":"DOGE","minDistanceUsd":{"UP":0.0001,"DOWN":0.0001},"openingPrice":0.089303,"currentPrice":0.089303}
[2026-06-04T19:09:28.895Z] INFO Skipped trade. {"slug":"btc-updown-5m-1780599900","reason":"no_ask_liquidity_under_cap","outcome":"DOWN"}
[2026-06-04T19:09:28.895Z] INFO Skipped trade. {"slug":"eth-updown-5m-1780599900","reason":"no_ask_liquidity_under_cap","outcome":"DOWN"}
[2026-06-04T19:09:28.895Z] INFO Skipped trade. {"slug":"doge-updown-5m-1780599900","reason":"no_ask_liquidity_under_cap","outcome":"DOWN"}
[2026-06-04T19:10:00.710Z] INFO Tracking market. {"market":"BTC","slug":"btc-updown-5m-1780600200","title":"Bitcoin Up or Down - June 4, 3:10PM-3:15PM ET","end":"2026-06-04T19:15:00.000Z","upToken":"45929059259376713653716549043535822591318704388817010925254295501721036414033","downToken":"43357502401066881391565695569505486942013174441496655356569670253339559547029","orderMinSize":5,"tickSize":"0.01"}
[2026-06-04T19:10:00.710Z] INFO Skipped trade. {"slug":"btc-updown-5m-1780600200","reason":"missing_opening_chainlink_tick"}
[2026-06-04T19:10:00.710Z] INFO Tracking market. {"market":"ETH","slug":"eth-updown-5m-1780600200","title":"Ethereum Up or Down - June 4, 3:10PM-3:15PM ET","end":"2026-06-04T19:15:00.000Z","upToken":"115112357014366611511263536686879057912896656636501139234133516925744887038446","downToken":"27293274107652328818409142628916321194859880368525381211000869957312149787559","orderMinSize":5,"tickSize":"0.01"}
[2026-06-04T19:10:00.710Z] INFO Skipped trade. {"slug":"eth-updown-5m-1780600200","reason":"missing_opening_chainlink_tick"}
[2026-06-04T19:10:00.710Z] INFO Tracking market. {"market":"DOGE","slug":"doge-updown-5m-1780600200","title":"Dogecoin Up or Down - June 4, 3:10PM-3:15PM ET","end":"2026-06-04T19:15:00.000Z","upToken":"101301217195427103399874635465517405282163820305399089035702470847306295103261","downToken":"3226356023274208164509843390889557204707260678709004884904027060753869919934","orderMinSize":5,"tickSize":"0.01"}
[2026-06-04T19:10:00.710Z] INFO Skipped trade. {"slug":"doge-updown-5m-1780600200","reason":"missing_opening_chainlink_tick"}
[2026-06-04T19:10:01.724Z] INFO Captured Chainlink opening tick. {"slug":"btc-updown-5m-1780600200","openingPrice":63603.250291608434,"tickTimestamp":"2026-06-04T19:10:00.000Z"}
[2026-06-04T19:10:01.727Z] INFO Skipped trade. {"slug":"btc-updown-5m-1780600200","reason":"btc_distance_below_threshold","market":"BTC","minDistanceUsd":{"UP":5,"DOWN":5},"openingPrice":63603.250291608434,"currentPrice":63603.250291608434}
[2026-06-04T19:10:02.742Z] INFO Captured Chainlink opening tick. {"slug":"eth-updown-5m-1780600200","openingPrice":1770.4707899182565,"tickTimestamp":"2026-06-04T19:10:00.000Z"}
[2026-06-04T19:10:02.748Z] INFO Skipped trade. {"slug":"eth-updown-5m-1780600200","reason":"btc_distance_below_threshold","market":"ETH","minDistanceUsd":{"UP":0.5,"DOWN":0.5},"openingPrice":1770.4707899182565,"currentPrice":1770.5408575971198}
[2026-06-04T19:10:02.753Z] INFO Captured Chainlink opening tick. {"slug":"doge-updown-5m-1780600200","openingPrice":0.0891866,"tickTimestamp":"2026-06-04T19:10:00.000Z"}
[2026-06-04T19:10:02.758Z] INFO Skipped trade. {"slug":"doge-updown-5m-1780600200","reason":"btc_distance_below_threshold","market":"DOGE","minDistanceUsd":{"UP":0.0001,"DOWN":0.0001},"openingPrice":0.0891866,"currentPrice":0.0891838834441826}
[2026-06-04T19:14:30.433Z] INFO Skipped trade. {"slug":"btc-updown-5m-1780600200","reason":"no_ask_liquidity_under_cap","outcome":"UP"}
[2026-06-04T19:14:30.433Z] INFO Skipped trade. {"slug":"eth-updown-5m-1780600200","reason":"no_ask_liquidity_under_cap","outcome":"UP"}
[2026-06-04T19:15:02.049Z] INFO Tracking market. {"market":"BTC","slug":"btc-updown-5m-1780600500","title":"Bitcoin Up or Down - June 4, 3:15PM-3:20PM ET","end":"2026-06-04T19:20:00.000Z","upToken":"44040437264889503964830831334556677783719861830815139042919612717734963132456","downToken":"74528037865399213237560799646622726273918434060229354000389838247351125898961","orderMinSize":5,"tickSize":"0.01"}
[2026-06-04T19:15:02.054Z] INFO Captured Chainlink opening tick. {"slug":"btc-updown-5m-1780600500","openingPrice":63801.06641481007,"tickTimestamp":"2026-06-04T19:15:00.000Z"}
[2026-06-04T19:15:02.058Z] INFO Skipped trade. {"slug":"btc-updown-5m-1780600500","reason":"btc_distance_below_threshold","market":"BTC","minDistanceUsd":{"UP":5,"DOWN":5},"openingPrice":63801.06641481007,"currentPrice":63803.6606702118}
[2026-06-04T19:15:02.058Z] INFO Tracking market. {"market":"ETH","slug":"eth-updown-5m-1780600500","title":"Ethereum Up or Down - June 4, 3:15PM-3:20PM ET","end":"2026-06-04T19:20:00.000Z","upToken":"106083578004371084068762045117060219209432475058211937650497913971468029172416","downToken":"3349186835662916779488365949069575162963231979667827340056563606589434929291","orderMinSize":5,"tickSize":"0.01"}
[2026-06-04T19:15:02.058Z] INFO Skipped trade. {"slug":"eth-updown-5m-1780600500","reason":"missing_opening_chainlink_tick"}
[2026-06-04T19:15:02.058Z] INFO Tracking market. {"market":"DOGE","slug":"doge-updown-5m-1780600500","title":"Dogecoin Up or Down - June 4, 3:15PM-3:20PM ET","end":"2026-06-04T19:20:00.000Z","upToken":"86316713879490508058953675312477826464790270627097359460135353835832665753571","downToken":"68189625378489658219096993214360950970378971991506434506167604132196099180902","orderMinSize":5,"tickSize":"0.01"}
[2026-06-04T19:15:02.059Z] INFO Skipped trade. {"slug":"doge-updown-5m-1780600500","reason":"missing_opening_chainlink_tick"}
[2026-06-04T19:15:03.076Z] INFO Captured Chainlink opening tick. {"slug":"eth-updown-5m-1780600500","openingPrice":1775.41165,"tickTimestamp":"2026-06-04T19:15:00.000Z"}
[2026-06-04T19:15:03.082Z] INFO Skipped trade. {"slug":"eth-updown-5m-1780600500","reason":"btc_distance_below_threshold","market":"ETH","minDistanceUsd":{"UP":0.5,"DOWN":0.5},"openingPrice":1775.41165,"currentPrice":1775.398015}
[2026-06-04T19:15:03.088Z] INFO Captured Chainlink opening tick. {"slug":"doge-updown-5m-1780600500","openingPrice":0.0893165750906388,"tickTimestamp":"2026-06-04T19:15:00.000Z"}
[2026-06-04T19:15:03.093Z] INFO Skipped trade. {"slug":"doge-updown-5m-1780600500","reason":"btc_distance_below_threshold","market":"DOGE","minDistanceUsd":{"UP":0.0001,"DOWN":0.0001},"openingPrice":0.0893165750906388,"currentPrice":0.0893171563635794}
[2026-06-04T19:17:47.984Z] INFO Skipped trade. {"slug":"eth-updown-5m-1780600500","reason":"stale_chainlink_tick","tickTimestamp":"2026-06-04T19:17:37.000Z"}
[2026-06-04T19:19:30.245Z] INFO Skipped trade. {"slug":"btc-updown-5m-1780600500","reason":"no_ask_liquidity_under_cap","outcome":"UP"}
[2026-06-04T19:19:30.245Z] INFO Skipped trade. {"slug":"eth-updown-5m-1780600500","reason":"no_ask_liquidity_under_cap","outcome":"UP"}
[2026-06-04T19:19:33.799Z] INFO Skipped trade. {"slug":"doge-updown-5m-1780600500","reason":"no_ask_liquidity_under_cap","outcome":"UP"}
[2026-06-04T19:20:01.513Z] INFO Tracking market. {"market":"BTC","slug":"btc-updown-5m-1780600800","title":"Bitcoin Up or Down - June 4, 3:20PM-3:25PM ET","end":"2026-06-04T19:25:00.000Z","upToken":"61704589932223086525399473667583852886623089452932356581522929149397734618090","downToken":"18616923247099743591744129353610337868869548433588791585395029041556086035318","orderMinSize":5,"tickSize":"0.01"}
[2026-06-04T19:20:01.518Z] INFO Captured Chainlink opening tick. {"slug":"btc-updown-5m-1780600800","openingPrice":63893.264021157,"tickTimestamp":"2026-06-04T19:20:00.000Z"}
[2026-06-04T19:20:01.522Z] INFO Skipped trade. {"slug":"btc-updown-5m-1780600800","reason":"btc_distance_below_threshold","market":"BTC","minDistanceUsd":{"UP":5,"DOWN":5},"openingPrice":63893.264021157,"currentPrice":63893.264021157}
[2026-06-04T19:20:01.522Z] INFO Tracking market. {"market":"ETH","slug":"eth-updown-5m-1780600800","title":"Ethereum Up or Down - June 4, 3:20PM-3:25PM ET","end":"2026-06-04T19:25:00.000Z","upToken":"7776912877947555112726436469739484962422043172418308130969371489573126340858","downToken":"77257637928641872814726248294865224292182705786689001451733512882586911945183","orderMinSize":5,"tickSize":"0.01"}
[2026-06-04T19:20:01.522Z] INFO Skipped trade. {"slug":"eth-updown-5m-1780600800","reason":"missing_opening_chainlink_tick"}
[2026-06-04T19:20:01.522Z] INFO Tracking market. {"market":"DOGE","slug":"doge-updown-5m-1780600800","title":"Dogecoin Up or Down - June 4, 3:20PM-3:25PM ET","end":"2026-06-04T19:25:00.000Z","upToken":"299986194344457900729408996518017508745460626008986821209819721751799976201","downToken":"103245470642054325682888902970270914886970603855179378756421542643320344158751","orderMinSize":5,"tickSize":"0.01"}
[2026-06-04T19:20:01.522Z] INFO Skipped trade. {"slug":"doge-updown-5m-1780600800","reason":"missing_opening_chainlink_tick"}
[2026-06-04T19:20:03.556Z] INFO Captured Chainlink opening tick. {"slug":"eth-updown-5m-1780600800","openingPrice":1778.4651740822537,"tickTimestamp":"2026-06-04T19:20:00.000Z"}
[2026-06-04T19:20:03.559Z] INFO Skipped trade. {"slug":"eth-updown-5m-1780600800","reason":"btc_distance_below_threshold","market":"ETH","minDistanceUsd":{"UP":0.5,"DOWN":0.5},"openingPrice":1778.4651740822537,"currentPrice":1778.484205}
[2026-06-04T19:20:03.562Z] INFO Captured Chainlink opening tick. {"slug":"doge-updown-5m-1780600800","openingPrice":0.089374669,"tickTimestamp":"2026-06-04T19:20:00.000Z"}
[2026-06-04T19:20:03.566Z] INFO Skipped trade. {"slug":"doge-updown-5m-1780600800","reason":"btc_distance_below_threshold","market":"DOGE","minDistanceUsd":{"UP":0.0001,"DOWN":0.0001},"openingPrice":0.089374669,"currentPrice":0.089374998}
[2026-06-04T19:20:48.267Z] WARN RTDS websocket closed; reconnecting soon.
[2026-06-04T19:20:51.964Z] INFO Connected to Polymarket RTDS Chainlink feed.
[2026-06-04T19:20:52.127Z] INFO Skipped trade. {"slug":"eth-updown-5m-1780600800","reason":"stale_chainlink_tick","tickTimestamp":"2026-06-04T19:20:42.000Z"}
[2026-06-04T19:20:52.127Z] INFO Skipped trade. {"slug":"doge-updown-5m-1780600800","reason":"stale_chainlink_tick","tickTimestamp":"2026-06-04T19:20:42.000Z"}
[2026-06-04T19:24:30.137Z] INFO Skipped trade. {"slug":"btc-updown-5m-1780600800","reason":"no_ask_liquidity_under_cap","outcome":"DOWN"}
[2026-06-04T19:24:30.137Z] INFO Skipped trade. {"slug":"eth-updown-5m-1780600800","reason":"no_ask_liquidity_under_cap","outcome":"DOWN"}
[2026-06-04T19:24:31.706Z] INFO Trade attempt recorded. {"mode":"sim","slug":"btc-updown-5m-1780600800","outcome":"DOWN","amountUsd":5,"bestAsk":0.48,"estimatedShares":10.416666666666668}
[2026-06-04T19:24:32.899Z] INFO Skipped trade. {"slug":"btc-updown-5m-1780600800","reason":"market_already_traded"}
[2026-06-04T19:24:51.749Z] INFO Trade attempt recorded. {"mode":"sim","slug":"eth-updown-5m-1780600800","outcome":"DOWN","amountUsd":5,"bestAsk":0.25,"estimatedShares":14.464285714285714}
[2026-06-04T19:24:53.269Z] INFO Skipped trade. {"slug":"eth-updown-5m-1780600800","reason":"market_already_traded"}
[2026-06-04T19:24:53.493Z] INFO Skipped trade. {"slug":"doge-updown-5m-1780600800","reason":"no_ask_liquidity_under_cap","outcome":"UP"}
[2026-06-04T19:25:01.208Z] INFO Tracking market. {"market":"BTC","slug":"btc-updown-5m-1780601100","title":"Bitcoin Up or Down - June 4, 3:25PM-3:30PM ET","end":"2026-06-04T19:30:00.000Z","upToken":"46837531649082956085578821757024971253986628891852015838741391649357497625305","downToken":"112718146825211693654621937418176551242745825429181613605394750208962127807352","orderMinSize":5,"tickSize":"0.01"}
[2026-06-04T19:25:01.213Z] INFO Captured Chainlink opening tick. {"slug":"btc-updown-5m-1780601100","openingPrice":63932.92627345102,"tickTimestamp":"2026-06-04T19:25:00.000Z"}
[2026-06-04T19:25:01.220Z] INFO Skipped trade. {"slug":"btc-updown-5m-1780601100","reason":"btc_distance_below_threshold","market":"BTC","minDistanceUsd":{"UP":5,"DOWN":5},"openingPrice":63932.92627345102,"currentPrice":63932.92627345102}
[2026-06-04T19:25:01.220Z] INFO Tracking market. {"market":"ETH","slug":"eth-updown-5m-1780601100","title":"Ethereum Up or Down - June 4, 3:25PM-3:30PM ET","end":"2026-06-04T19:30:00.000Z","upToken":"78099886000728378181932239270887374218167789716197121928412747511194407970706","downToken":"20508135147811731567501668578815243781896302353263313366426959823029444809551","orderMinSize":5,"tickSize":"0.01"}
[2026-06-04T19:25:01.220Z] INFO Skipped trade. {"slug":"eth-updown-5m-1780601100","reason":"missing_opening_chainlink_tick"}
[2026-06-04T19:25:01.221Z] INFO Tracking market. {"market":"DOGE","slug":"doge-updown-5m-1780601100","title":"Dogecoin Up or Down - June 4, 3:25PM-3:30PM ET","end":"2026-06-04T19:30:00.000Z","upToken":"47389085879222927668537878966734231962807303578795993130209692275321488579879","downToken":"90432694665522528721943462144931051068165567579786240220498677095860742622995","orderMinSize":5,"tickSize":"0.01"}
[2026-06-04T19:25:01.221Z] INFO Skipped trade. {"slug":"doge-updown-5m-1780601100","reason":"missing_opening_chainlink_tick"}
[2026-06-04T19:25:02.239Z] INFO Resolved trade. {"mode":"sim","slug":"btc-updown-5m-1780600800","outcome":"DOWN","winningOutcome":"UP","won":false,"finalPrice":63933.21262919627}
[2026-06-04T19:25:03.278Z] INFO Resolved trade. {"mode":"sim","slug":"eth-updown-5m-1780600800","outcome":"DOWN","winningOutcome":"UP","won":false,"finalPrice":1778.5677424010914}
[2026-06-04T19:25:03.282Z] INFO Captured Chainlink opening tick. {"slug":"eth-updown-5m-1780601100","openingPrice":1778.488872484865,"tickTimestamp":"2026-06-04T19:25:00.000Z"}
[2026-06-04T19:25:03.287Z] INFO Skipped trade. {"slug":"eth-updown-5m-1780601100","reason":"btc_distance_below_threshold","market":"ETH","minDistanceUsd":{"UP":0.5,"DOWN":0.5},"openingPrice":1778.488872484865,"currentPrice":1778.5677424010914}
[2026-06-04T19:25:03.290Z] INFO Captured Chainlink opening tick. {"slug":"doge-updown-5m-1780601100","openingPrice":0.0895028620207254,"tickTimestamp":"2026-06-04T19:25:00.000Z"}
[2026-06-04T19:25:03.294Z] INFO Skipped trade. {"slug":"doge-updown-5m-1780601100","reason":"btc_distance_below_threshold","market":"DOGE","minDistanceUsd":{"UP":0.0001,"DOWN":0.0001},"openingPrice":0.0895028620207254,"currentPrice":0.0895026462677983}
[2026-06-04T19:29:25.399Z] WARN Analytics sample recording failed; continuing. {"market":"BTC","slug":"btc-updown-5m-1780601100","error":"ENOENT: no such file or directory, rename 'C:\\DEV\\tests\\Workspace de Yarbis\\Polybot\\data\\analytics-active.json.tmp' -> 'C:\\DEV\\tests\\Workspace de Yarbis\\Polybot\\data\\analytics-active.json'"}
[2026-06-04T19:29:29.762Z] INFO Skipped trade. {"slug":"btc-updown-5m-1780601100","reason":"no_ask_liquidity_under_cap","outcome":"UP"}
[2026-06-04T19:29:29.762Z] INFO Skipped trade. {"slug":"eth-updown-5m-1780601100","reason":"no_ask_liquidity_under_cap","outcome":"UP"}
[2026-06-04T19:29:29.762Z] INFO Skipped trade. {"slug":"doge-updown-5m-1780601100","reason":"no_ask_liquidity_under_cap","outcome":"UP"}
[2026-06-04T19:30:00.403Z] INFO Tracking market. {"market":"BTC","slug":"btc-updown-5m-1780601400","title":"Bitcoin Up or Down - June 4, 3:30PM-3:35PM ET","end":"2026-06-04T19:35:00.000Z","upToken":"85338402014576043492077567326409975204915356151185248403030341409028098381444","downToken":"16561372634996839798106527432387738029453976043596300475096461198286888736031","orderMinSize":5,"tickSize":"0.01"}
[2026-06-04T19:30:00.403Z] INFO Skipped trade. {"slug":"btc-updown-5m-1780601400","reason":"missing_opening_chainlink_tick"}
[2026-06-04T19:30:00.403Z] INFO Tracking market. {"market":"ETH","slug":"eth-updown-5m-1780601400","title":"Ethereum Up or Down - June 4, 3:30PM-3:35PM ET","end":"2026-06-04T19:35:00.000Z","upToken":"60061546080748139978703796640449758698447039642500053174107497315411135298115","downToken":"68076490886427257499831163579170989871954991876731836329782954542135435660992","orderMinSize":5,"tickSize":"0.01"}
[2026-06-04T19:30:00.404Z] INFO Skipped trade. {"slug":"eth-updown-5m-1780601400","reason":"missing_opening_chainlink_tick"}
[2026-06-04T19:30:00.404Z] INFO Tracking market. {"market":"DOGE","slug":"doge-updown-5m-1780601400","title":"Dogecoin Up or Down - June 4, 3:30PM-3:35PM ET","end":"2026-06-04T19:35:00.000Z","upToken":"115708377303764577686510234485753947014623952038823748472467442185070047184757","downToken":"24383478962515971691334654477644400930290382369557634347563555833165370489923","orderMinSize":5,"tickSize":"0.01"}
[2026-06-04T19:30:00.404Z] INFO Skipped trade. {"slug":"doge-updown-5m-1780601400","reason":"missing_opening_chainlink_tick"}
[2026-06-04T19:30:01.421Z] INFO Captured Chainlink opening tick. {"slug":"btc-updown-5m-1780601400","openingPrice":64039.05694392437,"tickTimestamp":"2026-06-04T19:30:00.000Z"}
[2026-06-04T19:30:01.425Z] INFO Skipped trade. {"slug":"btc-updown-5m-1780601400","reason":"btc_distance_below_threshold","market":"BTC","minDistanceUsd":{"UP":5,"DOWN":5},"openingPrice":64039.05694392437,"currentPrice":64039.05694392437}
[2026-06-04T19:30:03.456Z] INFO Captured Chainlink opening tick. {"slug":"eth-updown-5m-1780601400","openingPrice":1782.6083326225794,"tickTimestamp":"2026-06-04T19:30:00.000Z"}
[2026-06-04T19:30:03.459Z] INFO Skipped trade. {"slug":"eth-updown-5m-1780601400","reason":"btc_distance_below_threshold","market":"ETH","minDistanceUsd":{"UP":0.5,"DOWN":0.5},"openingPrice":1782.6083326225794,"currentPrice":1782.6083326225794}
[2026-06-04T19:30:03.463Z] INFO Captured Chainlink opening tick. {"slug":"doge-updown-5m-1780601400","openingPrice":0.089578,"tickTimestamp":"2026-06-04T19:30:00.000Z"}
[2026-06-04T19:30:03.466Z] INFO Skipped trade. {"slug":"doge-updown-5m-1780601400","reason":"btc_distance_below_threshold","market":"DOGE","minDistanceUsd":{"UP":0.0001,"DOWN":0.0001},"openingPrice":0.089578,"currentPrice":0.0895693741374021}
[2026-06-04T19:34:30.284Z] INFO Skipped trade. {"slug":"btc-updown-5m-1780601400","reason":"no_ask_liquidity_under_cap","outcome":"DOWN"}
[2026-06-04T19:34:30.284Z] INFO Skipped trade. {"slug":"eth-updown-5m-1780601400","reason":"no_ask_liquidity_under_cap","outcome":"DOWN"}
[2026-06-04T19:34:30.285Z] INFO Skipped trade. {"slug":"doge-updown-5m-1780601400","reason":"no_ask_liquidity_under_cap","outcome":"DOWN"}
[2026-06-04T19:35:00.439Z] INFO Tracking market. {"market":"BTC","slug":"btc-updown-5m-1780601700","title":"Bitcoin Up or Down - June 4, 3:35PM-3:40PM ET","end":"2026-06-04T19:40:00.000Z","upToken":"34962741958020619107618666997639554875004240038039101911535932837889332772635","downToken":"43658101328972573703620376207547073228065638227342852159888200277738450136468","orderMinSize":5,"tickSize":"0.01"}
[2026-06-04T19:35:00.439Z] INFO Skipped trade. {"slug":"btc-updown-5m-1780601700","reason":"missing_opening_chainlink_tick"}
[2026-06-04T19:35:00.439Z] INFO Tracking market. {"market":"ETH","slug":"eth-updown-5m-1780601700","title":"Ethereum Up or Down - June 4, 3:35PM-3:40PM ET","end":"2026-06-04T19:40:00.000Z","upToken":"39649387518893650839410588373195236663348805338473893770935949154390394346192","downToken":"39126010124230581077398361620329441837603542425032230980655354065196152828863","orderMinSize":5,"tickSize":"0.01"}
[2026-06-04T19:35:00.440Z] INFO Skipped trade. {"slug":"eth-updown-5m-1780601700","reason":"missing_opening_chainlink_tick"}
[2026-06-04T19:35:00.440Z] INFO Tracking market. {"market":"DOGE","slug":"doge-updown-5m-1780601700","title":"Dogecoin Up or Down - June 4, 3:35PM-3:40PM ET","end":"2026-06-04T19:40:00.000Z","upToken":"56121623729333323416660794586121267002520565709347716125983516238028435987261","downToken":"99638873146239385425214401282842484653559555366816051523617426780493127708930","orderMinSize":5,"tickSize":"0.01"}
[2026-06-04T19:35:00.440Z] INFO Skipped trade. {"slug":"doge-updown-5m-1780601700","reason":"missing_opening_chainlink_tick"}
[2026-06-04T19:35:01.453Z] INFO Captured Chainlink opening tick. {"slug":"btc-updown-5m-1780601700","openingPrice":63872.7897997568,"tickTimestamp":"2026-06-04T19:35:00.000Z"}
[2026-06-04T19:35:01.457Z] INFO Skipped trade. {"slug":"btc-updown-5m-1780601700","reason":"btc_distance_below_threshold","market":"BTC","minDistanceUsd":{"UP":5,"DOWN":5},"openingPrice":63872.7897997568,"currentPrice":63872.7897997568}
[2026-06-04T19:35:03.483Z] INFO Captured Chainlink opening tick. {"slug":"eth-updown-5m-1780601700","openingPrice":1781.8666134606303,"tickTimestamp":"2026-06-04T19:35:00.000Z"}
[2026-06-04T19:35:03.487Z] INFO Skipped trade. {"slug":"eth-updown-5m-1780601700","reason":"btc_distance_below_threshold","market":"ETH","minDistanceUsd":{"UP":0.5,"DOWN":0.5},"openingPrice":1781.8666134606303,"currentPrice":1782.1240319499561}
[2026-06-04T19:35:03.491Z] INFO Captured Chainlink opening tick. {"slug":"doge-updown-5m-1780601700","openingPrice":0.0893930496290273,"tickTimestamp":"2026-06-04T19:35:00.000Z"}
[2026-06-04T19:35:03.494Z] INFO Skipped trade. {"slug":"doge-updown-5m-1780601700","reason":"btc_distance_below_threshold","market":"DOGE","minDistanceUsd":{"UP":0.0001,"DOWN":0.0001},"openingPrice":0.0893930496290273,"currentPrice":0.0894027669905632}
[2026-06-04T19:36:24.115Z] INFO Skipped trade. {"slug":"btc-updown-5m-1780601700","reason":"stale_chainlink_tick","tickTimestamp":"2026-06-04T19:36:14.000Z"}
[2026-06-04T19:36:24.115Z] INFO Skipped trade. {"slug":"eth-updown-5m-1780601700","reason":"stale_chainlink_tick","tickTimestamp":"2026-06-04T19:36:14.000Z"}
[2026-06-04T19:36:24.115Z] INFO Skipped trade. {"slug":"doge-updown-5m-1780601700","reason":"stale_chainlink_tick","tickTimestamp":"2026-06-04T19:36:14.000Z"}
[2026-06-04T19:39:29.881Z] INFO Skipped trade. {"slug":"btc-updown-5m-1780601700","reason":"no_ask_liquidity_under_cap","outcome":"DOWN"}
[2026-06-04T19:39:29.881Z] INFO Skipped trade. {"slug":"eth-updown-5m-1780601700","reason":"no_ask_liquidity_under_cap","outcome":"DOWN"}
[2026-06-04T19:39:29.881Z] INFO Skipped trade. {"slug":"doge-updown-5m-1780601700","reason":"no_ask_liquidity_under_cap","outcome":"DOWN"}
[2026-06-04T19:40:00.914Z] INFO Tracking market. {"market":"BTC","slug":"btc-updown-5m-1780602000","title":"Bitcoin Up or Down - June 4, 3:40PM-3:45PM ET","end":"2026-06-04T19:45:00.000Z","upToken":"58294907349883284404788696530190874972995347949946670586880280107461550628244","downToken":"15364175865363233864536651427934632854904273855778131521045640687674796196560","orderMinSize":5,"tickSize":"0.01"}
[2026-06-04T19:40:00.919Z] INFO Captured Chainlink opening tick. {"slug":"btc-updown-5m-1780602000","openingPrice":63865.52673418907,"tickTimestamp":"2026-06-04T19:40:00.000Z"}
[2026-06-04T19:40:00.926Z] INFO Skipped trade. {"slug":"btc-updown-5m-1780602000","reason":"btc_distance_below_threshold","market":"BTC","minDistanceUsd":{"UP":5,"DOWN":5},"openingPrice":63865.52673418907,"currentPrice":63865.52673418907}
[2026-06-04T19:40:00.926Z] INFO Tracking market. {"market":"ETH","slug":"eth-updown-5m-1780602000","title":"Ethereum Up or Down - June 4, 3:40PM-3:45PM ET","end":"2026-06-04T19:45:00.000Z","upToken":"78751215841738541431979031605309346585937163702294796484571727162475184203524","downToken":"11535915089948592948744830572966621211269778147531407001226907480408562227774","orderMinSize":5,"tickSize":"0.01"}
[2026-06-04T19:40:00.926Z] INFO Skipped trade. {"slug":"eth-updown-5m-1780602000","reason":"missing_opening_chainlink_tick"}
[2026-06-04T19:40:00.926Z] INFO Tracking market. {"market":"DOGE","slug":"doge-updown-5m-1780602000","title":"Dogecoin Up or Down - June 4, 3:40PM-3:45PM ET","end":"2026-06-04T19:45:00.000Z","upToken":"88924461689392366703743055373939114917894302264070534528996750202355809434584","downToken":"887378012254676299685688934545645076776578208340659799965711226266837735964","orderMinSize":5,"tickSize":"0.01"}
[2026-06-04T19:40:00.927Z] INFO Skipped trade. {"slug":"doge-updown-5m-1780602000","reason":"missing_opening_chainlink_tick"}
[2026-06-04T19:40:03.938Z] INFO Captured Chainlink opening tick. {"slug":"eth-updown-5m-1780602000","openingPrice":1779.8461845127147,"tickTimestamp":"2026-06-04T19:40:00.000Z"}
[2026-06-04T19:40:03.943Z] INFO Skipped trade. {"slug":"eth-updown-5m-1780602000","reason":"btc_distance_below_threshold","market":"ETH","minDistanceUsd":{"UP":0.5,"DOWN":0.5},"openingPrice":1779.8461845127147,"currentPrice":1779.8409810978537}
[2026-06-04T19:40:03.947Z] INFO Captured Chainlink opening tick. {"slug":"doge-updown-5m-1780602000","openingPrice":0.0892398534544393,"tickTimestamp":"2026-06-04T19:40:00.000Z"}
[2026-06-04T19:40:03.951Z] INFO Skipped trade. {"slug":"doge-updown-5m-1780602000","reason":"btc_distance_below_threshold","market":"DOGE","minDistanceUsd":{"UP":0.0001,"DOWN":0.0001},"openingPrice":0.0892398534544393,"currentPrice":0.0892481342796929}
[2026-06-04T19:44:31.108Z] INFO Skipped trade. {"slug":"btc-updown-5m-1780602000","reason":"no_ask_liquidity_under_cap","outcome":"DOWN"}
[2026-06-04T19:44:31.109Z] INFO Skipped trade. {"slug":"eth-updown-5m-1780602000","reason":"no_ask_liquidity_under_cap","outcome":"DOWN"}
[2026-06-04T19:44:31.109Z] INFO Skipped trade. {"slug":"doge-updown-5m-1780602000","reason":"no_ask_liquidity_under_cap","outcome":"DOWN"}
[2026-06-04T19:45:00.251Z] INFO Tracking market. {"market":"BTC","slug":"btc-updown-5m-1780602300","title":"Bitcoin Up or Down - June 4, 3:45PM-3:50PM ET","end":"2026-06-04T19:50:00.000Z","upToken":"87404528450767094975948448278660083996563693837372504133609741400093287677120","downToken":"72438822045011332118151172261060162663886581595674567602263625143708787602789","orderMinSize":5,"tickSize":"0.01"}
[2026-06-04T19:45:00.252Z] INFO Skipped trade. {"slug":"btc-updown-5m-1780602300","reason":"missing_opening_chainlink_tick"}
[2026-06-04T19:45:00.252Z] INFO Tracking market. {"market":"ETH","slug":"eth-updown-5m-1780602300","title":"Ethereum Up or Down - June 4, 3:45PM-3:50PM ET","end":"2026-06-04T19:50:00.000Z","upToken":"76313709057463145469251359023483285403131855695318828034666285321975749056728","downToken":"2922379451511788671025823868774470737218216428841829351763714559171197435801","orderMinSize":5,"tickSize":"0.01"}
[2026-06-04T19:45:00.252Z] INFO Skipped trade. {"slug":"eth-updown-5m-1780602300","reason":"missing_opening_chainlink_tick"}
[2026-06-04T19:45:00.252Z] INFO Tracking market. {"market":"DOGE","slug":"doge-updown-5m-1780602300","title":"Dogecoin Up or Down - June 4, 3:45PM-3:50PM ET","end":"2026-06-04T19:50:00.000Z","upToken":"96118915183858177058656843017888265310001836475258104471811758427671700939454","downToken":"20615941414830928147808310029526825982545344666282829261189050188041057502642","orderMinSize":5,"tickSize":"0.01"}
[2026-06-04T19:45:00.252Z] INFO Skipped trade. {"slug":"doge-updown-5m-1780602300","reason":"missing_opening_chainlink_tick"}
[2026-06-04T19:45:01.265Z] INFO Captured Chainlink opening tick. {"slug":"btc-updown-5m-1780602300","openingPrice":63700.901861527556,"tickTimestamp":"2026-06-04T19:45:00.000Z"}
[2026-06-04T19:45:01.269Z] INFO Skipped trade. {"slug":"btc-updown-5m-1780602300","reason":"btc_distance_below_threshold","market":"BTC","minDistanceUsd":{"UP":5,"DOWN":5},"openingPrice":63700.901861527556,"currentPrice":63700.901861527556}
[2026-06-04T19:45:04.292Z] INFO Captured Chainlink opening tick. {"slug":"eth-updown-5m-1780602300","openingPrice":1776.1065357024133,"tickTimestamp":"2026-06-04T19:45:00.000Z"}
[2026-06-04T19:45:04.295Z] INFO Skipped trade. {"slug":"eth-updown-5m-1780602300","reason":"btc_distance_below_threshold","market":"ETH","minDistanceUsd":{"UP":0.5,"DOWN":0.5},"openingPrice":1776.1065357024133,"currentPrice":1776.2366215928564}
[2026-06-04T19:45:04.298Z] INFO Captured Chainlink opening tick. {"slug":"doge-updown-5m-1780602300","openingPrice":0.0890140718493994,"tickTimestamp":"2026-06-04T19:45:00.000Z"}
[2026-06-04T19:45:04.301Z] INFO Skipped trade. {"slug":"doge-updown-5m-1780602300","reason":"btc_distance_below_threshold","market":"DOGE","minDistanceUsd":{"UP":0.0001,"DOWN":0.0001},"openingPrice":0.0890140718493994,"currentPrice":0.08902}
[2026-06-04T19:49:29.793Z] INFO Skipped trade. {"slug":"btc-updown-5m-1780602300","reason":"no_ask_liquidity_under_cap","outcome":"DOWN"}
[2026-06-04T19:49:31.415Z] INFO Skipped trade. {"slug":"eth-updown-5m-1780602300","reason":"no_ask_liquidity_under_cap","outcome":"DOWN"}
[2026-06-04T19:49:41.120Z] INFO Skipped trade. {"slug":"doge-updown-5m-1780602300","reason":"no_ask_liquidity_under_cap","outcome":"DOWN"}
[2026-06-04T19:50:00.867Z] INFO Tracking market. {"market":"BTC","slug":"btc-updown-5m-1780602600","title":"Bitcoin Up or Down - June 4, 3:50PM-3:55PM ET","end":"2026-06-04T19:55:00.000Z","upToken":"72586309171366330781403743333546280949988438038924250407365086958418184996097","downToken":"24425502677963074159431597392978610737854014377602649882962169448488109660957","orderMinSize":5,"tickSize":"0.01"}
[2026-06-04T19:50:00.871Z] INFO Captured Chainlink opening tick. {"slug":"btc-updown-5m-1780602600","openingPrice":63639.93556942826,"tickTimestamp":"2026-06-04T19:50:00.000Z"}
[2026-06-04T19:50:00.875Z] INFO Skipped trade. {"slug":"btc-updown-5m-1780602600","reason":"btc_distance_below_threshold","market":"BTC","minDistanceUsd":{"UP":5,"DOWN":5},"openingPrice":63639.93556942826,"currentPrice":63639.93556942826}
[2026-06-04T19:50:00.875Z] INFO Tracking market. {"market":"ETH","slug":"eth-updown-5m-1780602600","title":"Ethereum Up or Down - June 4, 3:50PM-3:55PM ET","end":"2026-06-04T19:55:00.000Z","upToken":"108235863449361214164787706524962880792276590417358388941790094284365959517379","downToken":"22303460480168128308226315614469645670454657188488644380891456040406533989900","orderMinSize":5,"tickSize":"0.01"}
[2026-06-04T19:50:00.875Z] INFO Skipped trade. {"slug":"eth-updown-5m-1780602600","reason":"missing_opening_chainlink_tick"}
[2026-06-04T19:50:00.875Z] INFO Tracking market. {"market":"DOGE","slug":"doge-updown-5m-1780602600","title":"Dogecoin Up or Down - June 4, 3:50PM-3:55PM ET","end":"2026-06-04T19:55:00.000Z","upToken":"71102582820920206365289623449126704150008107032541395051743107023771850246590","downToken":"110629566578002711480054808125687446822043813808555510298618792607169750018263","orderMinSize":5,"tickSize":"0.01"}
[2026-06-04T19:50:00.875Z] INFO Skipped trade. {"slug":"doge-updown-5m-1780602600","reason":"missing_opening_chainlink_tick"}
[2026-06-04T19:50:04.918Z] INFO Captured Chainlink opening tick. {"slug":"eth-updown-5m-1780602600","openingPrice":1775.248057415482,"tickTimestamp":"2026-06-04T19:50:00.000Z"}
[2026-06-04T19:50:04.924Z] INFO Skipped trade. {"slug":"eth-updown-5m-1780602600","reason":"btc_distance_below_threshold","market":"ETH","minDistanceUsd":{"UP":0.5,"DOWN":0.5},"openingPrice":1775.248057415482,"currentPrice":1775.490446788668}
[2026-06-04T19:50:04.932Z] INFO Captured Chainlink opening tick. {"slug":"doge-updown-5m-1780602600","openingPrice":0.0888973961248449,"tickTimestamp":"2026-06-04T19:50:00.000Z"}
[2026-06-04T19:50:04.939Z] INFO Skipped trade. {"slug":"doge-updown-5m-1780602600","reason":"btc_distance_below_threshold","market":"DOGE","minDistanceUsd":{"UP":0.0001,"DOWN":0.0001},"openingPrice":0.0888973961248449,"currentPrice":0.0888893960826283}
[2026-06-04T19:54:20.148Z] WARN Analytics sample recording failed; continuing. {"market":"DOGE","slug":"doge-updown-5m-1780602600","error":"ENOENT: no such file or directory, rename 'C:\\DEV\\tests\\Workspace de Yarbis\\Polybot\\data\\analytics-active.json.tmp' -> 'C:\\DEV\\tests\\Workspace de Yarbis\\Polybot\\data\\analytics-active.json'"}
[2026-06-04T19:54:30.649Z] INFO Skipped trade. {"slug":"btc-updown-5m-1780602600","reason":"no_ask_liquidity_under_cap","outcome":"DOWN"}
[2026-06-04T19:54:30.649Z] INFO Skipped trade. {"slug":"eth-updown-5m-1780602600","reason":"no_ask_liquidity_under_cap","outcome":"DOWN"}
[2026-06-04T19:54:30.649Z] INFO Skipped trade. {"slug":"doge-updown-5m-1780602600","reason":"no_ask_liquidity_under_cap","outcome":"DOWN"}
[2026-06-04T19:54:47.220Z] INFO Skipped trade. {"slug":"btc-updown-5m-1780602600","reason":"stale_chainlink_tick","tickTimestamp":"2026-06-04T19:54:35.000Z"}
[2026-06-04T19:55:00.183Z] INFO Tracking market. {"market":"BTC","slug":"btc-updown-5m-1780602900","title":"Bitcoin Up or Down - June 4, 3:55PM-4:00PM ET","end":"2026-06-04T20:00:00.000Z","upToken":"91648341326438795709232493375619537671236376056502068596894133079030902995657","downToken":"64739465697229519239888737812536409346086641897737792223849752124689638274921","orderMinSize":5,"tickSize":"0.01"}
[2026-06-04T19:55:00.184Z] INFO Skipped trade. {"slug":"btc-updown-5m-1780602900","reason":"missing_opening_chainlink_tick"}
[2026-06-04T19:55:00.184Z] INFO Tracking market. {"market":"ETH","slug":"eth-updown-5m-1780602900","title":"Ethereum Up or Down - June 4, 3:55PM-4:00PM ET","end":"2026-06-04T20:00:00.000Z","upToken":"57072815946146238825386343540863577338318349792385317604539145706454256343825","downToken":"71990936826765878822076151106654411293318083004161034406114429561608170302253","orderMinSize":5,"tickSize":"0.01"}
[2026-06-04T19:55:00.184Z] INFO Skipped trade. {"slug":"eth-updown-5m-1780602900","reason":"missing_opening_chainlink_tick"}
[2026-06-04T19:55:00.184Z] INFO Tracking market. {"market":"DOGE","slug":"doge-updown-5m-1780602900","title":"Dogecoin Up or Down - June 4, 3:55PM-4:00PM ET","end":"2026-06-04T20:00:00.000Z","upToken":"74241012002387369002631084192011461440379254261170514685633885263122238812307","downToken":"113577919178109670000308337050550522384778324685648752790301756659304596820605","orderMinSize":5,"tickSize":"0.01"}
[2026-06-04T19:55:00.185Z] INFO Skipped trade. {"slug":"doge-updown-5m-1780602900","reason":"missing_opening_chainlink_tick"}
[2026-06-04T19:55:01.199Z] INFO Captured Chainlink opening tick. {"slug":"btc-updown-5m-1780602900","openingPrice":63565.004201318145,"tickTimestamp":"2026-06-04T19:55:00.000Z"}
[2026-06-04T19:55:01.203Z] INFO Skipped trade. {"slug":"btc-updown-5m-1780602900","reason":"btc_distance_below_threshold","market":"BTC","minDistanceUsd":{"UP":5,"DOWN":5},"openingPrice":63565.004201318145,"currentPrice":63565.004201318145}
[2026-06-04T19:55:05.509Z] INFO Captured Chainlink opening tick. {"slug":"eth-updown-5m-1780602900","openingPrice":1774.1387844488338,"tickTimestamp":"2026-06-04T19:55:00.000Z"}
[2026-06-04T19:55:05.528Z] INFO Captured Chainlink opening tick. {"slug":"doge-updown-5m-1780602900","openingPrice":0.0888126503380024,"tickTimestamp":"2026-06-04T19:55:00.000Z"}
[2026-06-04T19:55:05.535Z] INFO Skipped trade. {"slug":"doge-updown-5m-1780602900","reason":"btc_distance_below_threshold","market":"DOGE","minDistanceUsd":{"UP":0.0001,"DOWN":0.0001},"openingPrice":0.0888126503380024,"currentPrice":0.0887662065691013}
[2026-06-04T19:58:10.570Z] INFO Skipped trade. {"slug":"eth-updown-5m-1780602900","reason":"btc_distance_below_threshold","market":"ETH","minDistanceUsd":{"UP":0.5,"DOWN":0.5},"openingPrice":1774.1387844488338,"currentPrice":1773.8231416769404}
[2026-06-04T19:59:30.341Z] INFO Skipped trade. {"slug":"btc-updown-5m-1780602900","reason":"no_ask_liquidity_under_cap","outcome":"UP"}
[2026-06-04T19:59:30.341Z] INFO Skipped trade. {"slug":"eth-updown-5m-1780602900","reason":"no_ask_liquidity_under_cap","outcome":"UP"}
[2026-06-04T19:59:30.341Z] INFO Skipped trade. {"slug":"doge-updown-5m-1780602900","reason":"no_ask_liquidity_under_cap","outcome":"UP"}
[2026-06-04T19:59:45.320Z] INFO Trade attempt recorded. {"mode":"sim","slug":"btc-updown-5m-1780602900","outcome":"UP","amountUsd":5,"bestAsk":0.51,"estimatedShares":9.803921568627452}
[2026-06-04T19:59:46.704Z] INFO Skipped trade. {"slug":"btc-updown-5m-1780602900","reason":"market_already_traded"}
[2026-06-04T20:00:01.426Z] INFO Resolved trade. {"mode":"sim","slug":"btc-updown-5m-1780602900","outcome":"UP","winningOutcome":"DOWN","won":false,"finalPrice":63542.741850282815}
[2026-06-04T20:00:01.811Z] INFO Tracking market. {"market":"BTC","slug":"btc-updown-5m-1780603200","title":"Bitcoin Up or Down - June 4, 4:00PM-4:05PM ET","end":"2026-06-04T20:05:00.000Z","upToken":"53124872780038244537888934739865068579035670539714016797810793757706456492555","downToken":"24258644797490075888666470820215934498661443996341955354628642065638263280088","orderMinSize":5,"tickSize":"0.01"}
[2026-06-04T20:00:01.819Z] INFO Captured Chainlink opening tick. {"slug":"btc-updown-5m-1780603200","openingPrice":63542.741850282815,"tickTimestamp":"2026-06-04T20:00:00.000Z"}
[2026-06-04T20:00:01.830Z] INFO Skipped trade. {"slug":"btc-updown-5m-1780603200","reason":"btc_distance_below_threshold","market":"BTC","minDistanceUsd":{"UP":5,"DOWN":5},"openingPrice":63542.741850282815,"currentPrice":63542.741850282815}
[2026-06-04T20:00:01.830Z] INFO Tracking market. {"market":"ETH","slug":"eth-updown-5m-1780603200","title":"Ethereum Up or Down - June 4, 4:00PM-4:05PM ET","end":"2026-06-04T20:05:00.000Z","upToken":"76963408624487562775249698630329742494940814861666667724050662387196278149498","downToken":"87241579364093751791539277665937955573389356374467525580567297191102093803689","orderMinSize":5,"tickSize":"0.01"}
[2026-06-04T20:00:01.831Z] INFO Skipped trade. {"slug":"eth-updown-5m-1780603200","reason":"missing_opening_chainlink_tick"}
[2026-06-04T20:00:01.831Z] INFO Tracking market. {"market":"DOGE","slug":"doge-updown-5m-1780603200","title":"Dogecoin Up or Down - June 4, 4:00PM-4:05PM ET","end":"2026-06-04T20:05:00.000Z","upToken":"107611708258815128041731531827307816091716145448297842450602017854889890985965","downToken":"31848107540739961177619569840017835107449136251550773338089340902543789569680","orderMinSize":5,"tickSize":"0.01"}
[2026-06-04T20:00:01.831Z] INFO Skipped trade. {"slug":"doge-updown-5m-1780603200","reason":"missing_opening_chainlink_tick"}
[2026-06-04T20:00:05.922Z] INFO Captured Chainlink opening tick. {"slug":"eth-updown-5m-1780603200","openingPrice":1774.646209688501,"tickTimestamp":"2026-06-04T20:00:00.000Z"}
[2026-06-04T20:00:05.997Z] INFO Skipped trade. {"slug":"eth-updown-5m-1780603200","reason":"btc_distance_below_threshold","market":"ETH","minDistanceUsd":{"UP":0.5,"DOWN":0.5},"openingPrice":1774.646209688501,"currentPrice":1774.7117352383852}
[2026-06-04T20:00:06.044Z] INFO Captured Chainlink opening tick. {"slug":"doge-updown-5m-1780603200","openingPrice":0.0889472821931266,"tickTimestamp":"2026-06-04T20:00:00.000Z"}
[2026-06-04T20:00:06.067Z] INFO Skipped trade. {"slug":"doge-updown-5m-1780603200","reason":"btc_distance_below_threshold","market":"DOGE","minDistanceUsd":{"UP":0.0001,"DOWN":0.0001},"openingPrice":0.0889472821931266,"currentPrice":0.0889681}
[2026-06-04T20:02:08.554Z] INFO Skipped trade. {"slug":"eth-updown-5m-1780603200","reason":"stale_chainlink_tick","tickTimestamp":"2026-06-04T20:01:58.000Z"}
[2026-06-04T20:02:09.556Z] INFO Skipped trade. {"slug":"doge-updown-5m-1780603200","reason":"stale_chainlink_tick","tickTimestamp":"2026-06-04T20:01:59.000Z"}
[2026-06-04T20:03:07.098Z] WARN RTDS websocket closed; reconnecting soon.
[2026-06-04T20:03:10.740Z] INFO Connected to Polymarket RTDS Chainlink feed.
[2026-06-04T20:04:30.165Z] INFO Skipped trade. {"slug":"btc-updown-5m-1780603200","reason":"no_ask_liquidity_under_cap","outcome":"DOWN"}
[2026-06-04T20:04:30.165Z] INFO Skipped trade. {"slug":"eth-updown-5m-1780603200","reason":"no_ask_liquidity_under_cap","outcome":"DOWN"}
[2026-06-04T20:04:30.165Z] INFO Skipped trade. {"slug":"doge-updown-5m-1780603200","reason":"no_ask_liquidity_under_cap","outcome":"DOWN"}
[2026-06-04T20:05:01.187Z] INFO Tracking market. {"market":"BTC","slug":"btc-updown-5m-1780603500","title":"Bitcoin Up or Down - June 4, 4:05PM-4:10PM ET","end":"2026-06-04T20:10:00.000Z","upToken":"83504668802024873894753510767434032873245466231063512851867692520872379223679","downToken":"99927682213631208107482022002482902086151506215302449422986998612181320855539","orderMinSize":5,"tickSize":"0.01"}
[2026-06-04T20:05:01.197Z] INFO Captured Chainlink opening tick. {"slug":"btc-updown-5m-1780603500","openingPrice":63318.55867267417,"tickTimestamp":"2026-06-04T20:05:00.000Z"}
[2026-06-04T20:05:01.207Z] INFO Skipped trade. {"slug":"btc-updown-5m-1780603500","reason":"btc_distance_below_threshold","market":"BTC","minDistanceUsd":{"UP":5,"DOWN":5},"openingPrice":63318.55867267417,"currentPrice":63318.55867267417}
[2026-06-04T20:05:01.208Z] INFO Tracking market. {"market":"ETH","slug":"eth-updown-5m-1780603500","title":"Ethereum Up or Down - June 4, 4:05PM-4:10PM ET","end":"2026-06-04T20:10:00.000Z","upToken":"21004917568398704081667843671270883594750271363488684359380250634507752232867","downToken":"79987325276031106058998059566609868584546274343038729578468219624055894099110","orderMinSize":5,"tickSize":"0.01"}
[2026-06-04T20:05:01.216Z] INFO Captured Chainlink opening tick. {"slug":"eth-updown-5m-1780603500","openingPrice":1768.6411188037716,"tickTimestamp":"2026-06-04T20:05:00.000Z"}
[2026-06-04T20:05:01.223Z] INFO Skipped trade. {"slug":"eth-updown-5m-1780603500","reason":"btc_distance_below_threshold","market":"ETH","minDistanceUsd":{"UP":0.5,"DOWN":0.5},"openingPrice":1768.6411188037716,"currentPrice":1768.6411188037716}
[2026-06-04T20:05:01.224Z] INFO Tracking market. {"market":"DOGE","slug":"doge-updown-5m-1780603500","title":"Dogecoin Up or Down - June 4, 4:05PM-4:10PM ET","end":"2026-06-04T20:10:00.000Z","upToken":"7879823171477623362442492403493404524822497634808561350206774312870528413156","downToken":"19369836197886548671513393932684103863718108612906061476869448880991021313220","orderMinSize":5,"tickSize":"0.01"}
[2026-06-04T20:05:01.232Z] INFO Captured Chainlink opening tick. {"slug":"doge-updown-5m-1780603500","openingPrice":0.0886002306713253,"tickTimestamp":"2026-06-04T20:05:00.000Z"}
[2026-06-04T20:05:01.238Z] INFO Skipped trade. {"slug":"doge-updown-5m-1780603500","reason":"btc_distance_below_threshold","market":"DOGE","minDistanceUsd":{"UP":0.0001,"DOWN":0.0001},"openingPrice":0.0886002306713253,"currentPrice":0.0886002306713253}
[2026-06-04T20:09:29.105Z] INFO Skipped trade. {"slug":"btc-updown-5m-1780603500","reason":"no_ask_liquidity_under_cap","outcome":"DOWN"}
[2026-06-04T20:09:29.105Z] INFO Skipped trade. {"slug":"eth-updown-5m-1780603500","reason":"no_ask_liquidity_under_cap","outcome":"DOWN"}
[2026-06-04T20:09:29.105Z] INFO Skipped trade. {"slug":"doge-updown-5m-1780603500","reason":"no_ask_liquidity_under_cap","outcome":"DOWN"}
[2026-06-04T20:10:00.426Z] INFO Tracking market. {"market":"BTC","slug":"btc-updown-5m-1780603800","title":"Bitcoin Up or Down - June 4, 4:10PM-4:15PM ET","end":"2026-06-04T20:15:00.000Z","upToken":"29479354998236102934941464256295714760917853084210428026896541162100160373039","downToken":"47936320098011693119318903605014111399760483652533805046766061221383879708472","orderMinSize":5,"tickSize":"0.01"}
[2026-06-04T20:10:00.426Z] INFO Skipped trade. {"slug":"btc-updown-5m-1780603800","reason":"missing_opening_chainlink_tick"}
[2026-06-04T20:10:00.426Z] INFO Tracking market. {"market":"ETH","slug":"eth-updown-5m-1780603800","title":"Ethereum Up or Down - June 4, 4:10PM-4:15PM ET","end":"2026-06-04T20:15:00.000Z","upToken":"48789237427692752173290098706675826590691535028784667751597629005335081927661","downToken":"62061674477082422953191999988027752880861282321475039769296942460797245691027","orderMinSize":5,"tickSize":"0.01"}
[2026-06-04T20:10:00.426Z] INFO Skipped trade. {"slug":"eth-updown-5m-1780603800","reason":"missing_opening_chainlink_tick"}
[2026-06-04T20:10:00.426Z] INFO Tracking market. {"market":"DOGE","slug":"doge-updown-5m-1780603800","title":"Dogecoin Up or Down - June 4, 4:10PM-4:15PM ET","end":"2026-06-04T20:15:00.000Z","upToken":"63629855895621097480027736258704197173427221173586783111368974073398992436586","downToken":"108004504122648803406833007103527827787013104849644430660562350183552291536548","orderMinSize":5,"tickSize":"0.01"}
[2026-06-04T20:10:00.426Z] INFO Skipped trade. {"slug":"doge-updown-5m-1780603800","reason":"missing_opening_chainlink_tick"}
[2026-06-04T20:10:01.446Z] INFO Captured Chainlink opening tick. {"slug":"btc-updown-5m-1780603800","openingPrice":63277.806737524195,"tickTimestamp":"2026-06-04T20:10:00.000Z"}
[2026-06-04T20:10:01.450Z] INFO Skipped trade. {"slug":"btc-updown-5m-1780603800","reason":"btc_distance_below_threshold","market":"BTC","minDistanceUsd":{"UP":5,"DOWN":5},"openingPrice":63277.806737524195,"currentPrice":63277.806737524195}
[2026-06-04T20:10:02.462Z] INFO Captured Chainlink opening tick. {"slug":"eth-updown-5m-1780603800","openingPrice":1765.4445302538174,"tickTimestamp":"2026-06-04T20:10:00.000Z"}
[2026-06-04T20:10:02.466Z] INFO Skipped trade. {"slug":"eth-updown-5m-1780603800","reason":"btc_distance_below_threshold","market":"ETH","minDistanceUsd":{"UP":0.5,"DOWN":0.5},"openingPrice":1765.4445302538174,"currentPrice":1765.4445302538174}
[2026-06-04T20:10:02.471Z] INFO Captured Chainlink opening tick. {"slug":"doge-updown-5m-1780603800","openingPrice":0.0884384065214095,"tickTimestamp":"2026-06-04T20:10:00.000Z"}
[2026-06-04T20:10:02.475Z] INFO Skipped trade. {"slug":"doge-updown-5m-1780603800","reason":"btc_distance_below_threshold","market":"DOGE","minDistanceUsd":{"UP":0.0001,"DOWN":0.0001},"openingPrice":0.0884384065214095,"currentPrice":0.0884384065214095}
[2026-06-04T20:14:29.706Z] INFO Skipped trade. {"slug":"btc-updown-5m-1780603800","reason":"no_ask_liquidity_under_cap","outcome":"UP"}
[2026-06-04T20:14:29.707Z] INFO Skipped trade. {"slug":"eth-updown-5m-1780603800","reason":"no_ask_liquidity_under_cap","outcome":"UP"}
[2026-06-04T20:14:29.707Z] INFO Skipped trade. {"slug":"doge-updown-5m-1780603800","reason":"no_ask_liquidity_under_cap","outcome":"UP"}
[2026-06-04T20:15:00.214Z] INFO Tracking market. {"market":"BTC","slug":"btc-updown-5m-1780604100","title":"Bitcoin Up or Down - June 4, 4:15PM-4:20PM ET","end":"2026-06-04T20:20:00.000Z","upToken":"68125826456773374133193681836821003570222585331239712193494731579445614046948","downToken":"113911513703279376177072189957326169832408154711830646936656668303053848367621","orderMinSize":5,"tickSize":"0.01"}
[2026-06-04T20:15:00.214Z] INFO Skipped trade. {"slug":"btc-updown-5m-1780604100","reason":"missing_opening_chainlink_tick"}
[2026-06-04T20:15:00.214Z] INFO Tracking market. {"market":"ETH","slug":"eth-updown-5m-1780604100","title":"Ethereum Up or Down - June 4, 4:15PM-4:20PM ET","end":"2026-06-04T20:20:00.000Z","upToken":"31340576831200753027312567568489936937247567794641638683642263613494503470333","downToken":"68386278415739601925700652266133015760311956566557611564700154426769957435070","orderMinSize":5,"tickSize":"0.01"}
[2026-06-04T20:15:00.215Z] INFO Skipped trade. {"slug":"eth-updown-5m-1780604100","reason":"missing_opening_chainlink_tick"}
[2026-06-04T20:15:00.215Z] INFO Tracking market. {"market":"DOGE","slug":"doge-updown-5m-1780604100","title":"Dogecoin Up or Down - June 4, 4:15PM-4:20PM ET","end":"2026-06-04T20:20:00.000Z","upToken":"59030457711343124012653602799014439551942123775066612668848625271071969830867","downToken":"6808439061102738253343544503261479847243763554035164629454943401436578730235","orderMinSize":5,"tickSize":"0.01"}
[2026-06-04T20:15:00.215Z] INFO Skipped trade. {"slug":"doge-updown-5m-1780604100","reason":"missing_opening_chainlink_tick"}
[2026-06-04T20:15:03.241Z] INFO Captured Chainlink opening tick. {"slug":"btc-updown-5m-1780604100","openingPrice":63432.27094330388,"tickTimestamp":"2026-06-04T20:15:00.000Z"}
[2026-06-04T20:15:03.648Z] INFO Skipped trade. {"slug":"btc-updown-5m-1780604100","reason":"btc_distance_below_threshold","market":"BTC","minDistanceUsd":{"UP":5,"DOWN":5},"openingPrice":63432.27094330388,"currentPrice":63430.80264}
[2026-06-04T20:15:03.653Z] INFO Captured Chainlink opening tick. {"slug":"eth-updown-5m-1780604100","openingPrice":1770.4273439687308,"tickTimestamp":"2026-06-04T20:15:00.000Z"}
[2026-06-04T20:15:03.656Z] INFO Skipped trade. {"slug":"eth-updown-5m-1780604100","reason":"btc_distance_below_threshold","market":"ETH","minDistanceUsd":{"UP":0.5,"DOWN":0.5},"openingPrice":1770.4273439687308,"currentPrice":1770.4273439687308}
[2026-06-04T20:15:03.661Z] INFO Captured Chainlink opening tick. {"slug":"doge-updown-5m-1780604100","openingPrice":0.0886892,"tickTimestamp":"2026-06-04T20:15:00.000Z"}
[2026-06-04T20:15:03.664Z] INFO Skipped trade. {"slug":"doge-updown-5m-1780604100","reason":"btc_distance_below_threshold","market":"DOGE","minDistanceUsd":{"UP":0.0001,"DOWN":0.0001},"openingPrice":0.0886892,"currentPrice":0.0886892}
[2026-06-04T20:19:30.317Z] INFO Skipped trade. {"slug":"btc-updown-5m-1780604100","reason":"no_ask_liquidity_under_cap","outcome":"DOWN"}
[2026-06-04T20:19:30.317Z] INFO Skipped trade. {"slug":"doge-updown-5m-1780604100","reason":"no_ask_liquidity_under_cap","outcome":"UP"}
[2026-06-04T20:20:23.947Z] INFO Skipped trade. {"slug":"eth-updown-5m-1780604100","reason":"no_ask_liquidity_under_cap","outcome":"UP"}
[2026-06-04T20:20:25.406Z] INFO Tracking market. {"market":"BTC","slug":"btc-updown-5m-1780604400","title":"Bitcoin Up or Down - June 4, 4:20PM-4:25PM ET","end":"2026-06-04T20:25:00.000Z","upToken":"71911849765205875021867761235908555023199358065211781792351558085705062945249","downToken":"104927383176686462056715368922766638116971666584144081233920868200214985027449","orderMinSize":5,"tickSize":"0.01"}
[2026-06-04T20:20:25.412Z] INFO Captured Chainlink opening tick. {"slug":"btc-updown-5m-1780604400","openingPrice":63298.96293,"tickTimestamp":"2026-06-04T20:20:00.000Z"}
[2026-06-04T20:20:25.416Z] INFO Tracking market. {"market":"ETH","slug":"eth-updown-5m-1780604400","title":"Ethereum Up or Down - June 4, 4:20PM-4:25PM ET","end":"2026-06-04T20:25:00.000Z","upToken":"88636164043587502307187943583106012315050554127904796564082115365920350047462","downToken":"107878859991548076823171351552276050218299477277477236537511968622554663679230","orderMinSize":5,"tickSize":"0.01"}
[2026-06-04T20:20:25.422Z] INFO Captured Chainlink opening tick. {"slug":"eth-updown-5m-1780604400","openingPrice":1770.7271708946414,"tickTimestamp":"2026-06-04T20:20:00.000Z"}
[2026-06-04T20:20:25.425Z] INFO Tracking market. {"market":"DOGE","slug":"doge-updown-5m-1780604400","title":"Dogecoin Up or Down - June 4, 4:20PM-4:25PM ET","end":"2026-06-04T20:25:00.000Z","upToken":"28725997677724449797234041460809971015440865035245708095794694764592474306795","downToken":"36237027804868163504292543971058598984420096827377170043860650534941253940129","orderMinSize":5,"tickSize":"0.01"}
[2026-06-04T20:20:25.430Z] INFO Captured Chainlink opening tick. {"slug":"doge-updown-5m-1780604400","openingPrice":0.088784102,"tickTimestamp":"2026-06-04T20:20:00.000Z"}
[2026-06-04T20:20:25.433Z] INFO Skipped trade. {"slug":"doge-updown-5m-1780604400","reason":"btc_distance_below_threshold","market":"DOGE","minDistanceUsd":{"UP":0.0001,"DOWN":0.0001},"openingPrice":0.088784102,"currentPrice":0.0888775}
[2026-06-04T20:20:33.627Z] INFO Skipped trade. {"slug":"eth-updown-5m-1780604400","reason":"btc_distance_below_threshold","market":"ETH","minDistanceUsd":{"UP":0.5,"DOWN":0.5},"openingPrice":1770.7271708946414,"currentPrice":1770.790025082007}
[2026-06-04T20:20:34.638Z] INFO Skipped trade. {"slug":"btc-updown-5m-1780604400","reason":"btc_distance_below_threshold","market":"BTC","minDistanceUsd":{"UP":5,"DOWN":5},"openingPrice":63298.96293,"currentPrice":63303.02607}
[2026-06-04T20:24:30.523Z] INFO Skipped trade. {"slug":"btc-updown-5m-1780604400","reason":"no_ask_liquidity_under_cap","outcome":"DOWN"}
[2026-06-04T20:24:30.523Z] INFO Skipped trade. {"slug":"eth-updown-5m-1780604400","reason":"no_ask_liquidity_under_cap","outcome":"DOWN"}
[2026-06-04T20:25:02.169Z] INFO Tracking market. {"market":"BTC","slug":"btc-updown-5m-1780604700","title":"Bitcoin Up or Down - June 4, 4:25PM-4:30PM ET","end":"2026-06-04T20:30:00.000Z","upToken":"4056682981162236997524372046246777977589807695471756091386413248782086460290","downToken":"41365985478945549603374941205202305934620629350729427006640703639199467593053","orderMinSize":5,"tickSize":"0.01"}
[2026-06-04T20:25:02.173Z] INFO Captured Chainlink opening tick. {"slug":"btc-updown-5m-1780604700","openingPrice":63260.32729361386,"tickTimestamp":"2026-06-04T20:25:00.000Z"}
[2026-06-04T20:25:02.177Z] INFO Skipped trade. {"slug":"btc-updown-5m-1780604700","reason":"btc_distance_below_threshold","market":"BTC","minDistanceUsd":{"UP":5,"DOWN":5},"openingPrice":63260.32729361386,"currentPrice":63260.32729361386}
[2026-06-04T20:25:02.177Z] INFO Tracking market. {"market":"ETH","slug":"eth-updown-5m-1780604700","title":"Ethereum Up or Down - June 4, 4:25PM-4:30PM ET","end":"2026-06-04T20:30:00.000Z","upToken":"56552832550439969347087386330677025094381425870725742405307901944057392975291","downToken":"11656331723053709591760101245158574498410369957585091331928634456904758067472","orderMinSize":5,"tickSize":"0.01"}
[2026-06-04T20:25:02.178Z] INFO Skipped trade. {"slug":"eth-updown-5m-1780604700","reason":"missing_opening_chainlink_tick"}
[2026-06-04T20:25:02.178Z] INFO Tracking market. {"market":"DOGE","slug":"doge-updown-5m-1780604700","title":"Dogecoin Up or Down - June 4, 4:25PM-4:30PM ET","end":"2026-06-04T20:30:00.000Z","upToken":"107092712850117783013989652624970320041299279295326986605266145056206895576904","downToken":"88790394563484236152261612354571356904101235749873088432421658652166752060433","orderMinSize":5,"tickSize":"0.01"}
[2026-06-04T20:25:02.178Z] INFO Skipped trade. {"slug":"doge-updown-5m-1780604700","reason":"missing_opening_chainlink_tick"}
[2026-06-04T20:25:03.192Z] INFO Captured Chainlink opening tick. {"slug":"eth-updown-5m-1780604700","openingPrice":1769.89554687432,"tickTimestamp":"2026-06-04T20:25:00.000Z"}
[2026-06-04T20:25:03.195Z] INFO Skipped trade. {"slug":"eth-updown-5m-1780604700","reason":"btc_distance_below_threshold","market":"ETH","minDistanceUsd":{"UP":0.5,"DOWN":0.5},"openingPrice":1769.89554687432,"currentPrice":1769.8172216052342}
[2026-06-04T20:25:03.199Z] INFO Captured Chainlink opening tick. {"slug":"doge-updown-5m-1780604700","openingPrice":0.088708024,"tickTimestamp":"2026-06-04T20:25:00.000Z"}
[2026-06-04T20:25:03.203Z] INFO Skipped trade. {"slug":"doge-updown-5m-1780604700","reason":"btc_distance_below_threshold","market":"DOGE","minDistanceUsd":{"UP":0.0001,"DOWN":0.0001},"openingPrice":0.088708024,"currentPrice":0.088710089}
[2026-06-04T20:29:28.979Z] WARN Analytics sample recording failed; continuing. {"market":"DOGE","slug":"doge-updown-5m-1780604700","error":"ENOENT: no such file or directory, rename 'C:\\DEV\\tests\\Workspace de Yarbis\\Polybot\\data\\analytics-active.json.tmp' -> 'C:\\DEV\\tests\\Workspace de Yarbis\\Polybot\\data\\analytics-active.json'"}
[2026-06-04T20:29:28.979Z] INFO Skipped trade. {"slug":"btc-updown-5m-1780604700","reason":"no_ask_liquidity_under_cap","outcome":"DOWN"}
[2026-06-04T20:29:28.980Z] INFO Skipped trade. {"slug":"eth-updown-5m-1780604700","reason":"no_ask_liquidity_under_cap","outcome":"DOWN"}
[2026-06-04T20:29:28.980Z] INFO Skipped trade. {"slug":"doge-updown-5m-1780604700","reason":"no_ask_liquidity_under_cap","outcome":"DOWN"}
[2026-06-04T20:29:55.020Z] INFO Trade attempt recorded. {"mode":"sim","slug":"btc-updown-5m-1780604700","outcome":"DOWN","amountUsd":5,"bestAsk":0.4,"estimatedShares":12.5}
[2026-06-04T20:29:56.370Z] INFO Skipped trade. {"slug":"btc-updown-5m-1780604700","reason":"market_already_traded"}
[2026-06-04T20:30:00.664Z] INFO Tracking market. {"market":"BTC","slug":"btc-updown-5m-1780605000","title":"Bitcoin Up or Down - June 4, 4:30PM-4:35PM ET","end":"2026-06-04T20:35:00.000Z","upToken":"95251514050307097525692739065091534861340707028451181203623090498424952173276","downToken":"33218981347761553752729487164786639472491534865242269827015522722814588855114","orderMinSize":5,"tickSize":"0.01"}
[2026-06-04T20:30:00.664Z] INFO Skipped trade. {"slug":"btc-updown-5m-1780605000","reason":"missing_opening_chainlink_tick"}
[2026-06-04T20:30:00.664Z] INFO Tracking market. {"market":"ETH","slug":"eth-updown-5m-1780605000","title":"Ethereum Up or Down - June 4, 4:30PM-4:35PM ET","end":"2026-06-04T20:35:00.000Z","upToken":"18341884266654766136358120152836564609633665999890300449593292304079437493130","downToken":"71630894315481262852191364368316804708315081770070926747870273991081666055380","orderMinSize":5,"tickSize":"0.01"}
[2026-06-04T20:30:00.665Z] INFO Skipped trade. {"slug":"eth-updown-5m-1780605000","reason":"missing_opening_chainlink_tick"}
[2026-06-04T20:30:00.665Z] INFO Tracking market. {"market":"DOGE","slug":"doge-updown-5m-1780605000","title":"Dogecoin Up or Down - June 4, 4:30PM-4:35PM ET","end":"2026-06-04T20:35:00.000Z","upToken":"63894931716744195631068555070659674148920010519782946560951057218469728742818","downToken":"39250877242117062996433695333014803772019441432209033009545725555496054947276","orderMinSize":5,"tickSize":"0.01"}
[2026-06-04T20:30:00.665Z] INFO Skipped trade. {"slug":"doge-updown-5m-1780605000","reason":"missing_opening_chainlink_tick"}
[2026-06-04T20:30:01.688Z] INFO Resolved trade. {"mode":"sim","slug":"btc-updown-5m-1780604700","outcome":"DOWN","winningOutcome":"UP","won":false,"finalPrice":63264.15171938488}
[2026-06-04T20:30:01.697Z] INFO Captured Chainlink opening tick. {"slug":"btc-updown-5m-1780605000","openingPrice":63264.15171938488,"tickTimestamp":"2026-06-04T20:30:00.000Z"}
[2026-06-04T20:30:01.702Z] INFO Skipped trade. {"slug":"btc-updown-5m-1780605000","reason":"btc_distance_below_threshold","market":"BTC","minDistanceUsd":{"UP":5,"DOWN":5},"openingPrice":63264.15171938488,"currentPrice":63264.15171938488}
[2026-06-04T20:30:03.723Z] INFO Captured Chainlink opening tick. {"slug":"eth-updown-5m-1780605000","openingPrice":1768.121465,"tickTimestamp":"2026-06-04T20:30:00.000Z"}
[2026-06-04T20:30:03.729Z] INFO Skipped trade. {"slug":"eth-updown-5m-1780605000","reason":"btc_distance_below_threshold","market":"ETH","minDistanceUsd":{"UP":0.5,"DOWN":0.5},"openingPrice":1768.121465,"currentPrice":1768.2631227338445}
[2026-06-04T20:30:03.733Z] INFO Captured Chainlink opening tick. {"slug":"doge-updown-5m-1780605000","openingPrice":0.0886232,"tickTimestamp":"2026-06-04T20:30:00.000Z"}
[2026-06-04T20:30:03.737Z] INFO Skipped trade. {"slug":"doge-updown-5m-1780605000","reason":"btc_distance_below_threshold","market":"DOGE","minDistanceUsd":{"UP":0.0001,"DOWN":0.0001},"openingPrice":0.0886232,"currentPrice":0.088621095422376}
[2026-06-04T20:31:49.284Z] WARN RTDS websocket closed; reconnecting soon.
[2026-06-04T20:31:52.884Z] INFO Skipped trade. {"slug":"eth-updown-5m-1780605000","reason":"stale_chainlink_tick","tickTimestamp":"2026-06-04T20:31:42.000Z"}
[2026-06-04T20:31:52.884Z] INFO Skipped trade. {"slug":"doge-updown-5m-1780605000","reason":"stale_chainlink_tick","tickTimestamp":"2026-06-04T20:31:42.000Z"}
[2026-06-04T20:31:53.152Z] INFO Connected to Polymarket RTDS Chainlink feed.
[2026-06-04T20:34:29.530Z] INFO Skipped trade. {"slug":"btc-updown-5m-1780605000","reason":"no_ask_liquidity_under_cap","outcome":"UP"}
[2026-06-04T20:34:29.530Z] INFO Skipped trade. {"slug":"eth-updown-5m-1780605000","reason":"no_ask_liquidity_under_cap","outcome":"UP"}
[2026-06-04T20:34:29.530Z] INFO Skipped trade. {"slug":"doge-updown-5m-1780605000","reason":"no_ask_liquidity_under_cap","outcome":"UP"}
[2026-06-04T20:35:00.630Z] INFO Tracking market. {"market":"BTC","slug":"btc-updown-5m-1780605300","title":"Bitcoin Up or Down - June 4, 4:35PM-4:40PM ET","end":"2026-06-04T20:40:00.000Z","upToken":"68066925494944064466646857802482597698886797621024296995604846600552112396920","downToken":"78414445047176100097686540252590253560758045989546125399124368104176027898016","orderMinSize":5,"tickSize":"0.01"}
[2026-06-04T20:35:00.631Z] INFO Skipped trade. {"slug":"btc-updown-5m-1780605300","reason":"missing_opening_chainlink_tick"}
[2026-06-04T20:35:00.631Z] INFO Tracking market. {"market":"ETH","slug":"eth-updown-5m-1780605300","title":"Ethereum Up or Down - June 4, 4:35PM-4:40PM ET","end":"2026-06-04T20:40:00.000Z","upToken":"44455780388324781203518122145627948357536920950089641501293227947157780722958","downToken":"51800379517137337529801227684574999097492332314726455484593861424054655424992","orderMinSize":5,"tickSize":"0.01"}
[2026-06-04T20:35:00.631Z] INFO Skipped trade. {"slug":"eth-updown-5m-1780605300","reason":"missing_opening_chainlink_tick"}
[2026-06-04T20:35:00.631Z] INFO Tracking market. {"market":"DOGE","slug":"doge-updown-5m-1780605300","title":"Dogecoin Up or Down - June 4, 4:35PM-4:40PM ET","end":"2026-06-04T20:40:00.000Z","upToken":"91402477766490566288128002110934706005570637790926894473665140930432278045766","downToken":"33443894012693433228562866475016715145280619710103497618425679832022660733979","orderMinSize":5,"tickSize":"0.01"}
[2026-06-04T20:35:00.632Z] INFO Skipped trade. {"slug":"doge-updown-5m-1780605300","reason":"missing_opening_chainlink_tick"}
[2026-06-04T20:35:01.652Z] INFO Captured Chainlink opening tick. {"slug":"btc-updown-5m-1780605300","openingPrice":63479.73865379914,"tickTimestamp":"2026-06-04T20:35:00.000Z"}
[2026-06-04T20:35:01.656Z] INFO Skipped trade. {"slug":"btc-updown-5m-1780605300","reason":"btc_distance_below_threshold","market":"BTC","minDistanceUsd":{"UP":5,"DOWN":5},"openingPrice":63479.73865379914,"currentPrice":63479.73865379914}
[2026-06-04T20:35:04.682Z] INFO Captured Chainlink opening tick. {"slug":"eth-updown-5m-1780605300","openingPrice":1772.811458767216,"tickTimestamp":"2026-06-04T20:35:00.000Z"}
[2026-06-04T20:35:04.689Z] INFO Captured Chainlink opening tick. {"slug":"doge-updown-5m-1780605300","openingPrice":0.0888358,"tickTimestamp":"2026-06-04T20:35:00.000Z"}
[2026-06-04T20:35:04.693Z] INFO Skipped trade. {"slug":"doge-updown-5m-1780605300","reason":"btc_distance_below_threshold","market":"DOGE","minDistanceUsd":{"UP":0.0001,"DOWN":0.0001},"openingPrice":0.0888358,"currentPrice":0.0887980873666106}
[2026-06-04T20:36:28.504Z] INFO Skipped trade. {"slug":"eth-updown-5m-1780605300","reason":"stale_chainlink_tick","tickTimestamp":"2026-06-04T20:36:18.000Z"}
[2026-06-04T20:36:28.505Z] INFO Skipped trade. {"slug":"doge-updown-5m-1780605300","reason":"stale_chainlink_tick","tickTimestamp":"2026-06-04T20:36:18.000Z"}
[2026-06-04T20:39:29.601Z] INFO Skipped trade. {"slug":"btc-updown-5m-1780605300","reason":"no_ask_liquidity_under_cap","outcome":"DOWN"}
[2026-06-04T20:39:29.601Z] INFO Skipped trade. {"slug":"eth-updown-5m-1780605300","reason":"no_ask_liquidity_under_cap","outcome":"DOWN"}
[2026-06-04T20:39:29.601Z] INFO Skipped trade. {"slug":"doge-updown-5m-1780605300","reason":"no_ask_liquidity_under_cap","outcome":"DOWN"}
[2026-06-04T20:40:01.138Z] INFO Tracking market. {"market":"BTC","slug":"btc-updown-5m-1780605600","title":"Bitcoin Up or Down - June 4, 4:40PM-4:45PM ET","end":"2026-06-04T20:45:00.000Z","upToken":"15810625906333652825733420227940879214692756308716738200929237938759726051394","downToken":"30433174984620266503001217066019603841488893004488416911301534250782978893471","orderMinSize":5,"tickSize":"0.01"}
[2026-06-04T20:40:01.139Z] INFO Skipped trade. {"slug":"btc-updown-5m-1780605600","reason":"missing_opening_chainlink_tick"}
[2026-06-04T20:40:01.139Z] INFO Tracking market. {"market":"ETH","slug":"eth-updown-5m-1780605600","title":"Ethereum Up or Down - June 4, 4:40PM-4:45PM ET","end":"2026-06-04T20:45:00.000Z","upToken":"108460091283774092516145534723397099146564460865713287374653617745907501537095","downToken":"32194941127027344003986110280922293201334165226441707006395070357451318666007","orderMinSize":5,"tickSize":"0.01"}
[2026-06-04T20:40:01.139Z] INFO Skipped trade. {"slug":"eth-updown-5m-1780605600","reason":"missing_opening_chainlink_tick"}
[2026-06-04T20:40:01.139Z] INFO Tracking market. {"market":"DOGE","slug":"doge-updown-5m-1780605600","title":"Dogecoin Up or Down - June 4, 4:40PM-4:45PM ET","end":"2026-06-04T20:45:00.000Z","upToken":"32209323677390546667983143858921385836035111837361821839658280705123717560718","downToken":"80432942830179589544403720220453965588831626668837449117296548559967301143065","orderMinSize":5,"tickSize":"0.01"}
[2026-06-04T20:40:01.139Z] INFO Skipped trade. {"slug":"doge-updown-5m-1780605600","reason":"missing_opening_chainlink_tick"}
[2026-06-04T20:40:02.145Z] INFO Captured Chainlink opening tick. {"slug":"btc-updown-5m-1780605600","openingPrice":63440.8394576325,"tickTimestamp":"2026-06-04T20:40:00.000Z"}
[2026-06-04T20:40:02.150Z] INFO Skipped trade. {"slug":"btc-updown-5m-1780605600","reason":"btc_distance_below_threshold","market":"BTC","minDistanceUsd":{"UP":5,"DOWN":5},"openingPrice":63440.8394576325,"currentPrice":63440.8394576325}
[2026-06-04T20:40:05.171Z] INFO Captured Chainlink opening tick. {"slug":"eth-updown-5m-1780605600","openingPrice":1768.8823106335824,"tickTimestamp":"2026-06-04T20:40:00.000Z"}
[2026-06-04T20:40:05.176Z] INFO Skipped trade. {"slug":"eth-updown-5m-1780605600","reason":"btc_distance_below_threshold","market":"ETH","minDistanceUsd":{"UP":0.5,"DOWN":0.5},"openingPrice":1768.8823106335824,"currentPrice":1768.876074521493}
[2026-06-04T20:40:05.180Z] INFO Captured Chainlink opening tick. {"slug":"doge-updown-5m-1780605600","openingPrice":0.088634336,"tickTimestamp":"2026-06-04T20:40:00.000Z"}
[2026-06-04T20:40:05.183Z] INFO Skipped trade. {"slug":"doge-updown-5m-1780605600","reason":"btc_distance_below_threshold","market":"DOGE","minDistanceUsd":{"UP":0.0001,"DOWN":0.0001},"openingPrice":0.088634336,"currentPrice":0.0886327}
[2026-06-04T20:44:30.010Z] INFO Skipped trade. {"slug":"btc-updown-5m-1780605600","reason":"no_ask_liquidity_under_cap","outcome":"UP"}
[2026-06-04T20:44:30.010Z] INFO Skipped trade. {"slug":"eth-updown-5m-1780605600","reason":"no_ask_liquidity_under_cap","outcome":"UP"}
[2026-06-04T20:44:30.011Z] INFO Skipped trade. {"slug":"doge-updown-5m-1780605600","reason":"no_ask_liquidity_under_cap","outcome":"UP"}
[2026-06-04T20:45:02.073Z] INFO Tracking market. {"market":"BTC","slug":"btc-updown-5m-1780605900","title":"Bitcoin Up or Down - June 4, 4:45PM-4:50PM ET","end":"2026-06-04T20:50:00.000Z","upToken":"101692300871948450886682887014392530761887652407672331505931507867633643207807","downToken":"3459910044986445685404887203551086022169457698490484937486072814696242625919","orderMinSize":5,"tickSize":"0.01"}
[2026-06-04T20:45:02.079Z] INFO Captured Chainlink opening tick. {"slug":"btc-updown-5m-1780605900","openingPrice":63495.860635,"tickTimestamp":"2026-06-04T20:45:00.000Z"}
[2026-06-04T20:45:02.083Z] INFO Skipped trade. {"slug":"btc-updown-5m-1780605900","reason":"btc_distance_below_threshold","market":"BTC","minDistanceUsd":{"UP":5,"DOWN":5},"openingPrice":63495.860635,"currentPrice":63495.860635}
[2026-06-04T20:45:02.083Z] INFO Tracking market. {"market":"ETH","slug":"eth-updown-5m-1780605900","title":"Ethereum Up or Down - June 4, 4:45PM-4:50PM ET","end":"2026-06-04T20:50:00.000Z","upToken":"102580895631510806121124682666583959094865883011738044618352852890950968684888","downToken":"114695969095227912005297619986095442357682514009477813965065879891113534641572","orderMinSize":5,"tickSize":"0.01"}
[2026-06-04T20:45:02.083Z] INFO Skipped trade. {"slug":"eth-updown-5m-1780605900","reason":"missing_opening_chainlink_tick"}
[2026-06-04T20:45:02.083Z] INFO Tracking market. {"market":"DOGE","slug":"doge-updown-5m-1780605900","title":"Dogecoin Up or Down - June 4, 4:45PM-4:50PM ET","end":"2026-06-04T20:50:00.000Z","upToken":"35007215736870310366582739993605078676782914378665682514000925694789038193735","downToken":"80435413621381312173688970806808831392297088274483390086168853135528698863339","orderMinSize":5,"tickSize":"0.01"}
[2026-06-04T20:45:02.083Z] INFO Skipped trade. {"slug":"doge-updown-5m-1780605900","reason":"missing_opening_chainlink_tick"}
[2026-06-04T20:45:05.118Z] INFO Captured Chainlink opening tick. {"slug":"eth-updown-5m-1780605900","openingPrice":1770.529748590847,"tickTimestamp":"2026-06-04T20:45:00.000Z"}
[2026-06-04T20:45:05.121Z] INFO Skipped trade. {"slug":"eth-updown-5m-1780605900","reason":"btc_distance_below_threshold","market":"ETH","minDistanceUsd":{"UP":0.5,"DOWN":0.5},"openingPrice":1770.529748590847,"currentPrice":1770.5242597564582}
[2026-06-04T20:45:05.125Z] INFO Captured Chainlink opening tick. {"slug":"doge-updown-5m-1780605900","openingPrice":0.088670823,"tickTimestamp":"2026-06-04T20:45:00.000Z"}
[2026-06-04T20:45:05.128Z] INFO Skipped trade. {"slug":"doge-updown-5m-1780605900","reason":"btc_distance_below_threshold","market":"DOGE","minDistanceUsd":{"UP":0.0001,"DOWN":0.0001},"openingPrice":0.088670823,"currentPrice":0.088668731}
[2026-06-04T20:47:46.658Z] INFO Skipped trade. {"slug":"eth-updown-5m-1780605900","reason":"stale_chainlink_tick","tickTimestamp":"2026-06-04T20:47:36.000Z"}
[2026-06-04T20:47:47.663Z] INFO Skipped trade. {"slug":"doge-updown-5m-1780605900","reason":"stale_chainlink_tick","tickTimestamp":"2026-06-04T20:47:37.000Z"}
[2026-06-04T20:49:28.998Z] INFO Skipped trade. {"slug":"btc-updown-5m-1780605900","reason":"no_ask_liquidity_under_cap","outcome":"DOWN"}
[2026-06-04T20:49:28.998Z] INFO Skipped trade. {"slug":"eth-updown-5m-1780605900","reason":"no_ask_liquidity_under_cap","outcome":"DOWN"}
[2026-06-04T20:49:28.998Z] INFO Skipped trade. {"slug":"doge-updown-5m-1780605900","reason":"no_ask_liquidity_under_cap","outcome":"DOWN"}
[2026-06-04T20:49:36.226Z] INFO Trade attempt recorded. {"mode":"sim","slug":"btc-updown-5m-1780605900","outcome":"DOWN","amountUsd":5,"bestAsk":0.42,"estimatedShares":11.69409090909091}
[2026-06-04T20:49:37.460Z] INFO Skipped trade. {"slug":"btc-updown-5m-1780605900","reason":"market_already_traded"}
[2026-06-04T20:50:01.267Z] INFO Tracking market. {"market":"BTC","slug":"btc-updown-5m-1780606200","title":"Bitcoin Up or Down - June 4, 4:50PM-4:55PM ET","end":"2026-06-04T20:55:00.000Z","upToken":"84124435586972201320075149346773031014900425192804116720372573557429695128160","downToken":"62916764216973661636129088289427678309355499453303780335612940294732483065618","orderMinSize":5,"tickSize":"0.01"}
[2026-06-04T20:50:01.276Z] INFO Captured Chainlink opening tick. {"slug":"btc-updown-5m-1780606200","openingPrice":63474.2212327656,"tickTimestamp":"2026-06-04T20:50:00.000Z"}
[2026-06-04T20:50:01.286Z] INFO Skipped trade. {"slug":"btc-updown-5m-1780606200","reason":"btc_distance_below_threshold","market":"BTC","minDistanceUsd":{"UP":5,"DOWN":5},"openingPrice":63474.2212327656,"currentPrice":63474.2212327656}
[2026-06-04T20:50:01.286Z] INFO Tracking market. {"market":"ETH","slug":"eth-updown-5m-1780606200","title":"Ethereum Up or Down - June 4, 4:50PM-4:55PM ET","end":"2026-06-04T20:55:00.000Z","upToken":"86261593143366803979979078969305015822652176584537092847511251888303911267868","downToken":"45301819514711670084469480809545295240527233701300992432600333856314134095982","orderMinSize":5,"tickSize":"0.01"}
[2026-06-04T20:50:01.286Z] INFO Skipped trade. {"slug":"eth-updown-5m-1780606200","reason":"missing_opening_chainlink_tick"}
[2026-06-04T20:50:01.286Z] INFO Tracking market. {"market":"DOGE","slug":"doge-updown-5m-1780606200","title":"Dogecoin Up or Down - June 4, 4:50PM-4:55PM ET","end":"2026-06-04T20:55:00.000Z","upToken":"95350236895364413015769057696178169186806696943022072932370925198223973780900","downToken":"87559838217140019652852717019005103506979295262342891963755139538476756200822","orderMinSize":5,"tickSize":"0.01"}
[2026-06-04T20:50:01.287Z] INFO Skipped trade. {"slug":"doge-updown-5m-1780606200","reason":"missing_opening_chainlink_tick"}
[2026-06-04T20:50:02.301Z] INFO Resolved trade. {"mode":"sim","slug":"btc-updown-5m-1780605900","outcome":"DOWN","winningOutcome":"DOWN","won":true,"finalPrice":63470.2222134805}
[2026-06-04T20:50:05.366Z] INFO Captured Chainlink opening tick. {"slug":"eth-updown-5m-1780606200","openingPrice":1769.4856937338154,"tickTimestamp":"2026-06-04T20:50:00.000Z"}
[2026-06-04T20:50:05.375Z] INFO Skipped trade. {"slug":"eth-updown-5m-1780606200","reason":"btc_distance_below_threshold","market":"ETH","minDistanceUsd":{"UP":0.5,"DOWN":0.5},"openingPrice":1769.4856937338154,"currentPrice":1769.285605}
[2026-06-04T20:50:05.385Z] INFO Captured Chainlink opening tick. {"slug":"doge-updown-5m-1780606200","openingPrice":0.0885398021123807,"tickTimestamp":"2026-06-04T20:50:00.000Z"}
[2026-06-04T20:50:05.394Z] INFO Skipped trade. {"slug":"doge-updown-5m-1780606200","reason":"btc_distance_below_threshold","market":"DOGE","minDistanceUsd":{"UP":0.0001,"DOWN":0.0001},"openingPrice":0.0885398021123807,"currentPrice":0.088528546}
[2026-06-04T20:54:30.367Z] INFO Skipped trade. {"slug":"btc-updown-5m-1780606200","reason":"no_ask_liquidity_under_cap","outcome":"UP"}
[2026-06-04T20:54:32.068Z] INFO Skipped trade. {"slug":"eth-updown-5m-1780606200","reason":"no_ask_liquidity_under_cap","outcome":"UP"}
[2026-06-04T20:54:33.897Z] INFO Trade attempt recorded. {"mode":"sim","slug":"btc-updown-5m-1780606200","outcome":"UP","amountUsd":5,"bestAsk":0.58,"estimatedShares":8.620689655172415}
[2026-06-04T20:54:35.173Z] INFO Skipped trade. {"slug":"btc-updown-5m-1780606200","reason":"market_already_traded"}
[2026-06-04T20:55:00.930Z] INFO Tracking market. {"market":"BTC","slug":"btc-updown-5m-1780606500","title":"Bitcoin Up or Down - June 4, 4:55PM-5:00PM ET","end":"2026-06-04T21:00:00.000Z","upToken":"44192025484658340878227588156917634342279531302805426686180971135419120876754","downToken":"52846227683198880110481027839080746619212763533888241218943255239233275380926","orderMinSize":5,"tickSize":"0.01"}
[2026-06-04T20:55:00.943Z] INFO Captured Chainlink opening tick. {"slug":"btc-updown-5m-1780606500","openingPrice":63503.00734720149,"tickTimestamp":"2026-06-04T20:55:00.000Z"}
[2026-06-04T20:55:00.949Z] INFO Skipped trade. {"slug":"btc-updown-5m-1780606500","reason":"btc_distance_below_threshold","market":"BTC","minDistanceUsd":{"UP":5,"DOWN":5},"openingPrice":63503.00734720149,"currentPrice":63503.00734720149}
[2026-06-04T20:55:00.949Z] INFO Tracking market. {"market":"ETH","slug":"eth-updown-5m-1780606500","title":"Ethereum Up or Down - June 4, 4:55PM-5:00PM ET","end":"2026-06-04T21:00:00.000Z","upToken":"106422757812186774623931817037909457797241199379979862653147192843582108005545","downToken":"19787668050119163910033993406667454878283492444448296515943879247009284914965","orderMinSize":5,"tickSize":"0.01"}
[2026-06-04T20:55:00.949Z] INFO Skipped trade. {"slug":"eth-updown-5m-1780606500","reason":"missing_opening_chainlink_tick"}
[2026-06-04T20:55:00.949Z] INFO Tracking market. {"market":"DOGE","slug":"doge-updown-5m-1780606500","title":"Dogecoin Up or Down - June 4, 4:55PM-5:00PM ET","end":"2026-06-04T21:00:00.000Z","upToken":"49059629434621847369672654809929688950758671891247568192707450348481520576241","downToken":"89237587154226484213787315533678881016446276667079339226704226362518742601523","orderMinSize":5,"tickSize":"0.01"}
[2026-06-04T20:55:00.949Z] INFO Skipped trade. {"slug":"doge-updown-5m-1780606500","reason":"missing_opening_chainlink_tick"}
[2026-06-04T20:55:01.962Z] INFO Resolved trade. {"mode":"sim","slug":"btc-updown-5m-1780606200","outcome":"UP","winningOutcome":"UP","won":true,"finalPrice":63503.00734720149}
[2026-06-04T20:55:06.107Z] INFO Captured Chainlink opening tick. {"slug":"eth-updown-5m-1780606500","openingPrice":1770.6714088657186,"tickTimestamp":"2026-06-04T20:55:00.000Z"}
[2026-06-04T20:55:06.110Z] INFO Skipped trade. {"slug":"eth-updown-5m-1780606500","reason":"btc_distance_below_threshold","market":"ETH","minDistanceUsd":{"UP":0.5,"DOWN":0.5},"openingPrice":1770.6714088657186,"currentPrice":1770.5903524452576}
[2026-06-04T20:55:06.116Z] INFO Captured Chainlink opening tick. {"slug":"doge-updown-5m-1780606500","openingPrice":0.088493254,"tickTimestamp":"2026-06-04T20:55:00.000Z"}
[2026-06-04T20:55:06.120Z] INFO Skipped trade. {"slug":"doge-updown-5m-1780606500","reason":"btc_distance_below_threshold","market":"DOGE","minDistanceUsd":{"UP":0.0001,"DOWN":0.0001},"openingPrice":0.088493254,"currentPrice":0.088486985}
[2026-06-04T20:57:30.578Z] INFO Skipped trade. {"slug":"btc-updown-5m-1780606500","reason":"stale_chainlink_tick","tickTimestamp":"2026-06-04T20:57:20.000Z"}
[2026-06-04T20:57:30.579Z] INFO Skipped trade. {"slug":"eth-updown-5m-1780606500","reason":"stale_chainlink_tick","tickTimestamp":"2026-06-04T20:57:20.000Z"}
[2026-06-04T20:57:31.708Z] INFO Skipped trade. {"slug":"doge-updown-5m-1780606500","reason":"stale_chainlink_tick","tickTimestamp":"2026-06-04T20:57:21.000Z"}
[2026-06-04T20:59:35.877Z] INFO Skipped trade. {"slug":"btc-updown-5m-1780606500","reason":"no_ask_liquidity_under_cap","outcome":"UP"}
[2026-06-04T20:59:35.877Z] INFO Skipped trade. {"slug":"eth-updown-5m-1780606500","reason":"no_ask_liquidity_under_cap","outcome":"UP"}
[2026-06-04T20:59:35.877Z] INFO Skipped trade. {"slug":"doge-updown-5m-1780606500","reason":"no_ask_liquidity_under_cap","outcome":"UP"}
[2026-06-04T21:00:01.053Z] INFO Tracking market. {"market":"BTC","slug":"btc-updown-5m-1780606800","title":"Bitcoin Up or Down - June 4, 5:00PM-5:05PM ET","end":"2026-06-04T21:05:00.000Z","upToken":"41610855676621765071981236682041395533912511127024008733142981066972814510228","downToken":"40992233496199598755393712208067329877974383189157503937003535097461833856452","orderMinSize":5,"tickSize":"0.01"}
[2026-06-04T21:00:01.059Z] INFO Captured Chainlink opening tick. {"slug":"btc-updown-5m-1780606800","openingPrice":63571.633915,"tickTimestamp":"2026-06-04T21:00:00.000Z"}
[2026-06-04T21:00:01.064Z] INFO Skipped trade. {"slug":"btc-updown-5m-1780606800","reason":"btc_distance_below_threshold","market":"BTC","minDistanceUsd":{"UP":5,"DOWN":5},"openingPrice":63571.633915,"currentPrice":63571.633915}
[2026-06-04T21:00:01.064Z] INFO Tracking market. {"market":"ETH","slug":"eth-updown-5m-1780606800","title":"Ethereum Up or Down - June 4, 5:00PM-5:05PM ET","end":"2026-06-04T21:05:00.000Z","upToken":"55564321818551217223779433213039530683267003191760726003649397626150774465628","downToken":"9914652026231320703080660399848574209557108382826421046360379203167616168608","orderMinSize":5,"tickSize":"0.01"}
[2026-06-04T21:00:01.065Z] INFO Skipped trade. {"slug":"eth-updown-5m-1780606800","reason":"missing_opening_chainlink_tick"}
[2026-06-04T21:00:01.065Z] INFO Tracking market. {"market":"DOGE","slug":"doge-updown-5m-1780606800","title":"Dogecoin Up or Down - June 4, 5:00PM-5:05PM ET","end":"2026-06-04T21:05:00.000Z","upToken":"56915075307919051150535781678156120039722384309279233985380735727711237193893","downToken":"78162968250859987599358642379067763942670145183682806296270624415764154028977","orderMinSize":5,"tickSize":"0.01"}
[2026-06-04T21:00:01.065Z] INFO Skipped trade. {"slug":"doge-updown-5m-1780606800","reason":"missing_opening_chainlink_tick"}
[2026-06-04T21:00:03.090Z] INFO Captured Chainlink opening tick. {"slug":"eth-updown-5m-1780606800","openingPrice":1772.9993,"tickTimestamp":"2026-06-04T21:00:00.000Z"}
[2026-06-04T21:00:03.095Z] INFO Skipped trade. {"slug":"eth-updown-5m-1780606800","reason":"btc_distance_below_threshold","market":"ETH","minDistanceUsd":{"UP":0.5,"DOWN":0.5},"openingPrice":1772.9993,"currentPrice":1772.984355}
[2026-06-04T21:00:03.101Z] INFO Captured Chainlink opening tick. {"slug":"doge-updown-5m-1780606800","openingPrice":0.0886631,"tickTimestamp":"2026-06-04T21:00:00.000Z"}
[2026-06-04T21:00:03.106Z] INFO Skipped trade. {"slug":"doge-updown-5m-1780606800","reason":"btc_distance_below_threshold","market":"DOGE","minDistanceUsd":{"UP":0.0001,"DOWN":0.0001},"openingPrice":0.0886631,"currentPrice":0.0886632}
[2026-06-04T21:04:30.086Z] INFO Skipped trade. {"slug":"btc-updown-5m-1780606800","reason":"no_ask_liquidity_under_cap","outcome":"UP"}
[2026-06-04T21:04:30.086Z] INFO Skipped trade. {"slug":"eth-updown-5m-1780606800","reason":"no_ask_liquidity_under_cap","outcome":"UP"}
[2026-06-04T21:04:59.182Z] INFO Skipped trade. {"slug":"doge-updown-5m-1780606800","reason":"no_ask_liquidity_under_cap","outcome":"UP"}
[2026-06-04T21:05:00.291Z] INFO Tracking market. {"market":"BTC","slug":"btc-updown-5m-1780607100","title":"Bitcoin Up or Down - June 4, 5:05PM-5:10PM ET","end":"2026-06-04T21:10:00.000Z","upToken":"19002274198169937666341998552574702925854385294904851303464492077307740858980","downToken":"31808301089394745597173348500552668494024631872136295276330783124290274869381","orderMinSize":5,"tickSize":"0.01"}
[2026-06-04T21:05:00.292Z] INFO Skipped trade. {"slug":"btc-updown-5m-1780607100","reason":"missing_opening_chainlink_tick"}
[2026-06-04T21:05:00.292Z] INFO Tracking market. {"market":"ETH","slug":"eth-updown-5m-1780607100","title":"Ethereum Up or Down - June 4, 5:05PM-5:10PM ET","end":"2026-06-04T21:10:00.000Z","upToken":"77778261878774921022058024462102555994247450691794490241582951866116837505034","downToken":"1790225647436779370214926563177365419205086985970122596547084580610492793902","orderMinSize":5,"tickSize":"0.01"}
[2026-06-04T21:05:00.292Z] INFO Skipped trade. {"slug":"eth-updown-5m-1780607100","reason":"missing_opening_chainlink_tick"}
[2026-06-04T21:05:00.292Z] INFO Tracking market. {"market":"DOGE","slug":"doge-updown-5m-1780607100","title":"Dogecoin Up or Down - June 4, 5:05PM-5:10PM ET","end":"2026-06-04T21:10:00.000Z","upToken":"79710296510272219270197568467930247835557594494912420993917322874593427465595","downToken":"40502676477169097006462165956047388120986034431569071182113136563531771824054","orderMinSize":5,"tickSize":"0.01"}
[2026-06-04T21:05:00.292Z] INFO Skipped trade. {"slug":"doge-updown-5m-1780607100","reason":"missing_opening_chainlink_tick"}
[2026-06-04T21:05:01.327Z] INFO Captured Chainlink opening tick. {"slug":"btc-updown-5m-1780607100","openingPrice":63687.46818762981,"tickTimestamp":"2026-06-04T21:05:00.000Z"}
[2026-06-04T21:05:01.401Z] INFO Skipped trade. {"slug":"btc-updown-5m-1780607100","reason":"btc_distance_below_threshold","market":"BTC","minDistanceUsd":{"UP":5,"DOWN":5},"openingPrice":63687.46818762981,"currentPrice":63687.46818762981}
[2026-06-04T21:05:03.449Z] INFO Captured Chainlink opening tick. {"slug":"eth-updown-5m-1780607100","openingPrice":1775.3366231925315,"tickTimestamp":"2026-06-04T21:05:00.000Z"}
[2026-06-04T21:05:03.456Z] INFO Skipped trade. {"slug":"eth-updown-5m-1780607100","reason":"btc_distance_below_threshold","market":"ETH","minDistanceUsd":{"UP":0.5,"DOWN":0.5},"openingPrice":1775.3366231925315,"currentPrice":1775.3388126120778}
[2026-06-04T21:05:03.467Z] INFO Captured Chainlink opening tick. {"slug":"doge-updown-5m-1780607100","openingPrice":0.0887662606191921,"tickTimestamp":"2026-06-04T21:05:00.000Z"}
[2026-06-04T21:05:03.478Z] INFO Skipped trade. {"slug":"doge-updown-5m-1780607100","reason":"btc_distance_below_threshold","market":"DOGE","minDistanceUsd":{"UP":0.0001,"DOWN":0.0001},"openingPrice":0.0887662606191921,"currentPrice":0.088766349}
[2026-06-04T21:09:23.741Z] WARN Analytics sample recording failed; continuing. {"market":"DOGE","slug":"doge-updown-5m-1780607100","error":"ENOENT: no such file or directory, rename 'C:\\DEV\\tests\\Workspace de Yarbis\\Polybot\\data\\analytics-active.json.tmp' -> 'C:\\DEV\\tests\\Workspace de Yarbis\\Polybot\\data\\analytics-active.json'"}
[2026-06-04T21:09:30.011Z] INFO Skipped trade. {"slug":"btc-updown-5m-1780607100","reason":"no_ask_liquidity_under_cap","outcome":"UP"}
[2026-06-04T21:09:30.012Z] INFO Skipped trade. {"slug":"eth-updown-5m-1780607100","reason":"no_ask_liquidity_under_cap","outcome":"UP"}
[2026-06-04T21:09:30.012Z] INFO Skipped trade. {"slug":"doge-updown-5m-1780607100","reason":"no_ask_liquidity_under_cap","outcome":"UP"}
[2026-06-04T21:10:02.003Z] INFO Tracking market. {"market":"BTC","slug":"btc-updown-5m-1780607400","title":"Bitcoin Up or Down - June 4, 5:10PM-5:15PM ET","end":"2026-06-04T21:15:00.000Z","upToken":"66362858160847736326912613846908426216519324186539829018816010756479255333916","downToken":"70962051410741185166197661524776340257680978268156901368196025992817198266552","orderMinSize":5,"tickSize":"0.01"}
[2026-06-04T21:10:02.009Z] INFO Captured Chainlink opening tick. {"slug":"btc-updown-5m-1780607400","openingPrice":63782.33458232255,"tickTimestamp":"2026-06-04T21:10:00.000Z"}
[2026-06-04T21:10:02.013Z] INFO Skipped trade. {"slug":"btc-updown-5m-1780607400","reason":"btc_distance_below_threshold","market":"BTC","minDistanceUsd":{"UP":5,"DOWN":5},"openingPrice":63782.33458232255,"currentPrice":63782.33458232255}
[2026-06-04T21:10:02.013Z] INFO Tracking market. {"market":"ETH","slug":"eth-updown-5m-1780607400","title":"Ethereum Up or Down - June 4, 5:10PM-5:15PM ET","end":"2026-06-04T21:15:00.000Z","upToken":"42947264880899289708556241221060363981242097392871866780684983386682428326107","downToken":"90039910942461983749717316400293792953584171765166371020210543217280622921958","orderMinSize":5,"tickSize":"0.01"}
[2026-06-04T21:10:02.013Z] INFO Skipped trade. {"slug":"eth-updown-5m-1780607400","reason":"missing_opening_chainlink_tick"}
[2026-06-04T21:10:02.013Z] INFO Tracking market. {"market":"DOGE","slug":"doge-updown-5m-1780607400","title":"Dogecoin Up or Down - June 4, 5:10PM-5:15PM ET","end":"2026-06-04T21:15:00.000Z","upToken":"57255016853899867341798194686953320104260616982300841812705213609436647716719","downToken":"94999940368212933460452046602168576373031769773704480232074197387708400756214","orderMinSize":5,"tickSize":"0.01"}
[2026-06-04T21:10:02.013Z] INFO Skipped trade. {"slug":"doge-updown-5m-1780607400","reason":"missing_opening_chainlink_tick"}
[2026-06-04T21:10:04.038Z] INFO Captured Chainlink opening tick. {"slug":"eth-updown-5m-1780607400","openingPrice":1780.4199184910333,"tickTimestamp":"2026-06-04T21:10:00.000Z"}
[2026-06-04T21:10:04.041Z] INFO Skipped trade. {"slug":"eth-updown-5m-1780607400","reason":"btc_distance_below_threshold","market":"ETH","minDistanceUsd":{"UP":0.5,"DOWN":0.5},"openingPrice":1780.4199184910333,"currentPrice":1780.45}
[2026-06-04T21:10:04.045Z] INFO Captured Chainlink opening tick. {"slug":"doge-updown-5m-1780607400","openingPrice":0.0889411990419601,"tickTimestamp":"2026-06-04T21:10:00.000Z"}
[2026-06-04T21:10:04.048Z] INFO Skipped trade. {"slug":"doge-updown-5m-1780607400","reason":"btc_distance_below_threshold","market":"DOGE","minDistanceUsd":{"UP":0.0001,"DOWN":0.0001},"openingPrice":0.0889411990419601,"currentPrice":0.0889420470668949}
[2026-06-04T21:14:30.156Z] INFO Skipped trade. {"slug":"btc-updown-5m-1780607400","reason":"no_ask_liquidity_under_cap","outcome":"DOWN"}
[2026-06-04T21:14:30.156Z] INFO Skipped trade. {"slug":"eth-updown-5m-1780607400","reason":"no_ask_liquidity_under_cap","outcome":"DOWN"}
[2026-06-04T21:14:30.157Z] INFO Skipped trade. {"slug":"doge-updown-5m-1780607400","reason":"no_ask_liquidity_under_cap","outcome":"DOWN"}
[2026-06-04T21:15:01.608Z] INFO Tracking market. {"market":"BTC","slug":"btc-updown-5m-1780607700","title":"Bitcoin Up or Down - June 4, 5:15PM-5:20PM ET","end":"2026-06-04T21:20:00.000Z","upToken":"109065898159037480985971315838848578996328127174537836929208587513978265885271","downToken":"45961969182355181265339946863847388682063668312376659609727244378913655256973","orderMinSize":5,"tickSize":"0.01"}
[2026-06-04T21:15:01.619Z] INFO Captured Chainlink opening tick. {"slug":"btc-updown-5m-1780607700","openingPrice":63735.505229808055,"tickTimestamp":"2026-06-04T21:15:00.000Z"}
[2026-06-04T21:15:01.629Z] INFO Skipped trade. {"slug":"btc-updown-5m-1780607700","reason":"btc_distance_below_threshold","market":"BTC","minDistanceUsd":{"UP":5,"DOWN":5},"openingPrice":63735.505229808055,"currentPrice":63735.505229808055}
[2026-06-04T21:15:01.629Z] INFO Tracking market. {"market":"ETH","slug":"eth-updown-5m-1780607700","title":"Ethereum Up or Down - June 4, 5:15PM-5:20PM ET","end":"2026-06-04T21:20:00.000Z","upToken":"11842611921587208672382277401861056202395601890683269298899047236923734803274","downToken":"55472594113256563401012392054501522153114366917280560351512184010960763084217","orderMinSize":5,"tickSize":"0.01"}
[2026-06-04T21:15:01.629Z] INFO Skipped trade. {"slug":"eth-updown-5m-1780607700","reason":"missing_opening_chainlink_tick"}
[2026-06-04T21:15:01.629Z] INFO Tracking market. {"market":"DOGE","slug":"doge-updown-5m-1780607700","title":"Dogecoin Up or Down - June 4, 5:15PM-5:20PM ET","end":"2026-06-04T21:20:00.000Z","upToken":"44566615802643620521464201919639116693767263428108605902949108438968516097644","downToken":"3646500611596605628210838716591230300798892370969387320132546039999279432046","orderMinSize":5,"tickSize":"0.01"}
[2026-06-04T21:15:01.630Z] INFO Skipped trade. {"slug":"doge-updown-5m-1780607700","reason":"missing_opening_chainlink_tick"}
[2026-06-04T21:15:04.658Z] INFO Captured Chainlink opening tick. {"slug":"eth-updown-5m-1780607700","openingPrice":1776.1840091008971,"tickTimestamp":"2026-06-04T21:15:00.000Z"}
[2026-06-04T21:15:04.671Z] INFO Skipped trade. {"slug":"eth-updown-5m-1780607700","reason":"btc_distance_below_threshold","market":"ETH","minDistanceUsd":{"UP":0.5,"DOWN":0.5},"openingPrice":1776.1840091008971,"currentPrice":1776.3640017970495}
[2026-06-04T21:15:04.685Z] INFO Captured Chainlink opening tick. {"slug":"doge-updown-5m-1780607700","openingPrice":0.088684026,"tickTimestamp":"2026-06-04T21:15:00.000Z"}
[2026-06-04T21:15:04.699Z] INFO Skipped trade. {"slug":"doge-updown-5m-1780607700","reason":"btc_distance_below_threshold","market":"DOGE","minDistanceUsd":{"UP":0.0001,"DOWN":0.0001},"openingPrice":0.088684026,"currentPrice":0.088695859958118}
[2026-06-04T21:19:29.177Z] INFO Skipped trade. {"slug":"btc-updown-5m-1780607700","reason":"no_ask_liquidity_under_cap","outcome":"DOWN"}
[2026-06-04T21:19:29.177Z] INFO Skipped trade. {"slug":"eth-updown-5m-1780607700","reason":"no_ask_liquidity_under_cap","outcome":"DOWN"}
[2026-06-04T21:19:29.177Z] INFO Skipped trade. {"slug":"doge-updown-5m-1780607700","reason":"no_ask_liquidity_under_cap","outcome":"DOWN"}
[2026-06-04T21:20:01.617Z] INFO Tracking market. {"market":"BTC","slug":"btc-updown-5m-1780608000","title":"Bitcoin Up or Down - June 4, 5:20PM-5:25PM ET","end":"2026-06-04T21:25:00.000Z","upToken":"106489354707059728541454149228142417984359517350149921810665420627449562986184","downToken":"43580847037191891157965079082895845512535352150461860911056641028954179967930","orderMinSize":5,"tickSize":"0.01"}
[2026-06-04T21:20:01.622Z] INFO Captured Chainlink opening tick. {"slug":"btc-updown-5m-1780608000","openingPrice":63615.78482277132,"tickTimestamp":"2026-06-04T21:20:00.000Z"}
[2026-06-04T21:20:01.625Z] INFO Skipped trade. {"slug":"btc-updown-5m-1780608000","reason":"btc_distance_below_threshold","market":"BTC","minDistanceUsd":{"UP":5,"DOWN":5},"openingPrice":63615.78482277132,"currentPrice":63615.78482277132}
[2026-06-04T21:20:01.625Z] INFO Tracking market. {"market":"ETH","slug":"eth-updown-5m-1780608000","title":"Ethereum Up or Down - June 4, 5:20PM-5:25PM ET","end":"2026-06-04T21:25:00.000Z","upToken":"37631943755104515779082925850762292820496730216558803415431680155168135031381","downToken":"77149758559360667619457495743398288305019396963707882820061696246375399437769","orderMinSize":5,"tickSize":"0.01"}
[2026-06-04T21:20:01.625Z] INFO Skipped trade. {"slug":"eth-updown-5m-1780608000","reason":"missing_opening_chainlink_tick"}
[2026-06-04T21:20:01.626Z] INFO Tracking market. {"market":"DOGE","slug":"doge-updown-5m-1780608000","title":"Dogecoin Up or Down - June 4, 5:20PM-5:25PM ET","end":"2026-06-04T21:25:00.000Z","upToken":"60979558042445231751826597106357945992683459057305366931132046872495579113570","downToken":"25969697975104980760457492210262166382932591516298728561839694180265667202527","orderMinSize":5,"tickSize":"0.01"}
[2026-06-04T21:20:01.626Z] INFO Skipped trade. {"slug":"doge-updown-5m-1780608000","reason":"missing_opening_chainlink_tick"}
[2026-06-04T21:20:04.672Z] INFO Captured Chainlink opening tick. {"slug":"eth-updown-5m-1780608000","openingPrice":1773.4038978923925,"tickTimestamp":"2026-06-04T21:20:00.000Z"}
[2026-06-04T21:20:04.685Z] INFO Skipped trade. {"slug":"eth-updown-5m-1780608000","reason":"btc_distance_below_threshold","market":"ETH","minDistanceUsd":{"UP":0.5,"DOWN":0.5},"openingPrice":1773.4038978923925,"currentPrice":1773.3992082848395}
[2026-06-04T21:20:04.701Z] INFO Captured Chainlink opening tick. {"slug":"doge-updown-5m-1780608000","openingPrice":0.0884346,"tickTimestamp":"2026-06-04T21:20:00.000Z"}
[2026-06-04T21:20:04.715Z] INFO Skipped trade. {"slug":"doge-updown-5m-1780608000","reason":"btc_distance_below_threshold","market":"DOGE","minDistanceUsd":{"UP":0.0001,"DOWN":0.0001},"openingPrice":0.0884346,"currentPrice":0.0884345}
[2026-06-04T21:24:29.258Z] INFO Skipped trade. {"slug":"btc-updown-5m-1780608000","reason":"no_ask_liquidity_under_cap","outcome":"DOWN"}
[2026-06-04T21:24:29.258Z] INFO Skipped trade. {"slug":"eth-updown-5m-1780608000","reason":"no_ask_liquidity_under_cap","outcome":"DOWN"}
[2026-06-04T21:24:29.258Z] INFO Skipped trade. {"slug":"doge-updown-5m-1780608000","reason":"no_ask_liquidity_under_cap","outcome":"DOWN"}
[2026-06-04T21:25:01.906Z] INFO Tracking market. {"market":"BTC","slug":"btc-updown-5m-1780608300","title":"Bitcoin Up or Down - June 4, 5:25PM-5:30PM ET","end":"2026-06-04T21:30:00.000Z","upToken":"26801949823780868894426630895779072244464639506516054326451535781484673141939","downToken":"12528708775609557069090254059285349440322360932389753676638090026543536433630","orderMinSize":5,"tickSize":"0.01"}
[2026-06-04T21:25:01.911Z] INFO Captured Chainlink opening tick. {"slug":"btc-updown-5m-1780608300","openingPrice":63500.9709,"tickTimestamp":"2026-06-04T21:25:00.000Z"}
[2026-06-04T21:25:01.914Z] INFO Skipped trade. {"slug":"btc-updown-5m-1780608300","reason":"btc_distance_below_threshold","market":"BTC","minDistanceUsd":{"UP":5,"DOWN":5},"openingPrice":63500.9709,"currentPrice":63500.9709}
[2026-06-04T21:25:01.914Z] INFO Tracking market. {"market":"ETH","slug":"eth-updown-5m-1780608300","title":"Ethereum Up or Down - June 4, 5:25PM-5:30PM ET","end":"2026-06-04T21:30:00.000Z","upToken":"100920051917905959504789421657595221514174044272242559101658651654840634043125","downToken":"79642392497879876473269548426163465898336746449963794052340370823343476187353","orderMinSize":5,"tickSize":"0.01"}
[2026-06-04T21:25:01.915Z] INFO Skipped trade. {"slug":"eth-updown-5m-1780608300","reason":"missing_opening_chainlink_tick"}
[2026-06-04T21:25:01.915Z] INFO Tracking market. {"market":"DOGE","slug":"doge-updown-5m-1780608300","title":"Dogecoin Up or Down - June 4, 5:25PM-5:30PM ET","end":"2026-06-04T21:30:00.000Z","upToken":"71739210076490428831374516590284568505513213808297639718357172827847470796008","downToken":"78717401279655101995911409095888146553992054042442419511468021258229195766316","orderMinSize":5,"tickSize":"0.01"}
[2026-06-04T21:25:01.915Z] INFO Skipped trade. {"slug":"doge-updown-5m-1780608300","reason":"missing_opening_chainlink_tick"}
[2026-06-04T21:25:04.941Z] INFO Captured Chainlink opening tick. {"slug":"eth-updown-5m-1780608300","openingPrice":1770.64452,"tickTimestamp":"2026-06-04T21:25:00.000Z"}
[2026-06-04T21:25:04.945Z] INFO Skipped trade. {"slug":"eth-updown-5m-1780608300","reason":"btc_distance_below_threshold","market":"ETH","minDistanceUsd":{"UP":0.5,"DOWN":0.5},"openingPrice":1770.64452,"currentPrice":1770.213424142741}
[2026-06-04T21:25:04.951Z] INFO Captured Chainlink opening tick. {"slug":"doge-updown-5m-1780608300","openingPrice":0.088245786718335,"tickTimestamp":"2026-06-04T21:25:00.000Z"}
[2026-06-04T21:25:04.955Z] INFO Skipped trade. {"slug":"doge-updown-5m-1780608300","reason":"btc_distance_below_threshold","market":"DOGE","minDistanceUsd":{"UP":0.0001,"DOWN":0.0001},"openingPrice":0.088245786718335,"currentPrice":0.0882274}
[2026-06-04T21:25:42.685Z] INFO Skipped trade. {"slug":"eth-updown-5m-1780608300","reason":"stale_chainlink_tick","tickTimestamp":"2026-06-04T21:25:32.000Z"}
[2026-06-04T21:25:42.686Z] INFO Skipped trade. {"slug":"doge-updown-5m-1780608300","reason":"stale_chainlink_tick","tickTimestamp":"2026-06-04T21:25:32.000Z"}
[2026-06-04T21:29:31.677Z] INFO Skipped trade. {"slug":"btc-updown-5m-1780608300","reason":"no_ask_liquidity_under_cap","outcome":"DOWN"}
[2026-06-04T21:29:31.677Z] INFO Skipped trade. {"slug":"eth-updown-5m-1780608300","reason":"no_ask_liquidity_under_cap","outcome":"DOWN"}
[2026-06-04T21:29:31.677Z] INFO Skipped trade. {"slug":"doge-updown-5m-1780608300","reason":"no_ask_liquidity_under_cap","outcome":"DOWN"}
[2026-06-04T21:30:01.118Z] INFO Tracking market. {"market":"BTC","slug":"btc-updown-5m-1780608600","title":"Bitcoin Up or Down - June 4, 5:30PM-5:35PM ET","end":"2026-06-04T21:35:00.000Z","upToken":"25182109336485947585241621681372444582980919215235772905596105044586361563039","downToken":"92366108985249869629065481599633992432270790607132042809715164613087873831419","orderMinSize":5,"tickSize":"0.01"}
[2026-06-04T21:30:01.122Z] INFO Captured Chainlink opening tick. {"slug":"btc-updown-5m-1780608600","openingPrice":63439.45588,"tickTimestamp":"2026-06-04T21:30:00.000Z"}
[2026-06-04T21:30:01.132Z] INFO Skipped trade. {"slug":"btc-updown-5m-1780608600","reason":"btc_distance_below_threshold","market":"BTC","minDistanceUsd":{"UP":5,"DOWN":5},"openingPrice":63439.45588,"currentPrice":63439.45588}
[2026-06-04T21:30:01.132Z] INFO Tracking market. {"market":"ETH","slug":"eth-updown-5m-1780608600","title":"Ethereum Up or Down - June 4, 5:30PM-5:35PM ET","end":"2026-06-04T21:35:00.000Z","upToken":"2322147298238357414876760640843667273199225402395996843317820709321436270422","downToken":"77269306843737048774718114909085703969008756778562199360071725384862696246853","orderMinSize":5,"tickSize":"0.01"}
[2026-06-04T21:30:01.133Z] INFO Skipped trade. {"slug":"eth-updown-5m-1780608600","reason":"missing_opening_chainlink_tick"}
[2026-06-04T21:30:01.133Z] INFO Tracking market. {"market":"DOGE","slug":"doge-updown-5m-1780608600","title":"Dogecoin Up or Down - June 4, 5:30PM-5:35PM ET","end":"2026-06-04T21:35:00.000Z","upToken":"68383625389664900533311958570074487368265408049202299531608791097441372060095","downToken":"100428840936782856299557897891019493653047851520192784183326159795666295181310","orderMinSize":5,"tickSize":"0.01"}
[2026-06-04T21:30:01.133Z] INFO Skipped trade. {"slug":"doge-updown-5m-1780608600","reason":"missing_opening_chainlink_tick"}
[2026-06-04T21:30:06.626Z] INFO Captured Chainlink opening tick. {"slug":"eth-updown-5m-1780608600","openingPrice":1768.1206333497746,"tickTimestamp":"2026-06-04T21:30:00.000Z"}
[2026-06-04T21:30:06.636Z] INFO Captured Chainlink opening tick. {"slug":"doge-updown-5m-1780608600","openingPrice":0.0879709680230452,"tickTimestamp":"2026-06-04T21:30:00.000Z"}
[2026-06-04T21:30:06.641Z] INFO Skipped trade. {"slug":"doge-updown-5m-1780608600","reason":"btc_distance_below_threshold","market":"DOGE","minDistanceUsd":{"UP":0.0001,"DOWN":0.0001},"openingPrice":0.0879709680230452,"currentPrice":0.0879785}
[2026-06-04T21:30:10.688Z] INFO Skipped trade. {"slug":"eth-updown-5m-1780608600","reason":"btc_distance_below_threshold","market":"ETH","minDistanceUsd":{"UP":0.5,"DOWN":0.5},"openingPrice":1768.1206333497746,"currentPrice":1768.5700417227154}
[2026-06-04T21:34:30.164Z] INFO Skipped trade. {"slug":"btc-updown-5m-1780608600","reason":"no_ask_liquidity_under_cap","outcome":"DOWN"}
[2026-06-04T21:34:30.164Z] INFO Skipped trade. {"slug":"eth-updown-5m-1780608600","reason":"no_ask_liquidity_under_cap","outcome":"DOWN"}
[2026-06-04T21:34:30.164Z] INFO Skipped trade. {"slug":"doge-updown-5m-1780608600","reason":"no_ask_liquidity_under_cap","outcome":"DOWN"}
[2026-06-04T21:35:00.991Z] INFO Tracking market. {"market":"BTC","slug":"btc-updown-5m-1780608900","title":"Bitcoin Up or Down - June 4, 5:35PM-5:40PM ET","end":"2026-06-04T21:40:00.000Z","upToken":"15927578028295071899547829527886521948691628020754374574044722475547486769591","downToken":"77088066579941158486659202797608723370818136128865260101966750855562314782039","orderMinSize":5,"tickSize":"0.01"}
[2026-06-04T21:35:00.992Z] INFO Skipped trade. {"slug":"btc-updown-5m-1780608900","reason":"missing_opening_chainlink_tick"}
[2026-06-04T21:35:00.992Z] INFO Tracking market. {"market":"ETH","slug":"eth-updown-5m-1780608900","title":"Ethereum Up or Down - June 4, 5:35PM-5:40PM ET","end":"2026-06-04T21:40:00.000Z","upToken":"105764331559228251016435441446309377226457592213247071655230899358803634480248","downToken":"62180686658214721516202707422458466230568134385630060527106059654976523072663","orderMinSize":5,"tickSize":"0.01"}
[2026-06-04T21:35:00.992Z] INFO Skipped trade. {"slug":"eth-updown-5m-1780608900","reason":"missing_opening_chainlink_tick"}
[2026-06-04T21:35:00.992Z] INFO Tracking market. {"market":"DOGE","slug":"doge-updown-5m-1780608900","title":"Dogecoin Up or Down - June 4, 5:35PM-5:40PM ET","end":"2026-06-04T21:40:00.000Z","upToken":"54475700097752481471229234626076525454432593974693363582950601343560035811465","downToken":"112765248305114099942132026439399278557934852252975031856641034740303252046811","orderMinSize":5,"tickSize":"0.01"}
[2026-06-04T21:35:00.992Z] INFO Skipped trade. {"slug":"doge-updown-5m-1780608900","reason":"missing_opening_chainlink_tick"}
[2026-06-04T21:35:02.014Z] INFO Captured Chainlink opening tick. {"slug":"btc-updown-5m-1780608900","openingPrice":63367.630463208545,"tickTimestamp":"2026-06-04T21:35:00.000Z"}
[2026-06-04T21:35:02.027Z] INFO Skipped trade. {"slug":"btc-updown-5m-1780608900","reason":"btc_distance_below_threshold","market":"BTC","minDistanceUsd":{"UP":5,"DOWN":5},"openingPrice":63367.630463208545,"currentPrice":63367.630463208545}
[2026-06-04T21:35:06.160Z] INFO Captured Chainlink opening tick. {"slug":"eth-updown-5m-1780608900","openingPrice":1765.850215,"tickTimestamp":"2026-06-04T21:35:00.000Z"}
[2026-06-04T21:35:06.165Z] INFO Skipped trade. {"slug":"eth-updown-5m-1780608900","reason":"btc_distance_below_threshold","market":"ETH","minDistanceUsd":{"UP":0.5,"DOWN":0.5},"openingPrice":1765.850215,"currentPrice":1765.7679277256407}
[2026-06-04T21:35:06.169Z] INFO Captured Chainlink opening tick. {"slug":"doge-updown-5m-1780608900","openingPrice":0.0876624843033208,"tickTimestamp":"2026-06-04T21:35:00.000Z"}
[2026-06-04T21:35:06.172Z] INFO Skipped trade. {"slug":"doge-updown-5m-1780608900","reason":"btc_distance_below_threshold","market":"DOGE","minDistanceUsd":{"UP":0.0001,"DOWN":0.0001},"openingPrice":0.0876624843033208,"currentPrice":0.0876728327159609}
[2026-06-04T21:39:29.345Z] INFO Skipped trade. {"slug":"btc-updown-5m-1780608900","reason":"no_ask_liquidity_under_cap","outcome":"DOWN"}
[2026-06-04T21:39:29.345Z] INFO Skipped trade. {"slug":"eth-updown-5m-1780608900","reason":"no_ask_liquidity_under_cap","outcome":"DOWN"}
[2026-06-04T21:39:29.345Z] INFO Skipped trade. {"slug":"doge-updown-5m-1780608900","reason":"no_ask_liquidity_under_cap","outcome":"DOWN"}
[2026-06-04T21:39:48.653Z] WARN Analytics sample recording failed; continuing. {"market":"BTC","slug":"btc-updown-5m-1780608900","error":"ENOENT: no such file or directory, rename 'C:\\DEV\\tests\\Workspace de Yarbis\\Polybot\\data\\analytics-active.json.tmp' -> 'C:\\DEV\\tests\\Workspace de Yarbis\\Polybot\\data\\analytics-active.json'"}
[2026-06-04T21:39:52.862Z] WARN Analytics sample recording failed; continuing. {"market":"ETH","slug":"eth-updown-5m-1780608900","error":"ENOENT: no such file or directory, rename 'C:\\DEV\\tests\\Workspace de Yarbis\\Polybot\\data\\analytics-active.json.tmp' -> 'C:\\DEV\\tests\\Workspace de Yarbis\\Polybot\\data\\analytics-active.json'"}
[2026-06-04T21:40:01.109Z] INFO Tracking market. {"market":"BTC","slug":"btc-updown-5m-1780609200","title":"Bitcoin Up or Down - June 4, 5:40PM-5:45PM ET","end":"2026-06-04T21:45:00.000Z","upToken":"58499862525085719845742665831556555639287590990654523012117791638530587486868","downToken":"30601824269125918978473677379199215709779573150410665027894085764109018471679","orderMinSize":5,"tickSize":"0.01"}
[2026-06-04T21:40:01.114Z] INFO Captured Chainlink opening tick. {"slug":"btc-updown-5m-1780609200","openingPrice":63248.764,"tickTimestamp":"2026-06-04T21:40:00.000Z"}
[2026-06-04T21:40:01.117Z] INFO Skipped trade. {"slug":"btc-updown-5m-1780609200","reason":"btc_distance_below_threshold","market":"BTC","minDistanceUsd":{"UP":5,"DOWN":5},"openingPrice":63248.764,"currentPrice":63248.764}
[2026-06-04T21:40:01.117Z] INFO Tracking market. {"market":"ETH","slug":"eth-updown-5m-1780609200","title":"Ethereum Up or Down - June 4, 5:40PM-5:45PM ET","end":"2026-06-04T21:45:00.000Z","upToken":"95216117598568372971492017298344556817616461475427246929546631091016967279993","downToken":"4766848601597265191846851796760826425842653174531529882350668268192446865586","orderMinSize":5,"tickSize":"0.01"}
[2026-06-04T21:40:01.118Z] INFO Skipped trade. {"slug":"eth-updown-5m-1780609200","reason":"missing_opening_chainlink_tick"}
[2026-06-04T21:40:01.118Z] INFO Tracking market. {"market":"DOGE","slug":"doge-updown-5m-1780609200","title":"Dogecoin Up or Down - June 4, 5:40PM-5:45PM ET","end":"2026-06-04T21:45:00.000Z","upToken":"81470432619514413394361657650326641310140339596120596861722702961842411507863","downToken":"30717866569182195348378978351342522717953936036864826666751561162318824687507","orderMinSize":5,"tickSize":"0.01"}
[2026-06-04T21:40:01.118Z] INFO Skipped trade. {"slug":"doge-updown-5m-1780609200","reason":"missing_opening_chainlink_tick"}
[2026-06-04T21:40:02.146Z] INFO Captured Chainlink opening tick. {"slug":"eth-updown-5m-1780609200","openingPrice":1761.826735,"tickTimestamp":"2026-06-04T21:40:00.000Z"}
[2026-06-04T21:40:02.153Z] INFO Skipped trade. {"slug":"eth-updown-5m-1780609200","reason":"btc_distance_below_threshold","market":"ETH","minDistanceUsd":{"UP":0.5,"DOWN":0.5},"openingPrice":1761.826735,"currentPrice":1761.826735}
[2026-06-04T21:40:02.161Z] INFO Captured Chainlink opening tick. {"slug":"doge-updown-5m-1780609200","openingPrice":0.0872876308758563,"tickTimestamp":"2026-06-04T21:40:00.000Z"}
[2026-06-04T21:40:02.168Z] INFO Skipped trade. {"slug":"doge-updown-5m-1780609200","reason":"btc_distance_below_threshold","market":"DOGE","minDistanceUsd":{"UP":0.0001,"DOWN":0.0001},"openingPrice":0.0872876308758563,"currentPrice":0.0872876308758563}
[2026-06-04T21:44:29.383Z] INFO Skipped trade. {"slug":"btc-updown-5m-1780609200","reason":"no_ask_liquidity_under_cap","outcome":"UP"}
[2026-06-04T21:44:29.383Z] INFO Skipped trade. {"slug":"eth-updown-5m-1780609200","reason":"no_ask_liquidity_under_cap","outcome":"UP"}
[2026-06-04T21:44:29.383Z] INFO Skipped trade. {"slug":"doge-updown-5m-1780609200","reason":"no_ask_liquidity_under_cap","outcome":"UP"}
[2026-06-04T21:45:01.442Z] INFO Tracking market. {"market":"BTC","slug":"btc-updown-5m-1780609500","title":"Bitcoin Up or Down - June 4, 5:45PM-5:50PM ET","end":"2026-06-04T21:50:00.000Z","upToken":"49275585318551863162817442937783146085824462745804178752458499714295766001780","downToken":"64434924860865733299451177591204055871374213519876779521396316894209634113119","orderMinSize":5,"tickSize":"0.01"}
[2026-06-04T21:45:01.454Z] INFO Captured Chainlink opening tick. {"slug":"btc-updown-5m-1780609500","openingPrice":63435.593715876385,"tickTimestamp":"2026-06-04T21:45:00.000Z"}
[2026-06-04T21:45:01.462Z] INFO Skipped trade. {"slug":"btc-updown-5m-1780609500","reason":"btc_distance_below_threshold","market":"BTC","minDistanceUsd":{"UP":5,"DOWN":5},"openingPrice":63435.593715876385,"currentPrice":63435.593715876385}
[2026-06-04T21:45:01.462Z] INFO Tracking market. {"market":"ETH","slug":"eth-updown-5m-1780609500","title":"Ethereum Up or Down - June 4, 5:45PM-5:50PM ET","end":"2026-06-04T21:50:00.000Z","upToken":"4020141038639634438114820350003736836211405292535333390588077853516666796029","downToken":"69160380395297588613126550599864004772500429659511513823479978681919293647192","orderMinSize":5,"tickSize":"0.01"}
[2026-06-04T21:45:01.462Z] INFO Skipped trade. {"slug":"eth-updown-5m-1780609500","reason":"missing_opening_chainlink_tick"}
[2026-06-04T21:45:01.463Z] INFO Tracking market. {"market":"DOGE","slug":"doge-updown-5m-1780609500","title":"Dogecoin Up or Down - June 4, 5:45PM-5:50PM ET","end":"2026-06-04T21:50:00.000Z","upToken":"49315668480662973729834785787368259541545429546653631361295393033935318462378","downToken":"31453943574909002167955134541169673128070351071600733804059077664961019186143","orderMinSize":5,"tickSize":"0.01"}
[2026-06-04T21:45:01.463Z] INFO Skipped trade. {"slug":"doge-updown-5m-1780609500","reason":"missing_opening_chainlink_tick"}
[2026-06-04T21:45:02.490Z] INFO Captured Chainlink opening tick. {"slug":"eth-updown-5m-1780609500","openingPrice":1766.1488124863563,"tickTimestamp":"2026-06-04T21:45:00.000Z"}
[2026-06-04T21:45:02.504Z] INFO Skipped trade. {"slug":"eth-updown-5m-1780609500","reason":"btc_distance_below_threshold","market":"ETH","minDistanceUsd":{"UP":0.5,"DOWN":0.5},"openingPrice":1766.1488124863563,"currentPrice":1766.1488124863563}
[2026-06-04T21:45:02.514Z] INFO Captured Chainlink opening tick. {"slug":"doge-updown-5m-1780609500","openingPrice":0.0877428177043335,"tickTimestamp":"2026-06-04T21:45:00.000Z"}
[2026-06-04T21:45:02.520Z] INFO Skipped trade. {"slug":"doge-updown-5m-1780609500","reason":"btc_distance_below_threshold","market":"DOGE","minDistanceUsd":{"UP":0.0001,"DOWN":0.0001},"openingPrice":0.0877428177043335,"currentPrice":0.0877428177043335}
[2026-06-04T21:49:29.712Z] INFO Skipped trade. {"slug":"btc-updown-5m-1780609500","reason":"no_ask_liquidity_under_cap","outcome":"DOWN"}
[2026-06-04T21:49:29.713Z] INFO Skipped trade. {"slug":"eth-updown-5m-1780609500","reason":"no_ask_liquidity_under_cap","outcome":"DOWN"}
[2026-06-04T21:49:40.148Z] WARN Analytics sample recording failed; continuing. {"market":"ETH","slug":"eth-updown-5m-1780609500","error":"ENOENT: no such file or directory, rename 'C:\\DEV\\tests\\Workspace de Yarbis\\Polybot\\data\\analytics-active.json.tmp' -> 'C:\\DEV\\tests\\Workspace de Yarbis\\Polybot\\data\\analytics-active.json'"}
[2026-06-04T21:49:52.858Z] INFO Skipped trade. {"slug":"doge-updown-5m-1780609500","reason":"no_ask_liquidity_under_cap","outcome":"DOWN"}
[2026-06-04T21:50:01.077Z] INFO Tracking market. {"market":"BTC","slug":"btc-updown-5m-1780609800","title":"Bitcoin Up or Down - June 4, 5:50PM-5:55PM ET","end":"2026-06-04T21:55:00.000Z","upToken":"18526016282626193124162256970414214089107163850739948766346477700301262341600","downToken":"48215027535836420941922822529451516073866198655688717484966354945549018258736","orderMinSize":5,"tickSize":"0.01"}
[2026-06-04T21:50:01.084Z] INFO Captured Chainlink opening tick. {"slug":"btc-updown-5m-1780609800","openingPrice":63355.32567709508,"tickTimestamp":"2026-06-04T21:50:00.000Z"}
[2026-06-04T21:50:01.090Z] INFO Skipped trade. {"slug":"btc-updown-5m-1780609800","reason":"btc_distance_below_threshold","market":"BTC","minDistanceUsd":{"UP":5,"DOWN":5},"openingPrice":63355.32567709508,"currentPrice":63355.32567709508}
[2026-06-04T21:50:01.090Z] INFO Tracking market. {"market":"ETH","slug":"eth-updown-5m-1780609800","title":"Ethereum Up or Down - June 4, 5:50PM-5:55PM ET","end":"2026-06-04T21:55:00.000Z","upToken":"110761784349885924838455374793672083796032950434437159321851648732280085088180","downToken":"79558722730260187231769566351641154154543573259264135597671313637467295494702","orderMinSize":5,"tickSize":"0.01"}
[2026-06-04T21:50:01.091Z] INFO Skipped trade. {"slug":"eth-updown-5m-1780609800","reason":"missing_opening_chainlink_tick"}
[2026-06-04T21:50:01.091Z] INFO Tracking market. {"market":"DOGE","slug":"doge-updown-5m-1780609800","title":"Dogecoin Up or Down - June 4, 5:50PM-5:55PM ET","end":"2026-06-04T21:55:00.000Z","upToken":"4266956375685192282183205666695107939302299082765549976807629533436536593601","downToken":"3810328993525660278075091776777620264455025124739110349220014409760056313845","orderMinSize":5,"tickSize":"0.01"}
[2026-06-04T21:50:01.091Z] INFO Skipped trade. {"slug":"doge-updown-5m-1780609800","reason":"missing_opening_chainlink_tick"}
[2026-06-04T21:50:03.105Z] INFO Captured Chainlink opening tick. {"slug":"eth-updown-5m-1780609800","openingPrice":1764.747502334748,"tickTimestamp":"2026-06-04T21:50:00.000Z"}
[2026-06-04T21:50:03.110Z] INFO Skipped trade. {"slug":"eth-updown-5m-1780609800","reason":"btc_distance_below_threshold","market":"ETH","minDistanceUsd":{"UP":0.5,"DOWN":0.5},"openingPrice":1764.747502334748,"currentPrice":1764.747502334748}
[2026-06-04T21:50:03.115Z] INFO Captured Chainlink opening tick. {"slug":"doge-updown-5m-1780609800","openingPrice":0.0876482,"tickTimestamp":"2026-06-04T21:50:00.000Z"}
[2026-06-04T21:50:03.118Z] INFO Skipped trade. {"slug":"doge-updown-5m-1780609800","reason":"btc_distance_below_threshold","market":"DOGE","minDistanceUsd":{"UP":0.0001,"DOWN":0.0001},"openingPrice":0.0876482,"currentPrice":0.0876482}
[2026-06-04T21:54:29.607Z] INFO Skipped trade. {"slug":"btc-updown-5m-1780609800","reason":"no_ask_liquidity_under_cap","outcome":"UP"}
[2026-06-04T21:54:43.995Z] INFO Skipped trade. {"slug":"eth-updown-5m-1780609800","reason":"no_ask_liquidity_under_cap","outcome":"UP"}
[2026-06-04T21:54:59.757Z] WARN Analytics sample recording failed; continuing. {"market":"BTC","slug":"btc-updown-5m-1780609800","error":"ENOENT: no such file or directory, rename 'C:\\DEV\\tests\\Workspace de Yarbis\\Polybot\\data\\analytics-active.json.tmp' -> 'C:\\DEV\\tests\\Workspace de Yarbis\\Polybot\\data\\analytics-active.json'"}
[2026-06-04T21:55:01.407Z] INFO Tracking market. {"market":"BTC","slug":"btc-updown-5m-1780610100","title":"Bitcoin Up or Down - June 4, 5:55PM-6:00PM ET","end":"2026-06-04T22:00:00.000Z","upToken":"90589974997945776458424289967676016097141021575071950597823291940269426892420","downToken":"88615799565077589884659376152120449489894750265654451947993487187479205124289","orderMinSize":5,"tickSize":"0.01"}
[2026-06-04T21:55:01.415Z] INFO Captured Chainlink opening tick. {"slug":"btc-updown-5m-1780610100","openingPrice":63391.45992531168,"tickTimestamp":"2026-06-04T21:55:00.000Z"}
[2026-06-04T21:55:01.422Z] INFO Skipped trade. {"slug":"btc-updown-5m-1780610100","reason":"btc_distance_below_threshold","market":"BTC","minDistanceUsd":{"UP":5,"DOWN":5},"openingPrice":63391.45992531168,"currentPrice":63391.45992531168}
[2026-06-04T21:55:01.422Z] INFO Tracking market. {"market":"ETH","slug":"eth-updown-5m-1780610100","title":"Ethereum Up or Down - June 4, 5:55PM-6:00PM ET","end":"2026-06-04T22:00:00.000Z","upToken":"20898436301172163431930737643260341877170512968204856736410528757155092573714","downToken":"114723105517788270756784295279761317814237379282135245854339100041520145539115","orderMinSize":5,"tickSize":"0.01"}
[2026-06-04T21:55:01.423Z] INFO Skipped trade. {"slug":"eth-updown-5m-1780610100","reason":"missing_opening_chainlink_tick"}
[2026-06-04T21:55:01.423Z] INFO Tracking market. {"market":"DOGE","slug":"doge-updown-5m-1780610100","title":"Dogecoin Up or Down - June 4, 5:55PM-6:00PM ET","end":"2026-06-04T22:00:00.000Z","upToken":"49342269860519375884859245664331617814581891875922721925347243705831728104143","downToken":"53054240539488457148198337275766291788278614320888337067304118607069127088965","orderMinSize":5,"tickSize":"0.01"}
[2026-06-04T21:55:01.423Z] INFO Skipped trade. {"slug":"doge-updown-5m-1780610100","reason":"missing_opening_chainlink_tick"}
[2026-06-04T21:55:03.447Z] INFO Captured Chainlink opening tick. {"slug":"eth-updown-5m-1780610100","openingPrice":1764.887628783047,"tickTimestamp":"2026-06-04T21:55:00.000Z"}
[2026-06-04T21:55:03.459Z] INFO Skipped trade. {"slug":"eth-updown-5m-1780610100","reason":"btc_distance_below_threshold","market":"ETH","minDistanceUsd":{"UP":0.5,"DOWN":0.5},"openingPrice":1764.887628783047,"currentPrice":1764.8665641437765}
[2026-06-04T21:55:03.474Z] INFO Captured Chainlink opening tick. {"slug":"doge-updown-5m-1780610100","openingPrice":0.08767652600946,"tickTimestamp":"2026-06-04T21:55:00.000Z"}
[2026-06-04T21:55:03.480Z] INFO Skipped trade. {"slug":"doge-updown-5m-1780610100","reason":"btc_distance_below_threshold","market":"DOGE","minDistanceUsd":{"UP":0.0001,"DOWN":0.0001},"openingPrice":0.08767652600946,"currentPrice":0.087678071669769}
[2026-06-04T21:59:29.202Z] INFO Skipped trade. {"slug":"btc-updown-5m-1780610100","reason":"no_ask_liquidity_under_cap","outcome":"DOWN"}
[2026-06-04T21:59:29.202Z] INFO Skipped trade. {"slug":"eth-updown-5m-1780610100","reason":"no_ask_liquidity_under_cap","outcome":"DOWN"}
[2026-06-04T21:59:29.203Z] INFO Skipped trade. {"slug":"doge-updown-5m-1780610100","reason":"no_ask_liquidity_under_cap","outcome":"DOWN"}
[2026-06-04T22:00:00.396Z] INFO Tracking market. {"market":"BTC","slug":"btc-updown-5m-1780610400","title":"Bitcoin Up or Down - June 4, 6:00PM-6:05PM ET","end":"2026-06-04T22:05:00.000Z","upToken":"39804624968673395742979300734826595310793340228687489386739700668806935906358","downToken":"7346359199123974608072738106491611291962741209866301158637724361218727785004","orderMinSize":5,"tickSize":"0.01"}
[2026-06-04T22:00:00.396Z] INFO Skipped trade. {"slug":"btc-updown-5m-1780610400","reason":"missing_opening_chainlink_tick"}
[2026-06-04T22:00:00.396Z] INFO Tracking market. {"market":"ETH","slug":"eth-updown-5m-1780610400","title":"Ethereum Up or Down - June 4, 6:00PM-6:05PM ET","end":"2026-06-04T22:05:00.000Z","upToken":"110481368397063057269377727028522775713997081202934453731506613464716945043770","downToken":"26454190025618022651471998697520453462892625518425627585790576612198925698485","orderMinSize":5,"tickSize":"0.01"}
[2026-06-04T22:00:00.396Z] INFO Skipped trade. {"slug":"eth-updown-5m-1780610400","reason":"missing_opening_chainlink_tick"}
[2026-06-04T22:00:00.396Z] INFO Tracking market. {"market":"DOGE","slug":"doge-updown-5m-1780610400","title":"Dogecoin Up or Down - June 4, 6:00PM-6:05PM ET","end":"2026-06-04T22:05:00.000Z","upToken":"27125504417855564270138228377902291672965404278892854978188053404832610091553","downToken":"84857368016871390392821362343683177992943231547529519142628954999370405726892","orderMinSize":5,"tickSize":"0.01"}
[2026-06-04T22:00:00.396Z] INFO Skipped trade. {"slug":"doge-updown-5m-1780610400","reason":"missing_opening_chainlink_tick"}
[2026-06-04T22:00:02.801Z] INFO Captured Chainlink opening tick. {"slug":"btc-updown-5m-1780610400","openingPrice":63224.71403499806,"tickTimestamp":"2026-06-04T22:00:00.000Z"}
[2026-06-04T22:00:04.130Z] INFO Captured Chainlink opening tick. {"slug":"eth-updown-5m-1780610400","openingPrice":1759.43430346191,"tickTimestamp":"2026-06-04T22:00:00.000Z"}
[2026-06-04T22:00:04.177Z] INFO Captured Chainlink opening tick. {"slug":"doge-updown-5m-1780610400","openingPrice":0.0872046,"tickTimestamp":"2026-06-04T22:00:00.000Z"}
[2026-06-04T22:00:04.184Z] INFO Skipped trade. {"slug":"doge-updown-5m-1780610400","reason":"btc_distance_below_threshold","market":"DOGE","minDistanceUsd":{"UP":0.0001,"DOWN":0.0001},"openingPrice":0.0872046,"currentPrice":0.087130387}
[2026-06-04T22:00:10.330Z] INFO Skipped trade. {"slug":"btc-updown-5m-1780610400","reason":"btc_distance_below_threshold","market":"BTC","minDistanceUsd":{"UP":5,"DOWN":5},"openingPrice":63224.71403499806,"currentPrice":63219.95528655658}
[2026-06-04T22:00:13.836Z] INFO Skipped trade. {"slug":"eth-updown-5m-1780610400","reason":"btc_distance_below_threshold","market":"ETH","minDistanceUsd":{"UP":0.5,"DOWN":0.5},"openingPrice":1759.43430346191,"currentPrice":1759.73596934472}
[2026-06-04T22:04:29.973Z] INFO Skipped trade. {"slug":"btc-updown-5m-1780610400","reason":"no_ask_liquidity_under_cap","outcome":"UP"}
[2026-06-04T22:04:29.973Z] INFO Skipped trade. {"slug":"eth-updown-5m-1780610400","reason":"no_ask_liquidity_under_cap","outcome":"UP"}
[2026-06-04T22:04:29.973Z] INFO Skipped trade. {"slug":"doge-updown-5m-1780610400","reason":"no_ask_liquidity_under_cap","outcome":"UP"}
[2026-06-04T22:04:33.452Z] INFO Trade attempt recorded. {"mode":"sim","slug":"eth-updown-5m-1780610400","outcome":"UP","amountUsd":5,"bestAsk":0.45,"estimatedShares":11.11111111111111}
[2026-06-04T22:04:35.302Z] INFO Skipped trade. {"slug":"eth-updown-5m-1780610400","reason":"market_already_traded"}
[2026-06-04T22:05:00.941Z] INFO Tracking market. {"market":"BTC","slug":"btc-updown-5m-1780610700","title":"Bitcoin Up or Down - June 4, 6:05PM-6:10PM ET","end":"2026-06-04T22:10:00.000Z","upToken":"95636506605855936353233686153016800991766677845072890023044730346029041967993","downToken":"28387378446547666334323595901136634527036824047204073952889867978156852828387","orderMinSize":5,"tickSize":"0.01"}
[2026-06-04T22:05:00.941Z] INFO Skipped trade. {"slug":"btc-updown-5m-1780610700","reason":"missing_opening_chainlink_tick"}
[2026-06-04T22:05:00.941Z] INFO Tracking market. {"market":"ETH","slug":"eth-updown-5m-1780610700","title":"Ethereum Up or Down - June 4, 6:05PM-6:10PM ET","end":"2026-06-04T22:10:00.000Z","upToken":"1127163291787998742482430863374991960559922621629019046748563471790108638304","downToken":"36073519980425614861048665930453065014143477624311007062733832238310796616502","orderMinSize":5,"tickSize":"0.01"}
[2026-06-04T22:05:00.941Z] INFO Skipped trade. {"slug":"eth-updown-5m-1780610700","reason":"missing_opening_chainlink_tick"}
[2026-06-04T22:05:00.941Z] INFO Tracking market. {"market":"DOGE","slug":"doge-updown-5m-1780610700","title":"Dogecoin Up or Down - June 4, 6:05PM-6:10PM ET","end":"2026-06-04T22:10:00.000Z","upToken":"19066699246999106836545296645814928606637226571616062389418114770522336979430","downToken":"73397708159214564409344166889260075481734006169784467884759590661309754540256","orderMinSize":5,"tickSize":"0.01"}
[2026-06-04T22:05:00.941Z] INFO Skipped trade. {"slug":"doge-updown-5m-1780610700","reason":"missing_opening_chainlink_tick"}
[2026-06-04T22:05:01.955Z] INFO Captured Chainlink opening tick. {"slug":"btc-updown-5m-1780610700","openingPrice":63244.63510591478,"tickTimestamp":"2026-06-04T22:05:00.000Z"}
[2026-06-04T22:05:01.958Z] INFO Skipped trade. {"slug":"btc-updown-5m-1780610700","reason":"btc_distance_below_threshold","market":"BTC","minDistanceUsd":{"UP":5,"DOWN":5},"openingPrice":63244.63510591478,"currentPrice":63244.63510591478}
[2026-06-04T22:05:03.982Z] INFO Resolved trade. {"mode":"sim","slug":"eth-updown-5m-1780610400","outcome":"UP","winningOutcome":"DOWN","won":false,"finalPrice":1758.1809555453467}
[2026-06-04T22:05:04.003Z] INFO Captured Chainlink opening tick. {"slug":"eth-updown-5m-1780610700","openingPrice":1757.8383893450573,"tickTimestamp":"2026-06-04T22:05:00.000Z"}
[2026-06-04T22:05:04.008Z] INFO Skipped trade. {"slug":"eth-updown-5m-1780610700","reason":"btc_distance_below_threshold","market":"ETH","minDistanceUsd":{"UP":0.5,"DOWN":0.5},"openingPrice":1757.8383893450573,"currentPrice":1758.1809555453467}
[2026-06-04T22:05:04.014Z] INFO Captured Chainlink opening tick. {"slug":"doge-updown-5m-1780610700","openingPrice":0.0872066356568474,"tickTimestamp":"2026-06-04T22:05:00.000Z"}
[2026-06-04T22:05:04.018Z] INFO Skipped trade. {"slug":"doge-updown-5m-1780610700","reason":"btc_distance_below_threshold","market":"DOGE","minDistanceUsd":{"UP":0.0001,"DOWN":0.0001},"openingPrice":0.0872066356568474,"currentPrice":0.087235}
[2026-06-04T22:06:35.561Z] INFO Skipped trade. {"slug":"eth-updown-5m-1780610700","reason":"stale_chainlink_tick","tickTimestamp":"2026-06-04T22:06:25.000Z"}
[2026-06-04T22:06:35.561Z] INFO Skipped trade. {"slug":"doge-updown-5m-1780610700","reason":"stale_chainlink_tick","tickTimestamp":"2026-06-04T22:06:25.000Z"}
[2026-06-04T22:09:29.964Z] INFO Skipped trade. {"slug":"btc-updown-5m-1780610700","reason":"no_ask_liquidity_under_cap","outcome":"UP"}
[2026-06-04T22:09:41.560Z] INFO Skipped trade. {"slug":"eth-updown-5m-1780610700","reason":"no_ask_liquidity_under_cap","outcome":"DOWN"}
[2026-06-04T22:09:56.620Z] INFO Trade attempt recorded. {"mode":"sim","slug":"btc-updown-5m-1780610700","outcome":"UP","amountUsd":5,"bestAsk":0.2,"estimatedShares":20.792333333333335}
[2026-06-04T22:09:58.140Z] INFO Skipped trade. {"slug":"btc-updown-5m-1780610700","reason":"market_already_traded"}
[2026-06-04T22:10:00.203Z] INFO Tracking market. {"market":"BTC","slug":"btc-updown-5m-1780611000","title":"Bitcoin Up or Down - June 4, 6:10PM-6:15PM ET","end":"2026-06-04T22:15:00.000Z","upToken":"45348624315945738593839924500600354592730402674464256853101095384473744566879","downToken":"86624853584625363056049241149306157734806616820775849914471510783310899360195","orderMinSize":5,"tickSize":"0.01"}
[2026-06-04T22:10:00.204Z] INFO Skipped trade. {"slug":"btc-updown-5m-1780611000","reason":"missing_opening_chainlink_tick"}
[2026-06-04T22:10:00.204Z] INFO Tracking market. {"market":"ETH","slug":"eth-updown-5m-1780611000","title":"Ethereum Up or Down - June 4, 6:10PM-6:15PM ET","end":"2026-06-04T22:15:00.000Z","upToken":"108315238735191663840240115539753659123387750209986667386511554992361864432064","downToken":"112281778408365807271326872501138775438314874583951429436204520970597543264032","orderMinSize":5,"tickSize":"0.01"}
[2026-06-04T22:10:00.204Z] INFO Skipped trade. {"slug":"eth-updown-5m-1780611000","reason":"missing_opening_chainlink_tick"}
[2026-06-04T22:10:00.204Z] INFO Tracking market. {"market":"DOGE","slug":"doge-updown-5m-1780611000","title":"Dogecoin Up or Down - June 4, 6:10PM-6:15PM ET","end":"2026-06-04T22:15:00.000Z","upToken":"111853813009597560534498541601206258064291072286697434475178960660880332789992","downToken":"79335990459067715314067131372508683585058575027238379305072395737255299878084","orderMinSize":5,"tickSize":"0.01"}
[2026-06-04T22:10:00.205Z] INFO Skipped trade. {"slug":"doge-updown-5m-1780611000","reason":"missing_opening_chainlink_tick"}
[2026-06-04T22:10:02.228Z] INFO Resolved trade. {"mode":"sim","slug":"btc-updown-5m-1780610700","outcome":"UP","winningOutcome":"DOWN","won":false,"finalPrice":63232.66340885554}
[2026-06-04T22:10:02.235Z] INFO Captured Chainlink opening tick. {"slug":"btc-updown-5m-1780611000","openingPrice":63232.66340885554,"tickTimestamp":"2026-06-04T22:10:00.000Z"}
[2026-06-04T22:10:02.239Z] INFO Skipped trade. {"slug":"btc-updown-5m-1780611000","reason":"btc_distance_below_threshold","market":"BTC","minDistanceUsd":{"UP":5,"DOWN":5},"openingPrice":63232.66340885554,"currentPrice":63232.66340885554}
[2026-06-04T22:10:04.249Z] INFO Captured Chainlink opening tick. {"slug":"eth-updown-5m-1780611000","openingPrice":1754.026927871521,"tickTimestamp":"2026-06-04T22:10:00.000Z"}
[2026-06-04T22:10:04.261Z] INFO Captured Chainlink opening tick. {"slug":"doge-updown-5m-1780611000","openingPrice":0.0871540700159215,"tickTimestamp":"2026-06-04T22:10:00.000Z"}
[2026-06-04T22:10:04.265Z] INFO Skipped trade. {"slug":"doge-updown-5m-1780611000","reason":"btc_distance_below_threshold","market":"DOGE","minDistanceUsd":{"UP":0.0001,"DOWN":0.0001},"openingPrice":0.0871540700159215,"currentPrice":0.087118038}
[2026-06-04T22:10:09.435Z] INFO Skipped trade. {"slug":"eth-updown-5m-1780611000","reason":"btc_distance_below_threshold","market":"ETH","minDistanceUsd":{"UP":0.5,"DOWN":0.5},"openingPrice":1754.026927871521,"currentPrice":1753.552648895312}
[2026-06-04T22:14:30.074Z] INFO Skipped trade. {"slug":"btc-updown-5m-1780611000","reason":"no_ask_liquidity_under_cap","outcome":"DOWN"}
[2026-06-04T22:14:35.646Z] INFO Trade attempt recorded. {"mode":"sim","slug":"btc-updown-5m-1780611000","outcome":"DOWN","amountUsd":5,"bestAsk":0.54,"estimatedShares":9.25925925925926}
[2026-06-04T22:14:36.888Z] INFO Skipped trade. {"slug":"btc-updown-5m-1780611000","reason":"market_already_traded"}
[2026-06-04T22:14:41.146Z] INFO Skipped trade. {"slug":"eth-updown-5m-1780611000","reason":"no_ask_liquidity_under_cap","outcome":"UP"}
[2026-06-04T22:14:50.062Z] INFO Skipped trade. {"slug":"doge-updown-5m-1780611000","reason":"no_ask_liquidity_under_cap","outcome":"UP"}
[2026-06-04T22:15:01.353Z] INFO Tracking market. {"market":"BTC","slug":"btc-updown-5m-1780611300","title":"Bitcoin Up or Down - June 4, 6:15PM-6:20PM ET","end":"2026-06-04T22:20:00.000Z","upToken":"19695769174004070976034814458602106111359360631958624842469040308336555428595","downToken":"44820235394061502109834738581759908095796085611807088519170288730357288929959","orderMinSize":5,"tickSize":"0.01"}
[2026-06-04T22:15:01.353Z] INFO Skipped trade. {"slug":"btc-updown-5m-1780611300","reason":"missing_opening_chainlink_tick"}
[2026-06-04T22:15:01.353Z] INFO Tracking market. {"market":"ETH","slug":"eth-updown-5m-1780611300","title":"Ethereum Up or Down - June 4, 6:15PM-6:20PM ET","end":"2026-06-04T22:20:00.000Z","upToken":"38187357389689718748603261213015431294784398081045510520852162307777109600194","downToken":"51102074504395152789900297207529039033551203414264777997096263255980455458451","orderMinSize":5,"tickSize":"0.01"}
[2026-06-04T22:15:01.354Z] INFO Skipped trade. {"slug":"eth-updown-5m-1780611300","reason":"missing_opening_chainlink_tick"}
[2026-06-04T22:15:01.354Z] INFO Tracking market. {"market":"DOGE","slug":"doge-updown-5m-1780611300","title":"Dogecoin Up or Down - June 4, 6:15PM-6:20PM ET","end":"2026-06-04T22:20:00.000Z","upToken":"112797979434865793327750940193869664764558364656695748292457862035911006584254","downToken":"32069930954944517942783034138207329043611980885165911285572475796722720545242","orderMinSize":5,"tickSize":"0.01"}
[2026-06-04T22:15:01.354Z] INFO Skipped trade. {"slug":"doge-updown-5m-1780611300","reason":"missing_opening_chainlink_tick"}
[2026-06-04T22:15:02.393Z] INFO Resolved trade. {"mode":"sim","slug":"btc-updown-5m-1780611000","outcome":"DOWN","winningOutcome":"DOWN","won":true,"finalPrice":63230.818627130226}
[2026-06-04T22:15:02.412Z] INFO Captured Chainlink opening tick. {"slug":"btc-updown-5m-1780611300","openingPrice":63230.818627130226,"tickTimestamp":"2026-06-04T22:15:00.000Z"}
[2026-06-04T22:15:02.426Z] INFO Skipped trade. {"slug":"btc-updown-5m-1780611300","reason":"btc_distance_below_threshold","market":"BTC","minDistanceUsd":{"UP":5,"DOWN":5},"openingPrice":63230.818627130226,"currentPrice":63230.818627130226}
[2026-06-04T22:15:05.440Z] INFO Captured Chainlink opening tick. {"slug":"eth-updown-5m-1780611300","openingPrice":1754.9993991160006,"tickTimestamp":"2026-06-04T22:15:00.000Z"}
[2026-06-04T22:15:05.447Z] INFO Captured Chainlink opening tick. {"slug":"doge-updown-5m-1780611300","openingPrice":0.0872523671533479,"tickTimestamp":"2026-06-04T22:15:00.000Z"}
[2026-06-04T22:15:05.450Z] INFO Skipped trade. {"slug":"doge-updown-5m-1780611300","reason":"btc_distance_below_threshold","market":"DOGE","minDistanceUsd":{"UP":0.0001,"DOWN":0.0001},"openingPrice":0.0872523671533479,"currentPrice":0.0873086892105687}
[2026-06-04T22:16:10.511Z] INFO Skipped trade. {"slug":"eth-updown-5m-1780611300","reason":"btc_distance_below_threshold","market":"ETH","minDistanceUsd":{"UP":0.5,"DOWN":0.5},"openingPrice":1754.9993991160006,"currentPrice":1755.48362}
[2026-06-04T22:19:29.931Z] INFO Skipped trade. {"slug":"btc-updown-5m-1780611300","reason":"no_ask_liquidity_under_cap","outcome":"UP"}
[2026-06-04T22:19:29.931Z] INFO Skipped trade. {"slug":"eth-updown-5m-1780611300","reason":"no_ask_liquidity_under_cap","outcome":"UP"}
[2026-06-04T22:19:29.931Z] INFO Skipped trade. {"slug":"doge-updown-5m-1780611300","reason":"no_ask_liquidity_under_cap","outcome":"UP"}
[2026-06-04T22:20:01.104Z] INFO Tracking market. {"market":"BTC","slug":"btc-updown-5m-1780611600","title":"Bitcoin Up or Down - June 4, 6:20PM-6:25PM ET","end":"2026-06-04T22:25:00.000Z","upToken":"14580888571261897294233111071358823164060763478883338526960388704037164830124","downToken":"60052292643584949137103949706932984728368147455408248026337787246832573038883","orderMinSize":5,"tickSize":"0.01"}
[2026-06-04T22:20:01.104Z] INFO Skipped trade. {"slug":"btc-updown-5m-1780611600","reason":"missing_opening_chainlink_tick"}
[2026-06-04T22:20:01.104Z] INFO Tracking market. {"market":"ETH","slug":"eth-updown-5m-1780611600","title":"Ethereum Up or Down - June 4, 6:20PM-6:25PM ET","end":"2026-06-04T22:25:00.000Z","upToken":"4463950068185953389133702874180605207339036096486193350288962508348986295691","downToken":"88414133757519310287982468883919091214381896335912834513440589588118304575526","orderMinSize":5,"tickSize":"0.01"}
[2026-06-04T22:20:01.105Z] INFO Skipped trade. {"slug":"eth-updown-5m-1780611600","reason":"missing_opening_chainlink_tick"}
[2026-06-04T22:20:01.105Z] INFO Tracking market. {"market":"DOGE","slug":"doge-updown-5m-1780611600","title":"Dogecoin Up or Down - June 4, 6:20PM-6:25PM ET","end":"2026-06-04T22:25:00.000Z","upToken":"9054836179243576338705487638576896732615002274509422547943747701098179170076","downToken":"12819306056782151902051476044123428636707278634392534261709618923502321554252","orderMinSize":5,"tickSize":"0.01"}
[2026-06-04T22:20:01.105Z] INFO Skipped trade. {"slug":"doge-updown-5m-1780611600","reason":"missing_opening_chainlink_tick"}
[2026-06-04T22:20:02.117Z] INFO Captured Chainlink opening tick. {"slug":"btc-updown-5m-1780611600","openingPrice":63323.89947,"tickTimestamp":"2026-06-04T22:20:00.000Z"}
[2026-06-04T22:20:02.121Z] INFO Skipped trade. {"slug":"btc-updown-5m-1780611600","reason":"btc_distance_below_threshold","market":"BTC","minDistanceUsd":{"UP":5,"DOWN":5},"openingPrice":63323.89947,"currentPrice":63323.89947}
[2026-06-04T22:20:05.146Z] INFO Captured Chainlink opening tick. {"slug":"eth-updown-5m-1780611600","openingPrice":1759.2633142763923,"tickTimestamp":"2026-06-04T22:20:00.000Z"}
[2026-06-04T22:20:05.150Z] INFO Skipped trade. {"slug":"eth-updown-5m-1780611600","reason":"btc_distance_below_threshold","market":"ETH","minDistanceUsd":{"UP":0.5,"DOWN":0.5},"openingPrice":1759.2633142763923,"currentPrice":1759.3054913089645}
[2026-06-04T22:20:05.154Z] INFO Captured Chainlink opening tick. {"slug":"doge-updown-5m-1780611600","openingPrice":0.0874181,"tickTimestamp":"2026-06-04T22:20:00.000Z"}
[2026-06-04T22:20:05.158Z] INFO Skipped trade. {"slug":"doge-updown-5m-1780611600","reason":"btc_distance_below_threshold","market":"DOGE","minDistanceUsd":{"UP":0.0001,"DOWN":0.0001},"openingPrice":0.0874181,"currentPrice":0.0874196985792447}
[2026-06-04T22:21:09.108Z] INFO Skipped trade. {"slug":"eth-updown-5m-1780611600","reason":"stale_chainlink_tick","tickTimestamp":"2026-06-04T22:20:59.000Z"}
[2026-06-04T22:21:09.108Z] INFO Skipped trade. {"slug":"doge-updown-5m-1780611600","reason":"stale_chainlink_tick","tickTimestamp":"2026-06-04T22:20:59.000Z"}
[2026-06-04T22:24:29.183Z] INFO Skipped trade. {"slug":"btc-updown-5m-1780611600","reason":"no_ask_liquidity_under_cap","outcome":"UP"}
[2026-06-04T22:24:29.183Z] INFO Skipped trade. {"slug":"eth-updown-5m-1780611600","reason":"no_ask_liquidity_under_cap","outcome":"UP"}
[2026-06-04T22:24:29.183Z] INFO Skipped trade. {"slug":"doge-updown-5m-1780611600","reason":"no_ask_liquidity_under_cap","outcome":"UP"}
[2026-06-04T22:24:39.958Z] INFO Trade attempt recorded. {"mode":"sim","slug":"eth-updown-5m-1780611600","outcome":"UP","amountUsd":5,"bestAsk":0.4,"estimatedShares":12.5}
[2026-06-04T22:24:41.619Z] INFO Skipped trade. {"slug":"eth-updown-5m-1780611600","reason":"market_already_traded"}
[2026-06-04T22:24:41.894Z] INFO Trade attempt recorded. {"mode":"sim","slug":"btc-updown-5m-1780611600","outcome":"UP","amountUsd":5,"bestAsk":0.44,"estimatedShares":11.363636363636363}
[2026-06-04T22:24:43.187Z] INFO Skipped trade. {"slug":"btc-updown-5m-1780611600","reason":"market_already_traded"}
[2026-06-04T22:25:01.332Z] INFO Tracking market. {"market":"BTC","slug":"btc-updown-5m-1780611900","title":"Bitcoin Up or Down - June 4, 6:25PM-6:30PM ET","end":"2026-06-04T22:30:00.000Z","upToken":"85570077633656288110910510667049846739957839620065367876558755188737990551053","downToken":"46289494361810955993141472098803439393032598759612481129073314306312796873028","orderMinSize":5,"tickSize":"0.01"}
[2026-06-04T22:25:01.333Z] INFO Skipped trade. {"slug":"btc-updown-5m-1780611900","reason":"missing_opening_chainlink_tick"}
[2026-06-04T22:25:01.333Z] INFO Tracking market. {"market":"ETH","slug":"eth-updown-5m-1780611900","title":"Ethereum Up or Down - June 4, 6:25PM-6:30PM ET","end":"2026-06-04T22:30:00.000Z","upToken":"25349174010057647173947260680326726280750296256924971950380410900395970427355","downToken":"79547675068794725857357379703813989214264228417469802197532648531575257868536","orderMinSize":5,"tickSize":"0.01"}
[2026-06-04T22:25:01.333Z] INFO Skipped trade. {"slug":"eth-updown-5m-1780611900","reason":"missing_opening_chainlink_tick"}
[2026-06-04T22:25:01.333Z] INFO Tracking market. {"market":"DOGE","slug":"doge-updown-5m-1780611900","title":"Dogecoin Up or Down - June 4, 6:25PM-6:30PM ET","end":"2026-06-04T22:30:00.000Z","upToken":"10754984981700975855165489676654571314793377725554061492743790482673463551357","downToken":"44891524966199271510517181644062154585351624070656580528562541009821880002191","orderMinSize":5,"tickSize":"0.01"}
[2026-06-04T22:25:01.334Z] INFO Skipped trade. {"slug":"doge-updown-5m-1780611900","reason":"missing_opening_chainlink_tick"}
[2026-06-04T22:25:02.351Z] INFO Resolved trade. {"mode":"sim","slug":"btc-updown-5m-1780611600","outcome":"UP","winningOutcome":"DOWN","won":false,"finalPrice":63317.743675498874}
[2026-06-04T22:25:02.356Z] INFO Captured Chainlink opening tick. {"slug":"btc-updown-5m-1780611900","openingPrice":63317.24161,"tickTimestamp":"2026-06-04T22:25:00.000Z"}
[2026-06-04T22:25:02.359Z] INFO Skipped trade. {"slug":"btc-updown-5m-1780611900","reason":"btc_distance_below_threshold","market":"BTC","minDistanceUsd":{"UP":5,"DOWN":5},"openingPrice":63317.24161,"currentPrice":63317.743675498874}
[2026-06-04T22:25:05.382Z] INFO Resolved trade. {"mode":"sim","slug":"eth-updown-5m-1780611600","outcome":"UP","winningOutcome":"DOWN","won":false,"finalPrice":1758.99291458084}
[2026-06-04T22:25:05.387Z] INFO Captured Chainlink opening tick. {"slug":"eth-updown-5m-1780611900","openingPrice":1758.7600506174474,"tickTimestamp":"2026-06-04T22:25:00.000Z"}
[2026-06-04T22:25:05.390Z] INFO Skipped trade. {"slug":"eth-updown-5m-1780611900","reason":"btc_distance_below_threshold","market":"ETH","minDistanceUsd":{"UP":0.5,"DOWN":0.5},"openingPrice":1758.7600506174474,"currentPrice":1758.99291458084}
[2026-06-04T22:25:05.394Z] INFO Captured Chainlink opening tick. {"slug":"doge-updown-5m-1780611900","openingPrice":0.087435,"tickTimestamp":"2026-06-04T22:25:00.000Z"}
[2026-06-04T22:25:05.397Z] INFO Skipped trade. {"slug":"doge-updown-5m-1780611900","reason":"btc_distance_below_threshold","market":"DOGE","minDistanceUsd":{"UP":0.0001,"DOWN":0.0001},"openingPrice":0.087435,"currentPrice":0.0874630566068902}
[2026-06-04T22:29:30.285Z] INFO Skipped trade. {"slug":"btc-updown-5m-1780611900","reason":"no_ask_liquidity_under_cap","outcome":"DOWN"}
[2026-06-04T22:29:30.285Z] INFO Skipped trade. {"slug":"eth-updown-5m-1780611900","reason":"no_ask_liquidity_under_cap","outcome":"DOWN"}
[2026-06-04T22:29:30.286Z] INFO Skipped trade. {"slug":"doge-updown-5m-1780611900","reason":"no_ask_liquidity_under_cap","outcome":"DOWN"}
[2026-06-04T22:29:48.392Z] WARN Analytics sample recording failed; continuing. {"market":"DOGE","slug":"doge-updown-5m-1780611900","error":"ENOENT: no such file or directory, rename 'C:\\DEV\\tests\\Workspace de Yarbis\\Polybot\\data\\analytics-active.json.tmp' -> 'C:\\DEV\\tests\\Workspace de Yarbis\\Polybot\\data\\analytics-active.json'"}
[2026-06-04T22:30:00.546Z] INFO Tracking market. {"market":"BTC","slug":"btc-updown-5m-1780612200","title":"Bitcoin Up or Down - June 4, 6:30PM-6:35PM ET","end":"2026-06-04T22:35:00.000Z","upToken":"23422317190861644443796521531245018952900489641891447169687151932814037466168","downToken":"33050899159315734867064321837608881843649702689398328861051233849855402726357","orderMinSize":5,"tickSize":"0.01"}
[2026-06-04T22:30:00.547Z] INFO Skipped trade. {"slug":"btc-updown-5m-1780612200","reason":"missing_opening_chainlink_tick"}
[2026-06-04T22:30:00.547Z] INFO Tracking market. {"market":"ETH","slug":"eth-updown-5m-1780612200","title":"Ethereum Up or Down - June 4, 6:30PM-6:35PM ET","end":"2026-06-04T22:35:00.000Z","upToken":"30621023419844986881830698355663587435189918010520902386088587792874810028440","downToken":"56492427894417146247098717828675535791844570102539853337901112451324062862653","orderMinSize":5,"tickSize":"0.01"}
[2026-06-04T22:30:00.547Z] INFO Skipped trade. {"slug":"eth-updown-5m-1780612200","reason":"missing_opening_chainlink_tick"}
[2026-06-04T22:30:00.547Z] INFO Tracking market. {"market":"DOGE","slug":"doge-updown-5m-1780612200","title":"Dogecoin Up or Down - June 4, 6:30PM-6:35PM ET","end":"2026-06-04T22:35:00.000Z","upToken":"87047726885084227269582205905215889908470199046819996104918745978954645243096","downToken":"19718900184795305803502165160345389243340969063155658846976122632565527604582","orderMinSize":5,"tickSize":"0.01"}
[2026-06-04T22:30:00.547Z] INFO Skipped trade. {"slug":"doge-updown-5m-1780612200","reason":"missing_opening_chainlink_tick"}
[2026-06-04T22:30:01.581Z] INFO Captured Chainlink opening tick. {"slug":"btc-updown-5m-1780612200","openingPrice":63288.8290722854,"tickTimestamp":"2026-06-04T22:30:00.000Z"}
[2026-06-04T22:30:01.595Z] INFO Skipped trade. {"slug":"btc-updown-5m-1780612200","reason":"btc_distance_below_threshold","market":"BTC","minDistanceUsd":{"UP":5,"DOWN":5},"openingPrice":63288.8290722854,"currentPrice":63288.8290722854}
[2026-06-04T22:30:05.748Z] INFO Captured Chainlink opening tick. {"slug":"eth-updown-5m-1780612200","openingPrice":1757.9863331834904,"tickTimestamp":"2026-06-04T22:30:00.000Z"}
[2026-06-04T22:30:05.757Z] INFO Captured Chainlink opening tick. {"slug":"doge-updown-5m-1780612200","openingPrice":0.087336115,"tickTimestamp":"2026-06-04T22:30:00.000Z"}
[2026-06-04T22:30:05.760Z] INFO Skipped trade. {"slug":"doge-updown-5m-1780612200","reason":"btc_distance_below_threshold","market":"DOGE","minDistanceUsd":{"UP":0.0001,"DOWN":0.0001},"openingPrice":0.087336115,"currentPrice":0.087283508507557}
[2026-06-04T22:30:26.463Z] INFO Skipped trade. {"slug":"eth-updown-5m-1780612200","reason":"btc_distance_below_threshold","market":"ETH","minDistanceUsd":{"UP":0.5,"DOWN":0.5},"openingPrice":1757.9863331834904,"currentPrice":1757.5496452315244}
[2026-06-04T22:31:53.172Z] WARN RTDS websocket closed; reconnecting soon.
[2026-06-04T22:31:56.927Z] INFO Connected to Polymarket RTDS Chainlink feed.
[2026-06-04T22:34:32.142Z] INFO Skipped trade. {"slug":"btc-updown-5m-1780612200","reason":"no_ask_liquidity_under_cap","outcome":"DOWN"}
[2026-06-04T22:34:32.142Z] INFO Skipped trade. {"slug":"eth-updown-5m-1780612200","reason":"no_ask_liquidity_under_cap","outcome":"DOWN"}
[2026-06-04T22:34:32.142Z] INFO Skipped trade. {"slug":"doge-updown-5m-1780612200","reason":"no_ask_liquidity_under_cap","outcome":"DOWN"}
[2026-06-04T22:35:00.839Z] INFO Tracking market. {"market":"BTC","slug":"btc-updown-5m-1780612500","title":"Bitcoin Up or Down - June 4, 6:35PM-6:40PM ET","end":"2026-06-04T22:40:00.000Z","upToken":"59653000688538854667585035601760321657748544951990678878314231264051071852666","downToken":"21036692539653705841475002099265834999017672776736066194575707747759768880518","orderMinSize":5,"tickSize":"0.01"}
[2026-06-04T22:35:00.839Z] INFO Skipped trade. {"slug":"btc-updown-5m-1780612500","reason":"missing_opening_chainlink_tick"}
[2026-06-04T22:35:00.839Z] INFO Tracking market. {"market":"ETH","slug":"eth-updown-5m-1780612500","title":"Ethereum Up or Down - June 4, 6:35PM-6:40PM ET","end":"2026-06-04T22:40:00.000Z","upToken":"83101474143341630158382215691916364727657759017522709311449154173816163418823","downToken":"20052849628143382898152454526058906280144300740113830098824998357591299307541","orderMinSize":5,"tickSize":"0.01"}
[2026-06-04T22:35:00.840Z] INFO Skipped trade. {"slug":"eth-updown-5m-1780612500","reason":"missing_opening_chainlink_tick"}
[2026-06-04T22:35:00.840Z] INFO Tracking market. {"market":"DOGE","slug":"doge-updown-5m-1780612500","title":"Dogecoin Up or Down - June 4, 6:35PM-6:40PM ET","end":"2026-06-04T22:40:00.000Z","upToken":"45645150299135319062190786572665465000568541965498359627881148150205528323517","downToken":"45976926667617930004146452002184992124673299012458998592777788732858406642732","orderMinSize":5,"tickSize":"0.01"}
[2026-06-04T22:35:00.840Z] INFO Skipped trade. {"slug":"doge-updown-5m-1780612500","reason":"missing_opening_chainlink_tick"}
[2026-06-04T22:35:01.850Z] INFO Captured Chainlink opening tick. {"slug":"btc-updown-5m-1780612500","openingPrice":63180.533056306725,"tickTimestamp":"2026-06-04T22:35:00.000Z"}
[2026-06-04T22:35:01.854Z] INFO Skipped trade. {"slug":"btc-updown-5m-1780612500","reason":"btc_distance_below_threshold","market":"BTC","minDistanceUsd":{"UP":5,"DOWN":5},"openingPrice":63180.533056306725,"currentPrice":63180.533056306725}
[2026-06-04T22:35:02.875Z] INFO Captured Chainlink opening tick. {"slug":"eth-updown-5m-1780612500","openingPrice":1751.5885,"tickTimestamp":"2026-06-04T22:35:00.000Z"}
[2026-06-04T22:35:02.879Z] INFO Skipped trade. {"slug":"eth-updown-5m-1780612500","reason":"btc_distance_below_threshold","market":"ETH","minDistanceUsd":{"UP":0.5,"DOWN":0.5},"openingPrice":1751.5885,"currentPrice":1751.70377}
[2026-06-04T22:35:02.884Z] INFO Captured Chainlink opening tick. {"slug":"doge-updown-5m-1780612500","openingPrice":0.08696055,"tickTimestamp":"2026-06-04T22:35:00.000Z"}
[2026-06-04T22:35:02.888Z] INFO Skipped trade. {"slug":"doge-updown-5m-1780612500","reason":"btc_distance_below_threshold","market":"DOGE","minDistanceUsd":{"UP":0.0001,"DOWN":0.0001},"openingPrice":0.08696055,"currentPrice":0.086970926}
[2026-06-04T22:38:15.387Z] INFO Skipped trade. {"slug":"eth-updown-5m-1780612500","reason":"stale_chainlink_tick","tickTimestamp":"2026-06-04T22:38:05.000Z"}
[2026-06-04T22:38:15.387Z] INFO Skipped trade. {"slug":"doge-updown-5m-1780612500","reason":"stale_chainlink_tick","tickTimestamp":"2026-06-04T22:38:05.000Z"}
[2026-06-04T22:39:32.006Z] INFO Skipped trade. {"slug":"btc-updown-5m-1780612500","reason":"no_ask_liquidity_under_cap","outcome":"UP"}
[2026-06-04T22:39:32.006Z] INFO Skipped trade. {"slug":"eth-updown-5m-1780612500","reason":"no_ask_liquidity_under_cap","outcome":"UP"}
[2026-06-04T22:39:32.006Z] INFO Skipped trade. {"slug":"doge-updown-5m-1780612500","reason":"no_ask_liquidity_under_cap","outcome":"UP"}
[2026-06-04T22:40:00.455Z] INFO Tracking market. {"market":"BTC","slug":"btc-updown-5m-1780612800","title":"Bitcoin Up or Down - June 4, 6:40PM-6:45PM ET","end":"2026-06-04T22:45:00.000Z","upToken":"31784889411747878550009715783946332547525750003039671911402483759565859843545","downToken":"108952696689985665479581857055932103212117254121990144836258479846904735412329","orderMinSize":5,"tickSize":"0.01"}
[2026-06-04T22:40:00.455Z] INFO Skipped trade. {"slug":"btc-updown-5m-1780612800","reason":"missing_opening_chainlink_tick"}
[2026-06-04T22:40:00.455Z] INFO Tracking market. {"market":"ETH","slug":"eth-updown-5m-1780612800","title":"Ethereum Up or Down - June 4, 6:40PM-6:45PM ET","end":"2026-06-04T22:45:00.000Z","upToken":"41630825075652849108297523022112246298944208051185625171824744950252155641455","downToken":"93046645100394272580032187103028758520401938927226639585921120830818399145035","orderMinSize":5,"tickSize":"0.01"}
[2026-06-04T22:40:00.455Z] INFO Skipped trade. {"slug":"eth-updown-5m-1780612800","reason":"missing_opening_chainlink_tick"}
[2026-06-04T22:40:00.455Z] INFO Tracking market. {"market":"DOGE","slug":"doge-updown-5m-1780612800","title":"Dogecoin Up or Down - June 4, 6:40PM-6:45PM ET","end":"2026-06-04T22:45:00.000Z","upToken":"110274786917557359482411049548814948771473159865579963532909031817952104534206","downToken":"17986304533023102563846057707194490387687815534488255853822992774431019147326","orderMinSize":5,"tickSize":"0.01"}
[2026-06-04T22:40:00.455Z] INFO Skipped trade. {"slug":"doge-updown-5m-1780612800","reason":"missing_opening_chainlink_tick"}
[2026-06-04T22:40:01.486Z] INFO Captured Chainlink opening tick. {"slug":"btc-updown-5m-1780612800","openingPrice":63398.46519273846,"tickTimestamp":"2026-06-04T22:40:00.000Z"}
[2026-06-04T22:40:01.493Z] INFO Skipped trade. {"slug":"btc-updown-5m-1780612800","reason":"btc_distance_below_threshold","market":"BTC","minDistanceUsd":{"UP":5,"DOWN":5},"openingPrice":63398.46519273846,"currentPrice":63398.46519273846}
[2026-06-04T22:40:03.526Z] INFO Captured Chainlink opening tick. {"slug":"eth-updown-5m-1780612800","openingPrice":1757.803025,"tickTimestamp":"2026-06-04T22:40:00.000Z"}
[2026-06-04T22:40:03.538Z] INFO Skipped trade. {"slug":"eth-updown-5m-1780612800","reason":"btc_distance_below_threshold","market":"ETH","minDistanceUsd":{"UP":0.5,"DOWN":0.5},"openingPrice":1757.803025,"currentPrice":1757.8277540472402}
[2026-06-04T22:40:03.547Z] INFO Captured Chainlink opening tick. {"slug":"doge-updown-5m-1780612800","openingPrice":0.0872634026701072,"tickTimestamp":"2026-06-04T22:40:00.000Z"}
[2026-06-04T22:40:03.555Z] INFO Skipped trade. {"slug":"doge-updown-5m-1780612800","reason":"btc_distance_below_threshold","market":"DOGE","minDistanceUsd":{"UP":0.0001,"DOWN":0.0001},"openingPrice":0.0872634026701072,"currentPrice":0.0872686765084884}
[2026-06-04T22:44:29.972Z] INFO Skipped trade. {"slug":"btc-updown-5m-1780612800","reason":"no_ask_liquidity_under_cap","outcome":"UP"}
[2026-06-04T22:44:29.972Z] INFO Skipped trade. {"slug":"doge-updown-5m-1780612800","reason":"no_ask_liquidity_under_cap","outcome":"DOWN"}
[2026-06-04T22:44:35.274Z] INFO Skipped trade. {"slug":"eth-updown-5m-1780612800","reason":"no_ask_liquidity_under_cap","outcome":"UP"}
[2026-06-04T22:45:01.490Z] INFO Tracking market. {"market":"BTC","slug":"btc-updown-5m-1780613100","title":"Bitcoin Up or Down - June 4, 6:45PM-6:50PM ET","end":"2026-06-04T22:50:00.000Z","upToken":"37223752227174464795180253361136133871248691699778610604731947584448832656850","downToken":"46788376018703055453764363602529755924445684781892397993274912368064801403931","orderMinSize":5,"tickSize":"0.01"}
[2026-06-04T22:45:01.495Z] INFO Captured Chainlink opening tick. {"slug":"btc-updown-5m-1780613100","openingPrice":63440.33156602565,"tickTimestamp":"2026-06-04T22:45:00.000Z"}
[2026-06-04T22:45:01.498Z] INFO Skipped trade. {"slug":"btc-updown-5m-1780613100","reason":"btc_distance_below_threshold","market":"BTC","minDistanceUsd":{"UP":5,"DOWN":5},"openingPrice":63440.33156602565,"currentPrice":63440.33156602565}
[2026-06-04T22:45:01.498Z] INFO Tracking market. {"market":"ETH","slug":"eth-updown-5m-1780613100","title":"Ethereum Up or Down - June 4, 6:45PM-6:50PM ET","end":"2026-06-04T22:50:00.000Z","upToken":"81610095678738781253146977122500446181821474777354365618282770962110488472585","downToken":"64574150311861400757714574574059448610455834383379807979958001867803590293113","orderMinSize":5,"tickSize":"0.01"}
[2026-06-04T22:45:01.499Z] INFO Skipped trade. {"slug":"eth-updown-5m-1780613100","reason":"missing_opening_chainlink_tick"}
[2026-06-04T22:45:01.499Z] INFO Tracking market. {"market":"DOGE","slug":"doge-updown-5m-1780613100","title":"Dogecoin Up or Down - June 4, 6:45PM-6:50PM ET","end":"2026-06-04T22:50:00.000Z","upToken":"79434868797449422589626716073261063666723106719819236816109060421236628229584","downToken":"5176122845163223588632024444249094026126088146926104124603534386101793001503","orderMinSize":5,"tickSize":"0.01"}
[2026-06-04T22:45:01.499Z] INFO Skipped trade. {"slug":"doge-updown-5m-1780613100","reason":"missing_opening_chainlink_tick"}
[2026-06-04T22:45:03.524Z] INFO Captured Chainlink opening tick. {"slug":"eth-updown-5m-1780613100","openingPrice":1758.56,"tickTimestamp":"2026-06-04T22:45:00.000Z"}
[2026-06-04T22:45:03.537Z] INFO Skipped trade. {"slug":"eth-updown-5m-1780613100","reason":"btc_distance_below_threshold","market":"ETH","minDistanceUsd":{"UP":0.5,"DOWN":0.5},"openingPrice":1758.56,"currentPrice":1758.779022187066}
[2026-06-04T22:45:03.545Z] INFO Captured Chainlink opening tick. {"slug":"doge-updown-5m-1780613100","openingPrice":0.0872154,"tickTimestamp":"2026-06-04T22:45:00.000Z"}
[2026-06-04T22:45:03.551Z] INFO Skipped trade. {"slug":"doge-updown-5m-1780613100","reason":"btc_distance_below_threshold","market":"DOGE","minDistanceUsd":{"UP":0.0001,"DOWN":0.0001},"openingPrice":0.0872154,"currentPrice":0.087224}
[2026-06-04T22:49:33.509Z] INFO Skipped trade. {"slug":"btc-updown-5m-1780613100","reason":"no_ask_liquidity_under_cap","outcome":"UP"}
[2026-06-04T22:49:33.509Z] INFO Skipped trade. {"slug":"eth-updown-5m-1780613100","reason":"no_ask_liquidity_under_cap","outcome":"UP"}
[2026-06-04T22:49:33.509Z] INFO Skipped trade. {"slug":"doge-updown-5m-1780613100","reason":"no_ask_liquidity_under_cap","outcome":"UP"}
[2026-06-04T22:50:08.956Z] INFO Tracking market. {"market":"BTC","slug":"btc-updown-5m-1780613400","title":"Bitcoin Up or Down - June 4, 6:50PM-6:55PM ET","end":"2026-06-04T22:55:00.000Z","upToken":"77707766375865516801800285653104373263058357142326335104682725977689217169879","downToken":"23156325821966043833603168740594899074802712413209614857616385689449780236961","orderMinSize":5,"tickSize":"0.01"}
[2026-06-04T22:50:08.961Z] INFO Captured Chainlink opening tick. {"slug":"btc-updown-5m-1780613400","openingPrice":63541.91598399112,"tickTimestamp":"2026-06-04T22:50:00.000Z"}
[2026-06-04T22:50:08.964Z] INFO Skipped trade. {"slug":"btc-updown-5m-1780613400","reason":"btc_distance_below_threshold","market":"BTC","minDistanceUsd":{"UP":5,"DOWN":5},"openingPrice":63541.91598399112,"currentPrice":63542.32689328271}
[2026-06-04T22:50:08.964Z] INFO Tracking market. {"market":"ETH","slug":"eth-updown-5m-1780613400","title":"Ethereum Up or Down - June 4, 6:50PM-6:55PM ET","end":"2026-06-04T22:55:00.000Z","upToken":"54617856507181867474720247310229835695539295638084213514653570516139660526533","downToken":"16073170495124906834689072994361699049066039471902428286775661400529639961635","orderMinSize":5,"tickSize":"0.01"}
[2026-06-04T22:50:08.968Z] INFO Captured Chainlink opening tick. {"slug":"eth-updown-5m-1780613400","openingPrice":1761.908085,"tickTimestamp":"2026-06-04T22:50:00.000Z"}
[2026-06-04T22:50:08.971Z] INFO Skipped trade. {"slug":"eth-updown-5m-1780613400","reason":"btc_distance_below_threshold","market":"ETH","minDistanceUsd":{"UP":0.5,"DOWN":0.5},"openingPrice":1761.908085,"currentPrice":1761.9249573608906}
[2026-06-04T22:50:08.972Z] INFO Tracking market. {"market":"DOGE","slug":"doge-updown-5m-1780613400","title":"Dogecoin Up or Down - June 4, 6:50PM-6:55PM ET","end":"2026-06-04T22:55:00.000Z","upToken":"115316677801004243689206852714303222709488881990764595626698299582024460119183","downToken":"14444520998184576545082346019492926038779512895854682702738465409487789493578","orderMinSize":5,"tickSize":"0.01"}
[2026-06-04T22:50:08.977Z] INFO Captured Chainlink opening tick. {"slug":"doge-updown-5m-1780613400","openingPrice":0.0875011,"tickTimestamp":"2026-06-04T22:50:00.000Z"}
[2026-06-04T22:50:08.982Z] INFO Skipped trade. {"slug":"doge-updown-5m-1780613400","reason":"btc_distance_below_threshold","market":"DOGE","minDistanceUsd":{"UP":0.0001,"DOWN":0.0001},"openingPrice":0.0875011,"currentPrice":0.0874995}
[2026-06-04T22:52:37.233Z] INFO Skipped trade. {"slug":"eth-updown-5m-1780613400","reason":"stale_chainlink_tick","tickTimestamp":"2026-06-04T22:52:27.000Z"}
[2026-06-04T22:52:37.233Z] INFO Skipped trade. {"slug":"doge-updown-5m-1780613400","reason":"stale_chainlink_tick","tickTimestamp":"2026-06-04T22:52:27.000Z"}
[2026-06-04T22:53:15.843Z] WARN RTDS websocket closed; reconnecting soon.
[2026-06-04T22:53:19.650Z] INFO Connected to Polymarket RTDS Chainlink feed.
[2026-06-04T22:54:29.555Z] INFO Skipped trade. {"slug":"btc-updown-5m-1780613400","reason":"no_ask_liquidity_under_cap","outcome":"UP"}
[2026-06-04T22:54:29.555Z] INFO Skipped trade. {"slug":"doge-updown-5m-1780613400","reason":"no_ask_liquidity_under_cap","outcome":"UP"}
[2026-06-04T22:54:36.495Z] INFO Skipped trade. {"slug":"eth-updown-5m-1780613400","reason":"no_ask_liquidity_under_cap","outcome":"DOWN"}
[2026-06-04T22:55:12.745Z] INFO Tracking market. {"market":"BTC","slug":"btc-updown-5m-1780613700","title":"Bitcoin Up or Down - June 4, 6:55PM-7:00PM ET","end":"2026-06-04T23:00:00.000Z","upToken":"56427313145112050168203631012856307214347324164923148460642903317885871697447","downToken":"115541566248802194918080726333324150406261595011606186292780815388298723789915","orderMinSize":5,"tickSize":"0.01"}
[2026-06-04T22:55:12.750Z] INFO Captured Chainlink opening tick. {"slug":"btc-updown-5m-1780613700","openingPrice":63575.50895,"tickTimestamp":"2026-06-04T22:55:00.000Z"}
[2026-06-04T22:55:12.754Z] INFO Tracking market. {"market":"ETH","slug":"eth-updown-5m-1780613700","title":"Ethereum Up or Down - June 4, 6:55PM-7:00PM ET","end":"2026-06-04T23:00:00.000Z","upToken":"76246895277590163057303626072663445158765674245501096390163719096185045580084","downToken":"113544246643598308807410172976743226448608821613688905237219851149051454643957","orderMinSize":5,"tickSize":"0.01"}
[2026-06-04T22:55:12.761Z] INFO Captured Chainlink opening tick. {"slug":"eth-updown-5m-1780613700","openingPrice":1761.51649,"tickTimestamp":"2026-06-04T22:55:00.000Z"}
[2026-06-04T22:55:12.765Z] INFO Skipped trade. {"slug":"eth-updown-5m-1780613700","reason":"btc_distance_below_threshold","market":"ETH","minDistanceUsd":{"UP":0.5,"DOWN":0.5},"openingPrice":1761.51649,"currentPrice":1761.530425}
[2026-06-04T22:55:12.765Z] INFO Tracking market. {"market":"DOGE","slug":"doge-updown-5m-1780613700","title":"Dogecoin Up or Down - June 4, 6:55PM-7:00PM ET","end":"2026-06-04T23:00:00.000Z","upToken":"36833710293724818329721571951787731498952546853144535602906705988387750587390","downToken":"35569199229734337964486607818688733428054123367242913387165656826182245436297","orderMinSize":5,"tickSize":"0.01"}
[2026-06-04T22:55:12.772Z] INFO Captured Chainlink opening tick. {"slug":"doge-updown-5m-1780613700","openingPrice":0.0876693,"tickTimestamp":"2026-06-04T22:55:00.000Z"}
[2026-06-04T22:55:12.779Z] INFO Skipped trade. {"slug":"doge-updown-5m-1780613700","reason":"btc_distance_below_threshold","market":"DOGE","minDistanceUsd":{"UP":0.0001,"DOWN":0.0001},"openingPrice":0.0876693,"currentPrice":0.087671}
[2026-06-04T22:55:22.043Z] INFO Skipped trade. {"slug":"btc-updown-5m-1780613700","reason":"btc_distance_below_threshold","market":"BTC","minDistanceUsd":{"UP":5,"DOWN":5},"openingPrice":63575.50895,"currentPrice":63577.67872115301}
[2026-06-04T22:59:30.445Z] INFO Skipped trade. {"slug":"btc-updown-5m-1780613700","reason":"no_ask_liquidity_under_cap","outcome":"UP"}
[2026-06-04T22:59:30.445Z] INFO Skipped trade. {"slug":"eth-updown-5m-1780613700","reason":"no_ask_liquidity_under_cap","outcome":"UP"}
[2026-06-04T22:59:30.445Z] INFO Skipped trade. {"slug":"doge-updown-5m-1780613700","reason":"no_ask_liquidity_under_cap","outcome":"UP"}
[2026-06-04T23:00:00.848Z] INFO Tracking market. {"market":"BTC","slug":"btc-updown-5m-1780614000","title":"Bitcoin Up or Down - June 4, 7:00PM-7:05PM ET","end":"2026-06-04T23:05:00.000Z","upToken":"67145855528778780736502900727157188578327572658660796297305807232468910499014","downToken":"52909724298418672512640701856956649350330426605454529749890561919680359127870","orderMinSize":5,"tickSize":"0.01"}
[2026-06-04T23:00:00.849Z] INFO Skipped trade. {"slug":"btc-updown-5m-1780614000","reason":"missing_opening_chainlink_tick"}
[2026-06-04T23:00:00.849Z] INFO Tracking market. {"market":"ETH","slug":"eth-updown-5m-1780614000","title":"Ethereum Up or Down - June 4, 7:00PM-7:05PM ET","end":"2026-06-04T23:05:00.000Z","upToken":"32575149653559132963164251366483798380067134731872589093977677350878492620445","downToken":"60585514291948379147503204327798398820387314679007849007886701931639630782306","orderMinSize":5,"tickSize":"0.01"}
[2026-06-04T23:00:00.849Z] INFO Skipped trade. {"slug":"eth-updown-5m-1780614000","reason":"missing_opening_chainlink_tick"}
[2026-06-04T23:00:00.849Z] INFO Tracking market. {"market":"DOGE","slug":"doge-updown-5m-1780614000","title":"Dogecoin Up or Down - June 4, 7:00PM-7:05PM ET","end":"2026-06-04T23:05:00.000Z","upToken":"78598411000609042066197189433962907095712857020300646624896375961331979177133","downToken":"26592367350895368865498028605025034764322090676756625127314313558349351069946","orderMinSize":5,"tickSize":"0.01"}
[2026-06-04T23:00:00.849Z] INFO Skipped trade. {"slug":"doge-updown-5m-1780614000","reason":"missing_opening_chainlink_tick"}
[2026-06-04T23:00:01.866Z] INFO Captured Chainlink opening tick. {"slug":"btc-updown-5m-1780614000","openingPrice":63676.38033450572,"tickTimestamp":"2026-06-04T23:00:00.000Z"}
[2026-06-04T23:00:01.870Z] INFO Skipped trade. {"slug":"btc-updown-5m-1780614000","reason":"btc_distance_below_threshold","market":"BTC","minDistanceUsd":{"UP":5,"DOWN":5},"openingPrice":63676.38033450572,"currentPrice":63676.38033450572}
[2026-06-04T23:00:06.055Z] INFO Captured Chainlink opening tick. {"slug":"eth-updown-5m-1780614000","openingPrice":1767.12216,"tickTimestamp":"2026-06-04T23:00:00.000Z"}
[2026-06-04T23:00:06.060Z] INFO Skipped trade. {"slug":"eth-updown-5m-1780614000","reason":"btc_distance_below_threshold","market":"ETH","minDistanceUsd":{"UP":0.5,"DOWN":0.5},"openingPrice":1767.12216,"currentPrice":1766.65777}
[2026-06-04T23:00:06.066Z] INFO Captured Chainlink opening tick. {"slug":"doge-updown-5m-1780614000","openingPrice":0.0880262,"tickTimestamp":"2026-06-04T23:00:00.000Z"}
[2026-06-04T23:00:06.070Z] INFO Skipped trade. {"slug":"doge-updown-5m-1780614000","reason":"btc_distance_below_threshold","market":"DOGE","minDistanceUsd":{"UP":0.0001,"DOWN":0.0001},"openingPrice":0.0880262,"currentPrice":0.0879983}
[2026-06-04T23:04:30.604Z] INFO Skipped trade. {"slug":"btc-updown-5m-1780614000","reason":"no_ask_liquidity_under_cap","outcome":"UP"}
[2026-06-04T23:04:30.604Z] INFO Skipped trade. {"slug":"eth-updown-5m-1780614000","reason":"no_ask_liquidity_under_cap","outcome":"UP"}
[2026-06-04T23:04:30.604Z] INFO Skipped trade. {"slug":"doge-updown-5m-1780614000","reason":"no_ask_liquidity_under_cap","outcome":"UP"}
[2026-06-04T23:04:54.902Z] WARN Analytics sample recording failed; continuing. {"market":"BTC","slug":"btc-updown-5m-1780614000","error":"ENOENT: no such file or directory, rename 'C:\\DEV\\tests\\Workspace de Yarbis\\Polybot\\data\\analytics-active.json.tmp' -> 'C:\\DEV\\tests\\Workspace de Yarbis\\Polybot\\data\\analytics-active.json'"}
[2026-06-04T23:05:02.774Z] INFO Tracking market. {"market":"BTC","slug":"btc-updown-5m-1780614300","title":"Bitcoin Up or Down - June 4, 7:05PM-7:10PM ET","end":"2026-06-04T23:10:00.000Z","upToken":"2581549933361601352866914499900160003555978142960505261980849103542143900170","downToken":"776051122269696743720677142343045394589637579881210634082741081101280732080","orderMinSize":5,"tickSize":"0.01"}
[2026-06-04T23:05:02.787Z] INFO Captured Chainlink opening tick. {"slug":"btc-updown-5m-1780614300","openingPrice":63770.56034031068,"tickTimestamp":"2026-06-04T23:05:00.000Z"}
[2026-06-04T23:05:02.799Z] INFO Skipped trade. {"slug":"btc-updown-5m-1780614300","reason":"btc_distance_below_threshold","market":"BTC","minDistanceUsd":{"UP":5,"DOWN":5},"openingPrice":63770.56034031068,"currentPrice":63767.888224516304}
[2026-06-04T23:05:02.800Z] INFO Tracking market. {"market":"ETH","slug":"eth-updown-5m-1780614300","title":"Ethereum Up or Down - June 4, 7:05PM-7:10PM ET","end":"2026-06-04T23:10:00.000Z","upToken":"34499234715941019126015127313506037793385085281014952474611564089826220825927","downToken":"28170651311533260108481826557611291843048625523221552912183102241437949341333","orderMinSize":5,"tickSize":"0.01"}
[2026-06-04T23:05:02.800Z] INFO Skipped trade. {"slug":"eth-updown-5m-1780614300","reason":"missing_opening_chainlink_tick"}
[2026-06-04T23:05:02.800Z] INFO Tracking market. {"market":"DOGE","slug":"doge-updown-5m-1780614300","title":"Dogecoin Up or Down - June 4, 7:05PM-7:10PM ET","end":"2026-06-04T23:10:00.000Z","upToken":"190106029745569601695282781745315934835507528319119109216024709293044075391","downToken":"24814269469780201172087128534051788568517049667397142447808132217749613804939","orderMinSize":5,"tickSize":"0.01"}
[2026-06-04T23:05:02.800Z] INFO Skipped trade. {"slug":"doge-updown-5m-1780614300","reason":"missing_opening_chainlink_tick"}
[2026-06-04T23:05:05.846Z] INFO Captured Chainlink opening tick. {"slug":"eth-updown-5m-1780614300","openingPrice":1772.566455,"tickTimestamp":"2026-06-04T23:05:00.000Z"}
[2026-06-04T23:05:05.857Z] INFO Skipped trade. {"slug":"eth-updown-5m-1780614300","reason":"btc_distance_below_threshold","market":"ETH","minDistanceUsd":{"UP":0.5,"DOWN":0.5},"openingPrice":1772.566455,"currentPrice":1772.319195}
[2026-06-04T23:05:05.878Z] INFO Captured Chainlink opening tick. {"slug":"doge-updown-5m-1780614300","openingPrice":0.0884078,"tickTimestamp":"2026-06-04T23:05:00.000Z"}
[2026-06-04T23:05:05.896Z] INFO Skipped trade. {"slug":"doge-updown-5m-1780614300","reason":"btc_distance_below_threshold","market":"DOGE","minDistanceUsd":{"UP":0.0001,"DOWN":0.0001},"openingPrice":0.0884078,"currentPrice":0.0883777524206794}
[2026-06-04T23:09:29.494Z] INFO Skipped trade. {"slug":"btc-updown-5m-1780614300","reason":"no_ask_liquidity_under_cap","outcome":"DOWN"}
[2026-06-04T23:09:32.963Z] INFO Skipped trade. {"slug":"eth-updown-5m-1780614300","reason":"no_ask_liquidity_under_cap","outcome":"DOWN"}
[2026-06-04T23:10:00.822Z] INFO Tracking market. {"market":"BTC","slug":"btc-updown-5m-1780614600","title":"Bitcoin Up or Down - June 4, 7:10PM-7:15PM ET","end":"2026-06-04T23:15:00.000Z","upToken":"56130168718623574655288790413066947284746240425174744428625336771826555997258","downToken":"75058772096115252158709335109887615594494589820088860040758780949960730191269","orderMinSize":5,"tickSize":"0.01"}
[2026-06-04T23:10:00.822Z] INFO Skipped trade. {"slug":"btc-updown-5m-1780614600","reason":"missing_opening_chainlink_tick"}
[2026-06-04T23:10:00.822Z] INFO Tracking market. {"market":"ETH","slug":"eth-updown-5m-1780614600","title":"Ethereum Up or Down - June 4, 7:10PM-7:15PM ET","end":"2026-06-04T23:15:00.000Z","upToken":"38047079376262548640290604860784053922121851429788007323203283092871978924267","downToken":"38017016615318473474079283684088051973548806704257900155492908944837734051886","orderMinSize":5,"tickSize":"0.01"}
[2026-06-04T23:10:00.823Z] INFO Skipped trade. {"slug":"eth-updown-5m-1780614600","reason":"missing_opening_chainlink_tick"}
[2026-06-04T23:10:00.823Z] INFO Tracking market. {"market":"DOGE","slug":"doge-updown-5m-1780614600","title":"Dogecoin Up or Down - June 4, 7:10PM-7:15PM ET","end":"2026-06-04T23:15:00.000Z","upToken":"47814159644426362762208764907048218689874750761139730551565514942052837400113","downToken":"106167366612121604098759462061301695830285272785060693658236451384582450342033","orderMinSize":5,"tickSize":"0.01"}
[2026-06-04T23:10:00.823Z] INFO Skipped trade. {"slug":"doge-updown-5m-1780614600","reason":"missing_opening_chainlink_tick"}
[2026-06-04T23:10:01.840Z] INFO Captured Chainlink opening tick. {"slug":"btc-updown-5m-1780614600","openingPrice":63705.08532938318,"tickTimestamp":"2026-06-04T23:10:00.000Z"}
[2026-06-04T23:10:01.844Z] INFO Skipped trade. {"slug":"btc-updown-5m-1780614600","reason":"btc_distance_below_threshold","market":"BTC","minDistanceUsd":{"UP":5,"DOWN":5},"openingPrice":63705.08532938318,"currentPrice":63705.08532938318}
[2026-06-04T23:10:07.047Z] INFO Captured Chainlink opening tick. {"slug":"eth-updown-5m-1780614600","openingPrice":1772.8568353311223,"tickTimestamp":"2026-06-04T23:10:00.000Z"}
[2026-06-04T23:10:07.071Z] INFO Skipped trade. {"slug":"eth-updown-5m-1780614600","reason":"btc_distance_below_threshold","market":"ETH","minDistanceUsd":{"UP":0.5,"DOWN":0.5},"openingPrice":1772.8568353311223,"currentPrice":1772.654555}
[2026-06-04T23:10:07.079Z] INFO Captured Chainlink opening tick. {"slug":"doge-updown-5m-1780614600","openingPrice":0.0883446694336131,"tickTimestamp":"2026-06-04T23:10:00.000Z"}
[2026-06-04T23:10:07.089Z] INFO Skipped trade. {"slug":"doge-updown-5m-1780614600","reason":"btc_distance_below_threshold","market":"DOGE","minDistanceUsd":{"UP":0.0001,"DOWN":0.0001},"openingPrice":0.0883446694336131,"currentPrice":0.088331}
[2026-06-04T23:14:29.204Z] INFO Skipped trade. {"slug":"btc-updown-5m-1780614600","reason":"no_ask_liquidity_under_cap","outcome":"DOWN"}
[2026-06-04T23:14:29.205Z] INFO Skipped trade. {"slug":"eth-updown-5m-1780614600","reason":"no_ask_liquidity_under_cap","outcome":"DOWN"}
[2026-06-04T23:14:29.205Z] INFO Skipped trade. {"slug":"doge-updown-5m-1780614600","reason":"no_ask_liquidity_under_cap","outcome":"DOWN"}
[CLOB Client] request error {"status":404,"statusText":"Not Found","data":{"error":"No orderbook exists for the requested token id"},"config":{"transitional":{"silentJSONParsing":true,"forcedJSONParsing":true,"clarifyTimeoutError":false,"legacyInterceptorReqResOrdering":true},"adapter":["xhr","http","fetch"],"transformRequest":[null],"transformResponse":[null],"timeout":0,"xsrfCookieName":"XSRF-TOKEN","xsrfHeaderName":"X-XSRF-TOKEN","maxContentLength":-1,"maxBodyLength":-1,"env":{},"headers":{"Accept":"application/json, text/plain, */*","User-Agent":"axios/1.16.0","Accept-Encoding":"gzip, compress, deflate, br"},"method":"get","url":"https://clob.polymarket.com/book","params":{"token_id":"106167366612121604098759462061301695830285272785060693658236451384582450342033"},"allowAbsoluteUrls":true}}
[CLOB Client] request error {"status":404,"statusText":"Not Found","data":{"error":"No orderbook exists for the requested token id"},"config":{"transitional":{"silentJSONParsing":true,"forcedJSONParsing":true,"clarifyTimeoutError":false,"legacyInterceptorReqResOrdering":true},"adapter":["xhr","http","fetch"],"transformRequest":[null],"transformResponse":[null],"timeout":0,"xsrfCookieName":"XSRF-TOKEN","xsrfHeaderName":"X-XSRF-TOKEN","maxContentLength":-1,"maxBodyLength":-1,"env":{},"headers":{"Accept":"application/json, text/plain, */*","User-Agent":"axios/1.16.0","Accept-Encoding":"gzip, compress, deflate, br"},"method":"get","url":"https://clob.polymarket.com/book","params":{"token_id":"47814159644426362762208764907048218689874750761139730551565514942052837400113"},"allowAbsoluteUrls":true}}
[CLOB Client] request error {"status":404,"statusText":"Not Found","data":{"error":"No orderbook exists for the requested token id"},"config":{"transitional":{"silentJSONParsing":true,"forcedJSONParsing":true,"clarifyTimeoutError":false,"legacyInterceptorReqResOrdering":true},"adapter":["xhr","http","fetch"],"transformRequest":[null],"transformResponse":[null],"timeout":0,"xsrfCookieName":"XSRF-TOKEN","xsrfHeaderName":"X-XSRF-TOKEN","maxContentLength":-1,"maxBodyLength":-1,"env":{},"headers":{"Accept":"application/json, text/plain, */*","User-Agent":"axios/1.16.0","Accept-Encoding":"gzip, compress, deflate, br"},"method":"get","url":"https://clob.polymarket.com/book","params":{"token_id":"106167366612121604098759462061301695830285272785060693658236451384582450342033"},"allowAbsoluteUrls":true}}
[2026-06-04T23:16:46.005Z] INFO Skipped trade. {"slug":"doge-updown-5m-1780614600","reason":"orderbook_quote_failed","outcome":"DOWN","error":"No orderbook exists for the requested token id"}
[2026-06-04T23:16:47.579Z] INFO Tracking market. {"market":"BTC","slug":"btc-updown-5m-1780614900","title":"Bitcoin Up or Down - June 4, 7:15PM-7:20PM ET","end":"2026-06-04T23:20:00.000Z","upToken":"65201746574725259589187555238858525944264143801249124627125568255182388202938","downToken":"71138160787499942367231956228318772310413669137096680419757733068068618056376","orderMinSize":5,"tickSize":"0.01"}
[2026-06-04T23:16:47.586Z] INFO Captured Chainlink opening tick. {"slug":"btc-updown-5m-1780614900","openingPrice":63539.842945309654,"tickTimestamp":"2026-06-04T23:15:00.000Z"}
[2026-06-04T23:16:47.590Z] INFO Tracking market. {"market":"ETH","slug":"eth-updown-5m-1780614900","title":"Ethereum Up or Down - June 4, 7:15PM-7:20PM ET","end":"2026-06-04T23:20:00.000Z","upToken":"100723683712918314805578816848803576866177632515501655397090467573531151918177","downToken":"23873887370018371572834053128426512443766192668050068452755758877833108106232","orderMinSize":5,"tickSize":"0.01"}
[2026-06-04T23:16:47.595Z] INFO Captured Chainlink opening tick. {"slug":"eth-updown-5m-1780614900","openingPrice":1768.40295590725,"tickTimestamp":"2026-06-04T23:15:00.000Z"}
[2026-06-04T23:16:47.599Z] INFO Tracking market. {"market":"DOGE","slug":"doge-updown-5m-1780614900","title":"Dogecoin Up or Down - June 4, 7:15PM-7:20PM ET","end":"2026-06-04T23:20:00.000Z","upToken":"88034219796592739671954949776658306529298820790017058206344181493626582201576","downToken":"79189043117647135478263635538107230536442775035637999823650023364490577939366","orderMinSize":5,"tickSize":"0.01"}
[2026-06-04T23:16:47.604Z] INFO Captured Chainlink opening tick. {"slug":"doge-updown-5m-1780614900","openingPrice":0.0881517,"tickTimestamp":"2026-06-04T23:15:00.000Z"}
[2026-06-04T23:16:47.607Z] INFO Skipped trade. {"slug":"doge-updown-5m-1780614900","reason":"btc_distance_below_threshold","market":"DOGE","minDistanceUsd":{"UP":0.0001,"DOWN":0.0001},"openingPrice":0.0881517,"currentPrice":0.0881420079450018}
[2026-06-04T23:19:29.511Z] INFO Skipped trade. {"slug":"btc-updown-5m-1780614900","reason":"no_ask_liquidity_under_cap","outcome":"DOWN"}
[2026-06-04T23:19:29.511Z] INFO Skipped trade. {"slug":"eth-updown-5m-1780614900","reason":"no_ask_liquidity_under_cap","outcome":"DOWN"}
[2026-06-04T23:19:29.511Z] INFO Skipped trade. {"slug":"doge-updown-5m-1780614900","reason":"no_ask_liquidity_under_cap","outcome":"DOWN"}
[2026-06-04T23:20:01.393Z] INFO Tracking market. {"market":"BTC","slug":"btc-updown-5m-1780615200","title":"Bitcoin Up or Down - June 4, 7:20PM-7:25PM ET","end":"2026-06-04T23:25:00.000Z","upToken":"24182553785483352407237038057546641759789010961097671972366145144361846917993","downToken":"49987202983082643454321764456220144576495578404049140218585452756182854080757","orderMinSize":5,"tickSize":"0.01"}
[2026-06-04T23:20:01.394Z] INFO Skipped trade. {"slug":"btc-updown-5m-1780615200","reason":"missing_opening_chainlink_tick"}
[2026-06-04T23:20:01.394Z] INFO Tracking market. {"market":"ETH","slug":"eth-updown-5m-1780615200","title":"Ethereum Up or Down - June 4, 7:20PM-7:25PM ET","end":"2026-06-04T23:25:00.000Z","upToken":"56552329986017486316718910669599595625762431604239671494393349835971838496541","downToken":"89243762237132928411362945265705138566669546705524450549667269158790434814263","orderMinSize":5,"tickSize":"0.01"}
[2026-06-04T23:20:01.394Z] INFO Skipped trade. {"slug":"eth-updown-5m-1780615200","reason":"missing_opening_chainlink_tick"}
[2026-06-04T23:20:01.394Z] INFO Tracking market. {"market":"DOGE","slug":"doge-updown-5m-1780615200","title":"Dogecoin Up or Down - June 4, 7:20PM-7:25PM ET","end":"2026-06-04T23:25:00.000Z","upToken":"74593877361523574476092637049602932529300361948256279500574465074214484475789","downToken":"76867448357682856521894861662747997285385441191139061083476985476253043291704","orderMinSize":5,"tickSize":"0.01"}
[2026-06-04T23:20:01.394Z] INFO Skipped trade. {"slug":"doge-updown-5m-1780615200","reason":"missing_opening_chainlink_tick"}
[2026-06-04T23:20:02.417Z] INFO Captured Chainlink opening tick. {"slug":"btc-updown-5m-1780615200","openingPrice":63319.386385507634,"tickTimestamp":"2026-06-04T23:20:00.000Z"}
[2026-06-04T23:20:02.423Z] INFO Skipped trade. {"slug":"btc-updown-5m-1780615200","reason":"btc_distance_below_threshold","market":"BTC","minDistanceUsd":{"UP":5,"DOWN":5},"openingPrice":63319.386385507634,"currentPrice":63318.570275528706}
[2026-06-04T23:20:02.430Z] INFO Captured Chainlink opening tick. {"slug":"eth-updown-5m-1780615200","openingPrice":1756.6059509308293,"tickTimestamp":"2026-06-04T23:20:00.000Z"}
[2026-06-04T23:20:02.435Z] INFO Skipped trade. {"slug":"eth-updown-5m-1780615200","reason":"btc_distance_below_threshold","market":"ETH","minDistanceUsd":{"UP":0.5,"DOWN":0.5},"openingPrice":1756.6059509308293,"currentPrice":1756.564637109882}
[2026-06-04T23:20:02.455Z] INFO Captured Chainlink opening tick. {"slug":"doge-updown-5m-1780615200","openingPrice":0.0874738,"tickTimestamp":"2026-06-04T23:20:00.000Z"}
[2026-06-04T23:20:02.460Z] INFO Skipped trade. {"slug":"doge-updown-5m-1780615200","reason":"btc_distance_below_threshold","market":"DOGE","minDistanceUsd":{"UP":0.0001,"DOWN":0.0001},"openingPrice":0.0874738,"currentPrice":0.0874706197596003}
[2026-06-04T23:24:32.337Z] INFO Skipped trade. {"slug":"btc-updown-5m-1780615200","reason":"no_ask_liquidity_under_cap","outcome":"UP"}
[2026-06-04T23:24:32.338Z] INFO Skipped trade. {"slug":"eth-updown-5m-1780615200","reason":"no_ask_liquidity_under_cap","outcome":"UP"}
[2026-06-04T23:24:32.338Z] INFO Skipped trade. {"slug":"doge-updown-5m-1780615200","reason":"no_ask_liquidity_under_cap","outcome":"UP"}
[2026-06-04T23:25:00.624Z] INFO Tracking market. {"market":"BTC","slug":"btc-updown-5m-1780615500","title":"Bitcoin Up or Down - June 4, 7:25PM-7:30PM ET","end":"2026-06-04T23:30:00.000Z","upToken":"7547553752320654387182144236968869240256518312934977018309194915514500439471","downToken":"21895165356528902366679815932229229385105721950607100755868711157954493779108","orderMinSize":5,"tickSize":"0.01"}
[2026-06-04T23:25:00.624Z] INFO Skipped trade. {"slug":"btc-updown-5m-1780615500","reason":"missing_opening_chainlink_tick"}
[2026-06-04T23:25:00.625Z] INFO Tracking market. {"market":"ETH","slug":"eth-updown-5m-1780615500","title":"Ethereum Up or Down - June 4, 7:25PM-7:30PM ET","end":"2026-06-04T23:30:00.000Z","upToken":"11354184553266102089430353335768017176357079270637860764240917095227171779571","downToken":"19290678183588222575084181285856695385929170883563814691699076931848353677184","orderMinSize":5,"tickSize":"0.01"}
[2026-06-04T23:25:00.625Z] INFO Skipped trade. {"slug":"eth-updown-5m-1780615500","reason":"missing_opening_chainlink_tick"}
[2026-06-04T23:25:00.625Z] INFO Tracking market. {"market":"DOGE","slug":"doge-updown-5m-1780615500","title":"Dogecoin Up or Down - June 4, 7:25PM-7:30PM ET","end":"2026-06-04T23:30:00.000Z","upToken":"87883217339513362790867869879164798331136276770669232644070326792360291917759","downToken":"56161894311427603073848585833215619982288414467553816287197346648521677687653","orderMinSize":5,"tickSize":"0.01"}
[2026-06-04T23:25:00.626Z] INFO Skipped trade. {"slug":"doge-updown-5m-1780615500","reason":"missing_opening_chainlink_tick"}
[2026-06-04T23:25:01.643Z] INFO Captured Chainlink opening tick. {"slug":"btc-updown-5m-1780615500","openingPrice":63377.2291916347,"tickTimestamp":"2026-06-04T23:25:00.000Z"}
[2026-06-04T23:25:01.647Z] INFO Skipped trade. {"slug":"btc-updown-5m-1780615500","reason":"btc_distance_below_threshold","market":"BTC","minDistanceUsd":{"UP":5,"DOWN":5},"openingPrice":63377.2291916347,"currentPrice":63377.2291916347}
[2026-06-04T23:25:02.669Z] INFO Captured Chainlink opening tick. {"slug":"eth-updown-5m-1780615500","openingPrice":1757.237017663473,"tickTimestamp":"2026-06-04T23:25:00.000Z"}
[2026-06-04T23:25:02.677Z] INFO Skipped trade. {"slug":"eth-updown-5m-1780615500","reason":"btc_distance_below_threshold","market":"ETH","minDistanceUsd":{"UP":0.5,"DOWN":0.5},"openingPrice":1757.237017663473,"currentPrice":1757.10776}
[2026-06-04T23:25:02.686Z] INFO Captured Chainlink opening tick. {"slug":"doge-updown-5m-1780615500","openingPrice":0.0876770857303766,"tickTimestamp":"2026-06-04T23:25:00.000Z"}
[2026-06-04T23:25:02.689Z] INFO Skipped trade. {"slug":"doge-updown-5m-1780615500","reason":"btc_distance_below_threshold","market":"DOGE","minDistanceUsd":{"UP":0.0001,"DOWN":0.0001},"openingPrice":0.0876770857303766,"currentPrice":0.0876757}
[2026-06-04T23:29:30.182Z] INFO Skipped trade. {"slug":"btc-updown-5m-1780615500","reason":"no_ask_liquidity_under_cap","outcome":"UP"}
[2026-06-04T23:29:30.182Z] INFO Skipped trade. {"slug":"eth-updown-5m-1780615500","reason":"no_ask_liquidity_under_cap","outcome":"UP"}
[2026-06-04T23:29:30.183Z] INFO Skipped trade. {"slug":"doge-updown-5m-1780615500","reason":"no_ask_liquidity_under_cap","outcome":"UP"}
[2026-06-04T23:30:00.627Z] INFO Tracking market. {"market":"BTC","slug":"btc-updown-5m-1780615800","title":"Bitcoin Up or Down - June 4, 7:30PM-7:35PM ET","end":"2026-06-04T23:35:00.000Z","upToken":"92250115183131733987322208890993096794586766977135396649264090477775032292441","downToken":"24944012113174157616136851170893449439407828484995996127745953530082332175232","orderMinSize":5,"tickSize":"0.01"}
[2026-06-04T23:30:00.628Z] INFO Skipped trade. {"slug":"btc-updown-5m-1780615800","reason":"missing_opening_chainlink_tick"}
[2026-06-04T23:30:00.628Z] INFO Tracking market. {"market":"ETH","slug":"eth-updown-5m-1780615800","title":"Ethereum Up or Down - June 4, 7:30PM-7:35PM ET","end":"2026-06-04T23:35:00.000Z","upToken":"67874833879010250587916995132269308238777498215580093926419550704496828008557","downToken":"96652527752540312360137656049620156575124498294305137044423470840338168825115","orderMinSize":5,"tickSize":"0.01"}
[2026-06-04T23:30:00.628Z] INFO Skipped trade. {"slug":"eth-updown-5m-1780615800","reason":"missing_opening_chainlink_tick"}
[2026-06-04T23:30:00.628Z] INFO Tracking market. {"market":"DOGE","slug":"doge-updown-5m-1780615800","title":"Dogecoin Up or Down - June 4, 7:30PM-7:35PM ET","end":"2026-06-04T23:35:00.000Z","upToken":"41415401256746279071424224541079946439523377354335208753141095893782735985392","downToken":"2854732468118104022129031040811177718261378063611137251806995099323179290455","orderMinSize":5,"tickSize":"0.01"}
[2026-06-04T23:30:00.628Z] INFO Skipped trade. {"slug":"doge-updown-5m-1780615800","reason":"missing_opening_chainlink_tick"}
[2026-06-04T23:30:01.642Z] INFO Captured Chainlink opening tick. {"slug":"btc-updown-5m-1780615800","openingPrice":63394.99488558711,"tickTimestamp":"2026-06-04T23:30:00.000Z"}
[2026-06-04T23:30:01.646Z] INFO Skipped trade. {"slug":"btc-updown-5m-1780615800","reason":"btc_distance_below_threshold","market":"BTC","minDistanceUsd":{"UP":5,"DOWN":5},"openingPrice":63394.99488558711,"currentPrice":63394.99488558711}
[2026-06-04T23:30:03.674Z] INFO Captured Chainlink opening tick. {"slug":"eth-updown-5m-1780615800","openingPrice":1759.17229,"tickTimestamp":"2026-06-04T23:30:00.000Z"}
[2026-06-04T23:30:03.682Z] INFO Skipped trade. {"slug":"eth-updown-5m-1780615800","reason":"btc_distance_below_threshold","market":"ETH","minDistanceUsd":{"UP":0.5,"DOWN":0.5},"openingPrice":1759.17229,"currentPrice":1759.307355494764}
[2026-06-04T23:30:03.692Z] INFO Captured Chainlink opening tick. {"slug":"doge-updown-5m-1780615800","openingPrice":0.0877726,"tickTimestamp":"2026-06-04T23:30:00.000Z"}
[2026-06-04T23:30:03.699Z] INFO Skipped trade. {"slug":"doge-updown-5m-1780615800","reason":"btc_distance_below_threshold","market":"DOGE","minDistanceUsd":{"UP":0.0001,"DOWN":0.0001},"openingPrice":0.0877726,"currentPrice":0.0877820279642412}
[2026-06-04T23:34:30.559Z] INFO Skipped trade. {"slug":"btc-updown-5m-1780615800","reason":"no_ask_liquidity_under_cap","outcome":"UP"}
[2026-06-04T23:34:30.559Z] INFO Skipped trade. {"slug":"eth-updown-5m-1780615800","reason":"no_ask_liquidity_under_cap","outcome":"UP"}
[2026-06-04T23:34:30.559Z] INFO Skipped trade. {"slug":"doge-updown-5m-1780615800","reason":"no_ask_liquidity_under_cap","outcome":"UP"}
[2026-06-04T23:35:01.878Z] INFO Tracking market. {"market":"BTC","slug":"btc-updown-5m-1780616100","title":"Bitcoin Up or Down - June 4, 7:35PM-7:40PM ET","end":"2026-06-04T23:40:00.000Z","upToken":"70274231452974862238517339454543575936730964046104399095152033494459247213605","downToken":"48013320760155590734117194112390781105935510845130217172761966829133618594805","orderMinSize":5,"tickSize":"0.01"}
[2026-06-04T23:35:01.884Z] INFO Captured Chainlink opening tick. {"slug":"btc-updown-5m-1780616100","openingPrice":63547.49666133087,"tickTimestamp":"2026-06-04T23:35:00.000Z"}
[2026-06-04T23:35:01.888Z] INFO Skipped trade. {"slug":"btc-updown-5m-1780616100","reason":"btc_distance_below_threshold","market":"BTC","minDistanceUsd":{"UP":5,"DOWN":5},"openingPrice":63547.49666133087,"currentPrice":63547.49666133087}
[2026-06-04T23:35:01.889Z] INFO Tracking market. {"market":"ETH","slug":"eth-updown-5m-1780616100","title":"Ethereum Up or Down - June 4, 7:35PM-7:40PM ET","end":"2026-06-04T23:40:00.000Z","upToken":"109612277280575793946049632523946740222649471375850986750462321668811368403597","downToken":"105935693663957099326926368765066039317716825198310672060598519087055918331903","orderMinSize":5,"tickSize":"0.01"}
[2026-06-04T23:35:01.889Z] INFO Skipped trade. {"slug":"eth-updown-5m-1780616100","reason":"missing_opening_chainlink_tick"}
[2026-06-04T23:35:01.889Z] INFO Tracking market. {"market":"DOGE","slug":"doge-updown-5m-1780616100","title":"Dogecoin Up or Down - June 4, 7:35PM-7:40PM ET","end":"2026-06-04T23:40:00.000Z","upToken":"50805363219072305078082367256820523258095085908854966209490889655001853415597","downToken":"64465485836165854219441288697503977379170880260176214938437155465977101720158","orderMinSize":5,"tickSize":"0.01"}
[2026-06-04T23:35:01.889Z] INFO Skipped trade. {"slug":"doge-updown-5m-1780616100","reason":"missing_opening_chainlink_tick"}
[2026-06-04T23:35:03.919Z] INFO Captured Chainlink opening tick. {"slug":"eth-updown-5m-1780616100","openingPrice":1763.357485,"tickTimestamp":"2026-06-04T23:35:00.000Z"}
[2026-06-04T23:35:03.928Z] INFO Skipped trade. {"slug":"eth-updown-5m-1780616100","reason":"btc_distance_below_threshold","market":"ETH","minDistanceUsd":{"UP":0.5,"DOWN":0.5},"openingPrice":1763.357485,"currentPrice":1763.420875}
[2026-06-04T23:35:03.935Z] INFO Captured Chainlink opening tick. {"slug":"doge-updown-5m-1780616100","openingPrice":0.0880423,"tickTimestamp":"2026-06-04T23:35:00.000Z"}
[2026-06-04T23:35:03.939Z] INFO Skipped trade. {"slug":"doge-updown-5m-1780616100","reason":"btc_distance_below_threshold","market":"DOGE","minDistanceUsd":{"UP":0.0001,"DOWN":0.0001},"openingPrice":0.0880423,"currentPrice":0.0880453}
[2026-06-04T23:39:30.009Z] INFO Skipped trade. {"slug":"btc-updown-5m-1780616100","reason":"no_ask_liquidity_under_cap","outcome":"UP"}
[2026-06-04T23:39:30.009Z] INFO Skipped trade. {"slug":"eth-updown-5m-1780616100","reason":"no_ask_liquidity_under_cap","outcome":"UP"}
[2026-06-04T23:40:01.271Z] INFO Tracking market. {"market":"BTC","slug":"btc-updown-5m-1780616400","title":"Bitcoin Up or Down - June 4, 7:40PM-7:45PM ET","end":"2026-06-04T23:45:00.000Z","upToken":"71857551046008595773500006911685307879076728342781884392010885210226605646266","downToken":"2319378946046422825111896976985749967314672564113133298097210453169067148374","orderMinSize":5,"tickSize":"0.01"}
[2026-06-04T23:40:01.271Z] INFO Skipped trade. {"slug":"btc-updown-5m-1780616400","reason":"missing_opening_chainlink_tick"}
[2026-06-04T23:40:01.272Z] INFO Tracking market. {"market":"ETH","slug":"eth-updown-5m-1780616400","title":"Ethereum Up or Down - June 4, 7:40PM-7:45PM ET","end":"2026-06-04T23:45:00.000Z","upToken":"81377144861844530019326165014722715689869782042037528444829282250691812997659","downToken":"103293598797153063856195898316451471727761420623749476468411029037053015597427","orderMinSize":5,"tickSize":"0.01"}
[2026-06-04T23:40:01.272Z] INFO Skipped trade. {"slug":"eth-updown-5m-1780616400","reason":"missing_opening_chainlink_tick"}
[2026-06-04T23:40:01.272Z] INFO Tracking market. {"market":"DOGE","slug":"doge-updown-5m-1780616400","title":"Dogecoin Up or Down - June 4, 7:40PM-7:45PM ET","end":"2026-06-04T23:45:00.000Z","upToken":"68777349141735767776988586620385168115676002386671743419902768216002900002278","downToken":"15149900088259656946406860352979534719364791031358376330189920661818475569265","orderMinSize":5,"tickSize":"0.01"}
[2026-06-04T23:40:01.272Z] INFO Skipped trade. {"slug":"doge-updown-5m-1780616400","reason":"missing_opening_chainlink_tick"}
[2026-06-04T23:40:02.306Z] INFO Captured Chainlink opening tick. {"slug":"btc-updown-5m-1780616400","openingPrice":63641.47373584413,"tickTimestamp":"2026-06-04T23:40:00.000Z"}
[2026-06-04T23:40:02.320Z] INFO Skipped trade. {"slug":"btc-updown-5m-1780616400","reason":"btc_distance_below_threshold","market":"BTC","minDistanceUsd":{"UP":5,"DOWN":5},"openingPrice":63641.47373584413,"currentPrice":63641.47373584413}
[2026-06-04T23:40:04.345Z] INFO Captured Chainlink opening tick. {"slug":"eth-updown-5m-1780616400","openingPrice":1765.925465936082,"tickTimestamp":"2026-06-04T23:40:00.000Z"}
[2026-06-04T23:40:04.358Z] INFO Skipped trade. {"slug":"eth-updown-5m-1780616400","reason":"btc_distance_below_threshold","market":"ETH","minDistanceUsd":{"UP":0.5,"DOWN":0.5},"openingPrice":1765.925465936082,"currentPrice":1765.928175}
[2026-06-04T23:40:04.368Z] INFO Captured Chainlink opening tick. {"slug":"doge-updown-5m-1780616400","openingPrice":0.0881405,"tickTimestamp":"2026-06-04T23:40:00.000Z"}
[2026-06-04T23:40:04.375Z] INFO Skipped trade. {"slug":"doge-updown-5m-1780616400","reason":"btc_distance_below_threshold","market":"DOGE","minDistanceUsd":{"UP":0.0001,"DOWN":0.0001},"openingPrice":0.0881405,"currentPrice":0.0881132}
[2026-06-04T23:44:29.659Z] INFO Skipped trade. {"slug":"btc-updown-5m-1780616400","reason":"no_ask_liquidity_under_cap","outcome":"UP"}
[2026-06-04T23:44:29.659Z] INFO Skipped trade. {"slug":"eth-updown-5m-1780616400","reason":"no_ask_liquidity_under_cap","outcome":"UP"}
[2026-06-04T23:44:32.413Z] INFO Skipped trade. {"slug":"doge-updown-5m-1780616400","reason":"no_ask_liquidity_under_cap","outcome":"UP"}
[2026-06-04T23:45:02.232Z] INFO Tracking market. {"market":"BTC","slug":"btc-updown-5m-1780616700","title":"Bitcoin Up or Down - June 4, 7:45PM-7:50PM ET","end":"2026-06-04T23:50:00.000Z","upToken":"106162421752233428314135659950233367689611977248784968895291752171209321510041","downToken":"77255189989913242717517101375639740109449550561053426242984875037216738356352","orderMinSize":5,"tickSize":"0.01"}
[2026-06-04T23:45:02.242Z] INFO Captured Chainlink opening tick. {"slug":"btc-updown-5m-1780616700","openingPrice":63694.48422338337,"tickTimestamp":"2026-06-04T23:45:00.000Z"}
[2026-06-04T23:45:02.246Z] INFO Skipped trade. {"slug":"btc-updown-5m-1780616700","reason":"btc_distance_below_threshold","market":"BTC","minDistanceUsd":{"UP":5,"DOWN":5},"openingPrice":63694.48422338337,"currentPrice":63694.48422338337}
[2026-06-04T23:45:02.246Z] INFO Tracking market. {"market":"ETH","slug":"eth-updown-5m-1780616700","title":"Ethereum Up or Down - June 4, 7:45PM-7:50PM ET","end":"2026-06-04T23:50:00.000Z","upToken":"59748991481990419292756633928942351385431054249833087414623326131795777842245","downToken":"43711796001157338820786628817993482711542446797269768988273256831045546982589","orderMinSize":5,"tickSize":"0.01"}
[2026-06-04T23:45:02.246Z] INFO Skipped trade. {"slug":"eth-updown-5m-1780616700","reason":"missing_opening_chainlink_tick"}
[2026-06-04T23:45:02.246Z] INFO Tracking market. {"market":"DOGE","slug":"doge-updown-5m-1780616700","title":"Dogecoin Up or Down - June 4, 7:45PM-7:50PM ET","end":"2026-06-04T23:50:00.000Z","upToken":"65591600955047569793946808942758342647570137635331480101189398952602068760202","downToken":"95344150784062934754559990600539205047826896066646398185609307479609516216065","orderMinSize":5,"tickSize":"0.01"}
[2026-06-04T23:45:02.246Z] INFO Skipped trade. {"slug":"doge-updown-5m-1780616700","reason":"missing_opening_chainlink_tick"}
[2026-06-04T23:45:05.274Z] INFO Captured Chainlink opening tick. {"slug":"eth-updown-5m-1780616700","openingPrice":1768.015725,"tickTimestamp":"2026-06-04T23:45:00.000Z"}
[2026-06-04T23:45:05.298Z] INFO Captured Chainlink opening tick. {"slug":"doge-updown-5m-1780616700","openingPrice":0.0882671,"tickTimestamp":"2026-06-04T23:45:00.000Z"}
[2026-06-04T23:45:05.304Z] INFO Skipped trade. {"slug":"doge-updown-5m-1780616700","reason":"btc_distance_below_threshold","market":"DOGE","minDistanceUsd":{"UP":0.0001,"DOWN":0.0001},"openingPrice":0.0882671,"currentPrice":0.088283}
[2026-06-04T23:49:30.623Z] INFO Skipped trade. {"slug":"btc-updown-5m-1780616700","reason":"no_ask_liquidity_under_cap","outcome":"DOWN"}
[2026-06-04T23:49:30.623Z] INFO Skipped trade. {"slug":"eth-updown-5m-1780616700","reason":"no_ask_liquidity_under_cap","outcome":"DOWN"}
[2026-06-04T23:49:38.106Z] INFO Trade attempt recorded. {"mode":"sim","slug":"btc-updown-5m-1780616700","outcome":"DOWN","amountUsd":5,"bestAsk":0.56,"estimatedShares":8.928571428571427}
[2026-06-04T23:49:39.357Z] INFO Skipped trade. {"slug":"btc-updown-5m-1780616700","reason":"market_already_traded"}
[2026-06-04T23:49:50.849Z] INFO Skipped trade. {"slug":"doge-updown-5m-1780616700","reason":"no_ask_liquidity_under_cap","outcome":"DOWN"}
[2026-06-04T23:50:02.629Z] INFO Tracking market. {"market":"BTC","slug":"btc-updown-5m-1780617000","title":"Bitcoin Up or Down - June 4, 7:50PM-7:55PM ET","end":"2026-06-04T23:55:00.000Z","upToken":"49734216455145718527241041971862246632672469775799421074654967265487839083881","downToken":"14055456138820990364877743062124422875686593192061003883475326608299357074457","orderMinSize":5,"tickSize":"0.01"}
[2026-06-04T23:50:02.635Z] INFO Captured Chainlink opening tick. {"slug":"btc-updown-5m-1780617000","openingPrice":63700.93635151024,"tickTimestamp":"2026-06-04T23:50:00.000Z"}
[2026-06-04T23:50:02.640Z] INFO Skipped trade. {"slug":"btc-updown-5m-1780617000","reason":"btc_distance_below_threshold","market":"BTC","minDistanceUsd":{"UP":5,"DOWN":5},"openingPrice":63700.93635151024,"currentPrice":63700.93635151024}
[2026-06-04T23:50:02.641Z] INFO Tracking market. {"market":"ETH","slug":"eth-updown-5m-1780617000","title":"Ethereum Up or Down - June 4, 7:50PM-7:55PM ET","end":"2026-06-04T23:55:00.000Z","upToken":"45565464953559930827113591829487098971036373326376366732455643820762713871674","downToken":"102855506026576610786848262340909465050361758664745596101999502152520624550083","orderMinSize":5,"tickSize":"0.01"}
[2026-06-04T23:50:02.641Z] INFO Skipped trade. {"slug":"eth-updown-5m-1780617000","reason":"missing_opening_chainlink_tick"}
[2026-06-04T23:50:02.641Z] INFO Tracking market. {"market":"DOGE","slug":"doge-updown-5m-1780617000","title":"Dogecoin Up or Down - June 4, 7:50PM-7:55PM ET","end":"2026-06-04T23:55:00.000Z","upToken":"68108853282869040528747298694680480334184665160493178537009400663243643426524","downToken":"114540238228835258133156222667224507370940884082589557765497248829615464873626","orderMinSize":5,"tickSize":"0.01"}
[2026-06-04T23:50:02.641Z] INFO Skipped trade. {"slug":"doge-updown-5m-1780617000","reason":"missing_opening_chainlink_tick"}
[2026-06-04T23:50:03.659Z] INFO Resolved trade. {"mode":"sim","slug":"btc-updown-5m-1780616700","outcome":"DOWN","winningOutcome":"UP","won":false,"finalPrice":63701.13825651024}
[2026-06-04T23:50:05.682Z] INFO Captured Chainlink opening tick. {"slug":"eth-updown-5m-1780617000","openingPrice":1767.137175,"tickTimestamp":"2026-06-04T23:50:00.000Z"}
[2026-06-04T23:50:05.685Z] INFO Skipped trade. {"slug":"eth-updown-5m-1780617000","reason":"btc_distance_below_threshold","market":"ETH","minDistanceUsd":{"UP":0.5,"DOWN":0.5},"openingPrice":1767.137175,"currentPrice":1767.1399821404978}
[2026-06-04T23:50:05.689Z] INFO Captured Chainlink opening tick. {"slug":"doge-updown-5m-1780617000","openingPrice":0.0882611,"tickTimestamp":"2026-06-04T23:50:00.000Z"}
[2026-06-04T23:50:05.693Z] INFO Skipped trade. {"slug":"doge-updown-5m-1780617000","reason":"btc_distance_below_threshold","market":"DOGE","minDistanceUsd":{"UP":0.0001,"DOWN":0.0001},"openingPrice":0.0882611,"currentPrice":0.0882752997635515}
[2026-06-04T23:54:29.353Z] INFO Skipped trade. {"slug":"btc-updown-5m-1780617000","reason":"no_ask_liquidity_under_cap","outcome":"UP"}
[2026-06-04T23:54:29.353Z] INFO Skipped trade. {"slug":"eth-updown-5m-1780617000","reason":"no_ask_liquidity_under_cap","outcome":"UP"}
[2026-06-04T23:54:29.353Z] INFO Skipped trade. {"slug":"doge-updown-5m-1780617000","reason":"no_ask_liquidity_under_cap","outcome":"UP"}
[2026-06-04T23:55:00.711Z] INFO Tracking market. {"market":"BTC","slug":"btc-updown-5m-1780617300","title":"Bitcoin Up or Down - June 4, 7:55PM-8:00PM ET","end":"2026-06-05T00:00:00.000Z","upToken":"96825436696381800572835569883503874054972310837243384683329714255777537424015","downToken":"17701425480801223053467783574440412049766344221166090067050132746084488599617","orderMinSize":5,"tickSize":"0.01"}
[2026-06-04T23:55:00.712Z] INFO Skipped trade. {"slug":"btc-updown-5m-1780617300","reason":"missing_opening_chainlink_tick"}
[2026-06-04T23:55:00.712Z] INFO Tracking market. {"market":"ETH","slug":"eth-updown-5m-1780617300","title":"Ethereum Up or Down - June 4, 7:55PM-8:00PM ET","end":"2026-06-05T00:00:00.000Z","upToken":"54305920456573384587736112434842466472139259950618509778857966713524339385517","downToken":"4585325564103400340966612556305103810554954492097154000500069256631242465277","orderMinSize":5,"tickSize":"0.01"}
[2026-06-04T23:55:00.712Z] INFO Skipped trade. {"slug":"eth-updown-5m-1780617300","reason":"missing_opening_chainlink_tick"}
[2026-06-04T23:55:00.712Z] INFO Tracking market. {"market":"DOGE","slug":"doge-updown-5m-1780617300","title":"Dogecoin Up or Down - June 4, 7:55PM-8:00PM ET","end":"2026-06-05T00:00:00.000Z","upToken":"63394664697337332368173231152135697195220848392376892850720150998422077608359","downToken":"15487629501721522824920231283526300012621465876231402366374466354271796525398","orderMinSize":5,"tickSize":"0.01"}
[2026-06-04T23:55:00.712Z] INFO Skipped trade. {"slug":"doge-updown-5m-1780617300","reason":"missing_opening_chainlink_tick"}
[2026-06-04T23:55:01.731Z] INFO Captured Chainlink opening tick. {"slug":"btc-updown-5m-1780617300","openingPrice":63793.28244152412,"tickTimestamp":"2026-06-04T23:55:00.000Z"}
[2026-06-04T23:55:01.736Z] INFO Skipped trade. {"slug":"btc-updown-5m-1780617300","reason":"btc_distance_below_threshold","market":"BTC","minDistanceUsd":{"UP":5,"DOWN":5},"openingPrice":63793.28244152412,"currentPrice":63793.28244152412}
[2026-06-04T23:55:05.929Z] INFO Captured Chainlink opening tick. {"slug":"eth-updown-5m-1780617300","openingPrice":1769.131745,"tickTimestamp":"2026-06-04T23:55:00.000Z"}
[2026-06-04T23:55:05.934Z] INFO Skipped trade. {"slug":"eth-updown-5m-1780617300","reason":"btc_distance_below_threshold","market":"ETH","minDistanceUsd":{"UP":0.5,"DOWN":0.5},"openingPrice":1769.131745,"currentPrice":1769.0701495437343}
[2026-06-04T23:55:05.941Z] INFO Captured Chainlink opening tick. {"slug":"doge-updown-5m-1780617300","openingPrice":0.0884527,"tickTimestamp":"2026-06-04T23:55:00.000Z"}
[2026-06-04T23:55:05.946Z] INFO Skipped trade. {"slug":"doge-updown-5m-1780617300","reason":"btc_distance_below_threshold","market":"DOGE","minDistanceUsd":{"UP":0.0001,"DOWN":0.0001},"openingPrice":0.0884527,"currentPrice":0.0884532}
[2026-06-04T23:56:30.271Z] INFO Skipped trade. {"slug":"eth-updown-5m-1780617300","reason":"stale_chainlink_tick","tickTimestamp":"2026-06-04T23:56:20.000Z"}
[2026-06-04T23:56:30.271Z] INFO Skipped trade. {"slug":"doge-updown-5m-1780617300","reason":"stale_chainlink_tick","tickTimestamp":"2026-06-04T23:56:20.000Z"}
[2026-06-04T23:59:29.479Z] INFO Skipped trade. {"slug":"btc-updown-5m-1780617300","reason":"no_ask_liquidity_under_cap","outcome":"UP"}
[2026-06-05T00:00:01.753Z] INFO Tracking market. {"market":"BTC","slug":"btc-updown-5m-1780617600","title":"Bitcoin Up or Down - June 4, 8:00PM-8:05PM ET","end":"2026-06-05T00:05:00.000Z","upToken":"114796700632796519647877423523068514452270151545151906996156785431510591865977","downToken":"111529986092732243856708617261342341230307358509867087774744030128385971998419","orderMinSize":5,"tickSize":"0.01"}
[2026-06-05T00:00:01.760Z] INFO Captured Chainlink opening tick. {"slug":"btc-updown-5m-1780617600","openingPrice":63812.557338512,"tickTimestamp":"2026-06-05T00:00:00.000Z"}
[2026-06-05T00:00:01.769Z] INFO Skipped trade. {"slug":"btc-updown-5m-1780617600","reason":"btc_distance_below_threshold","market":"BTC","minDistanceUsd":{"UP":5,"DOWN":5},"openingPrice":63812.557338512,"currentPrice":63812.557338512}
[2026-06-05T00:00:01.769Z] INFO Tracking market. {"market":"ETH","slug":"eth-updown-5m-1780617600","title":"Ethereum Up or Down - June 4, 8:00PM-8:05PM ET","end":"2026-06-05T00:05:00.000Z","upToken":"48580815656661949937300755557654098816896257161480676101626224469973617690181","downToken":"65922995817840110501159836142518614715793633566083684807653548514811068733896","orderMinSize":5,"tickSize":"0.01"}
[2026-06-05T00:00:01.769Z] INFO Skipped trade. {"slug":"eth-updown-5m-1780617600","reason":"missing_opening_chainlink_tick"}
[2026-06-05T00:00:01.769Z] INFO Tracking market. {"market":"DOGE","slug":"doge-updown-5m-1780617600","title":"Dogecoin Up or Down - June 4, 8:00PM-8:05PM ET","end":"2026-06-05T00:05:00.000Z","upToken":"7872194768943099474358362183961177531426623016937420694490850223840597093816","downToken":"98256867269253051856853375307552062717962466829007387084527649130104495458184","orderMinSize":5,"tickSize":"0.01"}
[2026-06-05T00:00:01.770Z] INFO Skipped trade. {"slug":"doge-updown-5m-1780617600","reason":"missing_opening_chainlink_tick"}
[2026-06-05T00:00:05.803Z] INFO Captured Chainlink opening tick. {"slug":"eth-updown-5m-1780617600","openingPrice":1768.75878,"tickTimestamp":"2026-06-05T00:00:00.000Z"}
[2026-06-05T00:00:05.814Z] INFO Captured Chainlink opening tick. {"slug":"doge-updown-5m-1780617600","openingPrice":0.0884723525895917,"tickTimestamp":"2026-06-05T00:00:00.000Z"}
[2026-06-05T00:00:05.818Z] INFO Skipped trade. {"slug":"doge-updown-5m-1780617600","reason":"btc_distance_below_threshold","market":"DOGE","minDistanceUsd":{"UP":0.0001,"DOWN":0.0001},"openingPrice":0.0884723525895917,"currentPrice":0.0883901882198432}
[2026-06-05T00:04:29.369Z] INFO Skipped trade. {"slug":"btc-updown-5m-1780617600","reason":"no_ask_liquidity_under_cap","outcome":"DOWN"}
[2026-06-05T00:04:29.369Z] INFO Skipped trade. {"slug":"eth-updown-5m-1780617600","reason":"no_ask_liquidity_under_cap","outcome":"DOWN"}
[2026-06-05T00:04:29.369Z] INFO Skipped trade. {"slug":"doge-updown-5m-1780617600","reason":"no_ask_liquidity_under_cap","outcome":"DOWN"}
[2026-06-05T00:05:01.460Z] INFO Tracking market. {"market":"BTC","slug":"btc-updown-5m-1780617900","title":"Bitcoin Up or Down - June 4, 8:05PM-8:10PM ET","end":"2026-06-05T00:10:00.000Z","upToken":"66474446359491368602647672687598315111085670451740440874451419186779077630957","downToken":"580399692027544746006978525446896685117695466488895772278761713112720498418","orderMinSize":5,"tickSize":"0.01"}
[2026-06-05T00:05:01.466Z] INFO Captured Chainlink opening tick. {"slug":"btc-updown-5m-1780617900","openingPrice":63671.92062472088,"tickTimestamp":"2026-06-05T00:05:00.000Z"}
[2026-06-05T00:05:01.471Z] INFO Skipped trade. {"slug":"btc-updown-5m-1780617900","reason":"btc_distance_below_threshold","market":"BTC","minDistanceUsd":{"UP":5,"DOWN":5},"openingPrice":63671.92062472088,"currentPrice":63671.92062472088}
[2026-06-05T00:05:01.472Z] INFO Tracking market. {"market":"ETH","slug":"eth-updown-5m-1780617900","title":"Ethereum Up or Down - June 4, 8:05PM-8:10PM ET","end":"2026-06-05T00:10:00.000Z","upToken":"102843190407376310148578656662352583460458724239710090879690971809371835143282","downToken":"85015826638057554500056222983181862116622042959829318163950468198123851607125","orderMinSize":5,"tickSize":"0.01"}
[2026-06-05T00:05:01.479Z] INFO Captured Chainlink opening tick. {"slug":"eth-updown-5m-1780617900","openingPrice":1763.3822576010077,"tickTimestamp":"2026-06-05T00:05:00.000Z"}
[2026-06-05T00:05:01.484Z] INFO Skipped trade. {"slug":"eth-updown-5m-1780617900","reason":"btc_distance_below_threshold","market":"ETH","minDistanceUsd":{"UP":0.5,"DOWN":0.5},"openingPrice":1763.3822576010077,"currentPrice":1763.3822576010077}
[2026-06-05T00:05:01.484Z] INFO Tracking market. {"market":"DOGE","slug":"doge-updown-5m-1780617900","title":"Dogecoin Up or Down - June 4, 8:05PM-8:10PM ET","end":"2026-06-05T00:10:00.000Z","upToken":"47420275689623591363592838154324333159086496455299537582112093567536980509746","downToken":"36001320497212860756330090415336362111436565737080986853749374525001651852510","orderMinSize":5,"tickSize":"0.01"}
[2026-06-05T00:05:01.488Z] INFO Captured Chainlink opening tick. {"slug":"doge-updown-5m-1780617900","openingPrice":0.0882140767988478,"tickTimestamp":"2026-06-05T00:05:00.000Z"}
[2026-06-05T00:05:01.492Z] INFO Skipped trade. {"slug":"doge-updown-5m-1780617900","reason":"btc_distance_below_threshold","market":"DOGE","minDistanceUsd":{"UP":0.0001,"DOWN":0.0001},"openingPrice":0.0882140767988478,"currentPrice":0.0882140767988478}
[2026-06-05T00:09:30.691Z] INFO Skipped trade. {"slug":"btc-updown-5m-1780617900","reason":"no_ask_liquidity_under_cap","outcome":"UP"}
[2026-06-05T00:09:30.691Z] INFO Skipped trade. {"slug":"eth-updown-5m-1780617900","reason":"no_ask_liquidity_under_cap","outcome":"UP"}
[2026-06-05T00:09:47.057Z] INFO Skipped trade. {"slug":"doge-updown-5m-1780617900","reason":"no_ask_liquidity_under_cap","outcome":"UP"}
[2026-06-05T00:10:00.654Z] INFO Tracking market. {"market":"BTC","slug":"btc-updown-5m-1780618200","title":"Bitcoin Up or Down - June 4, 8:10PM-8:15PM ET","end":"2026-06-05T00:15:00.000Z","upToken":"99348848207585200856814748450414865050743585430489957840386476010142735574629","downToken":"23265939209447888780982176807291568084993307656005132625014528212336157087544","orderMinSize":5,"tickSize":"0.01"}
[2026-06-05T00:10:00.654Z] INFO Skipped trade. {"slug":"btc-updown-5m-1780618200","reason":"missing_opening_chainlink_tick"}
[2026-06-05T00:10:00.654Z] INFO Tracking market. {"market":"ETH","slug":"eth-updown-5m-1780618200","title":"Ethereum Up or Down - June 4, 8:10PM-8:15PM ET","end":"2026-06-05T00:15:00.000Z","upToken":"68899387049602443503916165534695974288633412373354282316016787353645816394754","downToken":"29493794065810060688934047048880823287112052775827921508102265807972911116884","orderMinSize":5,"tickSize":"0.01"}
[2026-06-05T00:10:00.654Z] INFO Skipped trade. {"slug":"eth-updown-5m-1780618200","reason":"missing_opening_chainlink_tick"}
[2026-06-05T00:10:00.654Z] INFO Tracking market. {"market":"DOGE","slug":"doge-updown-5m-1780618200","title":"Dogecoin Up or Down - June 4, 8:10PM-8:15PM ET","end":"2026-06-05T00:15:00.000Z","upToken":"2568912497434702612904020756622991090471929504388452436476142299716238258286","downToken":"107557959708750676458019958069270235234133648115518378420867803399197012984555","orderMinSize":5,"tickSize":"0.01"}
[2026-06-05T00:10:00.655Z] INFO Skipped trade. {"slug":"doge-updown-5m-1780618200","reason":"missing_opening_chainlink_tick"}
[2026-06-05T00:10:01.666Z] INFO Captured Chainlink opening tick. {"slug":"btc-updown-5m-1780618200","openingPrice":63753.48729333964,"tickTimestamp":"2026-06-05T00:10:00.000Z"}
[2026-06-05T00:10:01.671Z] INFO Skipped trade. {"slug":"btc-updown-5m-1780618200","reason":"btc_distance_below_threshold","market":"BTC","minDistanceUsd":{"UP":5,"DOWN":5},"openingPrice":63753.48729333964,"currentPrice":63753.48729333964}
[2026-06-05T00:10:01.676Z] INFO Captured Chainlink opening tick. {"slug":"eth-updown-5m-1780618200","openingPrice":1766.1148,"tickTimestamp":"2026-06-05T00:10:00.000Z"}
[2026-06-05T00:10:01.680Z] INFO Skipped trade. {"slug":"eth-updown-5m-1780618200","reason":"btc_distance_below_threshold","market":"ETH","minDistanceUsd":{"UP":0.5,"DOWN":0.5},"openingPrice":1766.1148,"currentPrice":1766.1148}
[2026-06-05T00:10:01.688Z] INFO Captured Chainlink opening tick. {"slug":"doge-updown-5m-1780618200","openingPrice":0.088303,"tickTimestamp":"2026-06-05T00:10:00.000Z"}
[2026-06-05T00:10:01.692Z] INFO Skipped trade. {"slug":"doge-updown-5m-1780618200","reason":"btc_distance_below_threshold","market":"DOGE","minDistanceUsd":{"UP":0.0001,"DOWN":0.0001},"openingPrice":0.088303,"currentPrice":0.088303}
[2026-06-05T00:14:29.083Z] INFO Skipped trade. {"slug":"btc-updown-5m-1780618200","reason":"no_ask_liquidity_under_cap","outcome":"DOWN"}
[2026-06-05T00:14:29.083Z] INFO Skipped trade. {"slug":"eth-updown-5m-1780618200","reason":"no_ask_liquidity_under_cap","outcome":"DOWN"}
[2026-06-05T00:14:29.083Z] INFO Skipped trade. {"slug":"doge-updown-5m-1780618200","reason":"no_ask_liquidity_under_cap","outcome":"DOWN"}
[2026-06-05T00:15:01.719Z] INFO Tracking market. {"market":"BTC","slug":"btc-updown-5m-1780618500","title":"Bitcoin Up or Down - June 4, 8:15PM-8:20PM ET","end":"2026-06-05T00:20:00.000Z","upToken":"115208566859043811853497372225024659583760301117080998365885426488497953858417","downToken":"63487750844101001444979502990590839724679958325105678738159618608196477511828","orderMinSize":5,"tickSize":"0.01"}
[2026-06-05T00:15:01.725Z] INFO Captured Chainlink opening tick. {"slug":"btc-updown-5m-1780618500","openingPrice":63598.23191404904,"tickTimestamp":"2026-06-05T00:15:00.000Z"}
[2026-06-05T00:15:01.729Z] INFO Skipped trade. {"slug":"btc-updown-5m-1780618500","reason":"btc_distance_below_threshold","market":"BTC","minDistanceUsd":{"UP":5,"DOWN":5},"openingPrice":63598.23191404904,"currentPrice":63598.23191404904}
[2026-06-05T00:15:01.729Z] INFO Tracking market. {"market":"ETH","slug":"eth-updown-5m-1780618500","title":"Ethereum Up or Down - June 4, 8:15PM-8:20PM ET","end":"2026-06-05T00:20:00.000Z","upToken":"97684679712354366909552177684155577804687105079107565474378191626522391774271","downToken":"30715332967156985642165384850954553746837295202911791923406731321734598544956","orderMinSize":5,"tickSize":"0.01"}
[2026-06-05T00:15:01.729Z] INFO Skipped trade. {"slug":"eth-updown-5m-1780618500","reason":"missing_opening_chainlink_tick"}
[2026-06-05T00:15:01.729Z] INFO Tracking market. {"market":"DOGE","slug":"doge-updown-5m-1780618500","title":"Dogecoin Up or Down - June 4, 8:15PM-8:20PM ET","end":"2026-06-05T00:20:00.000Z","upToken":"47013030559988654718713758989562346743493243127902735853551355881574678026773","downToken":"20403943945116250515056854847565142975884351969017832790700267551053971975806","orderMinSize":5,"tickSize":"0.01"}
[2026-06-05T00:15:01.729Z] INFO Skipped trade. {"slug":"doge-updown-5m-1780618500","reason":"missing_opening_chainlink_tick"}
[2026-06-05T00:15:02.750Z] INFO Captured Chainlink opening tick. {"slug":"eth-updown-5m-1780618500","openingPrice":1762.31363,"tickTimestamp":"2026-06-05T00:15:00.000Z"}
[2026-06-05T00:15:02.756Z] INFO Skipped trade. {"slug":"eth-updown-5m-1780618500","reason":"btc_distance_below_threshold","market":"ETH","minDistanceUsd":{"UP":0.5,"DOWN":0.5},"openingPrice":1762.31363,"currentPrice":1762.31363}
[2026-06-05T00:15:02.764Z] INFO Captured Chainlink opening tick. {"slug":"doge-updown-5m-1780618500","openingPrice":0.087967,"tickTimestamp":"2026-06-05T00:15:00.000Z"}
[2026-06-05T00:15:02.775Z] INFO Skipped trade. {"slug":"doge-updown-5m-1780618500","reason":"btc_distance_below_threshold","market":"DOGE","minDistanceUsd":{"UP":0.0001,"DOWN":0.0001},"openingPrice":0.087967,"currentPrice":0.087967}
[2026-06-05T00:21:04.025Z] INFO Tracking market. {"market":"BTC","slug":"btc-updown-5m-1780618800","title":"Bitcoin Up or Down - June 4, 8:20PM-8:25PM ET","end":"2026-06-05T00:25:00.000Z","upToken":"16847392320545146717694784879607749118031033170890609138115201251053898588361","downToken":"60766351433238607444258143919212890158988077501304751537172578210629730042217","orderMinSize":5,"tickSize":"0.01"}
[2026-06-05T00:21:04.031Z] INFO Captured Chainlink opening tick. {"slug":"btc-updown-5m-1780618800","openingPrice":63616.94512958681,"tickTimestamp":"2026-06-05T00:20:01.000Z"}
[2026-06-05T00:21:04.035Z] INFO Tracking market. {"market":"ETH","slug":"eth-updown-5m-1780618800","title":"Ethereum Up or Down - June 4, 8:20PM-8:25PM ET","end":"2026-06-05T00:25:00.000Z","upToken":"68479253680398803641133210814156579152794373798884574365634979931611271511082","downToken":"20863311251457488437679045068690272271544060696995779506818310183640299794231","orderMinSize":5,"tickSize":"0.01"}
[2026-06-05T00:21:04.039Z] INFO Captured Chainlink opening tick. {"slug":"eth-updown-5m-1780618800","openingPrice":1761.390525,"tickTimestamp":"2026-06-05T00:20:01.000Z"}
[2026-06-05T00:21:04.041Z] INFO Tracking market. {"market":"DOGE","slug":"doge-updown-5m-1780618800","title":"Dogecoin Up or Down - June 4, 8:20PM-8:25PM ET","end":"2026-06-05T00:25:00.000Z","upToken":"62957460002710473045147165759888515092448742604981162568331632212780680045463","downToken":"23073165172903588086935799240268327761957842503466308461939953471702823954871","orderMinSize":5,"tickSize":"0.01"}
[2026-06-05T00:21:04.046Z] INFO Captured Chainlink opening tick. {"slug":"doge-updown-5m-1780618800","openingPrice":0.0878998,"tickTimestamp":"2026-06-05T00:20:01.000Z"}
[2026-06-05T00:21:20.838Z] WARN Bot loop iteration failed; retrying. {"error":"fetch failed"}
[2026-06-05T00:21:22.382Z] WARN Bot loop iteration failed; retrying. {"error":"fetch failed"}
[2026-06-05T00:21:23.904Z] WARN Bot loop iteration failed; retrying. {"error":"fetch failed"}
[2026-06-05T00:21:25.450Z] WARN Bot loop iteration failed; retrying. {"error":"fetch failed"}
[2026-06-05T00:21:26.989Z] WARN Bot loop iteration failed; retrying. {"error":"fetch failed"}
[2026-06-05T00:21:28.526Z] WARN Bot loop iteration failed; retrying. {"error":"fetch failed"}
[2026-06-05T00:21:30.069Z] WARN Bot loop iteration failed; retrying. {"error":"fetch failed"}
[2026-06-05T00:21:31.615Z] WARN Bot loop iteration failed; retrying. {"error":"fetch failed"}
[2026-06-05T00:21:33.168Z] WARN Bot loop iteration failed; retrying. {"error":"fetch failed"}
[2026-06-05T00:21:34.695Z] WARN Bot loop iteration failed; retrying. {"error":"fetch failed"}
[2026-06-05T00:21:41.449Z] WARN RTDS websocket closed; reconnecting soon.
[2026-06-05T00:21:46.306Z] WARN Bot loop iteration failed; retrying. {"error":"fetch failed"}
[2026-06-05T00:21:55.539Z] WARN RTDS websocket error. {"error":"getaddrinfo ENOTFOUND ws-live-data.polymarket.com"}
[2026-06-05T00:21:55.539Z] WARN RTDS websocket closed; reconnecting soon.
[2026-06-05T00:21:57.891Z] WARN Bot loop iteration failed; retrying. {"error":"fetch failed"}
[2026-06-05T00:21:58.545Z] WARN RTDS websocket error. {"error":"getaddrinfo ENOTFOUND ws-live-data.polymarket.com"}
[2026-06-05T00:21:58.545Z] WARN RTDS websocket closed; reconnecting soon.
[2026-06-05T00:22:01.555Z] WARN RTDS websocket error. {"error":"getaddrinfo ENOTFOUND ws-live-data.polymarket.com"}
[2026-06-05T00:22:01.555Z] WARN RTDS websocket closed; reconnecting soon.
[2026-06-05T00:22:09.465Z] WARN Bot loop iteration failed; retrying. {"error":"fetch failed"}
[2026-06-05T00:22:15.637Z] WARN RTDS websocket error. {"error":"getaddrinfo ENOTFOUND ws-live-data.polymarket.com"}
[2026-06-05T00:22:15.638Z] WARN RTDS websocket closed; reconnecting soon.
[2026-06-05T00:22:18.647Z] WARN RTDS websocket error. {"error":"getaddrinfo ENOTFOUND ws-live-data.polymarket.com"}
[2026-06-05T00:22:18.648Z] WARN RTDS websocket closed; reconnecting soon.
[2026-06-05T00:22:21.038Z] WARN Bot loop iteration failed; retrying. {"error":"fetch failed"}
[2026-06-05T00:22:21.659Z] WARN RTDS websocket error. {"error":"getaddrinfo ENOTFOUND ws-live-data.polymarket.com"}
[2026-06-05T00:22:21.659Z] WARN RTDS websocket closed; reconnecting soon.
[2026-06-05T00:22:32.578Z] WARN Bot loop iteration failed; retrying. {"error":"fetch failed"}
[2026-06-05T00:22:35.740Z] WARN RTDS websocket error. {"error":"getaddrinfo ENOTFOUND ws-live-data.polymarket.com"}
[2026-06-05T00:22:35.740Z] WARN RTDS websocket closed; reconnecting soon.
[2026-06-05T00:22:38.750Z] WARN RTDS websocket error. {"error":"getaddrinfo ENOTFOUND ws-live-data.polymarket.com"}
[2026-06-05T00:22:38.750Z] WARN RTDS websocket closed; reconnecting soon.
[2026-06-05T00:22:44.118Z] WARN Bot loop iteration failed; retrying. {"error":"fetch failed"}
[2026-06-05T00:22:45.657Z] WARN Bot loop iteration failed; retrying. {"error":"fetch failed"}
[2026-06-05T00:22:47.198Z] WARN Bot loop iteration failed; retrying. {"error":"fetch failed"}
[2026-06-05T00:22:48.518Z] INFO Skipped trade. {"slug":"btc-updown-5m-1780618800","reason":"stale_chainlink_tick","tickTimestamp":"2026-06-05T00:21:17.000Z"}
[2026-06-05T00:22:48.518Z] INFO Skipped trade. {"slug":"eth-updown-5m-1780618800","reason":"stale_chainlink_tick","tickTimestamp":"2026-06-05T00:21:16.000Z"}
[2026-06-05T00:22:48.518Z] INFO Skipped trade. {"slug":"doge-updown-5m-1780618800","reason":"stale_chainlink_tick","tickTimestamp":"2026-06-05T00:21:16.000Z"}
[2026-06-05T00:22:52.814Z] WARN RTDS websocket error. {"error":"getaddrinfo ENOTFOUND ws-live-data.polymarket.com"}
[2026-06-05T00:22:52.814Z] WARN RTDS websocket closed; reconnecting soon.
[2026-06-05T00:22:56.648Z] INFO Connected to Polymarket RTDS Chainlink feed.
[2026-06-05T00:24:31.571Z] INFO Skipped trade. {"slug":"btc-updown-5m-1780618800","reason":"no_ask_liquidity_under_cap","outcome":"UP"}
[2026-06-05T00:24:31.572Z] INFO Skipped trade. {"slug":"eth-updown-5m-1780618800","reason":"no_ask_liquidity_under_cap","outcome":"UP"}
[2026-06-05T00:24:31.572Z] INFO Skipped trade. {"slug":"doge-updown-5m-1780618800","reason":"no_ask_liquidity_under_cap","outcome":"UP"}
[2026-06-05T00:25:09.710Z] INFO Tracking market. {"market":"BTC","slug":"btc-updown-5m-1780619100","title":"Bitcoin Up or Down - June 4, 8:25PM-8:30PM ET","end":"2026-06-05T00:30:00.000Z","upToken":"55286711230078391994093991614957189956522796238800087553352666705348492510254","downToken":"54457866009456180334492144383323779519312976910347672923680732053849907431297","orderMinSize":5,"tickSize":"0.01"}
[2026-06-05T00:25:09.716Z] INFO Captured Chainlink opening tick. {"slug":"btc-updown-5m-1780619100","openingPrice":63774.20882,"tickTimestamp":"2026-06-05T00:25:00.000Z"}
[2026-06-05T00:25:09.719Z] INFO Tracking market. {"market":"ETH","slug":"eth-updown-5m-1780619100","title":"Ethereum Up or Down - June 4, 8:25PM-8:30PM ET","end":"2026-06-05T00:30:00.000Z","upToken":"92450646226276579438184963803783280595047664597670712995433756980401745257990","downToken":"37470816331165901960111153595895174914066079943795542711524197183033618868512","orderMinSize":5,"tickSize":"0.01"}
[2026-06-05T00:25:09.725Z] INFO Captured Chainlink opening tick. {"slug":"eth-updown-5m-1780619100","openingPrice":1767.7397,"tickTimestamp":"2026-06-05T00:25:00.000Z"}
[2026-06-05T00:25:09.730Z] INFO Skipped trade. {"slug":"eth-updown-5m-1780619100","reason":"btc_distance_below_threshold","market":"ETH","minDistanceUsd":{"UP":0.5,"DOWN":0.5},"openingPrice":1767.7397,"currentPrice":1767.4153509343357}
[2026-06-05T00:25:09.730Z] INFO Tracking market. {"market":"DOGE","slug":"doge-updown-5m-1780619100","title":"Dogecoin Up or Down - June 4, 8:25PM-8:30PM ET","end":"2026-06-05T00:30:00.000Z","upToken":"9880983869149271972324615268240693709940945635366636424866309950796482589251","downToken":"27530524956993170458753036274186623838397774499414704813392120362688484282928","orderMinSize":5,"tickSize":"0.01"}
[2026-06-05T00:25:09.735Z] INFO Captured Chainlink opening tick. {"slug":"doge-updown-5m-1780619100","openingPrice":0.088329024,"tickTimestamp":"2026-06-05T00:25:00.000Z"}
[2026-06-05T00:25:09.739Z] INFO Skipped trade. {"slug":"doge-updown-5m-1780619100","reason":"btc_distance_below_threshold","market":"DOGE","minDistanceUsd":{"UP":0.0001,"DOWN":0.0001},"openingPrice":0.088329024,"currentPrice":0.088304}
[2026-06-05T00:25:33.149Z] INFO Skipped trade. {"slug":"eth-updown-5m-1780619100","reason":"stale_chainlink_tick","tickTimestamp":"2026-06-05T00:25:23.000Z"}
[2026-06-05T00:25:33.149Z] INFO Skipped trade. {"slug":"doge-updown-5m-1780619100","reason":"stale_chainlink_tick","tickTimestamp":"2026-06-05T00:25:23.000Z"}
[2026-06-05T00:28:19.088Z] INFO Skipped trade. {"slug":"btc-updown-5m-1780619100","reason":"btc_distance_below_threshold","market":"BTC","minDistanceUsd":{"UP":5,"DOWN":5},"openingPrice":63774.20882,"currentPrice":63770.313590249636}
[2026-06-05T00:29:29.821Z] INFO Skipped trade. {"slug":"btc-updown-5m-1780619100","reason":"no_ask_liquidity_under_cap","outcome":"UP"}
[2026-06-05T00:29:29.821Z] INFO Skipped trade. {"slug":"eth-updown-5m-1780619100","reason":"no_ask_liquidity_under_cap","outcome":"UP"}
[2026-06-05T00:29:29.821Z] INFO Skipped trade. {"slug":"doge-updown-5m-1780619100","reason":"no_ask_liquidity_under_cap","outcome":"UP"}
[2026-06-05T00:30:00.519Z] INFO Tracking market. {"market":"BTC","slug":"btc-updown-5m-1780619400","title":"Bitcoin Up or Down - June 4, 8:30PM-8:35PM ET","end":"2026-06-05T00:35:00.000Z","upToken":"57630329182096168341394538384253045626000782094099989968128906676080593635717","downToken":"97639949668907046125691984269340624116920214421171710355734319028843308761632","orderMinSize":5,"tickSize":"0.01"}
[2026-06-05T00:30:00.520Z] INFO Skipped trade. {"slug":"btc-updown-5m-1780619400","reason":"missing_opening_chainlink_tick"}
[2026-06-05T00:30:00.520Z] INFO Tracking market. {"market":"ETH","slug":"eth-updown-5m-1780619400","title":"Ethereum Up or Down - June 4, 8:30PM-8:35PM ET","end":"2026-06-05T00:35:00.000Z","upToken":"71257270267622286249793558909451970050752685686877722834328698497880475164409","downToken":"12057710395224097379052366888902526214045675726808661764247162405884257000209","orderMinSize":5,"tickSize":"0.01"}
[2026-06-05T00:30:00.520Z] INFO Skipped trade. {"slug":"eth-updown-5m-1780619400","reason":"missing_opening_chainlink_tick"}
[2026-06-05T00:30:00.520Z] INFO Tracking market. {"market":"DOGE","slug":"doge-updown-5m-1780619400","title":"Dogecoin Up or Down - June 4, 8:30PM-8:35PM ET","end":"2026-06-05T00:35:00.000Z","upToken":"93626409762231631023865724574708614901261658585087544891158493724802472028056","downToken":"69345541232757641759648670229367710316007805075012633503006607743965330510804","orderMinSize":5,"tickSize":"0.01"}
[2026-06-05T00:30:00.520Z] INFO Skipped trade. {"slug":"doge-updown-5m-1780619400","reason":"missing_opening_chainlink_tick"}
[2026-06-05T00:30:01.542Z] INFO Captured Chainlink opening tick. {"slug":"btc-updown-5m-1780619400","openingPrice":63833.089493129235,"tickTimestamp":"2026-06-05T00:30:00.000Z"}
[2026-06-05T00:30:01.547Z] INFO Skipped trade. {"slug":"btc-updown-5m-1780619400","reason":"btc_distance_below_threshold","market":"BTC","minDistanceUsd":{"UP":5,"DOWN":5},"openingPrice":63833.089493129235,"currentPrice":63833.089493129235}
[2026-06-05T00:30:02.557Z] INFO Captured Chainlink opening tick. {"slug":"eth-updown-5m-1780619400","openingPrice":1770.698445,"tickTimestamp":"2026-06-05T00:30:00.000Z"}
[2026-06-05T00:30:02.561Z] INFO Skipped trade. {"slug":"eth-updown-5m-1780619400","reason":"btc_distance_below_threshold","market":"ETH","minDistanceUsd":{"UP":0.5,"DOWN":0.5},"openingPrice":1770.698445,"currentPrice":1770.685845}
[2026-06-05T00:30:02.566Z] INFO Captured Chainlink opening tick. {"slug":"doge-updown-5m-1780619400","openingPrice":0.0886358,"tickTimestamp":"2026-06-05T00:30:00.000Z"}
[2026-06-05T00:30:02.571Z] INFO Skipped trade. {"slug":"doge-updown-5m-1780619400","reason":"btc_distance_below_threshold","market":"DOGE","minDistanceUsd":{"UP":0.0001,"DOWN":0.0001},"openingPrice":0.0886358,"currentPrice":0.088638412}
[2026-06-05T00:34:29.553Z] INFO Skipped trade. {"slug":"btc-updown-5m-1780619400","reason":"no_ask_liquidity_under_cap","outcome":"DOWN"}
[2026-06-05T00:34:29.553Z] INFO Skipped trade. {"slug":"eth-updown-5m-1780619400","reason":"no_ask_liquidity_under_cap","outcome":"DOWN"}
[2026-06-05T00:34:29.553Z] INFO Skipped trade. {"slug":"doge-updown-5m-1780619400","reason":"no_ask_liquidity_under_cap","outcome":"DOWN"}
[2026-06-05T00:34:45.812Z] INFO Trade attempt recorded. {"mode":"sim","slug":"btc-updown-5m-1780619400","outcome":"DOWN","amountUsd":5,"bestAsk":0.6,"estimatedShares":8.333333333333334}
[2026-06-05T00:34:47.303Z] INFO Skipped trade. {"slug":"btc-updown-5m-1780619400","reason":"market_already_traded"}
[2026-06-05T00:35:01.144Z] INFO Resolved trade. {"mode":"sim","slug":"btc-updown-5m-1780619400","outcome":"DOWN","winningOutcome":"DOWN","won":true,"finalPrice":63819.97825220469}
[2026-06-05T00:35:01.202Z] INFO Tracking market. {"market":"BTC","slug":"btc-updown-5m-1780619700","title":"Bitcoin Up or Down - June 4, 8:35PM-8:40PM ET","end":"2026-06-05T00:40:00.000Z","upToken":"20464565859657346886522987793973150296094955530623248711796282501972965505126","downToken":"55019746525011175675520378555921887907293193897165639097539750968189734032634","orderMinSize":5,"tickSize":"0.01"}
[2026-06-05T00:35:01.208Z] INFO Captured Chainlink opening tick. {"slug":"btc-updown-5m-1780619700","openingPrice":63819.97825220469,"tickTimestamp":"2026-06-05T00:35:00.000Z"}
[2026-06-05T00:35:01.211Z] INFO Skipped trade. {"slug":"btc-updown-5m-1780619700","reason":"btc_distance_below_threshold","market":"BTC","minDistanceUsd":{"UP":5,"DOWN":5},"openingPrice":63819.97825220469,"currentPrice":63819.97825220469}
[2026-06-05T00:35:01.211Z] INFO Tracking market. {"market":"ETH","slug":"eth-updown-5m-1780619700","title":"Ethereum Up or Down - June 4, 8:35PM-8:40PM ET","end":"2026-06-05T00:40:00.000Z","upToken":"44055451628534477969176712185191212875836396067244583071334989610059432494732","downToken":"66082219057058468442727624440821850631300609730116860423787619767251901218918","orderMinSize":5,"tickSize":"0.01"}
[2026-06-05T00:35:01.211Z] INFO Skipped trade. {"slug":"eth-updown-5m-1780619700","reason":"missing_opening_chainlink_tick"}
[2026-06-05T00:35:01.211Z] INFO Tracking market. {"market":"DOGE","slug":"doge-updown-5m-1780619700","title":"Dogecoin Up or Down - June 4, 8:35PM-8:40PM ET","end":"2026-06-05T00:40:00.000Z","upToken":"103295253246792004707038911305280970242190408089071885940493919483424856273783","downToken":"28469724857817323694015610302983815129432403110436834104782519143409882081715","orderMinSize":5,"tickSize":"0.01"}
[2026-06-05T00:35:01.211Z] INFO Skipped trade. {"slug":"doge-updown-5m-1780619700","reason":"missing_opening_chainlink_tick"}
[2026-06-05T00:35:03.228Z] INFO Captured Chainlink opening tick. {"slug":"eth-updown-5m-1780619700","openingPrice":1769.55349,"tickTimestamp":"2026-06-05T00:35:00.000Z"}
[2026-06-05T00:35:03.233Z] INFO Skipped trade. {"slug":"eth-updown-5m-1780619700","reason":"btc_distance_below_threshold","market":"ETH","minDistanceUsd":{"UP":0.5,"DOWN":0.5},"openingPrice":1769.55349,"currentPrice":1769.605}
[2026-06-05T00:35:03.250Z] INFO Captured Chainlink opening tick. {"slug":"doge-updown-5m-1780619700","openingPrice":0.0884739,"tickTimestamp":"2026-06-05T00:35:00.000Z"}
[2026-06-05T00:35:03.256Z] INFO Skipped trade. {"slug":"doge-updown-5m-1780619700","reason":"btc_distance_below_threshold","market":"DOGE","minDistanceUsd":{"UP":0.0001,"DOWN":0.0001},"openingPrice":0.0884739,"currentPrice":0.0884746}
[2026-06-05T00:39:30.268Z] INFO Skipped trade. {"slug":"btc-updown-5m-1780619700","reason":"no_ask_liquidity_under_cap","outcome":"DOWN"}
[2026-06-05T00:39:30.268Z] INFO Skipped trade. {"slug":"eth-updown-5m-1780619700","reason":"no_ask_liquidity_under_cap","outcome":"DOWN"}
[2026-06-05T00:39:32.036Z] INFO Trade attempt recorded. {"mode":"sim","slug":"eth-updown-5m-1780619700","outcome":"DOWN","amountUsd":5,"bestAsk":0.41,"estimatedShares":12.195121951219512}
[2026-06-05T00:39:33.641Z] INFO Skipped trade. {"slug":"eth-updown-5m-1780619700","reason":"market_already_traded"}
[2026-06-05T00:40:00.652Z] INFO Tracking market. {"market":"BTC","slug":"btc-updown-5m-1780620000","title":"Bitcoin Up or Down - June 4, 8:40PM-8:45PM ET","end":"2026-06-05T00:45:00.000Z","upToken":"14062175391270681726078534888445657421098981623204185148049547062843319535071","downToken":"79444593050971928507619604781243829858773663287791266463403130209345235324756","orderMinSize":5,"tickSize":"0.01"}
[2026-06-05T00:40:00.653Z] INFO Skipped trade. {"slug":"btc-updown-5m-1780620000","reason":"missing_opening_chainlink_tick"}
[2026-06-05T00:40:00.653Z] INFO Tracking market. {"market":"ETH","slug":"eth-updown-5m-1780620000","title":"Ethereum Up or Down - June 4, 8:40PM-8:45PM ET","end":"2026-06-05T00:45:00.000Z","upToken":"74401342125328303146879149746367429168976567833399855174736620576356713278938","downToken":"105861196604750729669946651617495491903758082704176155275554423021999481110061","orderMinSize":5,"tickSize":"0.01"}
[2026-06-05T00:40:00.653Z] INFO Skipped trade. {"slug":"eth-updown-5m-1780620000","reason":"missing_opening_chainlink_tick"}
[2026-06-05T00:40:00.653Z] INFO Tracking market. {"market":"DOGE","slug":"doge-updown-5m-1780620000","title":"Dogecoin Up or Down - June 4, 8:40PM-8:45PM ET","end":"2026-06-05T00:45:00.000Z","upToken":"31968254418312785997322256642702205124052863792142362281719465746605908459455","downToken":"105096806990779241075470800768686370309041689743329855403262927020934682334184","orderMinSize":5,"tickSize":"0.01"}
[2026-06-05T00:40:00.653Z] INFO Skipped trade. {"slug":"doge-updown-5m-1780620000","reason":"missing_opening_chainlink_tick"}
[2026-06-05T00:40:01.675Z] INFO Captured Chainlink opening tick. {"slug":"btc-updown-5m-1780620000","openingPrice":63776.526091084335,"tickTimestamp":"2026-06-05T00:40:00.000Z"}
[2026-06-05T00:40:01.696Z] INFO Skipped trade. {"slug":"btc-updown-5m-1780620000","reason":"btc_distance_below_threshold","market":"BTC","minDistanceUsd":{"UP":5,"DOWN":5},"openingPrice":63776.526091084335,"currentPrice":63776.526091084335}
[2026-06-05T00:40:03.716Z] INFO Resolved trade. {"mode":"sim","slug":"eth-updown-5m-1780619700","outcome":"DOWN","winningOutcome":"UP","won":false,"finalPrice":1771.6488595357719}
[2026-06-05T00:40:03.722Z] INFO Captured Chainlink opening tick. {"slug":"eth-updown-5m-1780620000","openingPrice":1771.247885,"tickTimestamp":"2026-06-05T00:40:00.000Z"}
[2026-06-05T00:40:03.726Z] INFO Skipped trade. {"slug":"eth-updown-5m-1780620000","reason":"btc_distance_below_threshold","market":"ETH","minDistanceUsd":{"UP":0.5,"DOWN":0.5},"openingPrice":1771.247885,"currentPrice":1771.6488595357719}
[2026-06-05T00:40:03.731Z] INFO Captured Chainlink opening tick. {"slug":"doge-updown-5m-1780620000","openingPrice":0.0885618637053949,"tickTimestamp":"2026-06-05T00:40:00.000Z"}
[2026-06-05T00:40:03.735Z] INFO Skipped trade. {"slug":"doge-updown-5m-1780620000","reason":"btc_distance_below_threshold","market":"DOGE","minDistanceUsd":{"UP":0.0001,"DOWN":0.0001},"openingPrice":0.0885618637053949,"currentPrice":0.0885826653178022}
[2026-06-05T00:44:53.609Z] INFO Skipped trade. {"slug":"btc-updown-5m-1780620000","reason":"no_ask_liquidity_under_cap","outcome":"DOWN"}
[2026-06-05T00:44:53.609Z] INFO Skipped trade. {"slug":"eth-updown-5m-1780620000","reason":"no_ask_liquidity_under_cap","outcome":"DOWN"}
[2026-06-05T00:44:53.609Z] INFO Skipped trade. {"slug":"doge-updown-5m-1780620000","reason":"no_ask_liquidity_under_cap","outcome":"DOWN"}
[2026-06-05T00:45:00.373Z] INFO Tracking market. {"market":"BTC","slug":"btc-updown-5m-1780620300","title":"Bitcoin Up or Down - June 4, 8:45PM-8:50PM ET","end":"2026-06-05T00:50:00.000Z","upToken":"53810201272415740015105366781214569611243436922063608287914417650375537878356","downToken":"25403004007235842910435656409269546211166623792641924710577340968020441989132","orderMinSize":5,"tickSize":"0.01"}
[2026-06-05T00:45:00.373Z] INFO Skipped trade. {"slug":"btc-updown-5m-1780620300","reason":"missing_opening_chainlink_tick"}
[2026-06-05T00:45:00.373Z] INFO Tracking market. {"market":"ETH","slug":"eth-updown-5m-1780620300","title":"Ethereum Up or Down - June 4, 8:45PM-8:50PM ET","end":"2026-06-05T00:50:00.000Z","upToken":"91289362015903904293810285107297235641786666518600172946487878103639907709111","downToken":"30122558273161544327631625449409913270316451029727466675280165791786481198692","orderMinSize":5,"tickSize":"0.01"}
[2026-06-05T00:45:00.373Z] INFO Skipped trade. {"slug":"eth-updown-5m-1780620300","reason":"missing_opening_chainlink_tick"}
[2026-06-05T00:45:00.373Z] INFO Tracking market. {"market":"DOGE","slug":"doge-updown-5m-1780620300","title":"Dogecoin Up or Down - June 4, 8:45PM-8:50PM ET","end":"2026-06-05T00:50:00.000Z","upToken":"80498302723931845498827388579041412882141301600033832392125346244529236461959","downToken":"46904725626705435859519979716582587345865181943068843967946188441046378024091","orderMinSize":5,"tickSize":"0.01"}
[2026-06-05T00:45:00.373Z] INFO Skipped trade. {"slug":"doge-updown-5m-1780620300","reason":"missing_opening_chainlink_tick"}
[2026-06-05T00:45:01.386Z] INFO Captured Chainlink opening tick. {"slug":"btc-updown-5m-1780620300","openingPrice":63629.86987051617,"tickTimestamp":"2026-06-05T00:45:00.000Z"}
[2026-06-05T00:45:01.390Z] INFO Skipped trade. {"slug":"btc-updown-5m-1780620300","reason":"btc_distance_below_threshold","market":"BTC","minDistanceUsd":{"UP":5,"DOWN":5},"openingPrice":63629.86987051617,"currentPrice":63629.86987051617}
[2026-06-05T00:45:04.420Z] INFO Captured Chainlink opening tick. {"slug":"eth-updown-5m-1780620300","openingPrice":1766.8914418252095,"tickTimestamp":"2026-06-05T00:45:00.000Z"}
[2026-06-05T00:45:04.423Z] INFO Skipped trade. {"slug":"eth-updown-5m-1780620300","reason":"btc_distance_below_threshold","market":"ETH","minDistanceUsd":{"UP":0.5,"DOWN":0.5},"openingPrice":1766.8914418252095,"currentPrice":1766.847875}
[2026-06-05T00:45:04.428Z] INFO Captured Chainlink opening tick. {"slug":"doge-updown-5m-1780620300","openingPrice":0.088275,"tickTimestamp":"2026-06-05T00:45:00.000Z"}
[2026-06-05T00:45:04.431Z] INFO Skipped trade. {"slug":"doge-updown-5m-1780620300","reason":"btc_distance_below_threshold","market":"DOGE","minDistanceUsd":{"UP":0.0001,"DOWN":0.0001},"openingPrice":0.088275,"currentPrice":0.088272}
[2026-06-05T00:49:30.247Z] INFO Skipped trade. {"slug":"btc-updown-5m-1780620300","reason":"no_ask_liquidity_under_cap","outcome":"UP"}
[2026-06-05T00:49:30.247Z] INFO Skipped trade. {"slug":"eth-updown-5m-1780620300","reason":"no_ask_liquidity_under_cap","outcome":"UP"}
[2026-06-05T00:49:30.247Z] INFO Skipped trade. {"slug":"doge-updown-5m-1780620300","reason":"no_ask_liquidity_under_cap","outcome":"UP"}
[2026-06-05T00:50:02.806Z] INFO Tracking market. {"market":"BTC","slug":"btc-updown-5m-1780620600","title":"Bitcoin Up or Down - June 4, 8:50PM-8:55PM ET","end":"2026-06-05T00:55:00.000Z","upToken":"99457479785340543729615560824579674335662752580358031514656827355145534638052","downToken":"59314543999206976416536808082083578961115863395717804504829538752242184947893","orderMinSize":5,"tickSize":"0.01"}
[2026-06-05T00:50:02.812Z] INFO Captured Chainlink opening tick. {"slug":"btc-updown-5m-1780620600","openingPrice":63681.51871041636,"tickTimestamp":"2026-06-05T00:50:00.000Z"}
[2026-06-05T00:50:02.817Z] INFO Skipped trade. {"slug":"btc-updown-5m-1780620600","reason":"btc_distance_below_threshold","market":"BTC","minDistanceUsd":{"UP":5,"DOWN":5},"openingPrice":63681.51871041636,"currentPrice":63681.83106853753}
[2026-06-05T00:50:02.817Z] INFO Tracking market. {"market":"ETH","slug":"eth-updown-5m-1780620600","title":"Ethereum Up or Down - June 4, 8:50PM-8:55PM ET","end":"2026-06-05T00:55:00.000Z","upToken":"77560292137933899642664545352146742669886137891229297129199184318900204923352","downToken":"43200874735912784401024065334548185243362262797232997159421446274432924898321","orderMinSize":5,"tickSize":"0.01"}
[2026-06-05T00:50:02.817Z] INFO Skipped trade. {"slug":"eth-updown-5m-1780620600","reason":"missing_opening_chainlink_tick"}
[2026-06-05T00:50:02.817Z] INFO Tracking market. {"market":"DOGE","slug":"doge-updown-5m-1780620600","title":"Dogecoin Up or Down - June 4, 8:50PM-8:55PM ET","end":"2026-06-05T00:55:00.000Z","upToken":"61780300584227533932562448826214287198888898282327059420707693536439970366014","downToken":"2766986943683202742880996690323094434707411567131516518164176174232373770256","orderMinSize":5,"tickSize":"0.01"}
[2026-06-05T00:50:02.817Z] INFO Skipped trade. {"slug":"doge-updown-5m-1780620600","reason":"missing_opening_chainlink_tick"}
[2026-06-05T00:50:04.830Z] INFO Captured Chainlink opening tick. {"slug":"eth-updown-5m-1780620600","openingPrice":1768.494285,"tickTimestamp":"2026-06-05T00:50:00.000Z"}
[2026-06-05T00:50:04.833Z] INFO Skipped trade. {"slug":"eth-updown-5m-1780620600","reason":"btc_distance_below_threshold","market":"ETH","minDistanceUsd":{"UP":0.5,"DOWN":0.5},"openingPrice":1768.494285,"currentPrice":1768.49437}
[2026-06-05T00:50:04.838Z] INFO Captured Chainlink opening tick. {"slug":"doge-updown-5m-1780620600","openingPrice":0.0884204,"tickTimestamp":"2026-06-05T00:50:00.000Z"}
[2026-06-05T00:50:04.842Z] INFO Skipped trade. {"slug":"doge-updown-5m-1780620600","reason":"btc_distance_below_threshold","market":"DOGE","minDistanceUsd":{"UP":0.0001,"DOWN":0.0001},"openingPrice":0.0884204,"currentPrice":0.0884204}
[2026-06-05T00:54:31.432Z] INFO Skipped trade. {"slug":"btc-updown-5m-1780620600","reason":"no_ask_liquidity_under_cap","outcome":"DOWN"}
[2026-06-05T00:54:31.432Z] INFO Skipped trade. {"slug":"eth-updown-5m-1780620600","reason":"no_ask_liquidity_under_cap","outcome":"DOWN"}
[2026-06-05T00:54:31.432Z] INFO Skipped trade. {"slug":"doge-updown-5m-1780620600","reason":"no_ask_liquidity_under_cap","outcome":"DOWN"}
[2026-06-05T00:55:00.702Z] INFO Tracking market. {"market":"BTC","slug":"btc-updown-5m-1780620900","title":"Bitcoin Up or Down - June 4, 8:55PM-9:00PM ET","end":"2026-06-05T01:00:00.000Z","upToken":"39242516335178722006959067557531223413190941715832054320885383708829510031660","downToken":"96185941749794837203202597012632472800086370440705776712709041949108728679606","orderMinSize":5,"tickSize":"0.01"}
[2026-06-05T00:55:00.702Z] INFO Skipped trade. {"slug":"btc-updown-5m-1780620900","reason":"missing_opening_chainlink_tick"}
[2026-06-05T00:55:00.702Z] INFO Tracking market. {"market":"ETH","slug":"eth-updown-5m-1780620900","title":"Ethereum Up or Down - June 4, 8:55PM-9:00PM ET","end":"2026-06-05T01:00:00.000Z","upToken":"6020805951056024458062057462207960010151301491784341176732924197966446249995","downToken":"36886064650897484899569519404705542101019083064672347463426107922513655320072","orderMinSize":5,"tickSize":"0.01"}
[2026-06-05T00:55:00.702Z] INFO Skipped trade. {"slug":"eth-updown-5m-1780620900","reason":"missing_opening_chainlink_tick"}
[2026-06-05T00:55:00.702Z] INFO Tracking market. {"market":"DOGE","slug":"doge-updown-5m-1780620900","title":"Dogecoin Up or Down - June 4, 8:55PM-9:00PM ET","end":"2026-06-05T01:00:00.000Z","upToken":"49338950423032011673335161070898558878201358328042867797319759854308103436095","downToken":"95185897004560312799773996801792787867334768343344213276331101868380298836270","orderMinSize":5,"tickSize":"0.01"}
[2026-06-05T00:55:00.703Z] INFO Skipped trade. {"slug":"doge-updown-5m-1780620900","reason":"missing_opening_chainlink_tick"}
[2026-06-05T00:55:01.710Z] INFO Captured Chainlink opening tick. {"slug":"btc-updown-5m-1780620900","openingPrice":63456.84688387682,"tickTimestamp":"2026-06-05T00:55:00.000Z"}
[2026-06-05T00:55:01.713Z] INFO Skipped trade. {"slug":"btc-updown-5m-1780620900","reason":"btc_distance_below_threshold","market":"BTC","minDistanceUsd":{"UP":5,"DOWN":5},"openingPrice":63456.84688387682,"currentPrice":63456.84688387682}
[2026-06-05T00:55:04.734Z] INFO Captured Chainlink opening tick. {"slug":"eth-updown-5m-1780620900","openingPrice":1761.2786615148866,"tickTimestamp":"2026-06-05T00:55:00.000Z"}
[2026-06-05T00:55:04.745Z] INFO Captured Chainlink opening tick. {"slug":"doge-updown-5m-1780620900","openingPrice":0.0880117,"tickTimestamp":"2026-06-05T00:55:00.000Z"}
[2026-06-05T00:55:04.749Z] INFO Skipped trade. {"slug":"doge-updown-5m-1780620900","reason":"btc_distance_below_threshold","market":"DOGE","minDistanceUsd":{"UP":0.0001,"DOWN":0.0001},"openingPrice":0.0880117,"currentPrice":0.0879667115135155}
[2026-06-05T00:55:30.720Z] INFO Skipped trade. {"slug":"eth-updown-5m-1780620900","reason":"btc_distance_below_threshold","market":"ETH","minDistanceUsd":{"UP":0.5,"DOWN":0.5},"openingPrice":1761.2786615148866,"currentPrice":1760.845615}
[2026-06-05T00:59:30.993Z] INFO Skipped trade. {"slug":"btc-updown-5m-1780620900","reason":"no_ask_liquidity_under_cap","outcome":"DOWN"}
[2026-06-05T00:59:30.993Z] INFO Skipped trade. {"slug":"eth-updown-5m-1780620900","reason":"no_ask_liquidity_under_cap","outcome":"DOWN"}
[2026-06-05T00:59:30.993Z] INFO Skipped trade. {"slug":"doge-updown-5m-1780620900","reason":"no_ask_liquidity_under_cap","outcome":"DOWN"}
[2026-06-05T01:00:01.483Z] INFO Tracking market. {"market":"BTC","slug":"btc-updown-5m-1780621200","title":"Bitcoin Up or Down - June 4, 9:00PM-9:05PM ET","end":"2026-06-05T01:05:00.000Z","upToken":"13153449875937284068622437693778220771544002531263358375404993843436426846144","downToken":"59420305423234160375799201866899980509416040586621879491714635434406033036027","orderMinSize":5,"tickSize":"0.01"}
[2026-06-05T01:00:01.500Z] INFO Captured Chainlink opening tick. {"slug":"btc-updown-5m-1780621200","openingPrice":63366.17543637461,"tickTimestamp":"2026-06-05T01:00:00.000Z"}
[2026-06-05T01:00:01.505Z] INFO Skipped trade. {"slug":"btc-updown-5m-1780621200","reason":"btc_distance_below_threshold","market":"BTC","minDistanceUsd":{"UP":5,"DOWN":5},"openingPrice":63366.17543637461,"currentPrice":63366.17543637461}
[2026-06-05T01:00:01.505Z] INFO Tracking market. {"market":"ETH","slug":"eth-updown-5m-1780621200","title":"Ethereum Up or Down - June 4, 9:00PM-9:05PM ET","end":"2026-06-05T01:05:00.000Z","upToken":"88025484029956592734314353128853914677816916522570100099632489516595874530945","downToken":"85573053714117475997941369372766040066732838078533259706754742390784317726439","orderMinSize":5,"tickSize":"0.01"}
[2026-06-05T01:00:01.505Z] INFO Skipped trade. {"slug":"eth-updown-5m-1780621200","reason":"missing_opening_chainlink_tick"}
[2026-06-05T01:00:01.505Z] INFO Tracking market. {"market":"DOGE","slug":"doge-updown-5m-1780621200","title":"Dogecoin Up or Down - June 4, 9:00PM-9:05PM ET","end":"2026-06-05T01:05:00.000Z","upToken":"96943238228550795821590175232442719357505348957579217138001851615572705270974","downToken":"89377842606967524211676710711345571074239012294317433061457300161864218126416","orderMinSize":5,"tickSize":"0.01"}
[2026-06-05T01:00:01.506Z] INFO Skipped trade. {"slug":"doge-updown-5m-1780621200","reason":"missing_opening_chainlink_tick"}
[2026-06-05T01:00:05.547Z] INFO Captured Chainlink opening tick. {"slug":"doge-updown-5m-1780621200","openingPrice":0.087733,"tickTimestamp":"2026-06-05T01:00:00.000Z"}
[2026-06-05T01:00:05.551Z] INFO Skipped trade. {"slug":"doge-updown-5m-1780621200","reason":"btc_distance_below_threshold","market":"DOGE","minDistanceUsd":{"UP":0.0001,"DOWN":0.0001},"openingPrice":0.087733,"currentPrice":0.0877239142721662}
[2026-06-05T01:00:07.112Z] INFO Captured Chainlink opening tick. {"slug":"eth-updown-5m-1780621200","openingPrice":1757.722065,"tickTimestamp":"2026-06-05T01:00:00.000Z"}
[2026-06-05T01:00:07.117Z] INFO Skipped trade. {"slug":"eth-updown-5m-1780621200","reason":"btc_distance_below_threshold","market":"ETH","minDistanceUsd":{"UP":0.5,"DOWN":0.5},"openingPrice":1757.722065,"currentPrice":1757.672317856918}
[2026-06-05T01:04:30.228Z] INFO Skipped trade. {"slug":"btc-updown-5m-1780621200","reason":"no_ask_liquidity_under_cap","outcome":"DOWN"}
[2026-06-05T01:04:30.228Z] INFO Skipped trade. {"slug":"eth-updown-5m-1780621200","reason":"no_ask_liquidity_under_cap","outcome":"DOWN"}
[2026-06-05T01:04:30.228Z] INFO Skipped trade. {"slug":"doge-updown-5m-1780621200","reason":"no_ask_liquidity_under_cap","outcome":"DOWN"}
[2026-06-05T01:05:01.581Z] INFO Tracking market. {"market":"BTC","slug":"btc-updown-5m-1780621500","title":"Bitcoin Up or Down - June 4, 9:05PM-9:10PM ET","end":"2026-06-05T01:10:00.000Z","upToken":"13166992287082888767925586923072552519397822036563876150301718586511876093153","downToken":"60689314105103512692823732067277181581851291501542200760336274823261604456898","orderMinSize":5,"tickSize":"0.01"}
[2026-06-05T01:05:01.581Z] INFO Skipped trade. {"slug":"btc-updown-5m-1780621500","reason":"missing_opening_chainlink_tick"}
[2026-06-05T01:05:01.581Z] INFO Tracking market. {"market":"ETH","slug":"eth-updown-5m-1780621500","title":"Ethereum Up or Down - June 4, 9:05PM-9:10PM ET","end":"2026-06-05T01:10:00.000Z","upToken":"57334270504752424648416974119956257210920389210036229611092599692390891577753","downToken":"26839561146908731332157192196506837664751001549054575550261708579250801640157","orderMinSize":5,"tickSize":"0.01"}
[2026-06-05T01:05:01.581Z] INFO Skipped trade. {"slug":"eth-updown-5m-1780621500","reason":"missing_opening_chainlink_tick"}
[2026-06-05T01:05:01.582Z] INFO Tracking market. {"market":"DOGE","slug":"doge-updown-5m-1780621500","title":"Dogecoin Up or Down - June 4, 9:05PM-9:10PM ET","end":"2026-06-05T01:10:00.000Z","upToken":"42119781755202263737397889725887307868575044985253368303791483322420619221533","downToken":"75099928225350942993236799483797202920032309562183789795777261892266474786075","orderMinSize":5,"tickSize":"0.01"}
[2026-06-05T01:05:01.582Z] INFO Skipped trade. {"slug":"doge-updown-5m-1780621500","reason":"missing_opening_chainlink_tick"}
[2026-06-05T01:05:02.588Z] INFO Captured Chainlink opening tick. {"slug":"btc-updown-5m-1780621500","openingPrice":63002.64459748822,"tickTimestamp":"2026-06-05T01:05:00.000Z"}
[2026-06-05T01:05:05.627Z] INFO Captured Chainlink opening tick. {"slug":"eth-updown-5m-1780621500","openingPrice":1746.4872293361236,"tickTimestamp":"2026-06-05T01:05:00.000Z"}
[2026-06-05T01:05:05.635Z] INFO Captured Chainlink opening tick. {"slug":"doge-updown-5m-1780621500","openingPrice":0.086953073,"tickTimestamp":"2026-06-05T01:05:00.000Z"}
[2026-06-05T01:05:05.639Z] INFO Skipped trade. {"slug":"doge-updown-5m-1780621500","reason":"btc_distance_below_threshold","market":"DOGE","minDistanceUsd":{"UP":0.0001,"DOWN":0.0001},"openingPrice":0.086953073,"currentPrice":0.087016244}
[2026-06-05T01:09:31.259Z] INFO Skipped trade. {"slug":"btc-updown-5m-1780621500","reason":"no_ask_liquidity_under_cap","outcome":"UP"}
[2026-06-05T01:09:31.260Z] INFO Skipped trade. {"slug":"eth-updown-5m-1780621500","reason":"no_ask_liquidity_under_cap","outcome":"UP"}
[2026-06-05T01:09:31.260Z] INFO Skipped trade. {"slug":"doge-updown-5m-1780621500","reason":"no_ask_liquidity_under_cap","outcome":"UP"}
[2026-06-05T01:10:02.990Z] INFO Tracking market. {"market":"BTC","slug":"btc-updown-5m-1780621800","title":"Bitcoin Up or Down - June 4, 9:10PM-9:15PM ET","end":"2026-06-05T01:15:00.000Z","upToken":"43908846720757804237047935110606378609662902718670573997903926911923813416488","downToken":"5513399615226940707856415737329637494755322398052328279986570843986208997989","orderMinSize":5,"tickSize":"0.01"}
[2026-06-05T01:10:02.997Z] INFO Captured Chainlink opening tick. {"slug":"btc-updown-5m-1780621800","openingPrice":63145.75757424663,"tickTimestamp":"2026-06-05T01:10:00.000Z"}
[2026-06-05T01:10:03.001Z] INFO Skipped trade. {"slug":"btc-updown-5m-1780621800","reason":"btc_distance_below_threshold","market":"BTC","minDistanceUsd":{"UP":5,"DOWN":5},"openingPrice":63145.75757424663,"currentPrice":63145.321929076665}
[2026-06-05T01:10:03.001Z] INFO Tracking market. {"market":"ETH","slug":"eth-updown-5m-1780621800","title":"Ethereum Up or Down - June 4, 9:10PM-9:15PM ET","end":"2026-06-05T01:15:00.000Z","upToken":"91912797562975444931714228726933404699498688883765241565926918069353379922873","downToken":"51601959987325143799586693851921682454278551751178405016845281493444133712405","orderMinSize":5,"tickSize":"0.01"}
[2026-06-05T01:10:03.001Z] INFO Skipped trade. {"slug":"eth-updown-5m-1780621800","reason":"missing_opening_chainlink_tick"}
[2026-06-05T01:10:03.001Z] INFO Tracking market. {"market":"DOGE","slug":"doge-updown-5m-1780621800","title":"Dogecoin Up or Down - June 4, 9:10PM-9:15PM ET","end":"2026-06-05T01:15:00.000Z","upToken":"5457817521431685095033515862731534874031405947162131746021435411450781588558","downToken":"45471116972243577171264520254606487537955756306552406800005808032474636806738","orderMinSize":5,"tickSize":"0.01"}
[2026-06-05T01:10:03.002Z] INFO Skipped trade. {"slug":"doge-updown-5m-1780621800","reason":"missing_opening_chainlink_tick"}
[2026-06-05T01:10:06.025Z] INFO Captured Chainlink opening tick. {"slug":"eth-updown-5m-1780621800","openingPrice":1751.4728,"tickTimestamp":"2026-06-05T01:10:00.000Z"}
[2026-06-05T01:10:06.041Z] INFO Captured Chainlink opening tick. {"slug":"doge-updown-5m-1780621800","openingPrice":0.0874387294507777,"tickTimestamp":"2026-06-05T01:10:00.000Z"}
[2026-06-05T01:10:06.045Z] INFO Skipped trade. {"slug":"doge-updown-5m-1780621800","reason":"btc_distance_below_threshold","market":"DOGE","minDistanceUsd":{"UP":0.0001,"DOWN":0.0001},"openingPrice":0.0874387294507777,"currentPrice":0.087449931}
[2026-06-05T01:10:11.550Z] INFO Skipped trade. {"slug":"eth-updown-5m-1780621800","reason":"btc_distance_below_threshold","market":"ETH","minDistanceUsd":{"UP":0.5,"DOWN":0.5},"openingPrice":1751.4728,"currentPrice":1751.538165328366}
[2026-06-05T01:11:34.062Z] INFO Skipped trade. {"slug":"btc-updown-5m-1780621800","reason":"stale_chainlink_tick","tickTimestamp":"2026-06-05T01:11:22.000Z"}
[2026-06-05T01:14:32.422Z] INFO Skipped trade. {"slug":"btc-updown-5m-1780621800","reason":"no_ask_liquidity_under_cap","outcome":"UP"}
[2026-06-05T01:14:32.422Z] INFO Skipped trade. {"slug":"eth-updown-5m-1780621800","reason":"no_ask_liquidity_under_cap","outcome":"UP"}
[2026-06-05T01:15:00.199Z] INFO Tracking market. {"market":"BTC","slug":"btc-updown-5m-1780622100","title":"Bitcoin Up or Down - June 4, 9:15PM-9:20PM ET","end":"2026-06-05T01:20:00.000Z","upToken":"9599562471787668350677632934654756325154882148791017336550378395589860059011","downToken":"40675495656770354980099862587690311586680967785155590205794282409772596095862","orderMinSize":5,"tickSize":"0.01"}
[2026-06-05T01:15:00.200Z] INFO Skipped trade. {"slug":"btc-updown-5m-1780622100","reason":"missing_opening_chainlink_tick"}
[2026-06-05T01:15:00.200Z] INFO Tracking market. {"market":"ETH","slug":"eth-updown-5m-1780622100","title":"Ethereum Up or Down - June 4, 9:15PM-9:20PM ET","end":"2026-06-05T01:20:00.000Z","upToken":"41516830402457032719307198431902495876034456581359839203445737529345943776605","downToken":"41657685502239942627632868087801581497950434380528698853942640576970203286216","orderMinSize":5,"tickSize":"0.01"}
[2026-06-05T01:15:00.200Z] INFO Skipped trade. {"slug":"eth-updown-5m-1780622100","reason":"missing_opening_chainlink_tick"}
[2026-06-05T01:15:00.200Z] INFO Tracking market. {"market":"DOGE","slug":"doge-updown-5m-1780622100","title":"Dogecoin Up or Down - June 4, 9:15PM-9:20PM ET","end":"2026-06-05T01:20:00.000Z","upToken":"90235719768094172331724296307171136801891844332289385121460985240671956842634","downToken":"113606881205466559542905224864204634964112459312651819586596230402182140488468","orderMinSize":5,"tickSize":"0.01"}
[2026-06-05T01:15:00.200Z] INFO Skipped trade. {"slug":"doge-updown-5m-1780622100","reason":"missing_opening_chainlink_tick"}
[2026-06-05T01:15:01.229Z] INFO Captured Chainlink opening tick. {"slug":"eth-updown-5m-1780622100","openingPrice":1754.43801,"tickTimestamp":"2026-06-05T01:15:00.000Z"}
[2026-06-05T01:15:01.241Z] INFO Skipped trade. {"slug":"eth-updown-5m-1780622100","reason":"btc_distance_below_threshold","market":"ETH","minDistanceUsd":{"UP":0.5,"DOWN":0.5},"openingPrice":1754.43801,"currentPrice":1754.43801}
[2026-06-05T01:15:01.255Z] INFO Captured Chainlink opening tick. {"slug":"doge-updown-5m-1780622100","openingPrice":0.0875667976919002,"tickTimestamp":"2026-06-05T01:15:00.000Z"}
[2026-06-05T01:15:01.261Z] INFO Skipped trade. {"slug":"doge-updown-5m-1780622100","reason":"btc_distance_below_threshold","market":"DOGE","minDistanceUsd":{"UP":0.0001,"DOWN":0.0001},"openingPrice":0.0875667976919002,"currentPrice":0.0875667976919002}
[2026-06-05T01:15:02.277Z] INFO Captured Chainlink opening tick. {"slug":"btc-updown-5m-1780622100","openingPrice":63291.999026715945,"tickTimestamp":"2026-06-05T01:15:00.000Z"}
[2026-06-05T01:15:02.280Z] INFO Skipped trade. {"slug":"btc-updown-5m-1780622100","reason":"btc_distance_below_threshold","market":"BTC","minDistanceUsd":{"UP":5,"DOWN":5},"openingPrice":63291.999026715945,"currentPrice":63292.24636915581}
[2026-06-05T01:19:31.493Z] INFO Skipped trade. {"slug":"btc-updown-5m-1780622100","reason":"no_ask_liquidity_under_cap","outcome":"UP"}
[2026-06-05T01:19:31.493Z] INFO Skipped trade. {"slug":"eth-updown-5m-1780622100","reason":"no_ask_liquidity_under_cap","outcome":"UP"}
[2026-06-05T01:19:31.493Z] INFO Skipped trade. {"slug":"doge-updown-5m-1780622100","reason":"no_ask_liquidity_under_cap","outcome":"UP"}
[2026-06-05T01:19:33.956Z] INFO Trade attempt recorded. {"mode":"sim","slug":"btc-updown-5m-1780622100","outcome":"UP","amountUsd":5,"bestAsk":0.55,"estimatedShares":9.09090909090909}
[2026-06-05T01:19:35.745Z] INFO Skipped trade. {"slug":"btc-updown-5m-1780622100","reason":"market_already_traded"}
[2026-06-05T01:20:01.467Z] INFO Resolved trade. {"mode":"sim","slug":"btc-updown-5m-1780622100","outcome":"UP","winningOutcome":"DOWN","won":false,"finalPrice":63285.919377355815}
[2026-06-05T01:20:01.787Z] INFO Tracking market. {"market":"BTC","slug":"btc-updown-5m-1780622400","title":"Bitcoin Up or Down - June 4, 9:20PM-9:25PM ET","end":"2026-06-05T01:25:00.000Z","upToken":"100687899065388190285288159428762843537568880273525892628372757506965081445889","downToken":"36105464835944036398970415041516426071799054501324173974025125081889095842150","orderMinSize":5,"tickSize":"0.01"}
[2026-06-05T01:20:01.792Z] INFO Captured Chainlink opening tick. {"slug":"btc-updown-5m-1780622400","openingPrice":63285.919377355815,"tickTimestamp":"2026-06-05T01:20:00.000Z"}
[2026-06-05T01:20:01.796Z] INFO Skipped trade. {"slug":"btc-updown-5m-1780622400","reason":"btc_distance_below_threshold","market":"BTC","minDistanceUsd":{"UP":5,"DOWN":5},"openingPrice":63285.919377355815,"currentPrice":63285.919377355815}
[2026-06-05T01:20:01.796Z] INFO Tracking market. {"market":"ETH","slug":"eth-updown-5m-1780622400","title":"Ethereum Up or Down - June 4, 9:20PM-9:25PM ET","end":"2026-06-05T01:25:00.000Z","upToken":"59061425471660945675814562344402239111395425521499610903638731036391025919755","downToken":"64641889104430926547426351803980107832477652629972469439742445430417767504754","orderMinSize":5,"tickSize":"0.01"}
[2026-06-05T01:20:01.802Z] INFO Captured Chainlink opening tick. {"slug":"eth-updown-5m-1780622400","openingPrice":1756.0308231703996,"tickTimestamp":"2026-06-05T01:20:00.000Z"}
[2026-06-05T01:20:01.805Z] INFO Skipped trade. {"slug":"eth-updown-5m-1780622400","reason":"btc_distance_below_threshold","market":"ETH","minDistanceUsd":{"UP":0.5,"DOWN":0.5},"openingPrice":1756.0308231703996,"currentPrice":1756.0308231703996}
[2026-06-05T01:20:01.805Z] INFO Tracking market. {"market":"DOGE","slug":"doge-updown-5m-1780622400","title":"Dogecoin Up or Down - June 4, 9:20PM-9:25PM ET","end":"2026-06-05T01:25:00.000Z","upToken":"109622678984147568630436535632761526591501529190777883169550242023102087347356","downToken":"62096299415102450237176599646020192358559703305777823058157764266438184984700","orderMinSize":5,"tickSize":"0.01"}
[2026-06-05T01:20:01.810Z] INFO Captured Chainlink opening tick. {"slug":"doge-updown-5m-1780622400","openingPrice":0.087734,"tickTimestamp":"2026-06-05T01:20:00.000Z"}
[2026-06-05T01:20:01.814Z] INFO Skipped trade. {"slug":"doge-updown-5m-1780622400","reason":"btc_distance_below_threshold","market":"DOGE","minDistanceUsd":{"UP":0.0001,"DOWN":0.0001},"openingPrice":0.087734,"currentPrice":0.087734}
[2026-06-05T01:24:28.874Z] INFO Skipped trade. {"slug":"btc-updown-5m-1780622400","reason":"no_ask_liquidity_under_cap","outcome":"DOWN"}
[2026-06-05T01:24:28.874Z] INFO Skipped trade. {"slug":"eth-updown-5m-1780622400","reason":"no_ask_liquidity_under_cap","outcome":"DOWN"}
[2026-06-05T01:24:28.874Z] INFO Skipped trade. {"slug":"doge-updown-5m-1780622400","reason":"no_ask_liquidity_under_cap","outcome":"DOWN"}
[2026-06-05T01:25:00.855Z] INFO Tracking market. {"market":"BTC","slug":"btc-updown-5m-1780622700","title":"Bitcoin Up or Down - June 4, 9:25PM-9:30PM ET","end":"2026-06-05T01:30:00.000Z","upToken":"60558625593457696164532553971606190302355094499001758937976775192118476934246","downToken":"17086037014647962429508501383384663622317829770016062646460230835337262321444","orderMinSize":5,"tickSize":"0.01"}
[2026-06-05T01:25:00.855Z] INFO Skipped trade. {"slug":"btc-updown-5m-1780622700","reason":"missing_opening_chainlink_tick"}
[2026-06-05T01:25:00.855Z] INFO Tracking market. {"market":"ETH","slug":"eth-updown-5m-1780622700","title":"Ethereum Up or Down - June 4, 9:25PM-9:30PM ET","end":"2026-06-05T01:30:00.000Z","upToken":"23736328761562708434232210846469186301870611312299961132414625281248033124270","downToken":"62165661135094965132343457700511580788354290231188630340490500710485304164113","orderMinSize":5,"tickSize":"0.01"}
[2026-06-05T01:25:00.855Z] INFO Skipped trade. {"slug":"eth-updown-5m-1780622700","reason":"missing_opening_chainlink_tick"}
[2026-06-05T01:25:00.855Z] INFO Tracking market. {"market":"DOGE","slug":"doge-updown-5m-1780622700","title":"Dogecoin Up or Down - June 4, 9:25PM-9:30PM ET","end":"2026-06-05T01:30:00.000Z","upToken":"90100075849827426230884160431860400569849132557235516622371695242575855465697","downToken":"110495187491386511068070445211367570314140380003396855083242510914725796877505","orderMinSize":5,"tickSize":"0.01"}
[2026-06-05T01:25:00.855Z] INFO Skipped trade. {"slug":"doge-updown-5m-1780622700","reason":"missing_opening_chainlink_tick"}
[2026-06-05T01:25:01.884Z] INFO Captured Chainlink opening tick. {"slug":"btc-updown-5m-1780622700","openingPrice":63236.69983967732,"tickTimestamp":"2026-06-05T01:25:00.000Z"}
[2026-06-05T01:25:01.894Z] INFO Skipped trade. {"slug":"btc-updown-5m-1780622700","reason":"btc_distance_below_threshold","market":"BTC","minDistanceUsd":{"UP":5,"DOWN":5},"openingPrice":63236.69983967732,"currentPrice":63236.69983967732}
[2026-06-05T01:25:02.908Z] INFO Captured Chainlink opening tick. {"slug":"eth-updown-5m-1780622700","openingPrice":1752.69261,"tickTimestamp":"2026-06-05T01:25:00.000Z"}
[2026-06-05T01:25:02.912Z] INFO Skipped trade. {"slug":"eth-updown-5m-1780622700","reason":"btc_distance_below_threshold","market":"ETH","minDistanceUsd":{"UP":0.5,"DOWN":0.5},"openingPrice":1752.69261,"currentPrice":1752.69261}
[2026-06-05T01:25:02.920Z] INFO Captured Chainlink opening tick. {"slug":"doge-updown-5m-1780622700","openingPrice":0.087709097,"tickTimestamp":"2026-06-05T01:25:00.000Z"}
[2026-06-05T01:25:02.925Z] INFO Skipped trade. {"slug":"doge-updown-5m-1780622700","reason":"btc_distance_below_threshold","market":"DOGE","minDistanceUsd":{"UP":0.0001,"DOWN":0.0001},"openingPrice":0.087709097,"currentPrice":0.087709097}
[2026-06-05T01:29:29.698Z] INFO Skipped trade. {"slug":"btc-updown-5m-1780622700","reason":"no_ask_liquidity_under_cap","outcome":"UP"}
[2026-06-05T01:29:33.729Z] INFO Skipped trade. {"slug":"eth-updown-5m-1780622700","reason":"no_ask_liquidity_under_cap","outcome":"DOWN"}
[2026-06-05T01:30:01.688Z] INFO Tracking market. {"market":"BTC","slug":"btc-updown-5m-1780623000","title":"Bitcoin Up or Down - June 4, 9:30PM-9:35PM ET","end":"2026-06-05T01:35:00.000Z","upToken":"1336309540935642576394657783998295222863265831087886087224793823375058176856","downToken":"41466987246120893265635923805699493977828311924911992373915167309738881108760","orderMinSize":5,"tickSize":"0.01"}
[2026-06-05T01:30:01.688Z] INFO Skipped trade. {"slug":"btc-updown-5m-1780623000","reason":"missing_opening_chainlink_tick"}
[2026-06-05T01:30:01.688Z] INFO Tracking market. {"market":"ETH","slug":"eth-updown-5m-1780623000","title":"Ethereum Up or Down - June 4, 9:30PM-9:35PM ET","end":"2026-06-05T01:35:00.000Z","upToken":"18372300634859752899167237919795637413386106496309119247066103201660967540484","downToken":"83005756104937147176777986307699265015278536422869492486613829130597200218825","orderMinSize":5,"tickSize":"0.01"}
[2026-06-05T01:30:01.688Z] INFO Skipped trade. {"slug":"eth-updown-5m-1780623000","reason":"missing_opening_chainlink_tick"}
[2026-06-05T01:30:01.689Z] INFO Tracking market. {"market":"DOGE","slug":"doge-updown-5m-1780623000","title":"Dogecoin Up or Down - June 4, 9:30PM-9:35PM ET","end":"2026-06-05T01:35:00.000Z","upToken":"106573975256368673916921495363269067266324549655212367232196801849477763447157","downToken":"3954898266996486160329266378790883361477402653172275002097698990709069459787","orderMinSize":5,"tickSize":"0.01"}
[2026-06-05T01:30:01.689Z] INFO Skipped trade. {"slug":"doge-updown-5m-1780623000","reason":"missing_opening_chainlink_tick"}
[2026-06-05T01:30:02.697Z] INFO Captured Chainlink opening tick. {"slug":"btc-updown-5m-1780623000","openingPrice":63270.39065390692,"tickTimestamp":"2026-06-05T01:30:00.000Z"}
[2026-06-05T01:30:02.799Z] INFO Skipped trade. {"slug":"btc-updown-5m-1780623000","reason":"btc_distance_below_threshold","market":"BTC","minDistanceUsd":{"UP":5,"DOWN":5},"openingPrice":63270.39065390692,"currentPrice":63270.39065390692}
[2026-06-05T01:30:02.807Z] INFO Captured Chainlink opening tick. {"slug":"eth-updown-5m-1780623000","openingPrice":1753.245315,"tickTimestamp":"2026-06-05T01:30:00.000Z"}
[2026-06-05T01:30:02.813Z] INFO Skipped trade. {"slug":"eth-updown-5m-1780623000","reason":"btc_distance_below_threshold","market":"ETH","minDistanceUsd":{"UP":0.5,"DOWN":0.5},"openingPrice":1753.245315,"currentPrice":1753.245315}
[2026-06-05T01:30:02.821Z] INFO Captured Chainlink opening tick. {"slug":"doge-updown-5m-1780623000","openingPrice":0.087825343,"tickTimestamp":"2026-06-05T01:30:00.000Z"}
[2026-06-05T01:30:02.825Z] INFO Skipped trade. {"slug":"doge-updown-5m-1780623000","reason":"btc_distance_below_threshold","market":"DOGE","minDistanceUsd":{"UP":0.0001,"DOWN":0.0001},"openingPrice":0.087825343,"currentPrice":0.087825343}
[2026-06-05T01:34:30.543Z] INFO Skipped trade. {"slug":"btc-updown-5m-1780623000","reason":"no_ask_liquidity_under_cap","outcome":"UP"}
[2026-06-05T01:34:30.543Z] INFO Skipped trade. {"slug":"eth-updown-5m-1780623000","reason":"no_ask_liquidity_under_cap","outcome":"UP"}
[2026-06-05T01:34:30.543Z] INFO Skipped trade. {"slug":"doge-updown-5m-1780623000","reason":"no_ask_liquidity_under_cap","outcome":"UP"}
[2026-06-05T01:35:00.806Z] INFO Tracking market. {"market":"BTC","slug":"btc-updown-5m-1780623300","title":"Bitcoin Up or Down - June 4, 9:35PM-9:40PM ET","end":"2026-06-05T01:40:00.000Z","upToken":"73391826525790023649723581034774130715458121076264456799232528912773706133232","downToken":"17895181930249147000183707715913470707410910685200434483996544186348795958673","orderMinSize":5,"tickSize":"0.01"}
[2026-06-05T01:35:00.807Z] INFO Skipped trade. {"slug":"btc-updown-5m-1780623300","reason":"missing_opening_chainlink_tick"}
[2026-06-05T01:35:00.807Z] INFO Tracking market. {"market":"ETH","slug":"eth-updown-5m-1780623300","title":"Ethereum Up or Down - June 4, 9:35PM-9:40PM ET","end":"2026-06-05T01:40:00.000Z","upToken":"66571975076089586752047679426752716034387834621967395979779867601157862461273","downToken":"63902251273387491834090125429433425479369191610943245466726989680808918540297","orderMinSize":5,"tickSize":"0.01"}
[2026-06-05T01:35:00.807Z] INFO Skipped trade. {"slug":"eth-updown-5m-1780623300","reason":"missing_opening_chainlink_tick"}
[2026-06-05T01:35:00.807Z] INFO Tracking market. {"market":"DOGE","slug":"doge-updown-5m-1780623300","title":"Dogecoin Up or Down - June 4, 9:35PM-9:40PM ET","end":"2026-06-05T01:40:00.000Z","upToken":"58461012779854070706107269523530232110516069720912561805039765535306182046085","downToken":"45790746723942146600225372056146542447546176930472543869484963913766852705510","orderMinSize":5,"tickSize":"0.01"}
[2026-06-05T01:35:00.807Z] INFO Skipped trade. {"slug":"doge-updown-5m-1780623300","reason":"missing_opening_chainlink_tick"}
[2026-06-05T01:35:02.826Z] INFO Captured Chainlink opening tick. {"slug":"btc-updown-5m-1780623300","openingPrice":63337.62354645692,"tickTimestamp":"2026-06-05T01:35:00.000Z"}
[2026-06-05T01:35:02.830Z] INFO Skipped trade. {"slug":"btc-updown-5m-1780623300","reason":"btc_distance_below_threshold","market":"BTC","minDistanceUsd":{"UP":5,"DOWN":5},"openingPrice":63337.62354645692,"currentPrice":63337.62354645692}
[2026-06-05T01:35:02.835Z] INFO Captured Chainlink opening tick. {"slug":"doge-updown-5m-1780623300","openingPrice":0.0879793122055801,"tickTimestamp":"2026-06-05T01:35:00.000Z"}
[2026-06-05T01:35:02.838Z] INFO Skipped trade. {"slug":"doge-updown-5m-1780623300","reason":"btc_distance_below_threshold","market":"DOGE","minDistanceUsd":{"UP":0.0001,"DOWN":0.0001},"openingPrice":0.0879793122055801,"currentPrice":0.0879793122055801}
[2026-06-05T01:35:03.847Z] INFO Captured Chainlink opening tick. {"slug":"eth-updown-5m-1780623300","openingPrice":1756.4495654450004,"tickTimestamp":"2026-06-05T01:35:00.000Z"}
[2026-06-05T01:35:03.850Z] INFO Skipped trade. {"slug":"eth-updown-5m-1780623300","reason":"btc_distance_below_threshold","market":"ETH","minDistanceUsd":{"UP":0.5,"DOWN":0.5},"openingPrice":1756.4495654450004,"currentPrice":1756.4495654450004}
[2026-06-05T01:39:29.841Z] INFO Skipped trade. {"slug":"btc-updown-5m-1780623300","reason":"no_ask_liquidity_under_cap","outcome":"DOWN"}
[2026-06-05T01:39:29.841Z] INFO Skipped trade. {"slug":"eth-updown-5m-1780623300","reason":"no_ask_liquidity_under_cap","outcome":"DOWN"}
[2026-06-05T01:39:29.841Z] INFO Skipped trade. {"slug":"doge-updown-5m-1780623300","reason":"no_ask_liquidity_under_cap","outcome":"DOWN"}
[2026-06-05T01:40:01.295Z] INFO Tracking market. {"market":"BTC","slug":"btc-updown-5m-1780623600","title":"Bitcoin Up or Down - June 4, 9:40PM-9:45PM ET","end":"2026-06-05T01:45:00.000Z","upToken":"66069919364754419563596419965738546551022938682610241550070403961130598521192","downToken":"69820387559551308830972163729082311273644097018960832781732235802642106641112","orderMinSize":5,"tickSize":"0.01"}
[2026-06-05T01:40:01.295Z] INFO Skipped trade. {"slug":"btc-updown-5m-1780623600","reason":"missing_opening_chainlink_tick"}
[2026-06-05T01:40:01.295Z] INFO Tracking market. {"market":"ETH","slug":"eth-updown-5m-1780623600","title":"Ethereum Up or Down - June 4, 9:40PM-9:45PM ET","end":"2026-06-05T01:45:00.000Z","upToken":"112794141171958349187061141238237025243481489871729384563762747344886296778293","downToken":"43320802033588451747049872239697722895373118537706841676096555430618611110707","orderMinSize":5,"tickSize":"0.01"}
[2026-06-05T01:40:01.296Z] INFO Skipped trade. {"slug":"eth-updown-5m-1780623600","reason":"missing_opening_chainlink_tick"}
[2026-06-05T01:40:01.296Z] INFO Tracking market. {"market":"DOGE","slug":"doge-updown-5m-1780623600","title":"Dogecoin Up or Down - June 4, 9:40PM-9:45PM ET","end":"2026-06-05T01:45:00.000Z","upToken":"75168699521539181497263829461648851116506326832220755680315033201486748573443","downToken":"67586053251132505177912572141637895617069104012413822303098077256638795526269","orderMinSize":5,"tickSize":"0.01"}
[2026-06-05T01:40:01.296Z] INFO Skipped trade. {"slug":"doge-updown-5m-1780623600","reason":"missing_opening_chainlink_tick"}
[2026-06-05T01:40:02.330Z] INFO Captured Chainlink opening tick. {"slug":"btc-updown-5m-1780623600","openingPrice":63245.835940284436,"tickTimestamp":"2026-06-05T01:40:00.000Z"}
[2026-06-05T01:40:02.345Z] INFO Skipped trade. {"slug":"btc-updown-5m-1780623600","reason":"btc_distance_below_threshold","market":"BTC","minDistanceUsd":{"UP":5,"DOWN":5},"openingPrice":63245.835940284436,"currentPrice":63245.835940284436}
[2026-06-05T01:40:03.370Z] INFO Captured Chainlink opening tick. {"slug":"eth-updown-5m-1780623600","openingPrice":1752.5044159474216,"tickTimestamp":"2026-06-05T01:40:00.000Z"}
[2026-06-05T01:40:03.381Z] INFO Skipped trade. {"slug":"eth-updown-5m-1780623600","reason":"btc_distance_below_threshold","market":"ETH","minDistanceUsd":{"UP":0.5,"DOWN":0.5},"openingPrice":1752.5044159474216,"currentPrice":1752.262255011942}
[2026-06-05T01:40:04.403Z] INFO Captured Chainlink opening tick. {"slug":"doge-updown-5m-1780623600","openingPrice":0.0876989156668465,"tickTimestamp":"2026-06-05T01:40:00.000Z"}
[2026-06-05T01:40:04.411Z] INFO Skipped trade. {"slug":"doge-updown-5m-1780623600","reason":"btc_distance_below_threshold","market":"DOGE","minDistanceUsd":{"UP":0.0001,"DOWN":0.0001},"openingPrice":0.0876989156668465,"currentPrice":0.0876882}
[2026-06-05T01:44:31.480Z] INFO Skipped trade. {"slug":"btc-updown-5m-1780623600","reason":"no_ask_liquidity_under_cap","outcome":"UP"}
[2026-06-05T01:44:31.480Z] INFO Skipped trade. {"slug":"eth-updown-5m-1780623600","reason":"no_ask_liquidity_under_cap","outcome":"UP"}
[2026-06-05T01:48:15.608Z] INFO Tracking market. {"market":"BTC","slug":"btc-updown-5m-1780623900","title":"Bitcoin Up or Down - June 4, 9:45PM-9:50PM ET","end":"2026-06-05T01:50:00.000Z","upToken":"45617008230578408981247425404441624634263421473825270643033664849061866060746","downToken":"11159218597622006177747120585348310350692813217084672053397631951332632770861","orderMinSize":5,"tickSize":"0.01"}
[2026-06-05T01:48:15.631Z] INFO Captured Chainlink opening tick. {"slug":"btc-updown-5m-1780623900","openingPrice":63368.07004687842,"tickTimestamp":"2026-06-05T01:45:00.000Z"}
[2026-06-05T01:48:15.640Z] INFO Tracking market. {"market":"ETH","slug":"eth-updown-5m-1780623900","title":"Ethereum Up or Down - June 4, 9:45PM-9:50PM ET","end":"2026-06-05T01:50:00.000Z","upToken":"20468567405517062744963146498863871668901001699485295869406632522660118803346","downToken":"49911644478289301955956933036673814251149509917491480906183574211599695716189","orderMinSize":5,"tickSize":"0.01"}
[2026-06-05T01:48:15.648Z] INFO Captured Chainlink opening tick. {"slug":"eth-updown-5m-1780623900","openingPrice":1755.72116,"tickTimestamp":"2026-06-05T01:45:00.000Z"}
[2026-06-05T01:48:15.654Z] INFO Tracking market. {"market":"DOGE","slug":"doge-updown-5m-1780623900","title":"Dogecoin Up or Down - June 4, 9:45PM-9:50PM ET","end":"2026-06-05T01:50:00.000Z","upToken":"67495066389332802176730355461824345016766258976763962443674631872046180607869","downToken":"83801981205992765969983976048655232914021150045533645125984795147415015122976","orderMinSize":5,"tickSize":"0.01"}
[2026-06-05T01:48:15.663Z] INFO Captured Chainlink opening tick. {"slug":"doge-updown-5m-1780623900","openingPrice":0.0879062,"tickTimestamp":"2026-06-05T01:45:00.000Z"}
[2026-06-05T01:49:30.826Z] INFO Skipped trade. {"slug":"btc-updown-5m-1780623900","reason":"no_ask_liquidity_under_cap","outcome":"DOWN"}
[2026-06-05T01:49:30.826Z] INFO Skipped trade. {"slug":"eth-updown-5m-1780623900","reason":"no_ask_liquidity_under_cap","outcome":"DOWN"}
[2026-06-05T01:49:30.826Z] INFO Skipped trade. {"slug":"doge-updown-5m-1780623900","reason":"no_ask_liquidity_under_cap","outcome":"DOWN"}
[2026-06-05T01:50:00.572Z] INFO Tracking market. {"market":"BTC","slug":"btc-updown-5m-1780624200","title":"Bitcoin Up or Down - June 4, 9:50PM-9:55PM ET","end":"2026-06-05T01:55:00.000Z","upToken":"56880567150579433336233300924989880497767614051937502332634645018794662635082","downToken":"108613792786109304832472982642829467686449818186550142019016241553575506806338","orderMinSize":5,"tickSize":"0.01"}
[2026-06-05T01:50:00.572Z] INFO Skipped trade. {"slug":"btc-updown-5m-1780624200","reason":"missing_opening_chainlink_tick"}
[2026-06-05T01:50:00.572Z] INFO Tracking market. {"market":"ETH","slug":"eth-updown-5m-1780624200","title":"Ethereum Up or Down - June 4, 9:50PM-9:55PM ET","end":"2026-06-05T01:55:00.000Z","upToken":"102140633683915782714949099087158324881206938560028427282874984880439026875881","downToken":"95600080306179814860728387430263470469268306567287545639457669142810540529820","orderMinSize":5,"tickSize":"0.01"}
[2026-06-05T01:50:00.572Z] INFO Skipped trade. {"slug":"eth-updown-5m-1780624200","reason":"missing_opening_chainlink_tick"}
[2026-06-05T01:50:00.572Z] INFO Tracking market. {"market":"DOGE","slug":"doge-updown-5m-1780624200","title":"Dogecoin Up or Down - June 4, 9:50PM-9:55PM ET","end":"2026-06-05T01:55:00.000Z","upToken":"54828382867901329484821747262222404365866370332008533646991602735190341967566","downToken":"77357093199260514897519306612322313806704360664673163120461830277351732065393","orderMinSize":5,"tickSize":"0.01"}
[2026-06-05T01:50:00.572Z] INFO Skipped trade. {"slug":"doge-updown-5m-1780624200","reason":"missing_opening_chainlink_tick"}
[2026-06-05T01:50:02.605Z] INFO Captured Chainlink opening tick. {"slug":"btc-updown-5m-1780624200","openingPrice":63248.915967892535,"tickTimestamp":"2026-06-05T01:50:00.000Z"}
[2026-06-05T01:50:02.615Z] INFO Skipped trade. {"slug":"btc-updown-5m-1780624200","reason":"btc_distance_below_threshold","market":"BTC","minDistanceUsd":{"UP":5,"DOWN":5},"openingPrice":63248.915967892535,"currentPrice":63248.915967892535}
[2026-06-05T01:50:05.812Z] INFO Captured Chainlink opening tick. {"slug":"eth-updown-5m-1780624200","openingPrice":1754.2177989202128,"tickTimestamp":"2026-06-05T01:50:00.000Z"}
[2026-06-05T01:50:05.816Z] INFO Skipped trade. {"slug":"eth-updown-5m-1780624200","reason":"btc_distance_below_threshold","market":"ETH","minDistanceUsd":{"UP":0.5,"DOWN":0.5},"openingPrice":1754.2177989202128,"currentPrice":1754.094911077945}
[2026-06-05T01:50:05.823Z] INFO Captured Chainlink opening tick. {"slug":"doge-updown-5m-1780624200","openingPrice":0.0876810483328978,"tickTimestamp":"2026-06-05T01:50:00.000Z"}
[2026-06-05T01:50:05.827Z] INFO Skipped trade. {"slug":"doge-updown-5m-1780624200","reason":"btc_distance_below_threshold","market":"DOGE","minDistanceUsd":{"UP":0.0001,"DOWN":0.0001},"openingPrice":0.0876810483328978,"currentPrice":0.0876703810911616}
[2026-06-05T01:54:30.138Z] INFO Skipped trade. {"slug":"eth-updown-5m-1780624200","reason":"no_ask_liquidity_under_cap","outcome":"DOWN"}
[2026-06-05T01:54:35.059Z] INFO Trade attempt recorded. {"mode":"sim","slug":"btc-updown-5m-1780624200","outcome":"UP","amountUsd":5,"bestAsk":0.59,"estimatedShares":5}
[2026-06-05T01:54:36.554Z] INFO Skipped trade. {"slug":"btc-updown-5m-1780624200","reason":"market_already_traded"}
[2026-06-05T01:56:43.860Z] INFO Resolved trade. {"mode":"sim","slug":"btc-updown-5m-1780624200","outcome":"UP","winningOutcome":"UP","won":true,"finalPrice":63288.06213214386}
[2026-06-05T01:56:43.982Z] INFO Tracking market. {"market":"BTC","slug":"btc-updown-5m-1780624500","title":"Bitcoin Up or Down - June 4, 9:55PM-10:00PM ET","end":"2026-06-05T02:00:00.000Z","upToken":"59372393040095616680280827770481811609908332515971951149893178385312341893878","downToken":"98063391351186171865985353459528567155228164626114350774284012558246406798534","orderMinSize":5,"tickSize":"0.01"}
[2026-06-05T01:56:43.987Z] INFO Captured Chainlink opening tick. {"slug":"btc-updown-5m-1780624500","openingPrice":63262.68024688305,"tickTimestamp":"2026-06-05T01:55:00.000Z"}
[2026-06-05T01:56:43.991Z] INFO Tracking market. {"market":"ETH","slug":"eth-updown-5m-1780624500","title":"Ethereum Up or Down - June 4, 9:55PM-10:00PM ET","end":"2026-06-05T02:00:00.000Z","upToken":"25036576892175957539965660338872144852167863746648915617300572691582730927542","downToken":"37570036400912824420778732744424901242152656001904107229399505481771711039528","orderMinSize":5,"tickSize":"0.01"}
[2026-06-05T01:56:43.996Z] INFO Captured Chainlink opening tick. {"slug":"eth-updown-5m-1780624500","openingPrice":1751.6260248095982,"tickTimestamp":"2026-06-05T01:55:00.000Z"}
[2026-06-05T01:56:43.999Z] INFO Tracking market. {"market":"DOGE","slug":"doge-updown-5m-1780624500","title":"Dogecoin Up or Down - June 4, 9:55PM-10:00PM ET","end":"2026-06-05T02:00:00.000Z","upToken":"67706109811165747523453522470577039528841286447266380869450125956245623508652","downToken":"46871181163146339308715953593466531137613879235161696559307505621874637566510","orderMinSize":5,"tickSize":"0.01"}
[2026-06-05T01:56:44.003Z] INFO Captured Chainlink opening tick. {"slug":"doge-updown-5m-1780624500","openingPrice":0.087744,"tickTimestamp":"2026-06-05T01:55:00.000Z"}
[2026-06-05T01:58:04.690Z] INFO Skipped trade. {"slug":"doge-updown-5m-1780624500","reason":"btc_distance_below_threshold","market":"DOGE","minDistanceUsd":{"UP":0.0001,"DOWN":0.0001},"openingPrice":0.087744,"currentPrice":0.0878135}
[2026-06-05T01:58:05.696Z] INFO Skipped trade. {"slug":"btc-updown-5m-1780624500","reason":"btc_distance_below_threshold","market":"BTC","minDistanceUsd":{"UP":5,"DOWN":5},"openingPrice":63262.68024688305,"currentPrice":63263.57810377083}
[2026-06-05T01:58:09.820Z] INFO Skipped trade. {"slug":"eth-updown-5m-1780624500","reason":"btc_distance_below_threshold","market":"ETH","minDistanceUsd":{"UP":0.5,"DOWN":0.5},"openingPrice":1751.6260248095982,"currentPrice":1751.5818938208672}
[2026-06-05T01:59:26.931Z] INFO Skipped trade. {"slug":"eth-updown-5m-1780624500","reason":"stale_chainlink_tick","tickTimestamp":"2026-06-05T01:59:16.000Z"}
[2026-06-05T01:59:27.209Z] INFO Skipped trade. {"slug":"doge-updown-5m-1780624500","reason":"stale_chainlink_tick","tickTimestamp":"2026-06-05T01:59:16.000Z"}
[2026-06-05T01:59:29.111Z] INFO Skipped trade. {"slug":"btc-updown-5m-1780624500","reason":"no_ask_liquidity_under_cap","outcome":"UP"}
[2026-06-05T01:59:31.832Z] INFO Skipped trade. {"slug":"eth-updown-5m-1780624500","reason":"no_ask_liquidity_under_cap","outcome":"UP"}
[2026-06-05T01:59:31.832Z] INFO Skipped trade. {"slug":"doge-updown-5m-1780624500","reason":"no_ask_liquidity_under_cap","outcome":"UP"}
[2026-06-05T01:59:35.869Z] INFO Trade attempt recorded. {"mode":"sim","slug":"eth-updown-5m-1780624500","outcome":"UP","amountUsd":5,"bestAsk":0.53,"estimatedShares":0.18}
[2026-06-05T01:59:38.164Z] INFO Skipped trade. {"slug":"eth-updown-5m-1780624500","reason":"market_already_traded"}
[2026-06-05T02:00:01.316Z] INFO Tracking market. {"market":"BTC","slug":"btc-updown-5m-1780624800","title":"Bitcoin Up or Down - June 4, 10:00PM-10:05PM ET","end":"2026-06-05T02:05:00.000Z","upToken":"105468824981504184273339241590840610096388747029651517906942744068264979296615","downToken":"102388362788644684731617459650608319010457611646721028189318778093697641252242","orderMinSize":5,"tickSize":"0.01"}
[2026-06-05T02:00:01.317Z] INFO Skipped trade. {"slug":"btc-updown-5m-1780624800","reason":"missing_opening_chainlink_tick"}
[2026-06-05T02:00:01.317Z] INFO Tracking market. {"market":"ETH","slug":"eth-updown-5m-1780624800","title":"Ethereum Up or Down - June 4, 10:00PM-10:05PM ET","end":"2026-06-05T02:05:00.000Z","upToken":"2773929843961665330282835969219458261576878999684816194875076604832939773343","downToken":"37480006034674055062483058187638993130048932902220700882975710143655704764701","orderMinSize":5,"tickSize":"0.01"}
[2026-06-05T02:00:01.317Z] INFO Skipped trade. {"slug":"eth-updown-5m-1780624800","reason":"missing_opening_chainlink_tick"}
[2026-06-05T02:00:01.317Z] INFO Tracking market. {"market":"DOGE","slug":"doge-updown-5m-1780624800","title":"Dogecoin Up or Down - June 4, 10:00PM-10:05PM ET","end":"2026-06-05T02:05:00.000Z","upToken":"69784344458254949803160075337969767823620311328200748821756060844056929827119","downToken":"65417630348906801743569200505499865718530065128697109178978107744556274432664","orderMinSize":5,"tickSize":"0.01"}
[2026-06-05T02:00:01.317Z] INFO Skipped trade. {"slug":"doge-updown-5m-1780624800","reason":"missing_opening_chainlink_tick"}
[2026-06-05T02:00:02.338Z] INFO Captured Chainlink opening tick. {"slug":"btc-updown-5m-1780624800","openingPrice":63302.114365731104,"tickTimestamp":"2026-06-05T02:00:00.000Z"}
[2026-06-05T02:00:02.344Z] INFO Skipped trade. {"slug":"btc-updown-5m-1780624800","reason":"btc_distance_below_threshold","market":"BTC","minDistanceUsd":{"UP":5,"DOWN":5},"openingPrice":63302.114365731104,"currentPrice":63302.114365731104}
[2026-06-05T02:00:05.366Z] INFO Resolved trade. {"mode":"sim","slug":"eth-updown-5m-1780624500","outcome":"UP","winningOutcome":"DOWN","won":false,"finalPrice":1751.4221046315486}
[2026-06-05T02:00:05.373Z] INFO Captured Chainlink opening tick. {"slug":"eth-updown-5m-1780624800","openingPrice":1751.395488819609,"tickTimestamp":"2026-06-05T02:00:00.000Z"}
[2026-06-05T02:00:05.377Z] INFO Skipped trade. {"slug":"eth-updown-5m-1780624800","reason":"btc_distance_below_threshold","market":"ETH","minDistanceUsd":{"UP":0.5,"DOWN":0.5},"openingPrice":1751.395488819609,"currentPrice":1751.4221046315486}
[2026-06-05T02:00:06.526Z] INFO Captured Chainlink opening tick. {"slug":"doge-updown-5m-1780624800","openingPrice":0.0878405307300354,"tickTimestamp":"2026-06-05T02:00:00.000Z"}
[2026-06-05T02:00:06.529Z] INFO Skipped trade. {"slug":"doge-updown-5m-1780624800","reason":"btc_distance_below_threshold","market":"DOGE","minDistanceUsd":{"UP":0.0001,"DOWN":0.0001},"openingPrice":0.0878405307300354,"currentPrice":0.0878483267015087}
[2026-06-05T02:04:29.454Z] INFO Skipped trade. {"slug":"btc-updown-5m-1780624800","reason":"no_ask_liquidity_under_cap","outcome":"DOWN"}
[2026-06-05T02:04:29.454Z] INFO Skipped trade. {"slug":"eth-updown-5m-1780624800","reason":"no_ask_liquidity_under_cap","outcome":"DOWN"}
[2026-06-05T02:04:29.454Z] INFO Skipped trade. {"slug":"doge-updown-5m-1780624800","reason":"no_ask_liquidity_under_cap","outcome":"DOWN"}
[2026-06-05T02:05:01.537Z] INFO Tracking market. {"market":"BTC","slug":"btc-updown-5m-1780625100","title":"Bitcoin Up or Down - June 4, 10:05PM-10:10PM ET","end":"2026-06-05T02:10:00.000Z","upToken":"21265185516795847907336751991790010593071323604358685521393071921657823848277","downToken":"113070460506866253359258116446703040986944617036431665407740268820570538956174","orderMinSize":5,"tickSize":"0.01"}
[2026-06-05T02:05:01.537Z] INFO Skipped trade. {"slug":"btc-updown-5m-1780625100","reason":"missing_opening_chainlink_tick"}
[2026-06-05T02:05:01.537Z] INFO Tracking market. {"market":"ETH","slug":"eth-updown-5m-1780625100","title":"Ethereum Up or Down - June 4, 10:05PM-10:10PM ET","end":"2026-06-05T02:10:00.000Z","upToken":"85355136817272784729252595181774040770356780672690424773047917212940459079154","downToken":"3761699883603489440762920135023008814782412184799682273998157850863148408226","orderMinSize":5,"tickSize":"0.01"}
[2026-06-05T02:05:01.538Z] INFO Skipped trade. {"slug":"eth-updown-5m-1780625100","reason":"missing_opening_chainlink_tick"}
[2026-06-05T02:05:01.538Z] INFO Tracking market. {"market":"DOGE","slug":"doge-updown-5m-1780625100","title":"Dogecoin Up or Down - June 4, 10:05PM-10:10PM ET","end":"2026-06-05T02:10:00.000Z","upToken":"11378074703348584765017028399996348605458854411521769389604584547676623138382","downToken":"30235562929159291850054431691559390759291963122939312716944202761832121104818","orderMinSize":5,"tickSize":"0.01"}
[2026-06-05T02:05:01.538Z] INFO Skipped trade. {"slug":"doge-updown-5m-1780625100","reason":"missing_opening_chainlink_tick"}
[2026-06-05T02:05:02.544Z] INFO Captured Chainlink opening tick. {"slug":"btc-updown-5m-1780625100","openingPrice":63239.72745516309,"tickTimestamp":"2026-06-05T02:05:00.000Z"}
[2026-06-05T02:05:02.548Z] INFO Skipped trade. {"slug":"btc-updown-5m-1780625100","reason":"btc_distance_below_threshold","market":"BTC","minDistanceUsd":{"UP":5,"DOWN":5},"openingPrice":63239.72745516309,"currentPrice":63239.72745516309}
[2026-06-05T02:05:07.048Z] INFO Captured Chainlink opening tick. {"slug":"eth-updown-5m-1780625100","openingPrice":1749.5004795109505,"tickTimestamp":"2026-06-05T02:05:00.000Z"}
[2026-06-05T02:05:07.053Z] INFO Skipped trade. {"slug":"eth-updown-5m-1780625100","reason":"btc_distance_below_threshold","market":"ETH","minDistanceUsd":{"UP":0.5,"DOWN":0.5},"openingPrice":1749.5004795109505,"currentPrice":1749.6406027936553}
[2026-06-05T02:05:07.059Z] INFO Captured Chainlink opening tick. {"slug":"doge-updown-5m-1780625100","openingPrice":0.0877409747073541,"tickTimestamp":"2026-06-05T02:05:00.000Z"}
[2026-06-05T02:05:07.062Z] INFO Skipped trade. {"slug":"doge-updown-5m-1780625100","reason":"btc_distance_below_threshold","market":"DOGE","minDistanceUsd":{"UP":0.0001,"DOWN":0.0001},"openingPrice":0.0877409747073541,"currentPrice":0.0877400077944639}
[2026-06-05T02:09:31.020Z] INFO Skipped trade. {"slug":"btc-updown-5m-1780625100","reason":"no_ask_liquidity_under_cap","outcome":"DOWN"}
[2026-06-05T02:09:31.020Z] INFO Skipped trade. {"slug":"eth-updown-5m-1780625100","reason":"no_ask_liquidity_under_cap","outcome":"DOWN"}
[2026-06-05T02:09:31.020Z] INFO Skipped trade. {"slug":"doge-updown-5m-1780625100","reason":"no_ask_liquidity_under_cap","outcome":"DOWN"}
[2026-06-05T02:10:01.941Z] INFO Tracking market. {"market":"BTC","slug":"btc-updown-5m-1780625400","title":"Bitcoin Up or Down - June 4, 10:10PM-10:15PM ET","end":"2026-06-05T02:15:00.000Z","upToken":"105785897726668259658931300571297905026131706773220615406710604053929338498984","downToken":"111241068955429837623165437102341487084978172492626914712262268941169685914158","orderMinSize":5,"tickSize":"0.01"}
[2026-06-05T02:10:01.947Z] INFO Captured Chainlink opening tick. {"slug":"btc-updown-5m-1780625400","openingPrice":63153.04845525378,"tickTimestamp":"2026-06-05T02:10:00.000Z"}
[2026-06-05T02:10:01.950Z] INFO Skipped trade. {"slug":"btc-updown-5m-1780625400","reason":"btc_distance_below_threshold","market":"BTC","minDistanceUsd":{"UP":5,"DOWN":5},"openingPrice":63153.04845525378,"currentPrice":63153.04845525378}
[2026-06-05T02:10:01.951Z] INFO Tracking market. {"market":"ETH","slug":"eth-updown-5m-1780625400","title":"Ethereum Up or Down - June 4, 10:10PM-10:15PM ET","end":"2026-06-05T02:15:00.000Z","upToken":"58397707019444407862687133331544030232721623107668837440470291846744350188382","downToken":"99236629099083281127820230570921683675659149182614142155996251815362659975527","orderMinSize":5,"tickSize":"0.01"}
[2026-06-05T02:10:01.951Z] INFO Skipped trade. {"slug":"eth-updown-5m-1780625400","reason":"missing_opening_chainlink_tick"}
[2026-06-05T02:10:01.951Z] INFO Tracking market. {"market":"DOGE","slug":"doge-updown-5m-1780625400","title":"Dogecoin Up or Down - June 4, 10:10PM-10:15PM ET","end":"2026-06-05T02:15:00.000Z","upToken":"27428327583335006227420914160618272701290035044335785590606168807990808252371","downToken":"35610080644594550104486693649500963777641009484411589140827428962067553803833","orderMinSize":5,"tickSize":"0.01"}
[2026-06-05T02:10:01.951Z] INFO Skipped trade. {"slug":"doge-updown-5m-1780625400","reason":"missing_opening_chainlink_tick"}
[2026-06-05T02:10:06.005Z] INFO Captured Chainlink opening tick. {"slug":"eth-updown-5m-1780625400","openingPrice":1743.6802,"tickTimestamp":"2026-06-05T02:10:00.000Z"}
[2026-06-05T02:10:06.008Z] INFO Skipped trade. {"slug":"eth-updown-5m-1780625400","reason":"btc_distance_below_threshold","market":"ETH","minDistanceUsd":{"UP":0.5,"DOWN":0.5},"openingPrice":1743.6802,"currentPrice":1743.3350333055614}
[2026-06-05T02:10:06.012Z] INFO Captured Chainlink opening tick. {"slug":"doge-updown-5m-1780625400","openingPrice":0.0874469,"tickTimestamp":"2026-06-05T02:10:00.000Z"}
[2026-06-05T02:10:06.015Z] INFO Skipped trade. {"slug":"doge-updown-5m-1780625400","reason":"btc_distance_below_threshold","market":"DOGE","minDistanceUsd":{"UP":0.0001,"DOWN":0.0001},"openingPrice":0.0874469,"currentPrice":0.0874262}
[2026-06-05T02:14:29.619Z] INFO Skipped trade. {"slug":"btc-updown-5m-1780625400","reason":"no_ask_liquidity_under_cap","outcome":"DOWN"}
[2026-06-05T02:14:29.619Z] INFO Skipped trade. {"slug":"eth-updown-5m-1780625400","reason":"no_ask_liquidity_under_cap","outcome":"UP"}
[2026-06-05T02:15:01.605Z] INFO Tracking market. {"market":"BTC","slug":"btc-updown-5m-1780625700","title":"Bitcoin Up or Down - June 4, 10:15PM-10:20PM ET","end":"2026-06-05T02:20:00.000Z","upToken":"84718084930492422681605312795536736258694726319570929784263188416077279473565","downToken":"39139208971159965002758808359101274751540595148053585058504330597304332621774","orderMinSize":5,"tickSize":"0.01"}
[2026-06-05T02:15:01.605Z] INFO Skipped trade. {"slug":"btc-updown-5m-1780625700","reason":"missing_opening_chainlink_tick"}
[2026-06-05T02:15:01.605Z] INFO Tracking market. {"market":"ETH","slug":"eth-updown-5m-1780625700","title":"Ethereum Up or Down - June 4, 10:15PM-10:20PM ET","end":"2026-06-05T02:20:00.000Z","upToken":"21156806477581668508253612907765966447371947910750632854791247933486868146412","downToken":"104224790674367840972232515315574392991792176794149470398781851759454622257692","orderMinSize":5,"tickSize":"0.01"}
[2026-06-05T02:15:01.605Z] INFO Skipped trade. {"slug":"eth-updown-5m-1780625700","reason":"missing_opening_chainlink_tick"}
[2026-06-05T02:15:01.605Z] INFO Tracking market. {"market":"DOGE","slug":"doge-updown-5m-1780625700","title":"Dogecoin Up or Down - June 4, 10:15PM-10:20PM ET","end":"2026-06-05T02:20:00.000Z","upToken":"49505348699863219652860886199384978581358104668508500863630232419531902690056","downToken":"44450563500711510008417412173269003064384408979049908527129866310155279416296","orderMinSize":5,"tickSize":"0.01"}
[2026-06-05T02:15:01.605Z] INFO Skipped trade. {"slug":"doge-updown-5m-1780625700","reason":"missing_opening_chainlink_tick"}
[2026-06-05T02:15:02.616Z] INFO Captured Chainlink opening tick. {"slug":"btc-updown-5m-1780625700","openingPrice":63110.476905204734,"tickTimestamp":"2026-06-05T02:15:00.000Z"}
[2026-06-05T02:15:06.925Z] INFO Captured Chainlink opening tick. {"slug":"doge-updown-5m-1780625700","openingPrice":0.087434,"tickTimestamp":"2026-06-05T02:15:00.000Z"}
[2026-06-05T02:15:06.929Z] INFO Skipped trade. {"slug":"doge-updown-5m-1780625700","reason":"btc_distance_below_threshold","market":"DOGE","minDistanceUsd":{"UP":0.0001,"DOWN":0.0001},"openingPrice":0.087434,"currentPrice":0.0874909030363798}
[2026-06-05T02:15:07.951Z] INFO Captured Chainlink opening tick. {"slug":"eth-updown-5m-1780625700","openingPrice":1745.6751336853986,"tickTimestamp":"2026-06-05T02:15:00.000Z"}
[2026-06-05T02:15:15.672Z] INFO Skipped trade. {"slug":"btc-updown-5m-1780625700","reason":"btc_distance_below_threshold","market":"BTC","minDistanceUsd":{"UP":5,"DOWN":5},"openingPrice":63110.476905204734,"currentPrice":63113.790252158724}
[2026-06-05T02:15:17.788Z] INFO Skipped trade. {"slug":"eth-updown-5m-1780625700","reason":"btc_distance_below_threshold","market":"ETH","minDistanceUsd":{"UP":0.5,"DOWN":0.5},"openingPrice":1745.6751336853986,"currentPrice":1745.424875}
[2026-06-05T02:19:29.804Z] INFO Skipped trade. {"slug":"btc-updown-5m-1780625700","reason":"no_ask_liquidity_under_cap","outcome":"DOWN"}
[2026-06-05T02:19:29.804Z] INFO Skipped trade. {"slug":"eth-updown-5m-1780625700","reason":"no_ask_liquidity_under_cap","outcome":"DOWN"}
[2026-06-05T02:19:29.805Z] INFO Skipped trade. {"slug":"doge-updown-5m-1780625700","reason":"no_ask_liquidity_under_cap","outcome":"DOWN"}
[2026-06-05T02:20:01.735Z] INFO Tracking market. {"market":"BTC","slug":"btc-updown-5m-1780626000","title":"Bitcoin Up or Down - June 4, 10:20PM-10:25PM ET","end":"2026-06-05T02:25:00.000Z","upToken":"9673682129001844034652475262015906527718183657755894404098454144784915374215","downToken":"25302880099618968986554765863450786786398594504567793180023305453771238565017","orderMinSize":5,"tickSize":"0.01"}
[2026-06-05T02:20:01.764Z] INFO Captured Chainlink opening tick. {"slug":"btc-updown-5m-1780626000","openingPrice":62946.7542076766,"tickTimestamp":"2026-06-05T02:20:00.000Z"}
[2026-06-05T02:20:01.771Z] INFO Skipped trade. {"slug":"btc-updown-5m-1780626000","reason":"btc_distance_below_threshold","market":"BTC","minDistanceUsd":{"UP":5,"DOWN":5},"openingPrice":62946.7542076766,"currentPrice":62946.7542076766}
[2026-06-05T02:20:01.771Z] INFO Tracking market. {"market":"ETH","slug":"eth-updown-5m-1780626000","title":"Ethereum Up or Down - June 4, 10:20PM-10:25PM ET","end":"2026-06-05T02:25:00.000Z","upToken":"37144276699885788625219093671209616046947939215451050593953764574655808672252","downToken":"1475347535290650583618242737651449593593266676931205987261614225207388455574","orderMinSize":5,"tickSize":"0.01"}
[2026-06-05T02:20:01.780Z] INFO Captured Chainlink opening tick. {"slug":"eth-updown-5m-1780626000","openingPrice":1741.2505384859264,"tickTimestamp":"2026-06-05T02:20:00.000Z"}
[2026-06-05T02:20:01.785Z] INFO Skipped trade. {"slug":"eth-updown-5m-1780626000","reason":"btc_distance_below_threshold","market":"ETH","minDistanceUsd":{"UP":0.5,"DOWN":0.5},"openingPrice":1741.2505384859264,"currentPrice":1741.2505384859264}
[2026-06-05T02:20:01.785Z] INFO Tracking market. {"market":"DOGE","slug":"doge-updown-5m-1780626000","title":"Dogecoin Up or Down - June 4, 10:20PM-10:25PM ET","end":"2026-06-05T02:25:00.000Z","upToken":"63804709979346861439441894528555977455483617997151468115891397565737512583184","downToken":"97877781210897740763500220070369089948510310969741425374165422596105941696336","orderMinSize":5,"tickSize":"0.01"}
[2026-06-05T02:20:01.793Z] INFO Captured Chainlink opening tick. {"slug":"doge-updown-5m-1780626000","openingPrice":0.087153851,"tickTimestamp":"2026-06-05T02:20:00.000Z"}
[2026-06-05T02:20:01.797Z] INFO Skipped trade. {"slug":"doge-updown-5m-1780626000","reason":"btc_distance_below_threshold","market":"DOGE","minDistanceUsd":{"UP":0.0001,"DOWN":0.0001},"openingPrice":0.087153851,"currentPrice":0.087153851}
[2026-06-05T02:20:31.181Z] INFO Skipped trade. {"slug":"eth-updown-5m-1780626000","reason":"stale_chainlink_tick","tickTimestamp":"2026-06-05T02:20:21.000Z"}
[2026-06-05T02:20:31.181Z] INFO Skipped trade. {"slug":"doge-updown-5m-1780626000","reason":"stale_chainlink_tick","tickTimestamp":"2026-06-05T02:20:21.000Z"}
[2026-06-05T02:22:56.735Z] WARN RTDS websocket closed; reconnecting soon.
[2026-06-05T02:23:02.464Z] INFO Connected to Polymarket RTDS Chainlink feed.
[2026-06-05T02:24:33.495Z] INFO Skipped trade. {"slug":"btc-updown-5m-1780626000","reason":"no_ask_liquidity_under_cap","outcome":"DOWN"}
[2026-06-05T02:24:33.495Z] INFO Skipped trade. {"slug":"eth-updown-5m-1780626000","reason":"no_ask_liquidity_under_cap","outcome":"DOWN"}
[2026-06-05T02:24:54.179Z] INFO Skipped trade. {"slug":"doge-updown-5m-1780626000","reason":"no_ask_liquidity_under_cap","outcome":"UP"}
[2026-06-05T02:25:01.780Z] INFO Tracking market. {"market":"BTC","slug":"btc-updown-5m-1780626300","title":"Bitcoin Up or Down - June 4, 10:25PM-10:30PM ET","end":"2026-06-05T02:30:00.000Z","upToken":"66363861359719835226911844151605218887254640123125143359218840057492429845864","downToken":"31149579298860092275529853127209810105248951660463967898344953770180165812636","orderMinSize":5,"tickSize":"0.01"}
[2026-06-05T02:25:01.786Z] INFO Captured Chainlink opening tick. {"slug":"btc-updown-5m-1780626300","openingPrice":62845.032077387885,"tickTimestamp":"2026-06-05T02:25:00.000Z"}
[2026-06-05T02:25:01.789Z] INFO Skipped trade. {"slug":"btc-updown-5m-1780626300","reason":"btc_distance_below_threshold","market":"BTC","minDistanceUsd":{"UP":5,"DOWN":5},"openingPrice":62845.032077387885,"currentPrice":62845.032077387885}
[2026-06-05T02:25:01.790Z] INFO Tracking market. {"market":"ETH","slug":"eth-updown-5m-1780626300","title":"Ethereum Up or Down - June 4, 10:25PM-10:30PM ET","end":"2026-06-05T02:30:00.000Z","upToken":"34940744467810841149074089972505544798880381179631787566532083191196743288668","downToken":"17494946368506210674483661665522390948035129794945455093386879541326245332524","orderMinSize":5,"tickSize":"0.01"}
[2026-06-05T02:25:01.790Z] INFO Skipped trade. {"slug":"eth-updown-5m-1780626300","reason":"missing_opening_chainlink_tick"}
[2026-06-05T02:25:01.790Z] INFO Tracking market. {"market":"DOGE","slug":"doge-updown-5m-1780626300","title":"Dogecoin Up or Down - June 4, 10:25PM-10:30PM ET","end":"2026-06-05T02:30:00.000Z","upToken":"93155416328023156355271688325796212784365559437967390262240119008681508191842","downToken":"32537592234961973686242131619305769280165192748153242312458617228566728449177","orderMinSize":5,"tickSize":"0.01"}
[2026-06-05T02:25:01.790Z] INFO Skipped trade. {"slug":"doge-updown-5m-1780626300","reason":"missing_opening_chainlink_tick"}
[2026-06-05T02:25:03.808Z] INFO Captured Chainlink opening tick. {"slug":"eth-updown-5m-1780626300","openingPrice":1740.54374,"tickTimestamp":"2026-06-05T02:25:00.000Z"}
[2026-06-05T02:25:03.811Z] INFO Skipped trade. {"slug":"eth-updown-5m-1780626300","reason":"btc_distance_below_threshold","market":"ETH","minDistanceUsd":{"UP":0.5,"DOWN":0.5},"openingPrice":1740.54374,"currentPrice":1740.642884883536}
[2026-06-05T02:25:03.816Z] INFO Captured Chainlink opening tick. {"slug":"doge-updown-5m-1780626300","openingPrice":0.087287047,"tickTimestamp":"2026-06-05T02:25:00.000Z"}
[2026-06-05T02:25:03.819Z] INFO Skipped trade. {"slug":"doge-updown-5m-1780626300","reason":"btc_distance_below_threshold","market":"DOGE","minDistanceUsd":{"UP":0.0001,"DOWN":0.0001},"openingPrice":0.087287047,"currentPrice":0.0872877896079373}
[2026-06-05T02:26:56.713Z] INFO Skipped trade. {"slug":"eth-updown-5m-1780626300","reason":"stale_chainlink_tick","tickTimestamp":"2026-06-05T02:26:46.000Z"}
[2026-06-05T02:26:56.714Z] INFO Skipped trade. {"slug":"doge-updown-5m-1780626300","reason":"stale_chainlink_tick","tickTimestamp":"2026-06-05T02:26:46.000Z"}
[2026-06-05T02:26:57.717Z] INFO Skipped trade. {"slug":"btc-updown-5m-1780626300","reason":"stale_chainlink_tick","tickTimestamp":"2026-06-05T02:26:47.000Z"}
[2026-06-05T02:29:30.292Z] INFO Skipped trade. {"slug":"btc-updown-5m-1780626300","reason":"no_ask_liquidity_under_cap","outcome":"DOWN"}
[2026-06-05T02:29:30.292Z] INFO Skipped trade. {"slug":"eth-updown-5m-1780626300","reason":"no_ask_liquidity_under_cap","outcome":"DOWN"}
[2026-06-05T02:29:30.292Z] INFO Skipped trade. {"slug":"doge-updown-5m-1780626300","reason":"no_ask_liquidity_under_cap","outcome":"DOWN"}
[CLOB Client] request error {"status":404,"statusText":"Not Found","data":{"error":"No orderbook exists for the requested token id"},"config":{"transitional":{"silentJSONParsing":true,"forcedJSONParsing":true,"clarifyTimeoutError":false,"legacyInterceptorReqResOrdering":true},"adapter":["xhr","http","fetch"],"transformRequest":[null],"transformResponse":[null],"timeout":0,"xsrfCookieName":"XSRF-TOKEN","xsrfHeaderName":"X-XSRF-TOKEN","maxContentLength":-1,"maxBodyLength":-1,"env":{},"headers":{"Accept":"application/json, text/plain, */*","User-Agent":"axios/1.16.0","Accept-Encoding":"gzip, compress, deflate, br"},"method":"get","url":"https://clob.polymarket.com/book","params":{"token_id":"32537592234961973686242131619305769280165192748153242312458617228566728449177"},"allowAbsoluteUrls":true}}
[CLOB Client] request error {"status":404,"statusText":"Not Found","data":{"error":"No orderbook exists for the requested token id"},"config":{"transitional":{"silentJSONParsing":true,"forcedJSONParsing":true,"clarifyTimeoutError":false,"legacyInterceptorReqResOrdering":true},"adapter":["xhr","http","fetch"],"transformRequest":[null],"transformResponse":[null],"timeout":0,"xsrfCookieName":"XSRF-TOKEN","xsrfHeaderName":"X-XSRF-TOKEN","maxContentLength":-1,"maxBodyLength":-1,"env":{},"headers":{"Accept":"application/json, text/plain, */*","User-Agent":"axios/1.16.0","Accept-Encoding":"gzip, compress, deflate, br"},"method":"get","url":"https://clob.polymarket.com/book","params":{"token_id":"93155416328023156355271688325796212784365559437967390262240119008681508191842"},"allowAbsoluteUrls":true}}
[CLOB Client] request error {"status":404,"statusText":"Not Found","data":{"error":"No orderbook exists for the requested token id"},"config":{"transitional":{"silentJSONParsing":true,"forcedJSONParsing":true,"clarifyTimeoutError":false,"legacyInterceptorReqResOrdering":true},"adapter":["xhr","http","fetch"],"transformRequest":[null],"transformResponse":[null],"timeout":0,"xsrfCookieName":"XSRF-TOKEN","xsrfHeaderName":"X-XSRF-TOKEN","maxContentLength":-1,"maxBodyLength":-1,"env":{},"headers":{"Accept":"application/json, text/plain, */*","User-Agent":"axios/1.16.0","Accept-Encoding":"gzip, compress, deflate, br"},"method":"get","url":"https://clob.polymarket.com/book","params":{"token_id":"32537592234961973686242131619305769280165192748153242312458617228566728449177"},"allowAbsoluteUrls":true}}
[2026-06-05T02:33:13.283Z] INFO Skipped trade. {"slug":"doge-updown-5m-1780626300","reason":"orderbook_quote_failed","outcome":"DOWN","error":"No orderbook exists for the requested token id"}
[2026-06-05T02:33:14.485Z] INFO Tracking market. {"market":"BTC","slug":"btc-updown-5m-1780626600","title":"Bitcoin Up or Down - June 4, 10:30PM-10:35PM ET","end":"2026-06-05T02:35:00.000Z","upToken":"90832549761799308607135630140255527171508867164180119489081345111802731153171","downToken":"22624248461582181278249776679907424461440050301921273162830634342284592226045","orderMinSize":5,"tickSize":"0.01"}
[2026-06-05T02:33:14.493Z] INFO Captured Chainlink opening tick. {"slug":"btc-updown-5m-1780626600","openingPrice":62633.88099981683,"tickTimestamp":"2026-06-05T02:30:00.000Z"}
[2026-06-05T02:33:14.497Z] INFO Tracking market. {"market":"ETH","slug":"eth-updown-5m-1780626600","title":"Ethereum Up or Down - June 4, 10:30PM-10:35PM ET","end":"2026-06-05T02:35:00.000Z","upToken":"70020169432268736743533948480290883633119235943417820542030931064729519792108","downToken":"79965504430879349059654416016127628618249392426611193528519485185426980851796","orderMinSize":5,"tickSize":"0.01"}
[2026-06-05T02:33:14.504Z] INFO Captured Chainlink opening tick. {"slug":"eth-updown-5m-1780626600","openingPrice":1734.58145,"tickTimestamp":"2026-06-05T02:30:00.000Z"}
[2026-06-05T02:33:14.508Z] INFO Tracking market. {"market":"DOGE","slug":"doge-updown-5m-1780626600","title":"Dogecoin Up or Down - June 4, 10:30PM-10:35PM ET","end":"2026-06-05T02:35:00.000Z","upToken":"86751183367601210366935457342121750125985749922176794546106439311749987996754","downToken":"28668314176026603538027864675679996136648663528735860083490427090624316373785","orderMinSize":5,"tickSize":"0.01"}
[2026-06-05T02:33:14.516Z] INFO Captured Chainlink opening tick. {"slug":"doge-updown-5m-1780626600","openingPrice":0.086788,"tickTimestamp":"2026-06-05T02:30:00.000Z"}
[2026-06-05T02:33:35.889Z] INFO Skipped trade. {"slug":"eth-updown-5m-1780626600","reason":"btc_distance_below_threshold","market":"ETH","minDistanceUsd":{"UP":0.5,"DOWN":0.5},"openingPrice":1734.58145,"currentPrice":1734.740088685786}
[2026-06-05T02:34:37.914Z] INFO Skipped trade. {"slug":"btc-updown-5m-1780626600","reason":"no_ask_liquidity_under_cap","outcome":"UP"}
[2026-06-05T02:34:37.915Z] INFO Skipped trade. {"slug":"eth-updown-5m-1780626600","reason":"no_ask_liquidity_under_cap","outcome":"UP"}
[2026-06-05T02:34:37.915Z] INFO Skipped trade. {"slug":"doge-updown-5m-1780626600","reason":"no_ask_liquidity_under_cap","outcome":"UP"}
[2026-06-05T02:35:00.583Z] INFO Tracking market. {"market":"BTC","slug":"btc-updown-5m-1780626900","title":"Bitcoin Up or Down - June 4, 10:35PM-10:40PM ET","end":"2026-06-05T02:40:00.000Z","upToken":"83617377784628747285453926312952957952176640121683936267944390712814830805402","downToken":"36504051584262490264965631034745010557118174600849717224431883790321396671088","orderMinSize":5,"tickSize":"0.01"}
[2026-06-05T02:35:00.583Z] INFO Skipped trade. {"slug":"btc-updown-5m-1780626900","reason":"missing_opening_chainlink_tick"}
[2026-06-05T02:35:00.583Z] INFO Tracking market. {"market":"ETH","slug":"eth-updown-5m-1780626900","title":"Ethereum Up or Down - June 4, 10:35PM-10:40PM ET","end":"2026-06-05T02:40:00.000Z","upToken":"72316365372092641755288572953585649163484411257176962584056205103158028705528","downToken":"36248375353548947868998493966523020128960120364432647378192706082841470771552","orderMinSize":5,"tickSize":"0.01"}
[2026-06-05T02:35:00.583Z] INFO Skipped trade. {"slug":"eth-updown-5m-1780626900","reason":"missing_opening_chainlink_tick"}
[2026-06-05T02:35:00.583Z] INFO Tracking market. {"market":"DOGE","slug":"doge-updown-5m-1780626900","title":"Dogecoin Up or Down - June 4, 10:35PM-10:40PM ET","end":"2026-06-05T02:40:00.000Z","upToken":"30176890106900080822983853477465532613842436802711423297470832164679760494123","downToken":"46777137307201630596622043440169326813980535353765500813997002639645904172612","orderMinSize":5,"tickSize":"0.01"}
[2026-06-05T02:35:00.583Z] INFO Skipped trade. {"slug":"doge-updown-5m-1780626900","reason":"missing_opening_chainlink_tick"}
[2026-06-05T02:35:01.612Z] INFO Captured Chainlink opening tick. {"slug":"btc-updown-5m-1780626900","openingPrice":62749.49775391389,"tickTimestamp":"2026-06-05T02:35:00.000Z"}
[2026-06-05T02:35:01.617Z] INFO Skipped trade. {"slug":"btc-updown-5m-1780626900","reason":"btc_distance_below_threshold","market":"BTC","minDistanceUsd":{"UP":5,"DOWN":5},"openingPrice":62749.49775391389,"currentPrice":62749.49775391389}
[2026-06-05T02:35:04.647Z] INFO Captured Chainlink opening tick. {"slug":"eth-updown-5m-1780626900","openingPrice":1735.9812858295484,"tickTimestamp":"2026-06-05T02:35:00.000Z"}
[2026-06-05T02:35:04.654Z] INFO Skipped trade. {"slug":"eth-updown-5m-1780626900","reason":"btc_distance_below_threshold","market":"ETH","minDistanceUsd":{"UP":0.5,"DOWN":0.5},"openingPrice":1735.9812858295484,"currentPrice":1735.8659577808753}
[2026-06-05T02:35:04.670Z] INFO Captured Chainlink opening tick. {"slug":"doge-updown-5m-1780626900","openingPrice":0.0869766285519412,"tickTimestamp":"2026-06-05T02:35:00.000Z"}
[2026-06-05T02:35:04.675Z] INFO Skipped trade. {"slug":"doge-updown-5m-1780626900","reason":"btc_distance_below_threshold","market":"DOGE","minDistanceUsd":{"UP":0.0001,"DOWN":0.0001},"openingPrice":0.0869766285519412,"currentPrice":0.0869539106195357}
[2026-06-05T02:39:28.929Z] INFO Skipped trade. {"slug":"btc-updown-5m-1780626900","reason":"no_ask_liquidity_under_cap","outcome":"UP"}
[2026-06-05T02:39:28.929Z] INFO Skipped trade. {"slug":"eth-updown-5m-1780626900","reason":"no_ask_liquidity_under_cap","outcome":"UP"}
[2026-06-05T02:40:01.234Z] INFO Tracking market. {"market":"BTC","slug":"btc-updown-5m-1780627200","title":"Bitcoin Up or Down - June 4, 10:40PM-10:45PM ET","end":"2026-06-05T02:45:00.000Z","upToken":"43586525062942043059146337998122216400444209163776528290692351021962813110530","downToken":"61078552031984547078213653862702744282761487199881009310501033262586895302600","orderMinSize":5,"tickSize":"0.01"}
[2026-06-05T02:40:01.234Z] INFO Skipped trade. {"slug":"btc-updown-5m-1780627200","reason":"missing_opening_chainlink_tick"}
[2026-06-05T02:40:01.234Z] INFO Tracking market. {"market":"ETH","slug":"eth-updown-5m-1780627200","title":"Ethereum Up or Down - June 4, 10:40PM-10:45PM ET","end":"2026-06-05T02:45:00.000Z","upToken":"33057573777307886860489110222230809460836568279254771647245964848440926408925","downToken":"50100727391318375409300116406351948525902142059644015272306175510474443656722","orderMinSize":5,"tickSize":"0.01"}
[2026-06-05T02:40:01.234Z] INFO Skipped trade. {"slug":"eth-updown-5m-1780627200","reason":"missing_opening_chainlink_tick"}
[2026-06-05T02:40:01.234Z] INFO Tracking market. {"market":"DOGE","slug":"doge-updown-5m-1780627200","title":"Dogecoin Up or Down - June 4, 10:40PM-10:45PM ET","end":"2026-06-05T02:45:00.000Z","upToken":"115560855809426942795921308761415880922753406261826725982597223695271309339939","downToken":"15289512159691077199883849951481940663392034459023762727965281396674475358235","orderMinSize":5,"tickSize":"0.01"}
[2026-06-05T02:40:01.235Z] INFO Skipped trade. {"slug":"doge-updown-5m-1780627200","reason":"missing_opening_chainlink_tick"}
[2026-06-05T02:40:02.248Z] INFO Captured Chainlink opening tick. {"slug":"btc-updown-5m-1780627200","openingPrice":62830.41592442893,"tickTimestamp":"2026-06-05T02:40:00.000Z"}
[2026-06-05T02:40:02.256Z] INFO Skipped trade. {"slug":"btc-updown-5m-1780627200","reason":"btc_distance_below_threshold","market":"BTC","minDistanceUsd":{"UP":5,"DOWN":5},"openingPrice":62830.41592442893,"currentPrice":62830.41592442893}
[2026-06-05T02:40:05.281Z] INFO Captured Chainlink opening tick. {"slug":"eth-updown-5m-1780627200","openingPrice":1738.70139,"tickTimestamp":"2026-06-05T02:40:00.000Z"}
[2026-06-05T02:40:05.285Z] INFO Skipped trade. {"slug":"eth-updown-5m-1780627200","reason":"btc_distance_below_threshold","market":"ETH","minDistanceUsd":{"UP":0.5,"DOWN":0.5},"openingPrice":1738.70139,"currentPrice":1738.7288}
[2026-06-05T02:40:05.291Z] INFO Captured Chainlink opening tick. {"slug":"doge-updown-5m-1780627200","openingPrice":0.087002,"tickTimestamp":"2026-06-05T02:40:00.000Z"}
[2026-06-05T02:40:05.295Z] INFO Skipped trade. {"slug":"doge-updown-5m-1780627200","reason":"btc_distance_below_threshold","market":"DOGE","minDistanceUsd":{"UP":0.0001,"DOWN":0.0001},"openingPrice":0.087002,"currentPrice":0.087005}
[2026-06-05T02:43:13.109Z] INFO Skipped trade. {"slug":"eth-updown-5m-1780627200","reason":"stale_chainlink_tick","tickTimestamp":"2026-06-05T02:43:03.000Z"}
[2026-06-05T02:43:13.109Z] INFO Skipped trade. {"slug":"doge-updown-5m-1780627200","reason":"stale_chainlink_tick","tickTimestamp":"2026-06-05T02:43:03.000Z"}
[2026-06-05T02:44:30.305Z] INFO Skipped trade. {"slug":"btc-updown-5m-1780627200","reason":"no_ask_liquidity_under_cap","outcome":"DOWN"}
[2026-06-05T02:44:30.306Z] INFO Skipped trade. {"slug":"eth-updown-5m-1780627200","reason":"no_ask_liquidity_under_cap","outcome":"DOWN"}
[2026-06-05T02:44:30.306Z] INFO Skipped trade. {"slug":"doge-updown-5m-1780627200","reason":"no_ask_liquidity_under_cap","outcome":"DOWN"}
[2026-06-05T02:45:01.119Z] INFO Tracking market. {"market":"BTC","slug":"btc-updown-5m-1780627500","title":"Bitcoin Up or Down - June 4, 10:45PM-10:50PM ET","end":"2026-06-05T02:50:00.000Z","upToken":"111353961930880376233383534572567255412108084895993251638974201160028077430243","downToken":"114206409094578188536357447771551835900650857826610331543708958897787755783140","orderMinSize":5,"tickSize":"0.01"}
[2026-06-05T02:45:01.120Z] INFO Skipped trade. {"slug":"btc-updown-5m-1780627500","reason":"missing_opening_chainlink_tick"}
[2026-06-05T02:45:01.120Z] INFO Tracking market. {"market":"ETH","slug":"eth-updown-5m-1780627500","title":"Ethereum Up or Down - June 4, 10:45PM-10:50PM ET","end":"2026-06-05T02:50:00.000Z","upToken":"98531461248545160134573433483538247922571304953993258627243269745882803306169","downToken":"18695881981229236596582086357053813774048983417203166796313691800638716952472","orderMinSize":5,"tickSize":"0.01"}
[2026-06-05T02:45:01.120Z] INFO Skipped trade. {"slug":"eth-updown-5m-1780627500","reason":"missing_opening_chainlink_tick"}
[2026-06-05T02:45:01.120Z] INFO Tracking market. {"market":"DOGE","slug":"doge-updown-5m-1780627500","title":"Dogecoin Up or Down - June 4, 10:45PM-10:50PM ET","end":"2026-06-05T02:50:00.000Z","upToken":"8771103808298711189879593034292088817501753329598760241299589432760682807187","downToken":"68315540709529004978245323550076711756629846575825429059770045784186019459823","orderMinSize":5,"tickSize":"0.01"}
[2026-06-05T02:45:01.121Z] INFO Skipped trade. {"slug":"doge-updown-5m-1780627500","reason":"missing_opening_chainlink_tick"}
[2026-06-05T02:45:04.155Z] INFO Captured Chainlink opening tick. {"slug":"btc-updown-5m-1780627500","openingPrice":62681.642940633596,"tickTimestamp":"2026-06-05T02:45:00.000Z"}
[2026-06-05T02:45:06.601Z] INFO Captured Chainlink opening tick. {"slug":"eth-updown-5m-1780627500","openingPrice":1734.31471,"tickTimestamp":"2026-06-05T02:45:00.000Z"}
[2026-06-05T02:45:06.606Z] INFO Skipped trade. {"slug":"eth-updown-5m-1780627500","reason":"btc_distance_below_threshold","market":"ETH","minDistanceUsd":{"UP":0.5,"DOWN":0.5},"openingPrice":1734.31471,"currentPrice":1734.3218084823905}
[2026-06-05T02:45:06.612Z] INFO Captured Chainlink opening tick. {"slug":"doge-updown-5m-1780627500","openingPrice":0.0864990655397132,"tickTimestamp":"2026-06-05T02:45:00.000Z"}
[2026-06-05T02:45:06.617Z] INFO Skipped trade. {"slug":"doge-updown-5m-1780627500","reason":"btc_distance_below_threshold","market":"DOGE","minDistanceUsd":{"UP":0.0001,"DOWN":0.0001},"openingPrice":0.0864990655397132,"currentPrice":0.086535982}
[2026-06-05T02:45:08.635Z] INFO Skipped trade. {"slug":"btc-updown-5m-1780627500","reason":"btc_distance_below_threshold","market":"BTC","minDistanceUsd":{"UP":5,"DOWN":5},"openingPrice":62681.642940633596,"currentPrice":62677.301251250705}
[2026-06-05T02:47:33.215Z] INFO Skipped trade. {"slug":"eth-updown-5m-1780627500","reason":"stale_chainlink_tick","tickTimestamp":"2026-06-05T02:47:23.000Z"}
[2026-06-05T02:47:33.215Z] INFO Skipped trade. {"slug":"doge-updown-5m-1780627500","reason":"stale_chainlink_tick","tickTimestamp":"2026-06-05T02:47:23.000Z"}
[2026-06-05T02:49:29.367Z] INFO Skipped trade. {"slug":"btc-updown-5m-1780627500","reason":"no_ask_liquidity_under_cap","outcome":"DOWN"}
[2026-06-05T02:49:29.367Z] INFO Skipped trade. {"slug":"eth-updown-5m-1780627500","reason":"no_ask_liquidity_under_cap","outcome":"UP"}
[2026-06-05T02:50:01.985Z] INFO Tracking market. {"market":"BTC","slug":"btc-updown-5m-1780627800","title":"Bitcoin Up or Down - June 4, 10:50PM-10:55PM ET","end":"2026-06-05T02:55:00.000Z","upToken":"17167334328054235768366789718191327354346003875369601336400746655457641311514","downToken":"68299125001534500392302740062132975979399293642784945073803578991899836306469","orderMinSize":5,"tickSize":"0.01"}
[2026-06-05T02:50:01.991Z] INFO Captured Chainlink opening tick. {"slug":"btc-updown-5m-1780627800","openingPrice":62665.99151345905,"tickTimestamp":"2026-06-05T02:50:00.000Z"}
[2026-06-05T02:50:01.995Z] INFO Skipped trade. {"slug":"btc-updown-5m-1780627800","reason":"btc_distance_below_threshold","market":"BTC","minDistanceUsd":{"UP":5,"DOWN":5},"openingPrice":62665.99151345905,"currentPrice":62665.99151345905}
[2026-06-05T02:50:01.995Z] INFO Tracking market. {"market":"ETH","slug":"eth-updown-5m-1780627800","title":"Ethereum Up or Down - June 4, 10:50PM-10:55PM ET","end":"2026-06-05T02:55:00.000Z","upToken":"83981735683378332020828139083259446424981740146498589307737539009842065917752","downToken":"47619895241224761226073632701177202777297205556681601871043757203466395469557","orderMinSize":5,"tickSize":"0.01"}
[2026-06-05T02:50:01.995Z] INFO Skipped trade. {"slug":"eth-updown-5m-1780627800","reason":"missing_opening_chainlink_tick"}
[2026-06-05T02:50:01.995Z] INFO Tracking market. {"market":"DOGE","slug":"doge-updown-5m-1780627800","title":"Dogecoin Up or Down - June 4, 10:50PM-10:55PM ET","end":"2026-06-05T02:55:00.000Z","upToken":"98002664534002124471520366016516257252370678829154626234192578262348926793437","downToken":"43346349824576666832200750404923602830316904049285824057629397458780448490869","orderMinSize":5,"tickSize":"0.01"}
[2026-06-05T02:50:01.995Z] INFO Skipped trade. {"slug":"doge-updown-5m-1780627800","reason":"missing_opening_chainlink_tick"}
[2026-06-05T02:50:06.044Z] INFO Captured Chainlink opening tick. {"slug":"eth-updown-5m-1780627800","openingPrice":1734.9613413553052,"tickTimestamp":"2026-06-05T02:50:00.000Z"}
[2026-06-05T02:50:06.051Z] INFO Skipped trade. {"slug":"eth-updown-5m-1780627800","reason":"btc_distance_below_threshold","market":"ETH","minDistanceUsd":{"UP":0.5,"DOWN":0.5},"openingPrice":1734.9613413553052,"currentPrice":1734.90823}
[2026-06-05T02:50:06.062Z] INFO Captured Chainlink opening tick. {"slug":"doge-updown-5m-1780627800","openingPrice":0.0865274117026492,"tickTimestamp":"2026-06-05T02:50:00.000Z"}
[2026-06-05T02:50:06.070Z] INFO Skipped trade. {"slug":"doge-updown-5m-1780627800","reason":"btc_distance_below_threshold","market":"DOGE","minDistanceUsd":{"UP":0.0001,"DOWN":0.0001},"openingPrice":0.0865274117026492,"currentPrice":0.0865459341512604}
[2026-06-05T02:53:13.553Z] INFO Skipped trade. {"slug":"btc-updown-5m-1780627800","reason":"stale_chainlink_tick","tickTimestamp":"2026-06-05T02:53:03.000Z"}
[2026-06-05T02:53:13.554Z] INFO Skipped trade. {"slug":"eth-updown-5m-1780627800","reason":"stale_chainlink_tick","tickTimestamp":"2026-06-05T02:53:03.000Z"}
[2026-06-05T02:53:13.554Z] INFO Skipped trade. {"slug":"doge-updown-5m-1780627800","reason":"stale_chainlink_tick","tickTimestamp":"2026-06-05T02:53:03.000Z"}
[2026-06-05T02:54:29.821Z] INFO Skipped trade. {"slug":"btc-updown-5m-1780627800","reason":"no_ask_liquidity_under_cap","outcome":"DOWN"}
[2026-06-05T02:54:29.821Z] INFO Skipped trade. {"slug":"eth-updown-5m-1780627800","reason":"no_ask_liquidity_under_cap","outcome":"DOWN"}
[2026-06-05T02:54:29.821Z] INFO Skipped trade. {"slug":"doge-updown-5m-1780627800","reason":"no_ask_liquidity_under_cap","outcome":"DOWN"}
[2026-06-05T02:55:00.497Z] INFO Tracking market. {"market":"BTC","slug":"btc-updown-5m-1780628100","title":"Bitcoin Up or Down - June 4, 10:55PM-11:00PM ET","end":"2026-06-05T03:00:00.000Z","upToken":"91761753580649605024359998004660264154382980481833374648835647426471298533171","downToken":"56611717227000252318686852878438020272766325363960467942434499204127933895594","orderMinSize":5,"tickSize":"0.01"}
[2026-06-05T02:55:00.497Z] INFO Skipped trade. {"slug":"btc-updown-5m-1780628100","reason":"missing_opening_chainlink_tick"}
[2026-06-05T02:55:00.497Z] INFO Tracking market. {"market":"ETH","slug":"eth-updown-5m-1780628100","title":"Ethereum Up or Down - June 4, 10:55PM-11:00PM ET","end":"2026-06-05T03:00:00.000Z","upToken":"114121952391298795665097879312364803087263201611253922107528493222464109609089","downToken":"34600118144489515544335347929437419691292681503516518996708966252615661277197","orderMinSize":5,"tickSize":"0.01"}
[2026-06-05T02:55:00.498Z] INFO Skipped trade. {"slug":"eth-updown-5m-1780628100","reason":"missing_opening_chainlink_tick"}
[2026-06-05T02:55:00.498Z] INFO Tracking market. {"market":"DOGE","slug":"doge-updown-5m-1780628100","title":"Dogecoin Up or Down - June 4, 10:55PM-11:00PM ET","end":"2026-06-05T03:00:00.000Z","upToken":"43837175526970419362751108007632116056218138908510597835272582080299249768194","downToken":"41224288030188376622770582919070451539170483192355131986968617054375891906248","orderMinSize":5,"tickSize":"0.01"}
[2026-06-05T02:55:00.498Z] INFO Skipped trade. {"slug":"doge-updown-5m-1780628100","reason":"missing_opening_chainlink_tick"}
[2026-06-05T02:55:05.659Z] INFO Captured Chainlink opening tick. {"slug":"btc-updown-5m-1780628100","openingPrice":62564.58348728453,"tickTimestamp":"2026-06-05T02:55:00.000Z"}
[2026-06-05T02:55:05.663Z] INFO Skipped trade. {"slug":"btc-updown-5m-1780628100","reason":"btc_distance_below_threshold","market":"BTC","minDistanceUsd":{"UP":5,"DOWN":5},"openingPrice":62564.58348728453,"currentPrice":62565.04402944128}
[2026-06-05T02:55:06.681Z] INFO Captured Chainlink opening tick. {"slug":"eth-updown-5m-1780628100","openingPrice":1730.86104,"tickTimestamp":"2026-06-05T02:55:00.000Z"}
[2026-06-05T02:55:06.685Z] INFO Skipped trade. {"slug":"eth-updown-5m-1780628100","reason":"btc_distance_below_threshold","market":"ETH","minDistanceUsd":{"UP":0.5,"DOWN":0.5},"openingPrice":1730.86104,"currentPrice":1731.0380873112117}
[2026-06-05T02:55:06.691Z] INFO Captured Chainlink opening tick. {"slug":"doge-updown-5m-1780628100","openingPrice":0.0862739390259262,"tickTimestamp":"2026-06-05T02:55:00.000Z"}
[2026-06-05T02:55:06.695Z] INFO Skipped trade. {"slug":"doge-updown-5m-1780628100","reason":"btc_distance_below_threshold","market":"DOGE","minDistanceUsd":{"UP":0.0001,"DOWN":0.0001},"openingPrice":0.0862739390259262,"currentPrice":0.0862933}
[2026-06-05T02:55:34.457Z] INFO Skipped trade. {"slug":"eth-updown-5m-1780628100","reason":"stale_chainlink_tick","tickTimestamp":"2026-06-05T02:55:24.000Z"}
[2026-06-05T02:59:30.968Z] INFO Skipped trade. {"slug":"btc-updown-5m-1780628100","reason":"no_ask_liquidity_under_cap","outcome":"DOWN"}
[2026-06-05T02:59:30.968Z] INFO Skipped trade. {"slug":"eth-updown-5m-1780628100","reason":"no_ask_liquidity_under_cap","outcome":"DOWN"}
[2026-06-05T02:59:30.969Z] INFO Skipped trade. {"slug":"doge-updown-5m-1780628100","reason":"no_ask_liquidity_under_cap","outcome":"DOWN"}
[2026-06-05T03:00:02.510Z] INFO Tracking market. {"market":"BTC","slug":"btc-updown-5m-1780628400","title":"Bitcoin Up or Down - June 4, 11:00PM-11:05PM ET","end":"2026-06-05T03:05:00.000Z","upToken":"33569268119259575703965518651723990180298526745907860995817778277884115772441","downToken":"82834215328370109715644565720573900690323316542304496433766506231806461586898","orderMinSize":5,"tickSize":"0.01"}
[2026-06-05T03:00:02.510Z] INFO Skipped trade. {"slug":"btc-updown-5m-1780628400","reason":"missing_opening_chainlink_tick"}
[2026-06-05T03:00:02.510Z] INFO Tracking market. {"market":"ETH","slug":"eth-updown-5m-1780628400","title":"Ethereum Up or Down - June 4, 11:00PM-11:05PM ET","end":"2026-06-05T03:05:00.000Z","upToken":"20020573490507028551270807097063409321590094410389981267653236593314279090296","downToken":"28871789646958273743648145066463276373095683188490539756610323027464916514774","orderMinSize":5,"tickSize":"0.01"}
[2026-06-05T03:00:02.510Z] INFO Skipped trade. {"slug":"eth-updown-5m-1780628400","reason":"missing_opening_chainlink_tick"}
[2026-06-05T03:00:02.510Z] INFO Tracking market. {"market":"DOGE","slug":"doge-updown-5m-1780628400","title":"Dogecoin Up or Down - June 4, 11:00PM-11:05PM ET","end":"2026-06-05T03:05:00.000Z","upToken":"64778347776073753549163441036704369672662949441759397165656814716335031425391","downToken":"97866463940656228775426452481601713916379361251421730907776148433534410021284","orderMinSize":5,"tickSize":"0.01"}
[2026-06-05T03:00:02.510Z] INFO Skipped trade. {"slug":"doge-updown-5m-1780628400","reason":"missing_opening_chainlink_tick"}
[2026-06-05T03:00:03.520Z] INFO Captured Chainlink opening tick. {"slug":"btc-updown-5m-1780628400","openingPrice":62558.87634938622,"tickTimestamp":"2026-06-05T03:00:01.000Z"}
[2026-06-05T03:00:03.524Z] INFO Skipped trade. {"slug":"btc-updown-5m-1780628400","reason":"btc_distance_below_threshold","market":"BTC","minDistanceUsd":{"UP":5,"DOWN":5},"openingPrice":62558.87634938622,"currentPrice":62558.87634938622}
[2026-06-05T03:00:13.247Z] INFO Captured Chainlink opening tick. {"slug":"eth-updown-5m-1780628400","openingPrice":1728.6535153052962,"tickTimestamp":"2026-06-05T03:00:01.000Z"}
[2026-06-05T03:00:13.251Z] INFO Skipped trade. {"slug":"eth-updown-5m-1780628400","reason":"btc_distance_below_threshold","market":"ETH","minDistanceUsd":{"UP":0.5,"DOWN":0.5},"openingPrice":1728.6535153052962,"currentPrice":1728.5831}
[2026-06-05T03:00:13.259Z] INFO Captured Chainlink opening tick. {"slug":"doge-updown-5m-1780628400","openingPrice":0.086129828,"tickTimestamp":"2026-06-05T03:00:01.000Z"}
[2026-06-05T03:00:13.263Z] INFO Skipped trade. {"slug":"doge-updown-5m-1780628400","reason":"btc_distance_below_threshold","market":"DOGE","minDistanceUsd":{"UP":0.0001,"DOWN":0.0001},"openingPrice":0.086129828,"currentPrice":0.0861109088491521}
[2026-06-05T03:00:14.268Z] INFO Skipped trade. {"slug":"eth-updown-5m-1780628400","reason":"stale_chainlink_tick","tickTimestamp":"2026-06-05T03:00:04.000Z"}
[2026-06-05T03:00:14.268Z] INFO Skipped trade. {"slug":"doge-updown-5m-1780628400","reason":"stale_chainlink_tick","tickTimestamp":"2026-06-05T03:00:04.000Z"}
[2026-06-05T03:01:41.045Z] INFO Skipped trade. {"slug":"btc-updown-5m-1780628400","reason":"stale_chainlink_tick","tickTimestamp":"2026-06-05T03:01:31.000Z"}
[2026-06-05T03:04:35.871Z] INFO Skipped trade. {"slug":"btc-updown-5m-1780628400","reason":"no_ask_liquidity_under_cap","outcome":"DOWN"}
[2026-06-05T03:04:35.871Z] INFO Skipped trade. {"slug":"eth-updown-5m-1780628400","reason":"no_ask_liquidity_under_cap","outcome":"DOWN"}
[2026-06-05T03:04:46.994Z] INFO Skipped trade. {"slug":"doge-updown-5m-1780628400","reason":"no_ask_liquidity_under_cap","outcome":"UP"}
[2026-06-05T03:05:01.614Z] INFO Tracking market. {"market":"BTC","slug":"btc-updown-5m-1780628700","title":"Bitcoin Up or Down - June 4, 11:05PM-11:10PM ET","end":"2026-06-05T03:10:00.000Z","upToken":"12698421826772489273838791194685836879475141437336510719920241577575005334391","downToken":"100824759657430824554649811379211334161835810852697021174533017521882706462945","orderMinSize":5,"tickSize":"0.01"}
[2026-06-05T03:05:01.625Z] INFO Captured Chainlink opening tick. {"slug":"btc-updown-5m-1780628700","openingPrice":62522.67396085301,"tickTimestamp":"2026-06-05T03:05:00.000Z"}
[2026-06-05T03:05:01.630Z] INFO Skipped trade. {"slug":"btc-updown-5m-1780628700","reason":"btc_distance_below_threshold","market":"BTC","minDistanceUsd":{"UP":5,"DOWN":5},"openingPrice":62522.67396085301,"currentPrice":62522.67396085301}
[2026-06-05T03:05:01.630Z] INFO Tracking market. {"market":"ETH","slug":"eth-updown-5m-1780628700","title":"Ethereum Up or Down - June 4, 11:05PM-11:10PM ET","end":"2026-06-05T03:10:00.000Z","upToken":"115236297206281600601163903101230700791815553143174090074784790663101244547449","downToken":"2858830922478476933935725697044712863216616254698480226895381829296960810430","orderMinSize":5,"tickSize":"0.01"}
[2026-06-05T03:05:01.630Z] INFO Skipped trade. {"slug":"eth-updown-5m-1780628700","reason":"missing_opening_chainlink_tick"}
[2026-06-05T03:05:01.630Z] INFO Tracking market. {"market":"DOGE","slug":"doge-updown-5m-1780628700","title":"Dogecoin Up or Down - June 4, 11:05PM-11:10PM ET","end":"2026-06-05T03:10:00.000Z","upToken":"10735585658494373144112920229811287816451873179387599930924708525307830493701","downToken":"53035091821299050323567389357458881012996023540533524393605188432189392084581","orderMinSize":5,"tickSize":"0.01"}
[2026-06-05T03:05:01.630Z] INFO Skipped trade. {"slug":"doge-updown-5m-1780628700","reason":"missing_opening_chainlink_tick"}
[2026-06-05T03:05:02.645Z] INFO Captured Chainlink opening tick. {"slug":"eth-updown-5m-1780628700","openingPrice":1727.48592,"tickTimestamp":"2026-06-05T03:05:00.000Z"}
[2026-06-05T03:05:02.650Z] INFO Skipped trade. {"slug":"eth-updown-5m-1780628700","reason":"btc_distance_below_threshold","market":"ETH","minDistanceUsd":{"UP":0.5,"DOWN":0.5},"openingPrice":1727.48592,"currentPrice":1727.48592}
[2026-06-05T03:05:02.659Z] INFO Captured Chainlink opening tick. {"slug":"doge-updown-5m-1780628700","openingPrice":0.0862455634643919,"tickTimestamp":"2026-06-05T03:05:00.000Z"}
[2026-06-05T03:05:02.663Z] INFO Skipped trade. {"slug":"doge-updown-5m-1780628700","reason":"btc_distance_below_threshold","market":"DOGE","minDistanceUsd":{"UP":0.0001,"DOWN":0.0001},"openingPrice":0.0862455634643919,"currentPrice":0.0862455634643919}
[2026-06-05T03:05:35.214Z] INFO Skipped trade. {"slug":"btc-updown-5m-1780628700","reason":"stale_chainlink_tick","tickTimestamp":"2026-06-05T03:05:25.000Z"}
[2026-06-05T03:05:35.214Z] INFO Skipped trade. {"slug":"eth-updown-5m-1780628700","reason":"stale_chainlink_tick","tickTimestamp":"2026-06-05T03:05:25.000Z"}
[2026-06-05T03:05:35.214Z] INFO Skipped trade. {"slug":"doge-updown-5m-1780628700","reason":"stale_chainlink_tick","tickTimestamp":"2026-06-05T03:05:25.000Z"}
[2026-06-05T03:09:30.606Z] INFO Skipped trade. {"slug":"btc-updown-5m-1780628700","reason":"no_ask_liquidity_under_cap","outcome":"DOWN"}
[2026-06-05T03:09:30.606Z] INFO Skipped trade. {"slug":"eth-updown-5m-1780628700","reason":"no_ask_liquidity_under_cap","outcome":"DOWN"}
[2026-06-05T03:09:30.606Z] INFO Skipped trade. {"slug":"doge-updown-5m-1780628700","reason":"no_ask_liquidity_under_cap","outcome":"DOWN"}
[2026-06-05T03:10:00.482Z] INFO Tracking market. {"market":"BTC","slug":"btc-updown-5m-1780629000","title":"Bitcoin Up or Down - June 4, 11:10PM-11:15PM ET","end":"2026-06-05T03:15:00.000Z","upToken":"89474425506478982090558397455767408657569944139834400288761017203417273546614","downToken":"92882863993006252082402350537028331352015853877811148604066810661559607870859","orderMinSize":5,"tickSize":"0.01"}
[2026-06-05T03:10:00.482Z] INFO Skipped trade. {"slug":"btc-updown-5m-1780629000","reason":"missing_opening_chainlink_tick"}
[2026-06-05T03:10:00.482Z] INFO Tracking market. {"market":"ETH","slug":"eth-updown-5m-1780629000","title":"Ethereum Up or Down - June 4, 11:10PM-11:15PM ET","end":"2026-06-05T03:15:00.000Z","upToken":"23791842403866475432432754241611319383314741830258472401998228912805717845208","downToken":"79468481987843358181797335163956250218633460654012410323907172638062652977371","orderMinSize":5,"tickSize":"0.01"}
[2026-06-05T03:10:00.482Z] INFO Skipped trade. {"slug":"eth-updown-5m-1780629000","reason":"missing_opening_chainlink_tick"}
[2026-06-05T03:10:00.482Z] INFO Tracking market. {"market":"DOGE","slug":"doge-updown-5m-1780629000","title":"Dogecoin Up or Down - June 4, 11:10PM-11:15PM ET","end":"2026-06-05T03:15:00.000Z","upToken":"65337697894646008473518078159021728617200733592372548075911006965498248542003","downToken":"61449914869817796739008264177431573318544076439810438706267634997696075044176","orderMinSize":5,"tickSize":"0.01"}
[2026-06-05T03:10:00.483Z] INFO Skipped trade. {"slug":"doge-updown-5m-1780629000","reason":"missing_opening_chainlink_tick"}
[2026-06-05T03:10:02.499Z] INFO Captured Chainlink opening tick. {"slug":"btc-updown-5m-1780629000","openingPrice":62328.248430131,"tickTimestamp":"2026-06-05T03:10:00.000Z"}
[2026-06-05T03:10:02.503Z] INFO Skipped trade. {"slug":"btc-updown-5m-1780629000","reason":"btc_distance_below_threshold","market":"BTC","minDistanceUsd":{"UP":5,"DOWN":5},"openingPrice":62328.248430131,"currentPrice":62330.56512490929}
[2026-06-05T03:10:02.508Z] INFO Captured Chainlink opening tick. {"slug":"eth-updown-5m-1780629000","openingPrice":1723.7758768548983,"tickTimestamp":"2026-06-05T03:10:00.000Z"}
[2026-06-05T03:10:02.511Z] INFO Skipped trade. {"slug":"eth-updown-5m-1780629000","reason":"btc_distance_below_threshold","market":"ETH","minDistanceUsd":{"UP":0.5,"DOWN":0.5},"openingPrice":1723.7758768548983,"currentPrice":1723.7758768548983}
[2026-06-05T03:10:02.521Z] INFO Captured Chainlink opening tick. {"slug":"doge-updown-5m-1780629000","openingPrice":0.086065,"tickTimestamp":"2026-06-05T03:10:00.000Z"}
[2026-06-05T03:10:02.525Z] INFO Skipped trade. {"slug":"doge-updown-5m-1780629000","reason":"btc_distance_below_threshold","market":"DOGE","minDistanceUsd":{"UP":0.0001,"DOWN":0.0001},"openingPrice":0.086065,"currentPrice":0.086065}
[2026-06-05T03:14:29.978Z] INFO Skipped trade. {"slug":"eth-updown-5m-1780629000","reason":"no_ask_liquidity_under_cap","outcome":"DOWN"}
[2026-06-05T03:14:29.978Z] INFO Skipped trade. {"slug":"doge-updown-5m-1780629000","reason":"no_ask_liquidity_under_cap","outcome":"DOWN"}
[2026-06-05T03:14:29.991Z] INFO Trade attempt recorded. {"mode":"sim","slug":"btc-updown-5m-1780629000","outcome":"DOWN","amountUsd":5,"bestAsk":0.6,"estimatedShares":8.333333333333334}
[2026-06-05T03:14:31.245Z] INFO Skipped trade. {"slug":"btc-updown-5m-1780629000","reason":"market_already_traded"}
[2026-06-05T03:15:01.531Z] INFO Resolved trade. {"mode":"sim","slug":"btc-updown-5m-1780629000","outcome":"DOWN","winningOutcome":"DOWN","won":true,"finalPrice":62309.3599798183}
[2026-06-05T03:15:01.657Z] INFO Tracking market. {"market":"BTC","slug":"btc-updown-5m-1780629300","title":"Bitcoin Up or Down - June 4, 11:15PM-11:20PM ET","end":"2026-06-05T03:20:00.000Z","upToken":"81533243194231014042506292679644954489598629564810039106527106309000376999482","downToken":"2802311665190333419870699699148887861195598677474322461829307724491981703501","orderMinSize":5,"tickSize":"0.01"}
[2026-06-05T03:15:01.666Z] INFO Captured Chainlink opening tick. {"slug":"btc-updown-5m-1780629300","openingPrice":62309.3599798183,"tickTimestamp":"2026-06-05T03:15:00.000Z"}
[2026-06-05T03:15:01.672Z] INFO Skipped trade. {"slug":"btc-updown-5m-1780629300","reason":"btc_distance_below_threshold","market":"BTC","minDistanceUsd":{"UP":5,"DOWN":5},"openingPrice":62309.3599798183,"currentPrice":62309.3599798183}
[2026-06-05T03:15:01.672Z] INFO Tracking market. {"market":"ETH","slug":"eth-updown-5m-1780629300","title":"Ethereum Up or Down - June 4, 11:15PM-11:20PM ET","end":"2026-06-05T03:20:00.000Z","upToken":"92179935360600125028207447069501630791685459732914914972881525949575203684540","downToken":"607681386019386976244727604608861087361307878029433196644324454173292475575","orderMinSize":5,"tickSize":"0.01"}
[2026-06-05T03:15:01.672Z] INFO Skipped trade. {"slug":"eth-updown-5m-1780629300","reason":"missing_opening_chainlink_tick"}
[2026-06-05T03:15:01.672Z] INFO Tracking market. {"market":"DOGE","slug":"doge-updown-5m-1780629300","title":"Dogecoin Up or Down - June 4, 11:15PM-11:20PM ET","end":"2026-06-05T03:20:00.000Z","upToken":"3772319655306556970767312308923466288919046947899340924870229867564552076092","downToken":"23099450755395380933961536388610304405107067009989399509267095789724786974906","orderMinSize":5,"tickSize":"0.01"}
[2026-06-05T03:15:01.672Z] INFO Skipped trade. {"slug":"doge-updown-5m-1780629300","reason":"missing_opening_chainlink_tick"}
[2026-06-05T03:15:02.696Z] INFO Captured Chainlink opening tick. {"slug":"eth-updown-5m-1780629300","openingPrice":1722.8277365852646,"tickTimestamp":"2026-06-05T03:15:00.000Z"}
[2026-06-05T03:15:02.700Z] INFO Skipped trade. {"slug":"eth-updown-5m-1780629300","reason":"btc_distance_below_threshold","market":"ETH","minDistanceUsd":{"UP":0.5,"DOWN":0.5},"openingPrice":1722.8277365852646,"currentPrice":1722.8277365852646}
[2026-06-05T03:15:03.705Z] INFO Captured Chainlink opening tick. {"slug":"doge-updown-5m-1780629300","openingPrice":0.086016,"tickTimestamp":"2026-06-05T03:15:00.000Z"}
[2026-06-05T03:15:03.708Z] INFO Skipped trade. {"slug":"doge-updown-5m-1780629300","reason":"btc_distance_below_threshold","market":"DOGE","minDistanceUsd":{"UP":0.0001,"DOWN":0.0001},"openingPrice":0.086016,"currentPrice":0.086016}
[2026-06-05T03:18:41.170Z] INFO Skipped trade. {"slug":"eth-updown-5m-1780629300","reason":"stale_chainlink_tick","tickTimestamp":"2026-06-05T03:18:31.000Z"}
[2026-06-05T03:18:41.171Z] INFO Skipped trade. {"slug":"doge-updown-5m-1780629300","reason":"stale_chainlink_tick","tickTimestamp":"2026-06-05T03:18:31.000Z"}
[2026-06-05T03:19:30.894Z] INFO Skipped trade. {"slug":"btc-updown-5m-1780629300","reason":"no_ask_liquidity_under_cap","outcome":"UP"}
[2026-06-05T03:19:30.894Z] INFO Skipped trade. {"slug":"eth-updown-5m-1780629300","reason":"no_ask_liquidity_under_cap","outcome":"UP"}
[2026-06-05T03:19:30.894Z] INFO Skipped trade. {"slug":"doge-updown-5m-1780629300","reason":"no_ask_liquidity_under_cap","outcome":"UP"}
[2026-06-05T03:20:00.444Z] INFO Tracking market. {"market":"BTC","slug":"btc-updown-5m-1780629600","title":"Bitcoin Up or Down - June 4, 11:20PM-11:25PM ET","end":"2026-06-05T03:25:00.000Z","upToken":"7848659899556468588094938324412630661169526014706148097973512819164475065473","downToken":"8731283408625605305710058565148628028315509724868380107156188624464210265948","orderMinSize":5,"tickSize":"0.01"}
[2026-06-05T03:20:00.444Z] INFO Skipped trade. {"slug":"btc-updown-5m-1780629600","reason":"missing_opening_chainlink_tick"}
[2026-06-05T03:20:00.444Z] INFO Tracking market. {"market":"ETH","slug":"eth-updown-5m-1780629600","title":"Ethereum Up or Down - June 4, 11:20PM-11:25PM ET","end":"2026-06-05T03:25:00.000Z","upToken":"42714660833938484869133084002805449129274838852215551181666750141512791725926","downToken":"35130418768450427604290777765410448041058835309754336186744161942423663716244","orderMinSize":5,"tickSize":"0.01"}
[2026-06-05T03:20:00.444Z] INFO Skipped trade. {"slug":"eth-updown-5m-1780629600","reason":"missing_opening_chainlink_tick"}
[2026-06-05T03:20:00.444Z] INFO Tracking market. {"market":"DOGE","slug":"doge-updown-5m-1780629600","title":"Dogecoin Up or Down - June 4, 11:20PM-11:25PM ET","end":"2026-06-05T03:25:00.000Z","upToken":"58827810143801246631779719094244297640344969553961381801079245163370524516399","downToken":"110808327781058534636150180567092023071649183012310280858680595675165719538450","orderMinSize":5,"tickSize":"0.01"}
[2026-06-05T03:20:00.444Z] INFO Skipped trade. {"slug":"doge-updown-5m-1780629600","reason":"missing_opening_chainlink_tick"}
[2026-06-05T03:20:01.459Z] INFO Captured Chainlink opening tick. {"slug":"btc-updown-5m-1780629600","openingPrice":62706.26319375324,"tickTimestamp":"2026-06-05T03:20:00.000Z"}
[2026-06-05T03:20:01.462Z] INFO Skipped trade. {"slug":"btc-updown-5m-1780629600","reason":"btc_distance_below_threshold","market":"BTC","minDistanceUsd":{"UP":5,"DOWN":5},"openingPrice":62706.26319375324,"currentPrice":62706.26319375324}
[2026-06-05T03:20:03.478Z] INFO Captured Chainlink opening tick. {"slug":"eth-updown-5m-1780629600","openingPrice":1735.2022292097558,"tickTimestamp":"2026-06-05T03:20:00.000Z"}
[2026-06-05T03:20:03.482Z] INFO Skipped trade. {"slug":"eth-updown-5m-1780629600","reason":"btc_distance_below_threshold","market":"ETH","minDistanceUsd":{"UP":0.5,"DOWN":0.5},"openingPrice":1735.2022292097558,"currentPrice":1735.2022292097558}
[2026-06-05T03:20:03.488Z] INFO Captured Chainlink opening tick. {"slug":"doge-updown-5m-1780629600","openingPrice":0.086646296,"tickTimestamp":"2026-06-05T03:20:00.000Z"}
[2026-06-05T03:20:03.493Z] INFO Skipped trade. {"slug":"doge-updown-5m-1780629600","reason":"btc_distance_below_threshold","market":"DOGE","minDistanceUsd":{"UP":0.0001,"DOWN":0.0001},"openingPrice":0.086646296,"currentPrice":0.086646296}
[2026-06-05T03:20:50.957Z] INFO Skipped trade. {"slug":"eth-updown-5m-1780629600","reason":"stale_chainlink_tick","tickTimestamp":"2026-06-05T03:20:40.000Z"}
[2026-06-05T03:20:50.957Z] INFO Skipped trade. {"slug":"doge-updown-5m-1780629600","reason":"stale_chainlink_tick","tickTimestamp":"2026-06-05T03:20:40.000Z"}
[2026-06-05T03:20:57.277Z] INFO Skipped trade. {"slug":"btc-updown-5m-1780629600","reason":"stale_chainlink_tick","tickTimestamp":"2026-06-05T03:20:47.000Z"}
[2026-06-05T03:24:33.231Z] INFO Skipped trade. {"slug":"btc-updown-5m-1780629600","reason":"no_ask_liquidity_under_cap","outcome":"DOWN"}
[2026-06-05T03:24:33.231Z] INFO Skipped trade. {"slug":"eth-updown-5m-1780629600","reason":"no_ask_liquidity_under_cap","outcome":"DOWN"}
[2026-06-05T03:24:33.231Z] INFO Skipped trade. {"slug":"doge-updown-5m-1780629600","reason":"no_ask_liquidity_under_cap","outcome":"DOWN"}
[2026-06-05T03:25:01.802Z] INFO Tracking market. {"market":"BTC","slug":"btc-updown-5m-1780629900","title":"Bitcoin Up or Down - June 4, 11:25PM-11:30PM ET","end":"2026-06-05T03:30:00.000Z","upToken":"100531443616972009927592186393318577258763114375646287018238438054714242393718","downToken":"51847214860920917500976566705372485720420082372557881238391975522133381501135","orderMinSize":5,"tickSize":"0.01"}
[2026-06-05T03:25:01.802Z] INFO Skipped trade. {"slug":"btc-updown-5m-1780629900","reason":"missing_opening_chainlink_tick"}
[2026-06-05T03:25:01.803Z] INFO Tracking market. {"market":"ETH","slug":"eth-updown-5m-1780629900","title":"Ethereum Up or Down - June 4, 11:25PM-11:30PM ET","end":"2026-06-05T03:30:00.000Z","upToken":"7066914802924385312430505236707826531595008250579156363985930716848832233233","downToken":"48702246680304464701067624437894452994995085160416112562105646607927317221660","orderMinSize":5,"tickSize":"0.01"}
[2026-06-05T03:25:01.803Z] INFO Skipped trade. {"slug":"eth-updown-5m-1780629900","reason":"missing_opening_chainlink_tick"}
[2026-06-05T03:25:01.803Z] INFO Tracking market. {"market":"DOGE","slug":"doge-updown-5m-1780629900","title":"Dogecoin Up or Down - June 4, 11:25PM-11:30PM ET","end":"2026-06-05T03:30:00.000Z","upToken":"2794682908806850160410449485341996924786707279448710927980792205638711280341","downToken":"74498793860569749579082417612252655308728574794126669414227655892743072693035","orderMinSize":5,"tickSize":"0.01"}
[2026-06-05T03:25:01.803Z] INFO Skipped trade. {"slug":"doge-updown-5m-1780629900","reason":"missing_opening_chainlink_tick"}
[2026-06-05T03:25:03.834Z] INFO Captured Chainlink opening tick. {"slug":"btc-updown-5m-1780629900","openingPrice":62588.98097678599,"tickTimestamp":"2026-06-05T03:25:00.000Z"}
[2026-06-05T03:25:03.837Z] INFO Skipped trade. {"slug":"btc-updown-5m-1780629900","reason":"btc_distance_below_threshold","market":"BTC","minDistanceUsd":{"UP":5,"DOWN":5},"openingPrice":62588.98097678599,"currentPrice":62588.98097678599}
[2026-06-05T03:25:07.985Z] INFO Captured Chainlink opening tick. {"slug":"eth-updown-5m-1780629900","openingPrice":1730.2734305407334,"tickTimestamp":"2026-06-05T03:25:00.000Z"}
[2026-06-05T03:25:07.989Z] INFO Skipped trade. {"slug":"eth-updown-5m-1780629900","reason":"btc_distance_below_threshold","market":"ETH","minDistanceUsd":{"UP":0.5,"DOWN":0.5},"openingPrice":1730.2734305407334,"currentPrice":1730.2159182833298}
[2026-06-05T03:25:07.995Z] INFO Captured Chainlink opening tick. {"slug":"doge-updown-5m-1780629900","openingPrice":0.086337072,"tickTimestamp":"2026-06-05T03:25:00.000Z"}
[2026-06-05T03:25:07.998Z] INFO Skipped trade. {"slug":"doge-updown-5m-1780629900","reason":"btc_distance_below_threshold","market":"DOGE","minDistanceUsd":{"UP":0.0001,"DOWN":0.0001},"openingPrice":0.086337072,"currentPrice":0.0863317974262412}
[2026-06-05T03:27:07.258Z] INFO Skipped trade. {"slug":"eth-updown-5m-1780629900","reason":"stale_chainlink_tick","tickTimestamp":"2026-06-05T03:26:57.000Z"}
[2026-06-05T03:27:07.258Z] INFO Skipped trade. {"slug":"doge-updown-5m-1780629900","reason":"stale_chainlink_tick","tickTimestamp":"2026-06-05T03:26:57.000Z"}
[2026-06-05T03:29:30.694Z] INFO Skipped trade. {"slug":"btc-updown-5m-1780629900","reason":"no_ask_liquidity_under_cap","outcome":"DOWN"}
[2026-06-05T03:29:30.694Z] INFO Skipped trade. {"slug":"eth-updown-5m-1780629900","reason":"no_ask_liquidity_under_cap","outcome":"DOWN"}
[2026-06-05T03:29:30.694Z] INFO Skipped trade. {"slug":"doge-updown-5m-1780629900","reason":"no_ask_liquidity_under_cap","outcome":"DOWN"}
[2026-06-05T03:30:00.978Z] INFO Tracking market. {"market":"BTC","slug":"btc-updown-5m-1780630200","title":"Bitcoin Up or Down - June 4, 11:30PM-11:35PM ET","end":"2026-06-05T03:35:00.000Z","upToken":"44297075789989721034454029122865296594560611422031062674338798129513270844228","downToken":"70415170697194245711162574404542295706602320060872190822812480915136282986356","orderMinSize":5,"tickSize":"0.01"}
[2026-06-05T03:30:00.979Z] INFO Skipped trade. {"slug":"btc-updown-5m-1780630200","reason":"missing_opening_chainlink_tick"}
[2026-06-05T03:30:00.979Z] INFO Tracking market. {"market":"ETH","slug":"eth-updown-5m-1780630200","title":"Ethereum Up or Down - June 4, 11:30PM-11:35PM ET","end":"2026-06-05T03:35:00.000Z","upToken":"91178603372642058373090885298834259243263635231241867811790736873267727171548","downToken":"35176928971332884754367183825755387268741401601655401342914597375831008074070","orderMinSize":5,"tickSize":"0.01"}
[2026-06-05T03:30:00.979Z] INFO Skipped trade. {"slug":"eth-updown-5m-1780630200","reason":"missing_opening_chainlink_tick"}
[2026-06-05T03:30:00.979Z] INFO Tracking market. {"market":"DOGE","slug":"doge-updown-5m-1780630200","title":"Dogecoin Up or Down - June 4, 11:30PM-11:35PM ET","end":"2026-06-05T03:35:00.000Z","upToken":"76106856718495174590497856509830970441368140072821693057853791730574717345734","downToken":"45337714190708290331517240165597361074249840279972536329302251920297663539969","orderMinSize":5,"tickSize":"0.01"}
[2026-06-05T03:30:00.979Z] INFO Skipped trade. {"slug":"doge-updown-5m-1780630200","reason":"missing_opening_chainlink_tick"}
[2026-06-05T03:30:01.994Z] INFO Captured Chainlink opening tick. {"slug":"btc-updown-5m-1780630200","openingPrice":62527.9779144712,"tickTimestamp":"2026-06-05T03:30:00.000Z"}
[2026-06-05T03:30:01.999Z] INFO Skipped trade. {"slug":"btc-updown-5m-1780630200","reason":"btc_distance_below_threshold","market":"BTC","minDistanceUsd":{"UP":5,"DOWN":5},"openingPrice":62527.9779144712,"currentPrice":62527.9779144712}
[2026-06-05T03:30:05.042Z] INFO Captured Chainlink opening tick. {"slug":"eth-updown-5m-1780630200","openingPrice":1728.3058,"tickTimestamp":"2026-06-05T03:30:00.000Z"}
[2026-06-05T03:30:05.053Z] INFO Skipped trade. {"slug":"eth-updown-5m-1780630200","reason":"btc_distance_below_threshold","market":"ETH","minDistanceUsd":{"UP":0.5,"DOWN":0.5},"openingPrice":1728.3058,"currentPrice":1728.6412621676075}
[2026-06-05T03:30:05.065Z] INFO Captured Chainlink opening tick. {"slug":"doge-updown-5m-1780630200","openingPrice":0.086188784118903,"tickTimestamp":"2026-06-05T03:30:00.000Z"}
[2026-06-05T03:30:05.073Z] INFO Skipped trade. {"slug":"doge-updown-5m-1780630200","reason":"btc_distance_below_threshold","market":"DOGE","minDistanceUsd":{"UP":0.0001,"DOWN":0.0001},"openingPrice":0.086188784118903,"currentPrice":0.086209671}
[2026-06-05T03:32:42.839Z] INFO Skipped trade. {"slug":"eth-updown-5m-1780630200","reason":"stale_chainlink_tick","tickTimestamp":"2026-06-05T03:32:32.000Z"}
[2026-06-05T03:32:42.839Z] INFO Skipped trade. {"slug":"doge-updown-5m-1780630200","reason":"stale_chainlink_tick","tickTimestamp":"2026-06-05T03:32:32.000Z"}
[2026-06-05T03:34:06.976Z] WARN RTDS websocket closed; reconnecting soon.
[2026-06-05T03:34:10.699Z] INFO Connected to Polymarket RTDS Chainlink feed.
[2026-06-05T03:34:37.689Z] INFO Skipped trade. {"slug":"btc-updown-5m-1780630200","reason":"no_ask_liquidity_under_cap","outcome":"UP"}
[2026-06-05T03:34:37.689Z] INFO Skipped trade. {"slug":"eth-updown-5m-1780630200","reason":"no_ask_liquidity_under_cap","outcome":"UP"}
[2026-06-05T03:34:37.689Z] INFO Skipped trade. {"slug":"doge-updown-5m-1780630200","reason":"no_ask_liquidity_under_cap","outcome":"UP"}
[2026-06-05T03:35:09.378Z] INFO Tracking market. {"market":"BTC","slug":"btc-updown-5m-1780630500","title":"Bitcoin Up or Down - June 4, 11:35PM-11:40PM ET","end":"2026-06-05T03:40:00.000Z","upToken":"108812570992568791497080408209128869060138451489577938419092453798868767162763","downToken":"62115622196341647480915142551503788255277324911082102091019126987114606701821","orderMinSize":5,"tickSize":"0.01"}
[2026-06-05T03:35:09.388Z] INFO Captured Chainlink opening tick. {"slug":"btc-updown-5m-1780630500","openingPrice":62751.16523681133,"tickTimestamp":"2026-06-05T03:35:00.000Z"}
[2026-06-05T03:35:09.393Z] INFO Skipped trade. {"slug":"btc-updown-5m-1780630500","reason":"btc_distance_below_threshold","market":"BTC","minDistanceUsd":{"UP":5,"DOWN":5},"openingPrice":62751.16523681133,"currentPrice":62746.44730085533}
[2026-06-05T03:35:09.393Z] INFO Tracking market. {"market":"ETH","slug":"eth-updown-5m-1780630500","title":"Ethereum Up or Down - June 4, 11:35PM-11:40PM ET","end":"2026-06-05T03:40:00.000Z","upToken":"37955323486516026676389435712251813904600697033687095972423533024173618349141","downToken":"27880534171558897718982375852709783724174902648650999774526686025680817536965","orderMinSize":5,"tickSize":"0.01"}
[2026-06-05T03:35:09.402Z] INFO Captured Chainlink opening tick. {"slug":"eth-updown-5m-1780630500","openingPrice":1734.720285,"tickTimestamp":"2026-06-05T03:35:00.000Z"}
[2026-06-05T03:35:09.414Z] INFO Skipped trade. {"slug":"eth-updown-5m-1780630500","reason":"btc_distance_below_threshold","market":"ETH","minDistanceUsd":{"UP":0.5,"DOWN":0.5},"openingPrice":1734.720285,"currentPrice":1734.5098354942502}
[2026-06-05T03:35:09.415Z] INFO Tracking market. {"market":"DOGE","slug":"doge-updown-5m-1780630500","title":"Dogecoin Up or Down - June 4, 11:35PM-11:40PM ET","end":"2026-06-05T03:40:00.000Z","upToken":"18633914756690037750352655593337278692304651515541646593313992865869560750338","downToken":"62519727391785791753351229433362531881046897245810974935981844806706878339881","orderMinSize":5,"tickSize":"0.01"}
[2026-06-05T03:35:09.423Z] INFO Captured Chainlink opening tick. {"slug":"doge-updown-5m-1780630500","openingPrice":0.086493696,"tickTimestamp":"2026-06-05T03:35:00.000Z"}
[2026-06-05T03:35:09.428Z] INFO Skipped trade. {"slug":"doge-updown-5m-1780630500","reason":"btc_distance_below_threshold","market":"DOGE","minDistanceUsd":{"UP":0.0001,"DOWN":0.0001},"openingPrice":0.086493696,"currentPrice":0.0864745}
[2026-06-05T03:39:32.448Z] INFO Skipped trade. {"slug":"btc-updown-5m-1780630500","reason":"no_ask_liquidity_under_cap","outcome":"DOWN"}
[2026-06-05T03:39:32.448Z] INFO Skipped trade. {"slug":"eth-updown-5m-1780630500","reason":"no_ask_liquidity_under_cap","outcome":"DOWN"}
[2026-06-05T03:39:32.448Z] INFO Skipped trade. {"slug":"doge-updown-5m-1780630500","reason":"no_ask_liquidity_under_cap","outcome":"DOWN"}
[2026-06-05T03:40:01.341Z] INFO Tracking market. {"market":"BTC","slug":"btc-updown-5m-1780630800","title":"Bitcoin Up or Down - June 4, 11:40PM-11:45PM ET","end":"2026-06-05T03:45:00.000Z","upToken":"112754128189926738646559105482541074856008232811872100224315632758067733914173","downToken":"59668987666594703205195863420785138759885757226455645498694477344286203905867","orderMinSize":5,"tickSize":"0.01"}
[2026-06-05T03:40:01.341Z] INFO Skipped trade. {"slug":"btc-updown-5m-1780630800","reason":"missing_opening_chainlink_tick"}
[2026-06-05T03:40:01.341Z] INFO Tracking market. {"market":"ETH","slug":"eth-updown-5m-1780630800","title":"Ethereum Up or Down - June 4, 11:40PM-11:45PM ET","end":"2026-06-05T03:45:00.000Z","upToken":"48432175741232416639566156386411549908787045438814100799698298770659458817490","downToken":"60962765590253667236857606040249815702522941439715732086623545711690000394538","orderMinSize":5,"tickSize":"0.01"}
[2026-06-05T03:40:01.342Z] INFO Skipped trade. {"slug":"eth-updown-5m-1780630800","reason":"missing_opening_chainlink_tick"}
[2026-06-05T03:40:01.342Z] INFO Tracking market. {"market":"DOGE","slug":"doge-updown-5m-1780630800","title":"Dogecoin Up or Down - June 4, 11:40PM-11:45PM ET","end":"2026-06-05T03:45:00.000Z","upToken":"91912342902617500517282453007905973903399052614372493133715529769804824497651","downToken":"66407884603469099467678636337995417684200124075714253986178802858917014150824","orderMinSize":5,"tickSize":"0.01"}
[2026-06-05T03:40:01.342Z] INFO Skipped trade. {"slug":"doge-updown-5m-1780630800","reason":"missing_opening_chainlink_tick"}
[2026-06-05T03:40:02.354Z] INFO Captured Chainlink opening tick. {"slug":"btc-updown-5m-1780630800","openingPrice":62662.49170182181,"tickTimestamp":"2026-06-05T03:40:00.000Z"}
[2026-06-05T03:40:02.357Z] INFO Skipped trade. {"slug":"btc-updown-5m-1780630800","reason":"btc_distance_below_threshold","market":"BTC","minDistanceUsd":{"UP":5,"DOWN":5},"openingPrice":62662.49170182181,"currentPrice":62662.49170182181}
[2026-06-05T03:40:02.363Z] INFO Captured Chainlink opening tick. {"slug":"eth-updown-5m-1780630800","openingPrice":1732.0654237217193,"tickTimestamp":"2026-06-05T03:40:00.000Z"}
[2026-06-05T03:40:02.366Z] INFO Skipped trade. {"slug":"eth-updown-5m-1780630800","reason":"btc_distance_below_threshold","market":"ETH","minDistanceUsd":{"UP":0.5,"DOWN":0.5},"openingPrice":1732.0654237217193,"currentPrice":1732.0654237217193}
[2026-06-05T03:40:02.371Z] INFO Captured Chainlink opening tick. {"slug":"doge-updown-5m-1780630800","openingPrice":0.086328446,"tickTimestamp":"2026-06-05T03:40:00.000Z"}
[2026-06-05T03:40:02.375Z] INFO Skipped trade. {"slug":"doge-updown-5m-1780630800","reason":"btc_distance_below_threshold","market":"DOGE","minDistanceUsd":{"UP":0.0001,"DOWN":0.0001},"openingPrice":0.086328446,"currentPrice":0.086328446}
[2026-06-05T03:44:31.227Z] INFO Skipped trade. {"slug":"btc-updown-5m-1780630800","reason":"no_ask_liquidity_under_cap","outcome":"DOWN"}
[2026-06-05T03:44:31.227Z] INFO Skipped trade. {"slug":"eth-updown-5m-1780630800","reason":"no_ask_liquidity_under_cap","outcome":"DOWN"}
[2026-06-05T03:44:31.227Z] INFO Skipped trade. {"slug":"doge-updown-5m-1780630800","reason":"no_ask_liquidity_under_cap","outcome":"DOWN"}
[2026-06-05T03:45:00.720Z] INFO Tracking market. {"market":"BTC","slug":"btc-updown-5m-1780631100","title":"Bitcoin Up or Down - June 4, 11:45PM-11:50PM ET","end":"2026-06-05T03:50:00.000Z","upToken":"110774898298222981829816647117998945134428714593526612007585993288157214388311","downToken":"30632045183434981625766633940385393060347738505644024750030110500171349500778","orderMinSize":5,"tickSize":"0.01"}
[2026-06-05T03:45:00.721Z] INFO Skipped trade. {"slug":"btc-updown-5m-1780631100","reason":"missing_opening_chainlink_tick"}
[2026-06-05T03:45:00.721Z] INFO Tracking market. {"market":"ETH","slug":"eth-updown-5m-1780631100","title":"Ethereum Up or Down - June 4, 11:45PM-11:50PM ET","end":"2026-06-05T03:50:00.000Z","upToken":"90188422600951385600636654269831287214048968394835746832606086049956846183583","downToken":"27596778491116356675943494369061499391870166359709798227001207941180636349830","orderMinSize":5,"tickSize":"0.01"}
[2026-06-05T03:45:00.721Z] INFO Skipped trade. {"slug":"eth-updown-5m-1780631100","reason":"missing_opening_chainlink_tick"}
[2026-06-05T03:45:00.721Z] INFO Tracking market. {"market":"DOGE","slug":"doge-updown-5m-1780631100","title":"Dogecoin Up or Down - June 4, 11:45PM-11:50PM ET","end":"2026-06-05T03:50:00.000Z","upToken":"71343040279075024773414277196812570165638627774875497335272811381455459953389","downToken":"5022019439500672889390763145830981025582026810323216865233051356063566328902","orderMinSize":5,"tickSize":"0.01"}
[2026-06-05T03:45:00.721Z] INFO Skipped trade. {"slug":"doge-updown-5m-1780631100","reason":"missing_opening_chainlink_tick"}
[2026-06-05T03:45:01.734Z] INFO Captured Chainlink opening tick. {"slug":"btc-updown-5m-1780631100","openingPrice":62598.05466657634,"tickTimestamp":"2026-06-05T03:45:00.000Z"}
[2026-06-05T03:45:01.740Z] INFO Skipped trade. {"slug":"btc-updown-5m-1780631100","reason":"btc_distance_below_threshold","market":"BTC","minDistanceUsd":{"UP":5,"DOWN":5},"openingPrice":62598.05466657634,"currentPrice":62598.05466657634}
[2026-06-05T03:45:02.754Z] INFO Captured Chainlink opening tick. {"slug":"eth-updown-5m-1780631100","openingPrice":1729.5879836856013,"tickTimestamp":"2026-06-05T03:45:00.000Z"}
[2026-06-05T03:45:02.759Z] INFO Skipped trade. {"slug":"eth-updown-5m-1780631100","reason":"btc_distance_below_threshold","market":"ETH","minDistanceUsd":{"UP":0.5,"DOWN":0.5},"openingPrice":1729.5879836856013,"currentPrice":1729.5879836856013}
[2026-06-05T03:45:02.776Z] INFO Captured Chainlink opening tick. {"slug":"doge-updown-5m-1780631100","openingPrice":0.086166967,"tickTimestamp":"2026-06-05T03:45:00.000Z"}
[2026-06-05T03:45:02.787Z] INFO Skipped trade. {"slug":"doge-updown-5m-1780631100","reason":"btc_distance_below_threshold","market":"DOGE","minDistanceUsd":{"UP":0.0001,"DOWN":0.0001},"openingPrice":0.086166967,"currentPrice":0.086166967}
[2026-06-05T03:49:32.169Z] INFO Skipped trade. {"slug":"btc-updown-5m-1780631100","reason":"no_ask_liquidity_under_cap","outcome":"UP"}
[2026-06-05T03:49:32.169Z] INFO Skipped trade. {"slug":"eth-updown-5m-1780631100","reason":"no_ask_liquidity_under_cap","outcome":"UP"}
[2026-06-05T03:50:09.519Z] INFO Tracking market. {"market":"BTC","slug":"btc-updown-5m-1780631400","title":"Bitcoin Up or Down - June 4, 11:50PM-11:55PM ET","end":"2026-06-05T03:55:00.000Z","upToken":"44039171593561683497260288538044588362968620644325832487506444878501191164779","downToken":"64988806984531501390372689056481439381176852197870522665821166412806616788908","orderMinSize":5,"tickSize":"0.01"}
[2026-06-05T03:50:09.526Z] INFO Captured Chainlink opening tick. {"slug":"btc-updown-5m-1780631400","openingPrice":62727.16297523025,"tickTimestamp":"2026-06-05T03:50:00.000Z"}
[2026-06-05T03:50:09.530Z] INFO Tracking market. {"market":"ETH","slug":"eth-updown-5m-1780631400","title":"Ethereum Up or Down - June 4, 11:50PM-11:55PM ET","end":"2026-06-05T03:55:00.000Z","upToken":"44774968652574101354464248756128497503608695657345812334490653115399729911623","downToken":"87733230068080595064243806127256903431925855215895270438538842045460929099476","orderMinSize":5,"tickSize":"0.01"}
[2026-06-05T03:50:09.537Z] INFO Captured Chainlink opening tick. {"slug":"eth-updown-5m-1780631400","openingPrice":1731.5244018405267,"tickTimestamp":"2026-06-05T03:50:00.000Z"}
[2026-06-05T03:50:09.541Z] INFO Tracking market. {"market":"DOGE","slug":"doge-updown-5m-1780631400","title":"Dogecoin Up or Down - June 4, 11:50PM-11:55PM ET","end":"2026-06-05T03:55:00.000Z","upToken":"69426222165512563659720182380160193559305836193757660064818142127730137648007","downToken":"100012159612956640616877615764893493746998249006969812588652278239233343949517","orderMinSize":5,"tickSize":"0.01"}
[2026-06-05T03:50:09.548Z] INFO Captured Chainlink opening tick. {"slug":"doge-updown-5m-1780631400","openingPrice":0.08614,"tickTimestamp":"2026-06-05T03:50:00.000Z"}
[2026-06-05T03:50:09.552Z] INFO Skipped trade. {"slug":"doge-updown-5m-1780631400","reason":"btc_distance_below_threshold","market":"DOGE","minDistanceUsd":{"UP":0.0001,"DOWN":0.0001},"openingPrice":0.08614,"currentPrice":0.0861984340257416}
[2026-06-05T03:50:38.031Z] INFO Skipped trade. {"slug":"eth-updown-5m-1780631400","reason":"btc_distance_below_threshold","market":"ETH","minDistanceUsd":{"UP":0.5,"DOWN":0.5},"openingPrice":1731.5244018405267,"currentPrice":1731.749930001396}
[2026-06-05T03:51:06.606Z] INFO Skipped trade. {"slug":"btc-updown-5m-1780631400","reason":"btc_distance_below_threshold","market":"BTC","minDistanceUsd":{"UP":5,"DOWN":5},"openingPrice":62727.16297523025,"currentPrice":62728.777525}
[2026-06-05T03:54:30.379Z] INFO Skipped trade. {"slug":"btc-updown-5m-1780631400","reason":"no_ask_liquidity_under_cap","outcome":"DOWN"}
[2026-06-05T03:54:30.379Z] INFO Skipped trade. {"slug":"eth-updown-5m-1780631400","reason":"no_ask_liquidity_under_cap","outcome":"DOWN"}
[2026-06-05T03:54:30.379Z] INFO Skipped trade. {"slug":"doge-updown-5m-1780631400","reason":"no_ask_liquidity_under_cap","outcome":"DOWN"}
[2026-06-05T03:55:01.947Z] INFO Tracking market. {"market":"BTC","slug":"btc-updown-5m-1780631700","title":"Bitcoin Up or Down - June 4, 11:55PM-12:00AM ET","end":"2026-06-05T04:00:00.000Z","upToken":"96908846353860379548777019861579068248937893608680422731628738033592056286470","downToken":"67480108053167092032312213621563008518838378408761504638453608963485560755164","orderMinSize":5,"tickSize":"0.01"}
[2026-06-05T03:55:01.953Z] INFO Captured Chainlink opening tick. {"slug":"btc-updown-5m-1780631700","openingPrice":62696.79111172184,"tickTimestamp":"2026-06-05T03:55:00.000Z"}
[2026-06-05T03:55:01.957Z] INFO Skipped trade. {"slug":"btc-updown-5m-1780631700","reason":"btc_distance_below_threshold","market":"BTC","minDistanceUsd":{"UP":5,"DOWN":5},"openingPrice":62696.79111172184,"currentPrice":62696.79111172184}
[2026-06-05T03:55:01.957Z] INFO Tracking market. {"market":"ETH","slug":"eth-updown-5m-1780631700","title":"Ethereum Up or Down - June 4, 11:55PM-12:00AM ET","end":"2026-06-05T04:00:00.000Z","upToken":"71580460158683861776871567250504619854375270616016999356371634834679880552038","downToken":"79197626280051968718773203487653761949087298289600686423941628073406689114713","orderMinSize":5,"tickSize":"0.01"}
[2026-06-05T03:55:01.957Z] INFO Skipped trade. {"slug":"eth-updown-5m-1780631700","reason":"missing_opening_chainlink_tick"}
[2026-06-05T03:55:01.957Z] INFO Tracking market. {"market":"DOGE","slug":"doge-updown-5m-1780631700","title":"Dogecoin Up or Down - June 4, 11:55PM-12:00AM ET","end":"2026-06-05T04:00:00.000Z","upToken":"36913262002476877274892792628950092869005209273395681257956910573838714734085","downToken":"321900066003404698209286773114537761522451761035500364172921496312069999258","orderMinSize":5,"tickSize":"0.01"}
[2026-06-05T03:55:01.957Z] INFO Skipped trade. {"slug":"doge-updown-5m-1780631700","reason":"missing_opening_chainlink_tick"}
[2026-06-05T03:55:02.985Z] INFO Captured Chainlink opening tick. {"slug":"eth-updown-5m-1780631700","openingPrice":1730.73897,"tickTimestamp":"2026-06-05T03:55:00.000Z"}
[2026-06-05T03:55:02.994Z] INFO Skipped trade. {"slug":"eth-updown-5m-1780631700","reason":"btc_distance_below_threshold","market":"ETH","minDistanceUsd":{"UP":0.5,"DOWN":0.5},"openingPrice":1730.73897,"currentPrice":1730.740185}
[2026-06-05T03:55:03.008Z] INFO Captured Chainlink opening tick. {"slug":"doge-updown-5m-1780631700","openingPrice":0.0860373,"tickTimestamp":"2026-06-05T03:55:00.000Z"}
[2026-06-05T03:55:03.017Z] INFO Skipped trade. {"slug":"doge-updown-5m-1780631700","reason":"btc_distance_below_threshold","market":"DOGE","minDistanceUsd":{"UP":0.0001,"DOWN":0.0001},"openingPrice":0.0860373,"currentPrice":0.086037338}
[2026-06-05T03:58:19.991Z] INFO Skipped trade. {"slug":"eth-updown-5m-1780631700","reason":"stale_chainlink_tick","tickTimestamp":"2026-06-05T03:58:09.000Z"}
[2026-06-05T03:58:19.991Z] INFO Skipped trade. {"slug":"doge-updown-5m-1780631700","reason":"stale_chainlink_tick","tickTimestamp":"2026-06-05T03:58:09.000Z"}
[2026-06-05T03:59:31.192Z] INFO Skipped trade. {"slug":"btc-updown-5m-1780631700","reason":"no_ask_liquidity_under_cap","outcome":"DOWN"}
[2026-06-05T03:59:31.192Z] INFO Skipped trade. {"slug":"eth-updown-5m-1780631700","reason":"no_ask_liquidity_under_cap","outcome":"DOWN"}
[2026-06-05T03:59:31.192Z] INFO Skipped trade. {"slug":"doge-updown-5m-1780631700","reason":"no_ask_liquidity_under_cap","outcome":"DOWN"}
[2026-06-05T04:00:00.689Z] INFO Tracking market. {"market":"BTC","slug":"btc-updown-5m-1780632000","title":"Bitcoin Up or Down - June 5, 12:00AM-12:05AM ET","end":"2026-06-05T04:05:00.000Z","upToken":"75433262207861861294649497495918009051784832412783280991930197773387863571504","downToken":"86905275853792724666754931617715527783798197904206554184393697845243421167203","orderMinSize":5,"tickSize":"0.01"}
[2026-06-05T04:00:00.689Z] INFO Skipped trade. {"slug":"btc-updown-5m-1780632000","reason":"missing_opening_chainlink_tick"}
[2026-06-05T04:00:00.689Z] INFO Tracking market. {"market":"ETH","slug":"eth-updown-5m-1780632000","title":"Ethereum Up or Down - June 5, 12:00AM-12:05AM ET","end":"2026-06-05T04:05:00.000Z","upToken":"77179815218329411438518649804091612951649761510152870844674829897877709073159","downToken":"106119415015463239039657306040400480819417609115281370421806094596679247588958","orderMinSize":5,"tickSize":"0.01"}
[2026-06-05T04:00:00.690Z] INFO Skipped trade. {"slug":"eth-updown-5m-1780632000","reason":"missing_opening_chainlink_tick"}
[2026-06-05T04:00:00.690Z] INFO Tracking market. {"market":"DOGE","slug":"doge-updown-5m-1780632000","title":"Dogecoin Up or Down - June 5, 12:00AM-12:05AM ET","end":"2026-06-05T04:05:00.000Z","upToken":"36197811569527983792736047479031454891728400337798218100582546554511845752805","downToken":"112744288920893444647134469540052955407428310052637721202885700471136661716895","orderMinSize":5,"tickSize":"0.01"}
[2026-06-05T04:00:00.690Z] INFO Skipped trade. {"slug":"doge-updown-5m-1780632000","reason":"missing_opening_chainlink_tick"}
[2026-06-05T04:00:01.717Z] INFO Captured Chainlink opening tick. {"slug":"btc-updown-5m-1780632000","openingPrice":62658.12040947731,"tickTimestamp":"2026-06-05T04:00:00.000Z"}
[2026-06-05T04:00:01.734Z] INFO Skipped trade. {"slug":"btc-updown-5m-1780632000","reason":"btc_distance_below_threshold","market":"BTC","minDistanceUsd":{"UP":5,"DOWN":5},"openingPrice":62658.12040947731,"currentPrice":62658.12040947731}
[2026-06-05T04:00:03.767Z] INFO Captured Chainlink opening tick. {"slug":"eth-updown-5m-1780632000","openingPrice":1727.5319359940595,"tickTimestamp":"2026-06-05T04:00:00.000Z"}
[2026-06-05T04:00:03.773Z] INFO Skipped trade. {"slug":"eth-updown-5m-1780632000","reason":"btc_distance_below_threshold","market":"ETH","minDistanceUsd":{"UP":0.5,"DOWN":0.5},"openingPrice":1727.5319359940595,"currentPrice":1727.8687}
[2026-06-05T04:00:03.782Z] INFO Captured Chainlink opening tick. {"slug":"doge-updown-5m-1780632000","openingPrice":0.085839027,"tickTimestamp":"2026-06-05T04:00:00.000Z"}
[2026-06-05T04:00:03.788Z] INFO Skipped trade. {"slug":"doge-updown-5m-1780632000","reason":"btc_distance_below_threshold","market":"DOGE","minDistanceUsd":{"UP":0.0001,"DOWN":0.0001},"openingPrice":0.085839027,"currentPrice":0.085857}
[2026-06-05T04:03:42.943Z] INFO Skipped trade. {"slug":"eth-updown-5m-1780632000","reason":"stale_chainlink_tick","tickTimestamp":"2026-06-05T04:03:32.000Z"}
[2026-06-05T04:03:42.943Z] INFO Skipped trade. {"slug":"doge-updown-5m-1780632000","reason":"stale_chainlink_tick","tickTimestamp":"2026-06-05T04:03:32.000Z"}
[2026-06-05T04:04:29.010Z] INFO Skipped trade. {"slug":"btc-updown-5m-1780632000","reason":"no_ask_liquidity_under_cap","outcome":"DOWN"}
[2026-06-05T04:04:29.010Z] INFO Skipped trade. {"slug":"eth-updown-5m-1780632000","reason":"no_ask_liquidity_under_cap","outcome":"DOWN"}
[2026-06-05T04:04:44.113Z] INFO Skipped trade. {"slug":"doge-updown-5m-1780632000","reason":"no_ask_liquidity_under_cap","outcome":"UP"}
[2026-06-05T04:05:01.411Z] INFO Tracking market. {"market":"BTC","slug":"btc-updown-5m-1780632300","title":"Bitcoin Up or Down - June 5, 12:05AM-12:10AM ET","end":"2026-06-05T04:10:00.000Z","upToken":"114184465927800187218735286504929716244040194402530449401692347045176813588271","downToken":"106521744569034863073541442799703714468069197964587725718948472634453709789512","orderMinSize":5,"tickSize":"0.01"}
[2026-06-05T04:05:01.412Z] INFO Skipped trade. {"slug":"btc-updown-5m-1780632300","reason":"missing_opening_chainlink_tick"}
[2026-06-05T04:05:01.412Z] INFO Tracking market. {"market":"ETH","slug":"eth-updown-5m-1780632300","title":"Ethereum Up or Down - June 5, 12:05AM-12:10AM ET","end":"2026-06-05T04:10:00.000Z","upToken":"90467248464647258895498131808988202815269280276831366119255963793680877710588","downToken":"24900059925298318520847730444204602695673586574633076360704611388300541632173","orderMinSize":5,"tickSize":"0.01"}
[2026-06-05T04:05:01.412Z] INFO Skipped trade. {"slug":"eth-updown-5m-1780632300","reason":"missing_opening_chainlink_tick"}
[2026-06-05T04:05:01.412Z] INFO Tracking market. {"market":"DOGE","slug":"doge-updown-5m-1780632300","title":"Dogecoin Up or Down - June 5, 12:05AM-12:10AM ET","end":"2026-06-05T04:10:00.000Z","upToken":"75647036486160697154539483039494713971197318041043684810608555268570580951965","downToken":"55058437042565951143157300973848590986731753944964673343243937858387010094972","orderMinSize":5,"tickSize":"0.01"}
[2026-06-05T04:05:01.412Z] INFO Skipped trade. {"slug":"doge-updown-5m-1780632300","reason":"missing_opening_chainlink_tick"}
[2026-06-05T04:05:02.430Z] INFO Captured Chainlink opening tick. {"slug":"btc-updown-5m-1780632300","openingPrice":62559.39717,"tickTimestamp":"2026-06-05T04:05:00.000Z"}
[2026-06-05T04:05:02.435Z] INFO Skipped trade. {"slug":"btc-updown-5m-1780632300","reason":"btc_distance_below_threshold","market":"BTC","minDistanceUsd":{"UP":5,"DOWN":5},"openingPrice":62559.39717,"currentPrice":62559.39717}
[2026-06-05T04:05:04.467Z] INFO Captured Chainlink opening tick. {"slug":"eth-updown-5m-1780632300","openingPrice":1721.7277,"tickTimestamp":"2026-06-05T04:05:00.000Z"}
[2026-06-05T04:05:04.471Z] INFO Skipped trade. {"slug":"eth-updown-5m-1780632300","reason":"btc_distance_below_threshold","market":"ETH","minDistanceUsd":{"UP":0.5,"DOWN":0.5},"openingPrice":1721.7277,"currentPrice":1721.4061}
[2026-06-05T04:05:04.478Z] INFO Captured Chainlink opening tick. {"slug":"doge-updown-5m-1780632300","openingPrice":0.0859893709179992,"tickTimestamp":"2026-06-05T04:05:00.000Z"}
[2026-06-05T04:05:04.482Z] INFO Skipped trade. {"slug":"doge-updown-5m-1780632300","reason":"btc_distance_below_threshold","market":"DOGE","minDistanceUsd":{"UP":0.0001,"DOWN":0.0001},"openingPrice":0.0859893709179992,"currentPrice":0.085968612}
[2026-06-05T04:09:29.019Z] INFO Skipped trade. {"slug":"btc-updown-5m-1780632300","reason":"no_ask_liquidity_under_cap","outcome":"UP"}
[2026-06-05T04:09:29.020Z] INFO Skipped trade. {"slug":"eth-updown-5m-1780632300","reason":"no_ask_liquidity_under_cap","outcome":"UP"}
[2026-06-05T04:09:29.020Z] INFO Skipped trade. {"slug":"doge-updown-5m-1780632300","reason":"no_ask_liquidity_under_cap","outcome":"UP"}
[2026-06-05T04:10:01.421Z] INFO Tracking market. {"market":"BTC","slug":"btc-updown-5m-1780632600","title":"Bitcoin Up or Down - June 5, 12:10AM-12:15AM ET","end":"2026-06-05T04:15:00.000Z","upToken":"36506743054199966915662762346663457968765856614922757365604436974884951475872","downToken":"71577956263349622344954520799822201381833900747809695455215387999318689843109","orderMinSize":5,"tickSize":"0.01"}
[2026-06-05T04:10:01.427Z] INFO Captured Chainlink opening tick. {"slug":"btc-updown-5m-1780632600","openingPrice":62851.765970293745,"tickTimestamp":"2026-06-05T04:10:00.000Z"}
[2026-06-05T04:10:01.430Z] INFO Skipped trade. {"slug":"btc-updown-5m-1780632600","reason":"btc_distance_below_threshold","market":"BTC","minDistanceUsd":{"UP":5,"DOWN":5},"openingPrice":62851.765970293745,"currentPrice":62851.765970293745}
[2026-06-05T04:10:01.431Z] INFO Tracking market. {"market":"ETH","slug":"eth-updown-5m-1780632600","title":"Ethereum Up or Down - June 5, 12:10AM-12:15AM ET","end":"2026-06-05T04:15:00.000Z","upToken":"113262728916640002107997335662959878965330716818121354299820290145540240225344","downToken":"19436720938227448140338425298018678786587735270628184447949478941483008965643","orderMinSize":5,"tickSize":"0.01"}
[2026-06-05T04:10:01.431Z] INFO Skipped trade. {"slug":"eth-updown-5m-1780632600","reason":"missing_opening_chainlink_tick"}
[2026-06-05T04:10:01.431Z] INFO Tracking market. {"market":"DOGE","slug":"doge-updown-5m-1780632600","title":"Dogecoin Up or Down - June 5, 12:10AM-12:15AM ET","end":"2026-06-05T04:15:00.000Z","upToken":"104494793343802804953688622273097735061827433249663647974816396656866002783193","downToken":"38795419183062383887477130004224467598698427195809275763331267045820661595433","orderMinSize":5,"tickSize":"0.01"}
[2026-06-05T04:10:01.431Z] INFO Skipped trade. {"slug":"doge-updown-5m-1780632600","reason":"missing_opening_chainlink_tick"}
[2026-06-05T04:10:04.470Z] INFO Captured Chainlink opening tick. {"slug":"eth-updown-5m-1780632600","openingPrice":1730.2856080380348,"tickTimestamp":"2026-06-05T04:10:00.000Z"}
[2026-06-05T04:10:04.493Z] INFO Captured Chainlink opening tick. {"slug":"doge-updown-5m-1780632600","openingPrice":0.0866455,"tickTimestamp":"2026-06-05T04:10:00.000Z"}
[2026-06-05T04:10:04.501Z] INFO Skipped trade. {"slug":"doge-updown-5m-1780632600","reason":"btc_distance_below_threshold","market":"DOGE","minDistanceUsd":{"UP":0.0001,"DOWN":0.0001},"openingPrice":0.0866455,"currentPrice":0.0866214222540083}
[2026-06-05T04:10:09.736Z] INFO Skipped trade. {"slug":"eth-updown-5m-1780632600","reason":"btc_distance_below_threshold","market":"ETH","minDistanceUsd":{"UP":0.5,"DOWN":0.5},"openingPrice":1730.2856080380348,"currentPrice":1730.4277881064513}
[2026-06-05T04:14:29.445Z] INFO Skipped trade. {"slug":"btc-updown-5m-1780632600","reason":"no_ask_liquidity_under_cap","outcome":"DOWN"}
[2026-06-05T04:14:29.445Z] INFO Skipped trade. {"slug":"eth-updown-5m-1780632600","reason":"no_ask_liquidity_under_cap","outcome":"DOWN"}
[2026-06-05T04:14:29.445Z] INFO Skipped trade. {"slug":"doge-updown-5m-1780632600","reason":"no_ask_liquidity_under_cap","outcome":"DOWN"}
[2026-06-05T04:15:01.079Z] INFO Tracking market. {"market":"BTC","slug":"btc-updown-5m-1780632900","title":"Bitcoin Up or Down - June 5, 12:15AM-12:20AM ET","end":"2026-06-05T04:20:00.000Z","upToken":"54943082863491250863661424589148990148521582300265286934129148674629261706717","downToken":"76904317232225186711917878679445385983374965139431785333560371825045230058780","orderMinSize":5,"tickSize":"0.01"}
[2026-06-05T04:15:01.079Z] INFO Skipped trade. {"slug":"btc-updown-5m-1780632900","reason":"missing_opening_chainlink_tick"}
[2026-06-05T04:15:01.080Z] INFO Tracking market. {"market":"ETH","slug":"eth-updown-5m-1780632900","title":"Ethereum Up or Down - June 5, 12:15AM-12:20AM ET","end":"2026-06-05T04:20:00.000Z","upToken":"9746598971137938008781553270666086472177070213275535782168858839736174771343","downToken":"107105898020699905700179762171784404524345191650358053714137226836824455690372","orderMinSize":5,"tickSize":"0.01"}
[2026-06-05T04:15:01.080Z] INFO Skipped trade. {"slug":"eth-updown-5m-1780632900","reason":"missing_opening_chainlink_tick"}
[2026-06-05T04:15:01.080Z] INFO Tracking market. {"market":"DOGE","slug":"doge-updown-5m-1780632900","title":"Dogecoin Up or Down - June 5, 12:15AM-12:20AM ET","end":"2026-06-05T04:20:00.000Z","upToken":"7237966708434925947809403586895376060023672473942228327806165891493111877914","downToken":"5664627216325982792174044781954986803947742217167165504092245388225721579169","orderMinSize":5,"tickSize":"0.01"}
[2026-06-05T04:15:01.080Z] INFO Skipped trade. {"slug":"doge-updown-5m-1780632900","reason":"missing_opening_chainlink_tick"}
[2026-06-05T04:15:02.110Z] INFO Captured Chainlink opening tick. {"slug":"btc-updown-5m-1780632900","openingPrice":62788.458712208776,"tickTimestamp":"2026-06-05T04:15:00.000Z"}
[2026-06-05T04:15:02.131Z] INFO Skipped trade. {"slug":"btc-updown-5m-1780632900","reason":"btc_distance_below_threshold","market":"BTC","minDistanceUsd":{"UP":5,"DOWN":5},"openingPrice":62788.458712208776,"currentPrice":62788.458712208776}
[2026-06-05T04:15:05.182Z] INFO Captured Chainlink opening tick. {"slug":"eth-updown-5m-1780632900","openingPrice":1724.69675,"tickTimestamp":"2026-06-05T04:15:00.000Z"}
[2026-06-05T04:15:05.194Z] INFO Skipped trade. {"slug":"eth-updown-5m-1780632900","reason":"btc_distance_below_threshold","market":"ETH","minDistanceUsd":{"UP":0.5,"DOWN":0.5},"openingPrice":1724.69675,"currentPrice":1725.0724154822472}
[2026-06-05T04:15:05.206Z] INFO Captured Chainlink opening tick. {"slug":"doge-updown-5m-1780632900","openingPrice":0.086551311,"tickTimestamp":"2026-06-05T04:15:00.000Z"}
[2026-06-05T04:15:05.214Z] INFO Skipped trade. {"slug":"doge-updown-5m-1780632900","reason":"btc_distance_below_threshold","market":"DOGE","minDistanceUsd":{"UP":0.0001,"DOWN":0.0001},"openingPrice":0.086551311,"currentPrice":0.0865841}
[2026-06-05T04:19:30.915Z] INFO Skipped trade. {"slug":"btc-updown-5m-1780632900","reason":"no_ask_liquidity_under_cap","outcome":"DOWN"}
[2026-06-05T04:19:30.915Z] INFO Skipped trade. {"slug":"eth-updown-5m-1780632900","reason":"no_ask_liquidity_under_cap","outcome":"DOWN"}
[2026-06-05T04:19:30.915Z] INFO Skipped trade. {"slug":"doge-updown-5m-1780632900","reason":"no_ask_liquidity_under_cap","outcome":"DOWN"}
[2026-06-05T04:20:02.243Z] INFO Tracking market. {"market":"BTC","slug":"btc-updown-5m-1780633200","title":"Bitcoin Up or Down - June 5, 12:20AM-12:25AM ET","end":"2026-06-05T04:25:00.000Z","upToken":"107139021834619021177470765182148853518229703835266142645230973383961211284170","downToken":"12205413053742063818841374865120715618859721986186928764185418091104219787916","orderMinSize":5,"tickSize":"0.01"}
[2026-06-05T04:20:02.248Z] INFO Captured Chainlink opening tick. {"slug":"btc-updown-5m-1780633200","openingPrice":62628.26722353901,"tickTimestamp":"2026-06-05T04:20:00.000Z"}
[2026-06-05T04:20:02.253Z] INFO Skipped trade. {"slug":"btc-updown-5m-1780633200","reason":"btc_distance_below_threshold","market":"BTC","minDistanceUsd":{"UP":5,"DOWN":5},"openingPrice":62628.26722353901,"currentPrice":62628.26722353901}
[2026-06-05T04:20:02.253Z] INFO Tracking market. {"market":"ETH","slug":"eth-updown-5m-1780633200","title":"Ethereum Up or Down - June 5, 12:20AM-12:25AM ET","end":"2026-06-05T04:25:00.000Z","upToken":"42113596453920890019511988093699093426488234922801360658549715538069837217017","downToken":"82331430612687548913410957786569259573409563533823023475967705832465040390953","orderMinSize":5,"tickSize":"0.01"}
[2026-06-05T04:20:02.253Z] INFO Skipped trade. {"slug":"eth-updown-5m-1780633200","reason":"missing_opening_chainlink_tick"}
[2026-06-05T04:20:02.253Z] INFO Tracking market. {"market":"DOGE","slug":"doge-updown-5m-1780633200","title":"Dogecoin Up or Down - June 5, 12:20AM-12:25AM ET","end":"2026-06-05T04:25:00.000Z","upToken":"41651632884112606989328223168889833983661519194901641221268273927870190821196","downToken":"96439895424768310250552639313552198418128459122871923775103654281084780813529","orderMinSize":5,"tickSize":"0.01"}
[2026-06-05T04:20:02.253Z] INFO Skipped trade. {"slug":"doge-updown-5m-1780633200","reason":"missing_opening_chainlink_tick"}
[2026-06-05T04:20:05.290Z] INFO Captured Chainlink opening tick. {"slug":"eth-updown-5m-1780633200","openingPrice":1718.97375,"tickTimestamp":"2026-06-05T04:20:00.000Z"}
[2026-06-05T04:20:05.295Z] INFO Skipped trade. {"slug":"eth-updown-5m-1780633200","reason":"btc_distance_below_threshold","market":"ETH","minDistanceUsd":{"UP":0.5,"DOWN":0.5},"openingPrice":1718.97375,"currentPrice":1718.9161927109992}
[2026-06-05T04:20:05.302Z] INFO Captured Chainlink opening tick. {"slug":"doge-updown-5m-1780633200","openingPrice":0.086376925,"tickTimestamp":"2026-06-05T04:20:00.000Z"}
[2026-06-05T04:20:05.307Z] INFO Skipped trade. {"slug":"doge-updown-5m-1780633200","reason":"btc_distance_below_threshold","market":"DOGE","minDistanceUsd":{"UP":0.0001,"DOWN":0.0001},"openingPrice":0.086376925,"currentPrice":0.08639}
[2026-06-05T04:24:01.416Z] WARN Analytics sample recording failed; continuing. {"market":"BTC","slug":"btc-updown-5m-1780633200","error":"ENOENT: no such file or directory, rename 'C:\\DEV\\tests\\Workspace de Yarbis\\Polybot\\data\\analytics-active.json.tmp' -> 'C:\\DEV\\tests\\Workspace de Yarbis\\Polybot\\data\\analytics-active.json'"}
[2026-06-05T04:24:30.011Z] INFO Skipped trade. {"slug":"btc-updown-5m-1780633200","reason":"no_ask_liquidity_under_cap","outcome":"UP"}
[2026-06-05T04:24:30.011Z] INFO Skipped trade. {"slug":"eth-updown-5m-1780633200","reason":"no_ask_liquidity_under_cap","outcome":"UP"}
[2026-06-05T04:24:30.011Z] INFO Skipped trade. {"slug":"doge-updown-5m-1780633200","reason":"no_ask_liquidity_under_cap","outcome":"UP"}
[2026-06-05T04:25:01.973Z] INFO Tracking market. {"market":"BTC","slug":"btc-updown-5m-1780633500","title":"Bitcoin Up or Down - June 5, 12:25AM-12:30AM ET","end":"2026-06-05T04:30:00.000Z","upToken":"16633884856733655318467811202566467873482800731988970125789728665014863338346","downToken":"38210457929850461483569202912749311934302152590058447480368804392498193563738","orderMinSize":5,"tickSize":"0.01"}
[2026-06-05T04:25:01.978Z] INFO Captured Chainlink opening tick. {"slug":"btc-updown-5m-1780633500","openingPrice":62745.7755196348,"tickTimestamp":"2026-06-05T04:25:00.000Z"}
[2026-06-05T04:25:01.982Z] INFO Skipped trade. {"slug":"btc-updown-5m-1780633500","reason":"btc_distance_below_threshold","market":"BTC","minDistanceUsd":{"UP":5,"DOWN":5},"openingPrice":62745.7755196348,"currentPrice":62745.7755196348}
[2026-06-05T04:25:01.982Z] INFO Tracking market. {"market":"ETH","slug":"eth-updown-5m-1780633500","title":"Ethereum Up or Down - June 5, 12:25AM-12:30AM ET","end":"2026-06-05T04:30:00.000Z","upToken":"33077545786360796118929753659580638592338704828295300771531134354523598936176","downToken":"101900933727771550492970787155598728595668645239329148451534351415543856864625","orderMinSize":5,"tickSize":"0.01"}
[2026-06-05T04:25:01.982Z] INFO Skipped trade. {"slug":"eth-updown-5m-1780633500","reason":"missing_opening_chainlink_tick"}
[2026-06-05T04:25:01.982Z] INFO Tracking market. {"market":"DOGE","slug":"doge-updown-5m-1780633500","title":"Dogecoin Up or Down - June 5, 12:25AM-12:30AM ET","end":"2026-06-05T04:30:00.000Z","upToken":"110754553900532414412864440862397300188881586548786712716548293705172553265886","downToken":"100093506564011013707307705835227272399159799984919169743830766760949235015876","orderMinSize":5,"tickSize":"0.01"}
[2026-06-05T04:25:01.982Z] INFO Skipped trade. {"slug":"doge-updown-5m-1780633500","reason":"missing_opening_chainlink_tick"}
[2026-06-05T04:25:06.007Z] INFO Captured Chainlink opening tick. {"slug":"eth-updown-5m-1780633500","openingPrice":1721.4015,"tickTimestamp":"2026-06-05T04:25:00.000Z"}
[2026-06-05T04:25:06.010Z] INFO Skipped trade. {"slug":"eth-updown-5m-1780633500","reason":"btc_distance_below_threshold","market":"ETH","minDistanceUsd":{"UP":0.5,"DOWN":0.5},"openingPrice":1721.4015,"currentPrice":1721.7798}
[2026-06-05T04:25:06.015Z] INFO Captured Chainlink opening tick. {"slug":"doge-updown-5m-1780633500","openingPrice":0.086583305,"tickTimestamp":"2026-06-05T04:25:00.000Z"}
[2026-06-05T04:25:06.019Z] INFO Skipped trade. {"slug":"doge-updown-5m-1780633500","reason":"btc_distance_below_threshold","market":"DOGE","minDistanceUsd":{"UP":0.0001,"DOWN":0.0001},"openingPrice":0.086583305,"currentPrice":0.0865958}
[2026-06-05T04:29:31.457Z] INFO Skipped trade. {"slug":"btc-updown-5m-1780633500","reason":"no_ask_liquidity_under_cap","outcome":"UP"}
[2026-06-05T04:29:31.457Z] INFO Skipped trade. {"slug":"eth-updown-5m-1780633500","reason":"no_ask_liquidity_under_cap","outcome":"UP"}
[2026-06-05T04:29:31.457Z] INFO Skipped trade. {"slug":"doge-updown-5m-1780633500","reason":"no_ask_liquidity_under_cap","outcome":"UP"}
[2026-06-05T04:30:02.427Z] INFO Tracking market. {"market":"BTC","slug":"btc-updown-5m-1780633800","title":"Bitcoin Up or Down - June 5, 12:30AM-12:35AM ET","end":"2026-06-05T04:35:00.000Z","upToken":"88056211438349755146785004023667700574509950688014466405189154710434556223069","downToken":"99531119221166756497657607765904785741597236215823121591393162517493682916772","orderMinSize":5,"tickSize":"0.01"}
[2026-06-05T04:30:02.434Z] INFO Captured Chainlink opening tick. {"slug":"btc-updown-5m-1780633800","openingPrice":63166.246848231865,"tickTimestamp":"2026-06-05T04:30:00.000Z"}
[2026-06-05T04:30:02.437Z] INFO Skipped trade. {"slug":"btc-updown-5m-1780633800","reason":"btc_distance_below_threshold","market":"BTC","minDistanceUsd":{"UP":5,"DOWN":5},"openingPrice":63166.246848231865,"currentPrice":63165.540299474545}
[2026-06-05T04:30:02.437Z] INFO Tracking market. {"market":"ETH","slug":"eth-updown-5m-1780633800","title":"Ethereum Up or Down - June 5, 12:30AM-12:35AM ET","end":"2026-06-05T04:35:00.000Z","upToken":"94861689192529718078800085641743357747456473955068166005723460987460714578244","downToken":"45715846304620821768325898061194412990565308898562972539577631573266182398594","orderMinSize":5,"tickSize":"0.01"}
[2026-06-05T04:30:02.437Z] INFO Skipped trade. {"slug":"eth-updown-5m-1780633800","reason":"missing_opening_chainlink_tick"}
[2026-06-05T04:30:02.437Z] INFO Tracking market. {"market":"DOGE","slug":"doge-updown-5m-1780633800","title":"Dogecoin Up or Down - June 5, 12:30AM-12:35AM ET","end":"2026-06-05T04:35:00.000Z","upToken":"23187563450694617469509426007811161598475191416848325329648678372527249611535","downToken":"95461743852920209844793748003382168245925090639962638384828808290776977499706","orderMinSize":5,"tickSize":"0.01"}
[2026-06-05T04:30:02.438Z] INFO Skipped trade. {"slug":"doge-updown-5m-1780633800","reason":"missing_opening_chainlink_tick"}
[2026-06-05T04:30:06.459Z] INFO Captured Chainlink opening tick. {"slug":"eth-updown-5m-1780633800","openingPrice":1734.5474271949206,"tickTimestamp":"2026-06-05T04:30:00.000Z"}
[2026-06-05T04:30:06.464Z] INFO Skipped trade. {"slug":"eth-updown-5m-1780633800","reason":"btc_distance_below_threshold","market":"ETH","minDistanceUsd":{"UP":0.5,"DOWN":0.5},"openingPrice":1734.5474271949206,"currentPrice":1734.421626007445}
[2026-06-05T04:30:06.473Z] INFO Captured Chainlink opening tick. {"slug":"doge-updown-5m-1780633800","openingPrice":0.0869188080746563,"tickTimestamp":"2026-06-05T04:30:00.000Z"}
[2026-06-05T04:30:06.478Z] INFO Skipped trade. {"slug":"doge-updown-5m-1780633800","reason":"btc_distance_below_threshold","market":"DOGE","minDistanceUsd":{"UP":0.0001,"DOWN":0.0001},"openingPrice":0.0869188080746563,"currentPrice":0.086893761}
[2026-06-05T04:33:56.115Z] INFO Skipped trade. {"slug":"btc-updown-5m-1780633800","reason":"stale_chainlink_tick","tickTimestamp":"2026-06-05T04:33:18.000Z"}
[2026-06-05T04:34:30.569Z] INFO Skipped trade. {"slug":"btc-updown-5m-1780633800","reason":"no_ask_liquidity_under_cap","outcome":"DOWN"}
[2026-06-05T04:34:30.569Z] INFO Skipped trade. {"slug":"eth-updown-5m-1780633800","reason":"no_ask_liquidity_under_cap","outcome":"DOWN"}
[2026-06-05T04:34:30.570Z] INFO Skipped trade. {"slug":"doge-updown-5m-1780633800","reason":"no_ask_liquidity_under_cap","outcome":"DOWN"}
[2026-06-05T04:35:01.861Z] INFO Tracking market. {"market":"BTC","slug":"btc-updown-5m-1780634100","title":"Bitcoin Up or Down - June 5, 12:35AM-12:40AM ET","end":"2026-06-05T04:40:00.000Z","upToken":"89334970777424869421967754569174087185056538261695169259987448219101344522189","downToken":"52857338908373491001038124653739220686202088326956394706866829043130899123026","orderMinSize":5,"tickSize":"0.01"}
[2026-06-05T04:35:01.862Z] INFO Skipped trade. {"slug":"btc-updown-5m-1780634100","reason":"missing_opening_chainlink_tick"}
[2026-06-05T04:35:01.862Z] INFO Tracking market. {"market":"ETH","slug":"eth-updown-5m-1780634100","title":"Ethereum Up or Down - June 5, 12:35AM-12:40AM ET","end":"2026-06-05T04:40:00.000Z","upToken":"19990895777190719767255557363253892696374171277187421007241084078364504064283","downToken":"81809351776650900825421717048480853220722736399660441737978220415219089217742","orderMinSize":5,"tickSize":"0.01"}
[2026-06-05T04:35:01.862Z] INFO Skipped trade. {"slug":"eth-updown-5m-1780634100","reason":"missing_opening_chainlink_tick"}
[2026-06-05T04:35:01.862Z] INFO Tracking market. {"market":"DOGE","slug":"doge-updown-5m-1780634100","title":"Dogecoin Up or Down - June 5, 12:35AM-12:40AM ET","end":"2026-06-05T04:40:00.000Z","upToken":"45334232229281199308781949714993789727829516443530623716291927386136855154637","downToken":"36237313663566651543826278900686718805858978124962041832645087016373073232226","orderMinSize":5,"tickSize":"0.01"}
[2026-06-05T04:35:01.862Z] INFO Skipped trade. {"slug":"doge-updown-5m-1780634100","reason":"missing_opening_chainlink_tick"}
[2026-06-05T04:35:08.384Z] INFO Captured Chainlink opening tick. {"slug":"btc-updown-5m-1780634100","openingPrice":63031.82291532965,"tickTimestamp":"2026-06-05T04:35:06.000Z"}
[2026-06-05T04:35:08.389Z] INFO Skipped trade. {"slug":"btc-updown-5m-1780634100","reason":"btc_distance_below_threshold","market":"BTC","minDistanceUsd":{"UP":5,"DOWN":5},"openingPrice":63031.82291532965,"currentPrice":63031.82291532965}
[2026-06-05T04:35:12.916Z] INFO Captured Chainlink opening tick. {"slug":"eth-updown-5m-1780634100","openingPrice":1730.24695,"tickTimestamp":"2026-06-05T04:35:06.000Z"}
[2026-06-05T04:35:12.920Z] INFO Skipped trade. {"slug":"eth-updown-5m-1780634100","reason":"btc_distance_below_threshold","market":"ETH","minDistanceUsd":{"UP":0.5,"DOWN":0.5},"openingPrice":1730.24695,"currentPrice":1730.018925}
[2026-06-05T04:35:12.929Z] INFO Captured Chainlink opening tick. {"slug":"doge-updown-5m-1780634100","openingPrice":0.0864714,"tickTimestamp":"2026-06-05T04:35:06.000Z"}
[2026-06-05T04:35:12.933Z] INFO Skipped trade. {"slug":"doge-updown-5m-1780634100","reason":"btc_distance_below_threshold","market":"DOGE","minDistanceUsd":{"UP":0.0001,"DOWN":0.0001},"openingPrice":0.0864714,"currentPrice":0.0864569669543189}
[2026-06-05T04:36:04.874Z] WARN Bot loop iteration failed; retrying. {"error":"fetch failed"}
[2026-06-05T04:38:33.055Z] WARN RTDS websocket closed; reconnecting soon.
[2026-06-05T04:38:36.850Z] INFO Connected to Polymarket RTDS Chainlink feed.
[2026-06-05T04:39:29.829Z] INFO Skipped trade. {"slug":"btc-updown-5m-1780634100","reason":"no_ask_liquidity_under_cap","outcome":"UP"}
[2026-06-05T04:39:32.290Z] INFO Trade attempt recorded. {"mode":"sim","slug":"btc-updown-5m-1780634100","outcome":"UP","amountUsd":5,"bestAsk":0.52,"estimatedShares":9.615384615384615}
[2026-06-05T04:39:33.682Z] INFO Skipped trade. {"slug":"btc-updown-5m-1780634100","reason":"market_already_traded"}
[2026-06-05T04:39:38.248Z] WARN Analytics sample recording failed; continuing. {"market":"BTC","slug":"btc-updown-5m-1780634100","error":"ENOENT: no such file or directory, rename 'C:\\DEV\\tests\\Workspace de Yarbis\\Polybot\\data\\analytics-active.json.tmp' -> 'C:\\DEV\\tests\\Workspace de Yarbis\\Polybot\\data\\analytics-active.json'"}
[2026-06-05T04:39:43.127Z] INFO Skipped trade. {"slug":"doge-updown-5m-1780634100","reason":"no_ask_liquidity_under_cap","outcome":"DOWN"}
[2026-06-05T04:39:43.133Z] INFO Trade attempt recorded. {"mode":"sim","slug":"eth-updown-5m-1780634100","outcome":"DOWN","amountUsd":5,"bestAsk":0.57,"estimatedShares":8.771929824561404}
[2026-06-05T04:39:45.252Z] INFO Skipped trade. {"slug":"eth-updown-5m-1780634100","reason":"market_already_traded"}
[2026-06-05T04:40:02.076Z] INFO Resolved trade. {"mode":"sim","slug":"btc-updown-5m-1780634100","outcome":"UP","winningOutcome":"UP","won":true,"finalPrice":63041.03972561775}
[2026-06-05T04:40:02.527Z] INFO Tracking market. {"market":"BTC","slug":"btc-updown-5m-1780634400","title":"Bitcoin Up or Down - June 5, 12:40AM-12:45AM ET","end":"2026-06-05T04:45:00.000Z","upToken":"108766921050300077364730880198616458501301429859385587357037722619817335290944","downToken":"97659286620774122672049278926593932298620649373481035771615052260910463939038","orderMinSize":5,"tickSize":"0.01"}
[2026-06-05T04:40:02.532Z] INFO Captured Chainlink opening tick. {"slug":"btc-updown-5m-1780634400","openingPrice":63041.03972561775,"tickTimestamp":"2026-06-05T04:40:00.000Z"}
[2026-06-05T04:40:02.537Z] INFO Skipped trade. {"slug":"btc-updown-5m-1780634400","reason":"btc_distance_below_threshold","market":"BTC","minDistanceUsd":{"UP":5,"DOWN":5},"openingPrice":63041.03972561775,"currentPrice":63041.03972561775}
[2026-06-05T04:40:02.537Z] INFO Tracking market. {"market":"ETH","slug":"eth-updown-5m-1780634400","title":"Ethereum Up or Down - June 5, 12:40AM-12:45AM ET","end":"2026-06-05T04:45:00.000Z","upToken":"5840047052297216712020136341246775397919522033739104247315539389552497592736","downToken":"3847620625625591826485530592825861254582965182512865565893390084382740538432","orderMinSize":5,"tickSize":"0.01"}
[2026-06-05T04:40:02.545Z] INFO Captured Chainlink opening tick. {"slug":"eth-updown-5m-1780634400","openingPrice":1730.566338235743,"tickTimestamp":"2026-06-05T04:40:00.000Z"}
[2026-06-05T04:40:02.548Z] INFO Skipped trade. {"slug":"eth-updown-5m-1780634400","reason":"btc_distance_below_threshold","market":"ETH","minDistanceUsd":{"UP":0.5,"DOWN":0.5},"openingPrice":1730.566338235743,"currentPrice":1730.566338235743}
[2026-06-05T04:40:02.548Z] INFO Tracking market. {"market":"DOGE","slug":"doge-updown-5m-1780634400","title":"Dogecoin Up or Down - June 5, 12:40AM-12:45AM ET","end":"2026-06-05T04:45:00.000Z","upToken":"92391543417952333762986333650814538569243831460248670595874435143433227682175","downToken":"73357130648983375833039072746464867682828513593232107311296957482765565567322","orderMinSize":5,"tickSize":"0.01"}
[2026-06-05T04:40:02.555Z] INFO Captured Chainlink opening tick. {"slug":"doge-updown-5m-1780634400","openingPrice":0.086354,"tickTimestamp":"2026-06-05T04:40:00.000Z"}
[2026-06-05T04:40:02.559Z] INFO Skipped trade. {"slug":"doge-updown-5m-1780634400","reason":"btc_distance_below_threshold","market":"DOGE","minDistanceUsd":{"UP":0.0001,"DOWN":0.0001},"openingPrice":0.086354,"currentPrice":0.086354}
[2026-06-05T04:40:03.573Z] INFO Resolved trade. {"mode":"sim","slug":"eth-updown-5m-1780634100","outcome":"DOWN","winningOutcome":"UP","won":false,"finalPrice":1730.566338235743}
[2026-06-05T04:44:29.775Z] INFO Skipped trade. {"slug":"btc-updown-5m-1780634400","reason":"no_ask_liquidity_under_cap","outcome":"DOWN"}
[2026-06-05T04:44:29.775Z] INFO Skipped trade. {"slug":"eth-updown-5m-1780634400","reason":"no_ask_liquidity_under_cap","outcome":"DOWN"}
[2026-06-05T04:44:29.775Z] INFO Skipped trade. {"slug":"doge-updown-5m-1780634400","reason":"no_ask_liquidity_under_cap","outcome":"DOWN"}
[2026-06-05T04:45:01.519Z] INFO Tracking market. {"market":"BTC","slug":"btc-updown-5m-1780634700","title":"Bitcoin Up or Down - June 5, 12:45AM-12:50AM ET","end":"2026-06-05T04:50:00.000Z","upToken":"55554825510320172372850059886147388795630697245230388996778329715572644626352","downToken":"55152297739341400117673396875193498659811453068143248524086338184485306806363","orderMinSize":5,"tickSize":"0.01"}
[2026-06-05T04:45:01.526Z] INFO Captured Chainlink opening tick. {"slug":"btc-updown-5m-1780634700","openingPrice":62952.51956023508,"tickTimestamp":"2026-06-05T04:45:00.000Z"}
[2026-06-05T04:45:01.531Z] INFO Skipped trade. {"slug":"btc-updown-5m-1780634700","reason":"btc_distance_below_threshold","market":"BTC","minDistanceUsd":{"UP":5,"DOWN":5},"openingPrice":62952.51956023508,"currentPrice":62952.51956023508}
[2026-06-05T04:45:01.531Z] INFO Tracking market. {"market":"ETH","slug":"eth-updown-5m-1780634700","title":"Ethereum Up or Down - June 5, 12:45AM-12:50AM ET","end":"2026-06-05T04:50:00.000Z","upToken":"4417580159999869765311981483242562987196209833937199716534784306166265575798","downToken":"78319703146790751922946602897275012757926658760859231941474341073073796488643","orderMinSize":5,"tickSize":"0.01"}
[2026-06-05T04:45:01.531Z] INFO Skipped trade. {"slug":"eth-updown-5m-1780634700","reason":"missing_opening_chainlink_tick"}
[2026-06-05T04:45:01.531Z] INFO Tracking market. {"market":"DOGE","slug":"doge-updown-5m-1780634700","title":"Dogecoin Up or Down - June 5, 12:45AM-12:50AM ET","end":"2026-06-05T04:50:00.000Z","upToken":"67774118836209362888448117415261350354891429559213314875769386616608783071624","downToken":"5061816771098755131190027444000426678125877547980248959707935709761227127466","orderMinSize":5,"tickSize":"0.01"}
[2026-06-05T04:45:01.531Z] INFO Skipped trade. {"slug":"doge-updown-5m-1780634700","reason":"missing_opening_chainlink_tick"}
[2026-06-05T04:45:03.551Z] INFO Captured Chainlink opening tick. {"slug":"eth-updown-5m-1780634700","openingPrice":1728.282586225153,"tickTimestamp":"2026-06-05T04:45:00.000Z"}
[2026-06-05T04:45:03.556Z] INFO Skipped trade. {"slug":"eth-updown-5m-1780634700","reason":"btc_distance_below_threshold","market":"ETH","minDistanceUsd":{"UP":0.5,"DOWN":0.5},"openingPrice":1728.282586225153,"currentPrice":1728.1949658064561}
[2026-06-05T04:45:03.566Z] INFO Captured Chainlink opening tick. {"slug":"doge-updown-5m-1780634700","openingPrice":0.086123630155219,"tickTimestamp":"2026-06-05T04:45:00.000Z"}
[2026-06-05T04:45:03.580Z] INFO Skipped trade. {"slug":"doge-updown-5m-1780634700","reason":"btc_distance_below_threshold","market":"DOGE","minDistanceUsd":{"UP":0.0001,"DOWN":0.0001},"openingPrice":0.086123630155219,"currentPrice":0.086125944119517}
[2026-06-05T04:49:31.293Z] INFO Skipped trade. {"slug":"btc-updown-5m-1780634700","reason":"no_ask_liquidity_under_cap","outcome":"DOWN"}
[2026-06-05T04:49:31.293Z] INFO Skipped trade. {"slug":"eth-updown-5m-1780634700","reason":"no_ask_liquidity_under_cap","outcome":"DOWN"}
[2026-06-05T04:49:31.293Z] INFO Skipped trade. {"slug":"doge-updown-5m-1780634700","reason":"no_ask_liquidity_under_cap","outcome":"DOWN"}
[2026-06-05T04:50:03.699Z] INFO Tracking market. {"market":"BTC","slug":"btc-updown-5m-1780635000","title":"Bitcoin Up or Down - June 5, 12:50AM-12:55AM ET","end":"2026-06-05T04:55:00.000Z","upToken":"43285173678567103316320561115920142785867378260955981466953118598476715058062","downToken":"78909809520813455890909756994004990762041475398321427651887992539164221661947","orderMinSize":5,"tickSize":"0.01"}
[2026-06-05T04:50:03.711Z] INFO Captured Chainlink opening tick. {"slug":"btc-updown-5m-1780635000","openingPrice":62896.20214048411,"tickTimestamp":"2026-06-05T04:50:00.000Z"}
[2026-06-05T04:50:03.728Z] INFO Tracking market. {"market":"ETH","slug":"eth-updown-5m-1780635000","title":"Ethereum Up or Down - June 5, 12:50AM-12:55AM ET","end":"2026-06-05T04:55:00.000Z","upToken":"41253272703542556510072483095672643365816315594107184054287029404748584945756","downToken":"95574615734271578878012953075901271114107865721139634009527141914367033437446","orderMinSize":5,"tickSize":"0.01"}
[2026-06-05T04:50:03.739Z] INFO Captured Chainlink opening tick. {"slug":"eth-updown-5m-1780635000","openingPrice":1725.3586395837385,"tickTimestamp":"2026-06-05T04:50:00.000Z"}
[2026-06-05T04:50:03.753Z] INFO Tracking market. {"market":"DOGE","slug":"doge-updown-5m-1780635000","title":"Dogecoin Up or Down - June 5, 12:50AM-12:55AM ET","end":"2026-06-05T04:55:00.000Z","upToken":"40814919247064284214066277365549065568205825811319160170540426490869449760773","downToken":"31251932981689920624964385495149439151124959552551704885887201909253538425143","orderMinSize":5,"tickSize":"0.01"}
[2026-06-05T04:50:03.765Z] INFO Captured Chainlink opening tick. {"slug":"doge-updown-5m-1780635000","openingPrice":0.0860008858999842,"tickTimestamp":"2026-06-05T04:50:00.000Z"}
[2026-06-05T04:50:03.780Z] INFO Skipped trade. {"slug":"doge-updown-5m-1780635000","reason":"btc_distance_below_threshold","market":"DOGE","minDistanceUsd":{"UP":0.0001,"DOWN":0.0001},"openingPrice":0.0860008858999842,"currentPrice":0.086027818}
[2026-06-05T04:54:30.070Z] INFO Skipped trade. {"slug":"btc-updown-5m-1780635000","reason":"no_ask_liquidity_under_cap","outcome":"UP"}
[2026-06-05T04:54:30.070Z] INFO Skipped trade. {"slug":"eth-updown-5m-1780635000","reason":"no_ask_liquidity_under_cap","outcome":"UP"}
[2026-06-05T04:54:30.070Z] INFO Skipped trade. {"slug":"doge-updown-5m-1780635000","reason":"no_ask_liquidity_under_cap","outcome":"UP"}
[2026-06-05T04:55:02.172Z] INFO Tracking market. {"market":"BTC","slug":"btc-updown-5m-1780635300","title":"Bitcoin Up or Down - June 5, 12:55AM-1:00AM ET","end":"2026-06-05T05:00:00.000Z","upToken":"90393252438268193912304715137207489361016922799164342986836738680221173069964","downToken":"78098167814039400115272492346627833713393950347951357154695444901549385166227","orderMinSize":5,"tickSize":"0.01"}
[2026-06-05T04:55:02.181Z] INFO Captured Chainlink opening tick. {"slug":"btc-updown-5m-1780635300","openingPrice":63246.27357230284,"tickTimestamp":"2026-06-05T04:55:00.000Z"}
[2026-06-05T04:55:02.186Z] INFO Skipped trade. {"slug":"btc-updown-5m-1780635300","reason":"btc_distance_below_threshold","market":"BTC","minDistanceUsd":{"UP":5,"DOWN":5},"openingPrice":63246.27357230284,"currentPrice":63246.27357230284}
[2026-06-05T04:55:02.186Z] INFO Tracking market. {"market":"ETH","slug":"eth-updown-5m-1780635300","title":"Ethereum Up or Down - June 5, 12:55AM-1:00AM ET","end":"2026-06-05T05:00:00.000Z","upToken":"97199631225118284658151421576560599548592829707677515306784305334330192525815","downToken":"84802977479472385901013230187247625795389671870175359906571770481032642028121","orderMinSize":5,"tickSize":"0.01"}
[2026-06-05T04:55:02.187Z] INFO Skipped trade. {"slug":"eth-updown-5m-1780635300","reason":"missing_opening_chainlink_tick"}
[2026-06-05T04:55:02.187Z] INFO Tracking market. {"market":"DOGE","slug":"doge-updown-5m-1780635300","title":"Dogecoin Up or Down - June 5, 12:55AM-1:00AM ET","end":"2026-06-05T05:00:00.000Z","upToken":"20156682660383973358168593882116153952160556856073206203780194818016281671427","downToken":"13185467065466834087292529416333841625363729915970651151223629327446243280316","orderMinSize":5,"tickSize":"0.01"}
[2026-06-05T04:55:02.187Z] INFO Skipped trade. {"slug":"doge-updown-5m-1780635300","reason":"missing_opening_chainlink_tick"}
[2026-06-05T04:55:04.217Z] INFO Captured Chainlink opening tick. {"slug":"eth-updown-5m-1780635300","openingPrice":1735.502987388093,"tickTimestamp":"2026-06-05T04:55:00.000Z"}
[2026-06-05T04:55:04.224Z] INFO Skipped trade. {"slug":"eth-updown-5m-1780635300","reason":"btc_distance_below_threshold","market":"ETH","minDistanceUsd":{"UP":0.5,"DOWN":0.5},"openingPrice":1735.502987388093,"currentPrice":1735.22569}
[2026-06-05T04:55:04.230Z] INFO Captured Chainlink opening tick. {"slug":"doge-updown-5m-1780635300","openingPrice":0.0866506675394812,"tickTimestamp":"2026-06-05T04:55:00.000Z"}
[2026-06-05T04:55:04.233Z] INFO Skipped trade. {"slug":"doge-updown-5m-1780635300","reason":"btc_distance_below_threshold","market":"DOGE","minDistanceUsd":{"UP":0.0001,"DOWN":0.0001},"openingPrice":0.0866506675394812,"currentPrice":0.0866313}
[2026-06-05T04:59:29.222Z] INFO Skipped trade. {"slug":"btc-updown-5m-1780635300","reason":"no_ask_liquidity_under_cap","outcome":"UP"}
[2026-06-05T04:59:29.222Z] INFO Skipped trade. {"slug":"eth-updown-5m-1780635300","reason":"no_ask_liquidity_under_cap","outcome":"UP"}
[2026-06-05T04:59:40.297Z] INFO Skipped trade. {"slug":"doge-updown-5m-1780635300","reason":"no_ask_liquidity_under_cap","outcome":"UP"}
[2026-06-05T05:00:01.591Z] INFO Tracking market. {"market":"BTC","slug":"btc-updown-5m-1780635600","title":"Bitcoin Up or Down - June 5, 1:00AM-1:05AM ET","end":"2026-06-05T05:05:00.000Z","upToken":"3423487143056523710083039669592282524935345529521445161804976077938565902439","downToken":"14620369106014626058983892639662706705296669143490279718524922625128897234701","orderMinSize":5,"tickSize":"0.01"}
[2026-06-05T05:00:01.598Z] INFO Captured Chainlink opening tick. {"slug":"btc-updown-5m-1780635600","openingPrice":63541.84891,"tickTimestamp":"2026-06-05T05:00:00.000Z"}
[2026-06-05T05:00:01.603Z] INFO Skipped trade. {"slug":"btc-updown-5m-1780635600","reason":"btc_distance_below_threshold","market":"BTC","minDistanceUsd":{"UP":5,"DOWN":5},"openingPrice":63541.84891,"currentPrice":63541.84891}
[2026-06-05T05:00:01.603Z] INFO Tracking market. {"market":"ETH","slug":"eth-updown-5m-1780635600","title":"Ethereum Up or Down - June 5, 1:00AM-1:05AM ET","end":"2026-06-05T05:05:00.000Z","upToken":"93166983446702038124852164754358529073694794748731655547475756661420982914740","downToken":"66877954433338186258739687661539938815311079181622666352354681214579946898198","orderMinSize":5,"tickSize":"0.01"}
[2026-06-05T05:00:01.603Z] INFO Skipped trade. {"slug":"eth-updown-5m-1780635600","reason":"missing_opening_chainlink_tick"}
[2026-06-05T05:00:01.603Z] INFO Tracking market. {"market":"DOGE","slug":"doge-updown-5m-1780635600","title":"Dogecoin Up or Down - June 5, 1:00AM-1:05AM ET","end":"2026-06-05T05:05:00.000Z","upToken":"2322319040772244295620490590164361625069136803669146780210344175915016050689","downToken":"30828903400218813689021518167828503272647268890954118418145196865328915846794","orderMinSize":5,"tickSize":"0.01"}
[2026-06-05T05:00:01.603Z] INFO Skipped trade. {"slug":"doge-updown-5m-1780635600","reason":"missing_opening_chainlink_tick"}
[2026-06-05T05:00:04.632Z] INFO Captured Chainlink opening tick. {"slug":"eth-updown-5m-1780635600","openingPrice":1742.6899210296158,"tickTimestamp":"2026-06-05T05:00:00.000Z"}
[2026-06-05T05:00:04.636Z] INFO Skipped trade. {"slug":"eth-updown-5m-1780635600","reason":"btc_distance_below_threshold","market":"ETH","minDistanceUsd":{"UP":0.5,"DOWN":0.5},"openingPrice":1742.6899210296158,"currentPrice":1742.684076095657}
[2026-06-05T05:00:04.641Z] INFO Captured Chainlink opening tick. {"slug":"doge-updown-5m-1780635600","openingPrice":0.0867537209494538,"tickTimestamp":"2026-06-05T05:00:00.000Z"}
[2026-06-05T05:00:04.645Z] INFO Skipped trade. {"slug":"doge-updown-5m-1780635600","reason":"btc_distance_below_threshold","market":"DOGE","minDistanceUsd":{"UP":0.0001,"DOWN":0.0001},"openingPrice":0.0867537209494538,"currentPrice":0.0867798}
[2026-06-05T05:01:47.273Z] WARN Bot loop iteration failed; retrying. {"error":"fetch failed"}
[2026-06-05T05:04:34.111Z] INFO Skipped trade. {"slug":"btc-updown-5m-1780635600","reason":"no_ask_liquidity_under_cap","outcome":"DOWN"}
[2026-06-05T05:04:34.111Z] INFO Skipped trade. {"slug":"eth-updown-5m-1780635600","reason":"no_ask_liquidity_under_cap","outcome":"DOWN"}
[2026-06-05T05:04:34.111Z] INFO Skipped trade. {"slug":"doge-updown-5m-1780635600","reason":"no_ask_liquidity_under_cap","outcome":"DOWN"}
[2026-06-05T05:05:02.325Z] INFO Tracking market. {"market":"BTC","slug":"btc-updown-5m-1780635900","title":"Bitcoin Up or Down - June 5, 1:05AM-1:10AM ET","end":"2026-06-05T05:10:00.000Z","upToken":"40602106689384846123056438299402524500938126274685087120368798722114961940355","downToken":"84191267986357558040323326583681309458714635640309752335839577729257527099977","orderMinSize":5,"tickSize":"0.01"}
[2026-06-05T05:05:02.340Z] INFO Captured Chainlink opening tick. {"slug":"btc-updown-5m-1780635900","openingPrice":63350.75100030215,"tickTimestamp":"2026-06-05T05:05:00.000Z"}
[2026-06-05T05:05:02.344Z] INFO Skipped trade. {"slug":"btc-updown-5m-1780635900","reason":"btc_distance_below_threshold","market":"BTC","minDistanceUsd":{"UP":5,"DOWN":5},"openingPrice":63350.75100030215,"currentPrice":63350.75100030215}
[2026-06-05T05:05:02.344Z] INFO Tracking market. {"market":"ETH","slug":"eth-updown-5m-1780635900","title":"Ethereum Up or Down - June 5, 1:05AM-1:10AM ET","end":"2026-06-05T05:10:00.000Z","upToken":"69244564331370563147978095949192433330943569754146404970678702356569831070297","downToken":"108606853888506645684807869548221652174410192755535490676852087777461966318640","orderMinSize":5,"tickSize":"0.01"}
[2026-06-05T05:05:02.344Z] INFO Skipped trade. {"slug":"eth-updown-5m-1780635900","reason":"missing_opening_chainlink_tick"}
[2026-06-05T05:05:02.344Z] INFO Tracking market. {"market":"DOGE","slug":"doge-updown-5m-1780635900","title":"Dogecoin Up or Down - June 5, 1:05AM-1:10AM ET","end":"2026-06-05T05:10:00.000Z","upToken":"68916907824667932675160487888594810359855800689070027956884570855358429344112","downToken":"97221422919404636950111986027374030586783388740237906628982519501469572522455","orderMinSize":5,"tickSize":"0.01"}
[2026-06-05T05:05:02.344Z] INFO Skipped trade. {"slug":"doge-updown-5m-1780635900","reason":"missing_opening_chainlink_tick"}
[2026-06-05T05:05:04.359Z] INFO Captured Chainlink opening tick. {"slug":"eth-updown-5m-1780635900","openingPrice":1736.315005,"tickTimestamp":"2026-06-05T05:05:00.000Z"}
[2026-06-05T05:05:04.366Z] INFO Skipped trade. {"slug":"eth-updown-5m-1780635900","reason":"btc_distance_below_threshold","market":"ETH","minDistanceUsd":{"UP":0.5,"DOWN":0.5},"openingPrice":1736.315005,"currentPrice":1736.6133363401518}
[2026-06-05T05:05:04.375Z] INFO Captured Chainlink opening tick. {"slug":"doge-updown-5m-1780635900","openingPrice":0.0864785811021656,"tickTimestamp":"2026-06-05T05:05:00.000Z"}
[2026-06-05T05:05:04.380Z] INFO Skipped trade. {"slug":"doge-updown-5m-1780635900","reason":"btc_distance_below_threshold","market":"DOGE","minDistanceUsd":{"UP":0.0001,"DOWN":0.0001},"openingPrice":0.0864785811021656,"currentPrice":0.0864908535346864}
[2026-06-05T05:07:33.841Z] WARN Bot loop iteration failed; retrying. {"error":"fetch failed"}
[2026-06-05T05:09:31.710Z] INFO Skipped trade. {"slug":"btc-updown-5m-1780635900","reason":"no_ask_liquidity_under_cap","outcome":"DOWN"}
[2026-06-05T05:09:31.710Z] INFO Skipped trade. {"slug":"eth-updown-5m-1780635900","reason":"no_ask_liquidity_under_cap","outcome":"DOWN"}
[2026-06-05T05:09:40.700Z] INFO Skipped trade. {"slug":"doge-updown-5m-1780635900","reason":"no_ask_liquidity_under_cap","outcome":"DOWN"}
[2026-06-05T05:10:02.571Z] INFO Tracking market. {"market":"BTC","slug":"btc-updown-5m-1780636200","title":"Bitcoin Up or Down - June 5, 1:10AM-1:15AM ET","end":"2026-06-05T05:15:00.000Z","upToken":"103565780386878662930769593912717453813436275567908817291442741565292408772208","downToken":"80797787879845384593440982667100310663365474382906220684229261805791463344044","orderMinSize":5,"tickSize":"0.01"}
[2026-06-05T05:10:02.693Z] INFO Captured Chainlink opening tick. {"slug":"btc-updown-5m-1780636200","openingPrice":63325.22659196711,"tickTimestamp":"2026-06-05T05:10:00.000Z"}
[2026-06-05T05:10:02.730Z] INFO Skipped trade. {"slug":"btc-updown-5m-1780636200","reason":"btc_distance_below_threshold","market":"BTC","minDistanceUsd":{"UP":5,"DOWN":5},"openingPrice":63325.22659196711,"currentPrice":63326.89155679734}
[2026-06-05T05:10:02.730Z] INFO Tracking market. {"market":"ETH","slug":"eth-updown-5m-1780636200","title":"Ethereum Up or Down - June 5, 1:10AM-1:15AM ET","end":"2026-06-05T05:15:00.000Z","upToken":"7430069887054800703099821939005849442497131960825744346444686447453530019441","downToken":"2156830444579999508099674648630392293924947648036339140318416679956961203841","orderMinSize":5,"tickSize":"0.01"}
[2026-06-05T05:10:02.731Z] INFO Skipped trade. {"slug":"eth-updown-5m-1780636200","reason":"missing_opening_chainlink_tick"}
[2026-06-05T05:10:02.731Z] INFO Tracking market. {"market":"DOGE","slug":"doge-updown-5m-1780636200","title":"Dogecoin Up or Down - June 5, 1:10AM-1:15AM ET","end":"2026-06-05T05:15:00.000Z","upToken":"99701976827909673926441344971134587930906880254128725977318356489449637566023","downToken":"28019430628939395790026334773961090854248975049800306018311282249139123585336","orderMinSize":5,"tickSize":"0.01"}
[2026-06-05T05:10:02.731Z] INFO Skipped trade. {"slug":"doge-updown-5m-1780636200","reason":"missing_opening_chainlink_tick"}
[2026-06-05T05:10:05.770Z] INFO Captured Chainlink opening tick. {"slug":"eth-updown-5m-1780636200","openingPrice":1730.6060270002472,"tickTimestamp":"2026-06-05T05:10:00.000Z"}
[2026-06-05T05:10:05.775Z] INFO Skipped trade. {"slug":"eth-updown-5m-1780636200","reason":"btc_distance_below_threshold","market":"ETH","minDistanceUsd":{"UP":0.5,"DOWN":0.5},"openingPrice":1730.6060270002472,"currentPrice":1730.4568483428027}
[2026-06-05T05:10:05.784Z] INFO Captured Chainlink opening tick. {"slug":"doge-updown-5m-1780636200","openingPrice":0.0863410298146876,"tickTimestamp":"2026-06-05T05:10:00.000Z"}
[2026-06-05T05:10:05.789Z] INFO Skipped trade. {"slug":"doge-updown-5m-1780636200","reason":"btc_distance_below_threshold","market":"DOGE","minDistanceUsd":{"UP":0.0001,"DOWN":0.0001},"openingPrice":0.0863410298146876,"currentPrice":0.0863381277047386}
[2026-06-05T05:11:06.319Z] INFO Skipped trade. {"slug":"eth-updown-5m-1780636200","reason":"stale_chainlink_tick","tickTimestamp":"2026-06-05T05:10:56.000Z"}
[2026-06-05T05:11:06.319Z] INFO Skipped trade. {"slug":"doge-updown-5m-1780636200","reason":"stale_chainlink_tick","tickTimestamp":"2026-06-05T05:10:56.000Z"}
[2026-06-05T05:13:27.461Z] WARN Bot loop iteration failed; retrying. {"error":"fetch failed"}
[2026-06-05T05:14:32.671Z] INFO Skipped trade. {"slug":"eth-updown-5m-1780636200","reason":"no_ask_liquidity_under_cap","outcome":"UP"}
[2026-06-05T05:14:34.932Z] INFO Skipped trade. {"slug":"btc-updown-5m-1780636200","reason":"no_ask_liquidity_under_cap","outcome":"DOWN"}
[2026-06-05T05:14:57.527Z] WARN Analytics sample recording failed; continuing. {"market":"ETH","slug":"eth-updown-5m-1780636200","error":"ENOENT: no such file or directory, rename 'C:\\DEV\\tests\\Workspace de Yarbis\\Polybot\\data\\analytics-active.json.tmp' -> 'C:\\DEV\\tests\\Workspace de Yarbis\\Polybot\\data\\analytics-active.json'"}
[2026-06-05T05:15:02.197Z] INFO Tracking market. {"market":"BTC","slug":"btc-updown-5m-1780636500","title":"Bitcoin Up or Down - June 5, 1:15AM-1:20AM ET","end":"2026-06-05T05:20:00.000Z","upToken":"110643225227407861450368863222929355794902290553407949649761954843392754842789","downToken":"33048598502935980402376881209317112693610259382990781228375194401654044478114","orderMinSize":5,"tickSize":"0.01"}
[2026-06-05T05:15:02.212Z] INFO Captured Chainlink opening tick. {"slug":"btc-updown-5m-1780636500","openingPrice":63314.199783347154,"tickTimestamp":"2026-06-05T05:15:00.000Z"}
[2026-06-05T05:15:02.217Z] INFO Skipped trade. {"slug":"btc-updown-5m-1780636500","reason":"btc_distance_below_threshold","market":"BTC","minDistanceUsd":{"UP":5,"DOWN":5},"openingPrice":63314.199783347154,"currentPrice":63314.199783347154}
[2026-06-05T05:15:02.218Z] INFO Tracking market. {"market":"ETH","slug":"eth-updown-5m-1780636500","title":"Ethereum Up or Down - June 5, 1:15AM-1:20AM ET","end":"2026-06-05T05:20:00.000Z","upToken":"74711363593246004287367062894689573503129686621001150518951920634242066334635","downToken":"20332427857078687915868725570576282221360364350437264987886521059982196920484","orderMinSize":5,"tickSize":"0.01"}
[2026-06-05T05:15:02.218Z] INFO Skipped trade. {"slug":"eth-updown-5m-1780636500","reason":"missing_opening_chainlink_tick"}
[2026-06-05T05:15:02.218Z] INFO Tracking market. {"market":"DOGE","slug":"doge-updown-5m-1780636500","title":"Dogecoin Up or Down - June 5, 1:15AM-1:20AM ET","end":"2026-06-05T05:20:00.000Z","upToken":"90052702213588018935354798805037596381837987504202052143588603204202492475763","downToken":"103812355384709790098101763809461015887979458369430803556851304544847476168030","orderMinSize":5,"tickSize":"0.01"}
[2026-06-05T05:15:02.218Z] INFO Skipped trade. {"slug":"doge-updown-5m-1780636500","reason":"missing_opening_chainlink_tick"}
[2026-06-05T05:15:06.269Z] INFO Captured Chainlink opening tick. {"slug":"eth-updown-5m-1780636500","openingPrice":1730.849145,"tickTimestamp":"2026-06-05T05:15:00.000Z"}
[2026-06-05T05:15:06.294Z] INFO Captured Chainlink opening tick. {"slug":"doge-updown-5m-1780636500","openingPrice":0.086265,"tickTimestamp":"2026-06-05T05:15:00.000Z"}
[2026-06-05T05:15:06.299Z] INFO Skipped trade. {"slug":"doge-updown-5m-1780636500","reason":"btc_distance_below_threshold","market":"DOGE","minDistanceUsd":{"UP":0.0001,"DOWN":0.0001},"openingPrice":0.086265,"currentPrice":0.0863127}
[2026-06-05T05:15:10.919Z] INFO Skipped trade. {"slug":"eth-updown-5m-1780636500","reason":"btc_distance_below_threshold","market":"ETH","minDistanceUsd":{"UP":0.5,"DOWN":0.5},"openingPrice":1730.849145,"currentPrice":1731.0325158984951}
[2026-06-05T05:19:28.779Z] INFO Skipped trade. {"slug":"btc-updown-5m-1780636500","reason":"no_ask_liquidity_under_cap","outcome":"DOWN"}
[2026-06-05T05:19:28.779Z] INFO Skipped trade. {"slug":"eth-updown-5m-1780636500","reason":"no_ask_liquidity_under_cap","outcome":"DOWN"}
[2026-06-05T05:20:01.362Z] INFO Tracking market. {"market":"BTC","slug":"btc-updown-5m-1780636800","title":"Bitcoin Up or Down - June 5, 1:20AM-1:25AM ET","end":"2026-06-05T05:25:00.000Z","upToken":"107997972635161693820576787053510995822452897224555816871305818512455146712436","downToken":"27587827923131616754966108273921944881673291814487854283118715382076452622504","orderMinSize":5,"tickSize":"0.01"}
[2026-06-05T05:20:01.363Z] INFO Skipped trade. {"slug":"btc-updown-5m-1780636800","reason":"missing_opening_chainlink_tick"}
[2026-06-05T05:20:01.363Z] INFO Tracking market. {"market":"ETH","slug":"eth-updown-5m-1780636800","title":"Ethereum Up or Down - June 5, 1:20AM-1:25AM ET","end":"2026-06-05T05:25:00.000Z","upToken":"53924090361442488831567457690280430326185197069312571822327074322291540622925","downToken":"50179684203267190952121427204998461249694158644184828484582297969423172902542","orderMinSize":5,"tickSize":"0.01"}
[2026-06-05T05:20:01.363Z] INFO Skipped trade. {"slug":"eth-updown-5m-1780636800","reason":"missing_opening_chainlink_tick"}
[2026-06-05T05:20:01.363Z] INFO Tracking market. {"market":"DOGE","slug":"doge-updown-5m-1780636800","title":"Dogecoin Up or Down - June 5, 1:20AM-1:25AM ET","end":"2026-06-05T05:25:00.000Z","upToken":"53283131489845770515078016778097548852843554449151022847910363651563062311780","downToken":"21926016024365646862879440191995716732448521893813181601155661091377901155725","orderMinSize":5,"tickSize":"0.01"}
[2026-06-05T05:20:01.364Z] INFO Skipped trade. {"slug":"doge-updown-5m-1780636800","reason":"missing_opening_chainlink_tick"}
[2026-06-05T05:20:02.381Z] INFO Captured Chainlink opening tick. {"slug":"btc-updown-5m-1780636800","openingPrice":63266.84306404359,"tickTimestamp":"2026-06-05T05:20:00.000Z"}
[2026-06-05T05:20:02.385Z] INFO Skipped trade. {"slug":"btc-updown-5m-1780636800","reason":"btc_distance_below_threshold","market":"BTC","minDistanceUsd":{"UP":5,"DOWN":5},"openingPrice":63266.84306404359,"currentPrice":63266.84306404359}
[2026-06-05T05:20:06.935Z] INFO Captured Chainlink opening tick. {"slug":"eth-updown-5m-1780636800","openingPrice":1727.495255,"tickTimestamp":"2026-06-05T05:20:00.000Z"}
[2026-06-05T05:20:06.940Z] INFO Skipped trade. {"slug":"eth-updown-5m-1780636800","reason":"btc_distance_below_threshold","market":"ETH","minDistanceUsd":{"UP":0.5,"DOWN":0.5},"openingPrice":1727.495255,"currentPrice":1727.4692123086731}
[2026-06-05T05:20:06.945Z] INFO Captured Chainlink opening tick. {"slug":"doge-updown-5m-1780636800","openingPrice":0.0863496,"tickTimestamp":"2026-06-05T05:20:00.000Z"}
[2026-06-05T05:20:06.948Z] INFO Skipped trade. {"slug":"doge-updown-5m-1780636800","reason":"btc_distance_below_threshold","market":"DOGE","minDistanceUsd":{"UP":0.0001,"DOWN":0.0001},"openingPrice":0.0863496,"currentPrice":0.0863697}
[2026-06-05T05:24:29.908Z] INFO Skipped trade. {"slug":"btc-updown-5m-1780636800","reason":"no_ask_liquidity_under_cap","outcome":"UP"}
[2026-06-05T05:24:29.908Z] INFO Skipped trade. {"slug":"eth-updown-5m-1780636800","reason":"no_ask_liquidity_under_cap","outcome":"UP"}
[2026-06-05T05:25:01.935Z] INFO Tracking market. {"market":"BTC","slug":"btc-updown-5m-1780637100","title":"Bitcoin Up or Down - June 5, 1:25AM-1:30AM ET","end":"2026-06-05T05:30:00.000Z","upToken":"72086136958660690604214547130492223143509423961211519460056434896716953441187","downToken":"78009750828459924620842547251672543157525529899921033590644934928878412297739","orderMinSize":5,"tickSize":"0.01"}
[2026-06-05T05:25:01.943Z] INFO Captured Chainlink opening tick. {"slug":"btc-updown-5m-1780637100","openingPrice":63320.08138065772,"tickTimestamp":"2026-06-05T05:25:00.000Z"}
[2026-06-05T05:25:01.948Z] INFO Skipped trade. {"slug":"btc-updown-5m-1780637100","reason":"btc_distance_below_threshold","market":"BTC","minDistanceUsd":{"UP":5,"DOWN":5},"openingPrice":63320.08138065772,"currentPrice":63320.08138065772}
[2026-06-05T05:25:01.948Z] INFO Tracking market. {"market":"ETH","slug":"eth-updown-5m-1780637100","title":"Ethereum Up or Down - June 5, 1:25AM-1:30AM ET","end":"2026-06-05T05:30:00.000Z","upToken":"5964337471250808320147169332725107509948891307318064807665901648595360393532","downToken":"17275755289812507373035928759156461769794433216792911553466737784189303342783","orderMinSize":5,"tickSize":"0.01"}
[2026-06-05T05:25:01.948Z] INFO Skipped trade. {"slug":"eth-updown-5m-1780637100","reason":"missing_opening_chainlink_tick"}
[2026-06-05T05:25:01.948Z] INFO Tracking market. {"market":"DOGE","slug":"doge-updown-5m-1780637100","title":"Dogecoin Up or Down - June 5, 1:25AM-1:30AM ET","end":"2026-06-05T05:30:00.000Z","upToken":"17628486787229946290369050384015847180600375793922485694845424786213494696023","downToken":"7985255037416712687103156601472118523142614645271622530207236976406820862373","orderMinSize":5,"tickSize":"0.01"}
[2026-06-05T05:25:01.948Z] INFO Skipped trade. {"slug":"doge-updown-5m-1780637100","reason":"missing_opening_chainlink_tick"}
[2026-06-05T05:25:08.091Z] INFO Captured Chainlink opening tick. {"slug":"eth-updown-5m-1780637100","openingPrice":1729.10667,"tickTimestamp":"2026-06-05T05:25:00.000Z"}
[2026-06-05T05:25:08.094Z] INFO Skipped trade. {"slug":"eth-updown-5m-1780637100","reason":"btc_distance_below_threshold","market":"ETH","minDistanceUsd":{"UP":0.5,"DOWN":0.5},"openingPrice":1729.10667,"currentPrice":1729.1587429926321}
[2026-06-05T05:25:08.099Z] INFO Captured Chainlink opening tick. {"slug":"doge-updown-5m-1780637100","openingPrice":0.0864278,"tickTimestamp":"2026-06-05T05:25:00.000Z"}
[2026-06-05T05:25:08.102Z] INFO Skipped trade. {"slug":"doge-updown-5m-1780637100","reason":"btc_distance_below_threshold","market":"DOGE","minDistanceUsd":{"UP":0.0001,"DOWN":0.0001},"openingPrice":0.0864278,"currentPrice":0.0864247}
[2026-06-05T05:27:44.466Z] WARN Bot loop iteration failed; retrying. {"error":"fetch failed"}
[2026-06-05T05:29:32.435Z] INFO Skipped trade. {"slug":"btc-updown-5m-1780637100","reason":"no_ask_liquidity_under_cap","outcome":"UP"}
[2026-06-05T05:29:32.435Z] INFO Skipped trade. {"slug":"eth-updown-5m-1780637100","reason":"no_ask_liquidity_under_cap","outcome":"UP"}
[2026-06-05T05:29:32.435Z] INFO Skipped trade. {"slug":"doge-updown-5m-1780637100","reason":"no_ask_liquidity_under_cap","outcome":"UP"}
[2026-06-05T05:30:01.253Z] INFO Tracking market. {"market":"BTC","slug":"btc-updown-5m-1780637400","title":"Bitcoin Up or Down - June 5, 1:30AM-1:35AM ET","end":"2026-06-05T05:35:00.000Z","upToken":"58605486062619842546474005586748644270525241086257421413913529562206174201109","downToken":"53681267331467837106148740180755344727200746227926550240417118189742876853165","orderMinSize":5,"tickSize":"0.01"}
[2026-06-05T05:30:01.259Z] INFO Captured Chainlink opening tick. {"slug":"btc-updown-5m-1780637400","openingPrice":63443.1967,"tickTimestamp":"2026-06-05T05:30:00.000Z"}
[2026-06-05T05:30:01.262Z] INFO Skipped trade. {"slug":"btc-updown-5m-1780637400","reason":"btc_distance_below_threshold","market":"BTC","minDistanceUsd":{"UP":5,"DOWN":5},"openingPrice":63443.1967,"currentPrice":63443.1967}
[2026-06-05T05:30:01.262Z] INFO Tracking market. {"market":"ETH","slug":"eth-updown-5m-1780637400","title":"Ethereum Up or Down - June 5, 1:30AM-1:35AM ET","end":"2026-06-05T05:35:00.000Z","upToken":"88817907731398101034552810876755987603923409190797083404644512895433707438436","downToken":"72310894254864612367452324499234541447655456526344341396640556287692871941084","orderMinSize":5,"tickSize":"0.01"}
[2026-06-05T05:30:01.262Z] INFO Skipped trade. {"slug":"eth-updown-5m-1780637400","reason":"missing_opening_chainlink_tick"}
[2026-06-05T05:30:01.262Z] INFO Tracking market. {"market":"DOGE","slug":"doge-updown-5m-1780637400","title":"Dogecoin Up or Down - June 5, 1:30AM-1:35AM ET","end":"2026-06-05T05:35:00.000Z","upToken":"53804702680497132195930244392506940632522068552230430746439453933981070917167","downToken":"101023101764897301131865356708776436108203846127166823042660504231871894008087","orderMinSize":5,"tickSize":"0.01"}
[2026-06-05T05:30:01.263Z] INFO Skipped trade. {"slug":"doge-updown-5m-1780637400","reason":"missing_opening_chainlink_tick"}
[2026-06-05T05:30:02.270Z] INFO Captured Chainlink opening tick. {"slug":"eth-updown-5m-1780637400","openingPrice":1733.1911836103245,"tickTimestamp":"2026-06-05T05:30:00.000Z"}
[2026-06-05T05:30:02.274Z] INFO Skipped trade. {"slug":"eth-updown-5m-1780637400","reason":"btc_distance_below_threshold","market":"ETH","minDistanceUsd":{"UP":0.5,"DOWN":0.5},"openingPrice":1733.1911836103245,"currentPrice":1733.1911836103245}
[2026-06-05T05:30:02.281Z] INFO Captured Chainlink opening tick. {"slug":"doge-updown-5m-1780637400","openingPrice":0.086658018059881,"tickTimestamp":"2026-06-05T05:30:00.000Z"}
[2026-06-05T05:30:02.285Z] INFO Skipped trade. {"slug":"doge-updown-5m-1780637400","reason":"btc_distance_below_threshold","market":"DOGE","minDistanceUsd":{"UP":0.0001,"DOWN":0.0001},"openingPrice":0.086658018059881,"currentPrice":0.086658018059881}
[2026-06-05T05:34:32.754Z] INFO Skipped trade. {"slug":"btc-updown-5m-1780637400","reason":"no_ask_liquidity_under_cap","outcome":"DOWN"}
[2026-06-05T05:34:32.754Z] INFO Skipped trade. {"slug":"eth-updown-5m-1780637400","reason":"no_ask_liquidity_under_cap","outcome":"DOWN"}
[2026-06-05T05:34:32.754Z] INFO Skipped trade. {"slug":"doge-updown-5m-1780637400","reason":"no_ask_liquidity_under_cap","outcome":"DOWN"}
[2026-06-05T05:35:00.707Z] INFO Tracking market. {"market":"BTC","slug":"btc-updown-5m-1780637700","title":"Bitcoin Up or Down - June 5, 1:35AM-1:40AM ET","end":"2026-06-05T05:40:00.000Z","upToken":"99594236869531296673978840887890680801031380985207759809066085204868357031194","downToken":"68296951845803867959065824139542170736929010764428362478494304822958653833362","orderMinSize":5,"tickSize":"0.01"}
[2026-06-05T05:35:00.708Z] INFO Skipped trade. {"slug":"btc-updown-5m-1780637700","reason":"missing_opening_chainlink_tick"}
[2026-06-05T05:35:00.708Z] INFO Tracking market. {"market":"ETH","slug":"eth-updown-5m-1780637700","title":"Ethereum Up or Down - June 5, 1:35AM-1:40AM ET","end":"2026-06-05T05:40:00.000Z","upToken":"2254643703793995517463120609417799549693611117206974035416229315907672015169","downToken":"85360561515398466108594208909918934948248696816195930847788066017210850884300","orderMinSize":5,"tickSize":"0.01"}
[2026-06-05T05:35:00.708Z] INFO Skipped trade. {"slug":"eth-updown-5m-1780637700","reason":"missing_opening_chainlink_tick"}
[2026-06-05T05:35:00.708Z] INFO Tracking market. {"market":"DOGE","slug":"doge-updown-5m-1780637700","title":"Dogecoin Up or Down - June 5, 1:35AM-1:40AM ET","end":"2026-06-05T05:40:00.000Z","upToken":"69229639263691896507644557064577294715084002670356855215027908684786065059827","downToken":"43955156392751777032799006271672729975767152871913678662425711282659900728951","orderMinSize":5,"tickSize":"0.01"}
[2026-06-05T05:35:00.708Z] INFO Skipped trade. {"slug":"doge-updown-5m-1780637700","reason":"missing_opening_chainlink_tick"}
[2026-06-05T05:35:02.742Z] INFO Captured Chainlink opening tick. {"slug":"btc-updown-5m-1780637700","openingPrice":63275.5788,"tickTimestamp":"2026-06-05T05:35:00.000Z"}
[2026-06-05T05:35:02.753Z] INFO Skipped trade. {"slug":"btc-updown-5m-1780637700","reason":"btc_distance_below_threshold","market":"BTC","minDistanceUsd":{"UP":5,"DOWN":5},"openingPrice":63275.5788,"currentPrice":63275.5788}
[2026-06-05T05:35:02.760Z] INFO Captured Chainlink opening tick. {"slug":"eth-updown-5m-1780637700","openingPrice":1725.947305929428,"tickTimestamp":"2026-06-05T05:35:00.000Z"}
[2026-06-05T05:35:02.765Z] INFO Skipped trade. {"slug":"eth-updown-5m-1780637700","reason":"btc_distance_below_threshold","market":"ETH","minDistanceUsd":{"UP":0.5,"DOWN":0.5},"openingPrice":1725.947305929428,"currentPrice":1725.947305929428}
[2026-06-05T05:35:02.772Z] INFO Captured Chainlink opening tick. {"slug":"doge-updown-5m-1780637700","openingPrice":0.086451,"tickTimestamp":"2026-06-05T05:35:00.000Z"}
[2026-06-05T05:35:02.776Z] INFO Skipped trade. {"slug":"doge-updown-5m-1780637700","reason":"btc_distance_below_threshold","market":"DOGE","minDistanceUsd":{"UP":0.0001,"DOWN":0.0001},"openingPrice":0.086451,"currentPrice":0.086451}
[2026-06-05T05:39:31.668Z] INFO Skipped trade. {"slug":"btc-updown-5m-1780637700","reason":"no_ask_liquidity_under_cap","outcome":"DOWN"}
[2026-06-05T05:39:31.668Z] INFO Skipped trade. {"slug":"eth-updown-5m-1780637700","reason":"no_ask_liquidity_under_cap","outcome":"DOWN"}
[2026-06-05T05:39:31.668Z] INFO Skipped trade. {"slug":"doge-updown-5m-1780637700","reason":"no_ask_liquidity_under_cap","outcome":"DOWN"}
[2026-06-05T05:40:02.636Z] INFO Tracking market. {"market":"BTC","slug":"btc-updown-5m-1780638000","title":"Bitcoin Up or Down - June 5, 1:40AM-1:45AM ET","end":"2026-06-05T05:45:00.000Z","upToken":"41300844277290705609846522605997429758130145953236361345308186308370254899865","downToken":"81889149703035691394801914303541796384758232721997806472327709907008232741123","orderMinSize":5,"tickSize":"0.01"}
[2026-06-05T05:40:02.645Z] INFO Captured Chainlink opening tick. {"slug":"btc-updown-5m-1780638000","openingPrice":63097.52159632649,"tickTimestamp":"2026-06-05T05:40:00.000Z"}
[2026-06-05T05:40:02.649Z] INFO Skipped trade. {"slug":"btc-updown-5m-1780638000","reason":"btc_distance_below_threshold","market":"BTC","minDistanceUsd":{"UP":5,"DOWN":5},"openingPrice":63097.52159632649,"currentPrice":63098.81759207912}
[2026-06-05T05:40:02.649Z] INFO Tracking market. {"market":"ETH","slug":"eth-updown-5m-1780638000","title":"Ethereum Up or Down - June 5, 1:40AM-1:45AM ET","end":"2026-06-05T05:45:00.000Z","upToken":"101408528708834943557283277239626274473599292638293363810726802358832100569793","downToken":"83327309815078998573774151782863482726439926648649831979383040568043886387169","orderMinSize":5,"tickSize":"0.01"}
[2026-06-05T05:40:02.658Z] INFO Captured Chainlink opening tick. {"slug":"eth-updown-5m-1780638000","openingPrice":1711.131953415707,"tickTimestamp":"2026-06-05T05:40:00.000Z"}
[2026-06-05T05:40:02.663Z] INFO Skipped trade. {"slug":"eth-updown-5m-1780638000","reason":"btc_distance_below_threshold","market":"ETH","minDistanceUsd":{"UP":0.5,"DOWN":0.5},"openingPrice":1711.131953415707,"currentPrice":1711.131953415707}
[2026-06-05T05:40:02.664Z] INFO Tracking market. {"market":"DOGE","slug":"doge-updown-5m-1780638000","title":"Dogecoin Up or Down - June 5, 1:40AM-1:45AM ET","end":"2026-06-05T05:45:00.000Z","upToken":"63570671932945122454356834111152484724311084158126158357808768474461241982986","downToken":"114587670648836024237774452472391824162031735023405412191581253076741457939035","orderMinSize":5,"tickSize":"0.01"}
[2026-06-05T05:40:02.674Z] INFO Captured Chainlink opening tick. {"slug":"doge-updown-5m-1780638000","openingPrice":0.0859722,"tickTimestamp":"2026-06-05T05:40:00.000Z"}
[2026-06-05T05:40:02.678Z] INFO Skipped trade. {"slug":"doge-updown-5m-1780638000","reason":"btc_distance_below_threshold","market":"DOGE","minDistanceUsd":{"UP":0.0001,"DOWN":0.0001},"openingPrice":0.0859722,"currentPrice":0.085971869}
[2026-06-05T05:42:24.896Z] INFO Skipped trade. {"slug":"eth-updown-5m-1780638000","reason":"stale_chainlink_tick","tickTimestamp":"2026-06-05T05:42:14.000Z"}
[2026-06-05T05:42:24.896Z] INFO Skipped trade. {"slug":"doge-updown-5m-1780638000","reason":"stale_chainlink_tick","tickTimestamp":"2026-06-05T05:42:14.000Z"}
[2026-06-05T05:44:32.965Z] INFO Skipped trade. {"slug":"btc-updown-5m-1780638000","reason":"no_ask_liquidity_under_cap","outcome":"DOWN"}
[2026-06-05T05:44:32.965Z] INFO Skipped trade. {"slug":"eth-updown-5m-1780638000","reason":"no_ask_liquidity_under_cap","outcome":"DOWN"}
[2026-06-05T05:44:32.965Z] INFO Skipped trade. {"slug":"doge-updown-5m-1780638000","reason":"no_ask_liquidity_under_cap","outcome":"DOWN"}
[2026-06-05T05:45:00.711Z] INFO Tracking market. {"market":"BTC","slug":"btc-updown-5m-1780638300","title":"Bitcoin Up or Down - June 5, 1:45AM-1:50AM ET","end":"2026-06-05T05:50:00.000Z","upToken":"18464984521409274207675181997301318124416184009253706153833008165821585906575","downToken":"51699331984807079727603467113549319054297065109859410584344478023055816745393","orderMinSize":5,"tickSize":"0.01"}
[2026-06-05T05:45:00.711Z] INFO Skipped trade. {"slug":"btc-updown-5m-1780638300","reason":"missing_opening_chainlink_tick"}
[2026-06-05T05:45:00.711Z] INFO Tracking market. {"market":"ETH","slug":"eth-updown-5m-1780638300","title":"Ethereum Up or Down - June 5, 1:45AM-1:50AM ET","end":"2026-06-05T05:50:00.000Z","upToken":"28958707966007276765397664106296640270176725152385155061215203405807200887085","downToken":"69604036107752797396927278824454243217379132449758987255322880652637061871403","orderMinSize":5,"tickSize":"0.01"}
[2026-06-05T05:45:00.711Z] INFO Skipped trade. {"slug":"eth-updown-5m-1780638300","reason":"missing_opening_chainlink_tick"}
[2026-06-05T05:45:00.711Z] INFO Tracking market. {"market":"DOGE","slug":"doge-updown-5m-1780638300","title":"Dogecoin Up or Down - June 5, 1:45AM-1:50AM ET","end":"2026-06-05T05:50:00.000Z","upToken":"64443112634066486277152279321236269144448385841917535761940416888937947167926","downToken":"9858465248319949970533257254130467828799239798646623892488944085326501133587","orderMinSize":5,"tickSize":"0.01"}
[2026-06-05T05:45:00.712Z] INFO Skipped trade. {"slug":"doge-updown-5m-1780638300","reason":"missing_opening_chainlink_tick"}
[2026-06-05T05:45:02.758Z] INFO Captured Chainlink opening tick. {"slug":"btc-updown-5m-1780638300","openingPrice":62826.577640712276,"tickTimestamp":"2026-06-05T05:45:00.000Z"}
[2026-06-05T05:45:02.774Z] INFO Skipped trade. {"slug":"btc-updown-5m-1780638300","reason":"btc_distance_below_threshold","market":"BTC","minDistanceUsd":{"UP":5,"DOWN":5},"openingPrice":62826.577640712276,"currentPrice":62826.577640712276}
[2026-06-05T05:45:03.792Z] INFO Captured Chainlink opening tick. {"slug":"eth-updown-5m-1780638300","openingPrice":1697.8490347418046,"tickTimestamp":"2026-06-05T05:45:00.000Z"}
[2026-06-05T05:45:03.800Z] INFO Skipped trade. {"slug":"eth-updown-5m-1780638300","reason":"btc_distance_below_threshold","market":"ETH","minDistanceUsd":{"UP":0.5,"DOWN":0.5},"openingPrice":1697.8490347418046,"currentPrice":1697.8490347418046}
[2026-06-05T05:45:03.809Z] INFO Captured Chainlink opening tick. {"slug":"doge-updown-5m-1780638300","openingPrice":0.0852569724865464,"tickTimestamp":"2026-06-05T05:45:00.000Z"}
[2026-06-05T05:45:03.813Z] INFO Skipped trade. {"slug":"doge-updown-5m-1780638300","reason":"btc_distance_below_threshold","market":"DOGE","minDistanceUsd":{"UP":0.0001,"DOWN":0.0001},"openingPrice":0.0852569724865464,"currentPrice":0.0852569724865464}
[2026-06-05T05:46:51.156Z] WARN Bot loop iteration failed; retrying. {"error":"fetch failed"}
[2026-06-05T05:49:31.867Z] INFO Skipped trade. {"slug":"btc-updown-5m-1780638300","reason":"no_ask_liquidity_under_cap","outcome":"DOWN"}
[2026-06-05T05:49:31.876Z] INFO Trade attempt recorded. {"mode":"sim","slug":"eth-updown-5m-1780638300","outcome":"DOWN","amountUsd":5,"bestAsk":0.6,"estimatedShares":8.333333333333334}
[2026-06-05T05:49:35.461Z] INFO Skipped trade. {"slug":"eth-updown-5m-1780638300","reason":"market_already_traded"}
[2026-06-05T05:50:02.819Z] INFO Tracking market. {"market":"BTC","slug":"btc-updown-5m-1780638600","title":"Bitcoin Up or Down - June 5, 1:50AM-1:55AM ET","end":"2026-06-05T05:55:00.000Z","upToken":"107332535653967395522943923758607234694921984521076157466746612598042958517070","downToken":"24574897770293795338678589717941024438697785638631882437191034308362684232623","orderMinSize":5,"tickSize":"0.01"}
[2026-06-05T05:50:02.825Z] INFO Captured Chainlink opening tick. {"slug":"btc-updown-5m-1780638600","openingPrice":62713.91282815139,"tickTimestamp":"2026-06-05T05:50:00.000Z"}
[2026-06-05T05:50:02.829Z] INFO Skipped trade. {"slug":"btc-updown-5m-1780638600","reason":"btc_distance_below_threshold","market":"BTC","minDistanceUsd":{"UP":5,"DOWN":5},"openingPrice":62713.91282815139,"currentPrice":62713.91282815139}
[2026-06-05T05:50:02.829Z] INFO Tracking market. {"market":"ETH","slug":"eth-updown-5m-1780638600","title":"Ethereum Up or Down - June 5, 1:50AM-1:55AM ET","end":"2026-06-05T05:55:00.000Z","upToken":"47115356777080711179213681734860020417721478806313502962583636146765441467505","downToken":"5876902313331162588639500970690256979865868960160716863663582692311915868094","orderMinSize":5,"tickSize":"0.01"}
[2026-06-05T05:50:02.829Z] INFO Skipped trade. {"slug":"eth-updown-5m-1780638600","reason":"missing_opening_chainlink_tick"}
[2026-06-05T05:50:02.829Z] INFO Tracking market. {"market":"DOGE","slug":"doge-updown-5m-1780638600","title":"Dogecoin Up or Down - June 5, 1:50AM-1:55AM ET","end":"2026-06-05T05:55:00.000Z","upToken":"50811250025388944313023442580216800887058554371671997526620257088506630959954","downToken":"67752731564256880830360896281110522455463112692700701774453619561602437935487","orderMinSize":5,"tickSize":"0.01"}
[2026-06-05T05:50:02.829Z] INFO Skipped trade. {"slug":"doge-updown-5m-1780638600","reason":"missing_opening_chainlink_tick"}
[2026-06-05T05:50:03.856Z] INFO Resolved trade. {"mode":"sim","slug":"eth-updown-5m-1780638300","outcome":"DOWN","winningOutcome":"DOWN","won":true,"finalPrice":1697.002751539626}
[2026-06-05T05:50:03.899Z] INFO Captured Chainlink opening tick. {"slug":"eth-updown-5m-1780638600","openingPrice":1696.991249508187,"tickTimestamp":"2026-06-05T05:50:00.000Z"}
[2026-06-05T05:50:03.903Z] INFO Skipped trade. {"slug":"eth-updown-5m-1780638600","reason":"btc_distance_below_threshold","market":"ETH","minDistanceUsd":{"UP":0.5,"DOWN":0.5},"openingPrice":1696.991249508187,"currentPrice":1697.002751539626}
[2026-06-05T05:50:03.913Z] INFO Captured Chainlink opening tick. {"slug":"doge-updown-5m-1780638600","openingPrice":0.0852617,"tickTimestamp":"2026-06-05T05:50:00.000Z"}
[2026-06-05T05:50:03.916Z] INFO Skipped trade. {"slug":"doge-updown-5m-1780638600","reason":"btc_distance_below_threshold","market":"DOGE","minDistanceUsd":{"UP":0.0001,"DOWN":0.0001},"openingPrice":0.0852617,"currentPrice":0.0852618413829634}
[2026-06-05T05:54:31.858Z] INFO Skipped trade. {"slug":"btc-updown-5m-1780638600","reason":"no_ask_liquidity_under_cap","outcome":"DOWN"}
[2026-06-05T05:54:31.859Z] INFO Skipped trade. {"slug":"eth-updown-5m-1780638600","reason":"no_ask_liquidity_under_cap","outcome":"DOWN"}
[2026-06-05T05:54:31.859Z] INFO Skipped trade. {"slug":"doge-updown-5m-1780638600","reason":"no_ask_liquidity_under_cap","outcome":"UP"}
[2026-06-05T05:55:01.602Z] INFO Tracking market. {"market":"BTC","slug":"btc-updown-5m-1780638900","title":"Bitcoin Up or Down - June 5, 1:55AM-2:00AM ET","end":"2026-06-05T06:00:00.000Z","upToken":"36162945026135705924792049332754556357740831253617584313364088229300840171700","downToken":"109768470244584686891682604119797046776823704552617745591321091207077593886117","orderMinSize":5,"tickSize":"0.01"}
[2026-06-05T05:55:01.608Z] INFO Captured Chainlink opening tick. {"slug":"btc-updown-5m-1780638900","openingPrice":62655.2826530683,"tickTimestamp":"2026-06-05T05:55:00.000Z"}
[2026-06-05T05:55:01.612Z] INFO Skipped trade. {"slug":"btc-updown-5m-1780638900","reason":"btc_distance_below_threshold","market":"BTC","minDistanceUsd":{"UP":5,"DOWN":5},"openingPrice":62655.2826530683,"currentPrice":62655.2826530683}
[2026-06-05T05:55:01.612Z] INFO Tracking market. {"market":"ETH","slug":"eth-updown-5m-1780638900","title":"Ethereum Up or Down - June 5, 1:55AM-2:00AM ET","end":"2026-06-05T06:00:00.000Z","upToken":"40679804175205539363820745427627023789693629630505322847524317719868894980537","downToken":"114908496199661120789909361307926568282888048669707242270096553264547407421798","orderMinSize":5,"tickSize":"0.01"}
[2026-06-05T05:55:01.613Z] INFO Skipped trade. {"slug":"eth-updown-5m-1780638900","reason":"missing_opening_chainlink_tick"}
[2026-06-05T05:55:01.613Z] INFO Tracking market. {"market":"DOGE","slug":"doge-updown-5m-1780638900","title":"Dogecoin Up or Down - June 5, 1:55AM-2:00AM ET","end":"2026-06-05T06:00:00.000Z","upToken":"107569019103895398810738600227639173841921372237126816481312335344185773719619","downToken":"95713571105536555569001620299926363644194572164226366122928709845593237431553","orderMinSize":5,"tickSize":"0.01"}
[2026-06-05T05:55:01.613Z] INFO Skipped trade. {"slug":"doge-updown-5m-1780638900","reason":"missing_opening_chainlink_tick"}
[2026-06-05T05:55:03.652Z] INFO Captured Chainlink opening tick. {"slug":"eth-updown-5m-1780638900","openingPrice":1689.0588052328742,"tickTimestamp":"2026-06-05T05:55:00.000Z"}
[2026-06-05T05:55:03.669Z] INFO Captured Chainlink opening tick. {"slug":"doge-updown-5m-1780638900","openingPrice":0.085253201,"tickTimestamp":"2026-06-05T05:55:00.000Z"}
[2026-06-05T05:55:03.673Z] INFO Skipped trade. {"slug":"doge-updown-5m-1780638900","reason":"btc_distance_below_threshold","market":"DOGE","minDistanceUsd":{"UP":0.0001,"DOWN":0.0001},"openingPrice":0.085253201,"currentPrice":0.085265}
[2026-06-05T05:55:54.524Z] INFO Skipped trade. {"slug":"eth-updown-5m-1780638900","reason":"btc_distance_below_threshold","market":"ETH","minDistanceUsd":{"UP":0.5,"DOWN":0.5},"openingPrice":1689.0588052328742,"currentPrice":1688.5680396899738}
[2026-06-05T05:59:29.723Z] INFO Skipped trade. {"slug":"btc-updown-5m-1780638900","reason":"no_ask_liquidity_under_cap","outcome":"DOWN"}
[2026-06-05T05:59:29.723Z] INFO Skipped trade. {"slug":"eth-updown-5m-1780638900","reason":"no_ask_liquidity_under_cap","outcome":"DOWN"}
[2026-06-05T05:59:29.723Z] INFO Skipped trade. {"slug":"doge-updown-5m-1780638900","reason":"no_ask_liquidity_under_cap","outcome":"DOWN"}
[2026-06-05T06:00:03.097Z] INFO Tracking market. {"market":"BTC","slug":"btc-updown-5m-1780639200","title":"Bitcoin Up or Down - June 5, 2:00AM-2:05AM ET","end":"2026-06-05T06:05:00.000Z","upToken":"66562643418981192332050008947311274023324480706285546822551854867713841660178","downToken":"37803385242764512985375358898531897545682218810380437639085800444810523231103","orderMinSize":5,"tickSize":"0.01"}
[2026-06-05T06:00:03.112Z] INFO Captured Chainlink opening tick. {"slug":"btc-updown-5m-1780639200","openingPrice":62265.18639923218,"tickTimestamp":"2026-06-05T06:00:00.000Z"}
[2026-06-05T06:00:03.120Z] INFO Skipped trade. {"slug":"btc-updown-5m-1780639200","reason":"btc_distance_below_threshold","market":"BTC","minDistanceUsd":{"UP":5,"DOWN":5},"openingPrice":62265.18639923218,"currentPrice":62269.390164291144}
[2026-06-05T06:00:03.120Z] INFO Tracking market. {"market":"ETH","slug":"eth-updown-5m-1780639200","title":"Ethereum Up or Down - June 5, 2:00AM-2:05AM ET","end":"2026-06-05T06:05:00.000Z","upToken":"35152611204709043831594943872822821619164709284850618340577809383430930570026","downToken":"54028726435006429029181570424250959923849169145736141493121740977614364580637","orderMinSize":5,"tickSize":"0.01"}
[2026-06-05T06:00:03.120Z] INFO Skipped trade. {"slug":"eth-updown-5m-1780639200","reason":"missing_opening_chainlink_tick"}
[2026-06-05T06:00:03.120Z] INFO Tracking market. {"market":"DOGE","slug":"doge-updown-5m-1780639200","title":"Dogecoin Up or Down - June 5, 2:00AM-2:05AM ET","end":"2026-06-05T06:05:00.000Z","upToken":"26431735319575323013221907695676748493524925575878590606872630385011251176180","downToken":"35674218762696869389653427451532719269553648179528753312845601046843065151542","orderMinSize":5,"tickSize":"0.01"}
[2026-06-05T06:00:03.121Z] INFO Skipped trade. {"slug":"doge-updown-5m-1780639200","reason":"missing_opening_chainlink_tick"}
[2026-06-05T06:00:04.129Z] INFO Captured Chainlink opening tick. {"slug":"eth-updown-5m-1780639200","openingPrice":1682.607335,"tickTimestamp":"2026-06-05T06:00:00.000Z"}
[2026-06-05T06:00:04.133Z] INFO Skipped trade. {"slug":"eth-updown-5m-1780639200","reason":"btc_distance_below_threshold","market":"ETH","minDistanceUsd":{"UP":0.5,"DOWN":0.5},"openingPrice":1682.607335,"currentPrice":1683.00258}
[2026-06-05T06:00:04.140Z] INFO Captured Chainlink opening tick. {"slug":"doge-updown-5m-1780639200","openingPrice":0.084999999,"tickTimestamp":"2026-06-05T06:00:00.000Z"}
[2026-06-05T06:00:04.143Z] INFO Skipped trade. {"slug":"doge-updown-5m-1780639200","reason":"btc_distance_below_threshold","market":"DOGE","minDistanceUsd":{"UP":0.0001,"DOWN":0.0001},"openingPrice":0.084999999,"currentPrice":0.0850275205423539}
[2026-06-05T06:04:32.281Z] INFO Skipped trade. {"slug":"btc-updown-5m-1780639200","reason":"no_ask_liquidity_under_cap","outcome":"DOWN"}
[2026-06-05T06:04:32.281Z] INFO Skipped trade. {"slug":"eth-updown-5m-1780639200","reason":"no_ask_liquidity_under_cap","outcome":"DOWN"}
[2026-06-05T06:04:32.281Z] INFO Skipped trade. {"slug":"doge-updown-5m-1780639200","reason":"no_ask_liquidity_under_cap","outcome":"DOWN"}
[2026-06-05T06:05:01.520Z] INFO Tracking market. {"market":"BTC","slug":"btc-updown-5m-1780639500","title":"Bitcoin Up or Down - June 5, 2:05AM-2:10AM ET","end":"2026-06-05T06:10:00.000Z","upToken":"53489930810025644398267656692553302976024281438094289013035143619667594494747","downToken":"41553730896963318336132030807565327126354340035823003679592874112097462882106","orderMinSize":5,"tickSize":"0.01"}
[2026-06-05T06:05:01.532Z] INFO Captured Chainlink opening tick. {"slug":"btc-updown-5m-1780639500","openingPrice":62112.31936270742,"tickTimestamp":"2026-06-05T06:05:00.000Z"}
[2026-06-05T06:05:01.537Z] INFO Skipped trade. {"slug":"btc-updown-5m-1780639500","reason":"btc_distance_below_threshold","market":"BTC","minDistanceUsd":{"UP":5,"DOWN":5},"openingPrice":62112.31936270742,"currentPrice":62112.31936270742}
[2026-06-05T06:05:01.537Z] INFO Tracking market. {"market":"ETH","slug":"eth-updown-5m-1780639500","title":"Ethereum Up or Down - June 5, 2:05AM-2:10AM ET","end":"2026-06-05T06:10:00.000Z","upToken":"74198885660513319144323375506968517044585481483550439234574039988039892135640","downToken":"83486385607773143265636623705331953231514457009019832179818797201875801717835","orderMinSize":5,"tickSize":"0.01"}
[2026-06-05T06:05:01.537Z] INFO Skipped trade. {"slug":"eth-updown-5m-1780639500","reason":"missing_opening_chainlink_tick"}
[2026-06-05T06:05:01.537Z] INFO Tracking market. {"market":"DOGE","slug":"doge-updown-5m-1780639500","title":"Dogecoin Up or Down - June 5, 2:05AM-2:10AM ET","end":"2026-06-05T06:10:00.000Z","upToken":"52591577527389229109228444811497605056031764160988378573807046024475341188940","downToken":"28487457974965708148381261177904207140244499890238368395659029949351344523009","orderMinSize":5,"tickSize":"0.01"}
[2026-06-05T06:05:01.537Z] INFO Skipped trade. {"slug":"doge-updown-5m-1780639500","reason":"missing_opening_chainlink_tick"}
[2026-06-05T06:05:04.568Z] INFO Captured Chainlink opening tick. {"slug":"eth-updown-5m-1780639500","openingPrice":1674.62579,"tickTimestamp":"2026-06-05T06:05:00.000Z"}
[2026-06-05T06:05:04.577Z] INFO Captured Chainlink opening tick. {"slug":"doge-updown-5m-1780639500","openingPrice":0.0845784,"tickTimestamp":"2026-06-05T06:05:00.000Z"}
[2026-06-05T06:05:04.581Z] INFO Skipped trade. {"slug":"doge-updown-5m-1780639500","reason":"btc_distance_below_threshold","market":"DOGE","minDistanceUsd":{"UP":0.0001,"DOWN":0.0001},"openingPrice":0.0845784,"currentPrice":0.084666846}
[2026-06-05T06:09:30.150Z] INFO Skipped trade. {"slug":"btc-updown-5m-1780639500","reason":"no_ask_liquidity_under_cap","outcome":"UP"}
[2026-06-05T06:09:30.150Z] INFO Skipped trade. {"slug":"eth-updown-5m-1780639500","reason":"no_ask_liquidity_under_cap","outcome":"UP"}
[2026-06-05T06:09:30.150Z] INFO Skipped trade. {"slug":"doge-updown-5m-1780639500","reason":"no_ask_liquidity_under_cap","outcome":"UP"}
[2026-06-05T06:10:01.844Z] INFO Tracking market. {"market":"BTC","slug":"btc-updown-5m-1780639800","title":"Bitcoin Up or Down - June 5, 2:10AM-2:15AM ET","end":"2026-06-05T06:15:00.000Z","upToken":"31641374877272382107730514299243075805718426637547052797821847517981925620315","downToken":"97297842826362009895057774056371943722343661929183433733816249464740444517773","orderMinSize":5,"tickSize":"0.01"}
[2026-06-05T06:10:01.845Z] INFO Skipped trade. {"slug":"btc-updown-5m-1780639800","reason":"missing_opening_chainlink_tick"}
[2026-06-05T06:10:01.845Z] INFO Tracking market. {"market":"ETH","slug":"eth-updown-5m-1780639800","title":"Ethereum Up or Down - June 5, 2:10AM-2:15AM ET","end":"2026-06-05T06:15:00.000Z","upToken":"23074436851035311866659265543998628043975570862509070445282211537732301104134","downToken":"99514484768769617142707161369940741715522594450132736958893110756050021080888","orderMinSize":5,"tickSize":"0.01"}
[2026-06-05T06:10:01.845Z] INFO Skipped trade. {"slug":"eth-updown-5m-1780639800","reason":"missing_opening_chainlink_tick"}
[2026-06-05T06:10:01.845Z] INFO Tracking market. {"market":"DOGE","slug":"doge-updown-5m-1780639800","title":"Dogecoin Up or Down - June 5, 2:10AM-2:15AM ET","end":"2026-06-05T06:15:00.000Z","upToken":"106337943288628327619987005319678782647431818781109431390034574868430128114083","downToken":"11455172699141953895829346992220158016232850898742495506997058408425392373486","orderMinSize":5,"tickSize":"0.01"}
[2026-06-05T06:10:01.846Z] INFO Skipped trade. {"slug":"doge-updown-5m-1780639800","reason":"missing_opening_chainlink_tick"}
[2026-06-05T06:10:02.865Z] INFO Captured Chainlink opening tick. {"slug":"btc-updown-5m-1780639800","openingPrice":62381.11424847625,"tickTimestamp":"2026-06-05T06:10:00.000Z"}
[2026-06-05T06:10:02.870Z] INFO Skipped trade. {"slug":"btc-updown-5m-1780639800","reason":"btc_distance_below_threshold","market":"BTC","minDistanceUsd":{"UP":5,"DOWN":5},"openingPrice":62381.11424847625,"currentPrice":62381.11424847625}
[2026-06-05T06:10:04.895Z] INFO Captured Chainlink opening tick. {"slug":"eth-updown-5m-1780639800","openingPrice":1679.8971968055366,"tickTimestamp":"2026-06-05T06:10:00.000Z"}
[2026-06-05T06:10:04.898Z] INFO Skipped trade. {"slug":"eth-updown-5m-1780639800","reason":"btc_distance_below_threshold","market":"ETH","minDistanceUsd":{"UP":0.5,"DOWN":0.5},"openingPrice":1679.8971968055366,"currentPrice":1680.298635}
[2026-06-05T06:10:04.906Z] INFO Captured Chainlink opening tick. {"slug":"doge-updown-5m-1780639800","openingPrice":0.0849424,"tickTimestamp":"2026-06-05T06:10:00.000Z"}
[2026-06-05T06:10:04.912Z] INFO Skipped trade. {"slug":"doge-updown-5m-1780639800","reason":"btc_distance_below_threshold","market":"DOGE","minDistanceUsd":{"UP":0.0001,"DOWN":0.0001},"openingPrice":0.0849424,"currentPrice":0.0849310136171299}
[2026-06-05T06:11:56.696Z] INFO Skipped trade. {"slug":"btc-updown-5m-1780639800","reason":"stale_chainlink_tick","tickTimestamp":"2026-06-05T06:11:42.000Z"}
[2026-06-05T06:14:30.289Z] INFO Skipped trade. {"slug":"btc-updown-5m-1780639800","reason":"no_ask_liquidity_under_cap","outcome":"DOWN"}
[2026-06-05T06:14:30.289Z] INFO Skipped trade. {"slug":"eth-updown-5m-1780639800","reason":"no_ask_liquidity_under_cap","outcome":"DOWN"}
[2026-06-05T06:14:30.289Z] INFO Skipped trade. {"slug":"doge-updown-5m-1780639800","reason":"no_ask_liquidity_under_cap","outcome":"DOWN"}
[2026-06-05T06:15:02.620Z] INFO Tracking market. {"market":"BTC","slug":"btc-updown-5m-1780640100","title":"Bitcoin Up or Down - June 5, 2:15AM-2:20AM ET","end":"2026-06-05T06:20:00.000Z","upToken":"54400005306145912351727621008984376689845971840839761845335654537309823195376","downToken":"78624693569695574819594050676928999786655978703420320200248438300514311622821","orderMinSize":5,"tickSize":"0.01"}
[2026-06-05T06:15:02.635Z] INFO Captured Chainlink opening tick. {"slug":"btc-updown-5m-1780640100","openingPrice":62023.6513159727,"tickTimestamp":"2026-06-05T06:15:00.000Z"}
[2026-06-05T06:15:02.644Z] INFO Skipped trade. {"slug":"btc-updown-5m-1780640100","reason":"btc_distance_below_threshold","market":"BTC","minDistanceUsd":{"UP":5,"DOWN":5},"openingPrice":62023.6513159727,"currentPrice":62024.05766569271}
[2026-06-05T06:15:02.644Z] INFO Tracking market. {"market":"ETH","slug":"eth-updown-5m-1780640100","title":"Ethereum Up or Down - June 5, 2:15AM-2:20AM ET","end":"2026-06-05T06:20:00.000Z","upToken":"14977669674424998763200772661988048215392848738915531212553397740866746079628","downToken":"71949360398769550173223702281335307279406693251819353496119236121229279603962","orderMinSize":5,"tickSize":"0.01"}
[2026-06-05T06:15:02.645Z] INFO Skipped trade. {"slug":"eth-updown-5m-1780640100","reason":"missing_opening_chainlink_tick"}
[2026-06-05T06:15:02.645Z] INFO Tracking market. {"market":"DOGE","slug":"doge-updown-5m-1780640100","title":"Dogecoin Up or Down - June 5, 2:15AM-2:20AM ET","end":"2026-06-05T06:20:00.000Z","upToken":"41037633489091083584156857923471048464587638732658987805259126915498594215513","downToken":"112222162011292940841566889061378998572895938172990608670164309648665683808338","orderMinSize":5,"tickSize":"0.01"}
[2026-06-05T06:15:02.645Z] INFO Skipped trade. {"slug":"doge-updown-5m-1780640100","reason":"missing_opening_chainlink_tick"}
[2026-06-05T06:15:05.679Z] INFO Captured Chainlink opening tick. {"slug":"eth-updown-5m-1780640100","openingPrice":1669.7928,"tickTimestamp":"2026-06-05T06:15:00.000Z"}
[2026-06-05T06:15:05.698Z] INFO Captured Chainlink opening tick. {"slug":"doge-updown-5m-1780640100","openingPrice":0.084366014,"tickTimestamp":"2026-06-05T06:15:00.000Z"}
[2026-06-05T06:15:05.705Z] INFO Skipped trade. {"slug":"doge-updown-5m-1780640100","reason":"btc_distance_below_threshold","market":"DOGE","minDistanceUsd":{"UP":0.0001,"DOWN":0.0001},"openingPrice":0.084366014,"currentPrice":0.0844403773387066}
[2026-06-05T06:15:50.811Z] INFO Skipped trade. {"slug":"eth-updown-5m-1780640100","reason":"btc_distance_below_threshold","market":"ETH","minDistanceUsd":{"UP":0.5,"DOWN":0.5},"openingPrice":1669.7928,"currentPrice":1670.1458594255664}
[2026-06-05T06:19:30.545Z] WARN Analytics sample recording failed; continuing. {"market":"DOGE","slug":"doge-updown-5m-1780640100","error":"ENOENT: no such file or directory, rename 'C:\\DEV\\tests\\Workspace de Yarbis\\Polybot\\data\\analytics-active.json.tmp' -> 'C:\\DEV\\tests\\Workspace de Yarbis\\Polybot\\data\\analytics-active.json'"}
[2026-06-05T06:19:30.545Z] INFO Skipped trade. {"slug":"btc-updown-5m-1780640100","reason":"no_ask_liquidity_under_cap","outcome":"DOWN"}
[2026-06-05T06:19:30.545Z] INFO Skipped trade. {"slug":"eth-updown-5m-1780640100","reason":"no_ask_liquidity_under_cap","outcome":"DOWN"}
[2026-06-05T06:19:30.546Z] INFO Skipped trade. {"slug":"doge-updown-5m-1780640100","reason":"no_ask_liquidity_under_cap","outcome":"DOWN"}
[2026-06-05T06:20:01.566Z] INFO Tracking market. {"market":"BTC","slug":"btc-updown-5m-1780640400","title":"Bitcoin Up or Down - June 5, 2:20AM-2:25AM ET","end":"2026-06-05T06:25:00.000Z","upToken":"52193532216448109839344528313429571089013804400555387021028997243886371613336","downToken":"44771398324239931169347411777818272198715536353110702280383820690285494494420","orderMinSize":5,"tickSize":"0.01"}
[2026-06-05T06:20:01.572Z] INFO Captured Chainlink opening tick. {"slug":"btc-updown-5m-1780640400","openingPrice":61770.65131630236,"tickTimestamp":"2026-06-05T06:20:00.000Z"}
[2026-06-05T06:20:01.575Z] INFO Skipped trade. {"slug":"btc-updown-5m-1780640400","reason":"btc_distance_below_threshold","market":"BTC","minDistanceUsd":{"UP":5,"DOWN":5},"openingPrice":61770.65131630236,"currentPrice":61770.65131630236}
[2026-06-05T06:20:01.575Z] INFO Tracking market. {"market":"ETH","slug":"eth-updown-5m-1780640400","title":"Ethereum Up or Down - June 5, 2:20AM-2:25AM ET","end":"2026-06-05T06:25:00.000Z","upToken":"93644580077456801445757325661367376645215846905748358597751276754175762361368","downToken":"52081322630294066931808995946448289231100237719993704312469015287528278478153","orderMinSize":5,"tickSize":"0.01"}
[2026-06-05T06:20:01.575Z] INFO Skipped trade. {"slug":"eth-updown-5m-1780640400","reason":"missing_opening_chainlink_tick"}
[2026-06-05T06:20:01.575Z] INFO Tracking market. {"market":"DOGE","slug":"doge-updown-5m-1780640400","title":"Dogecoin Up or Down - June 5, 2:20AM-2:25AM ET","end":"2026-06-05T06:25:00.000Z","upToken":"8517070200879916040911997948033169783858552599554695389248150858833566782121","downToken":"11844860842073659799209190215061302917693044034780805471149393661932147177882","orderMinSize":5,"tickSize":"0.01"}
[2026-06-05T06:20:01.575Z] INFO Skipped trade. {"slug":"doge-updown-5m-1780640400","reason":"missing_opening_chainlink_tick"}
[2026-06-05T06:20:05.605Z] INFO Captured Chainlink opening tick. {"slug":"eth-updown-5m-1780640400","openingPrice":1660.45318,"tickTimestamp":"2026-06-05T06:20:00.000Z"}
[2026-06-05T06:20:05.613Z] INFO Captured Chainlink opening tick. {"slug":"doge-updown-5m-1780640400","openingPrice":0.0836855,"tickTimestamp":"2026-06-05T06:20:00.000Z"}
[2026-06-05T06:20:05.616Z] INFO Skipped trade. {"slug":"doge-updown-5m-1780640400","reason":"btc_distance_below_threshold","market":"DOGE","minDistanceUsd":{"UP":0.0001,"DOWN":0.0001},"openingPrice":0.0836855,"currentPrice":0.083712492}
[2026-06-05T06:20:11.099Z] INFO Skipped trade. {"slug":"btc-updown-5m-1780640400","reason":"stale_chainlink_tick","tickTimestamp":"2026-06-05T06:20:01.000Z"}
[2026-06-05T06:20:11.099Z] INFO Skipped trade. {"slug":"eth-updown-5m-1780640400","reason":"stale_chainlink_tick","tickTimestamp":"2026-06-05T06:20:01.000Z"}
[2026-06-05T06:20:11.099Z] INFO Skipped trade. {"slug":"doge-updown-5m-1780640400","reason":"stale_chainlink_tick","tickTimestamp":"2026-06-05T06:20:01.000Z"}
[2026-06-05T06:20:21.101Z] INFO Skipped trade. {"slug":"eth-updown-5m-1780640400","reason":"btc_distance_below_threshold","market":"ETH","minDistanceUsd":{"UP":0.5,"DOWN":0.5},"openingPrice":1660.45318,"currentPrice":1660.7817234867086}
[2026-06-05T06:24:29.816Z] INFO Skipped trade. {"slug":"btc-updown-5m-1780640400","reason":"no_ask_liquidity_under_cap","outcome":"DOWN"}
[2026-06-05T06:24:29.816Z] INFO Skipped trade. {"slug":"eth-updown-5m-1780640400","reason":"no_ask_liquidity_under_cap","outcome":"DOWN"}
[2026-06-05T06:24:29.816Z] INFO Skipped trade. {"slug":"doge-updown-5m-1780640400","reason":"no_ask_liquidity_under_cap","outcome":"DOWN"}
[2026-06-05T06:25:01.522Z] INFO Tracking market. {"market":"BTC","slug":"btc-updown-5m-1780640700","title":"Bitcoin Up or Down - June 5, 2:25AM-2:30AM ET","end":"2026-06-05T06:30:00.000Z","upToken":"96368600034965769549588718799943652315469056815482737271277730746092181026395","downToken":"89307923134054480539205434913222272053668558829704861838198440697743611234976","orderMinSize":5,"tickSize":"0.01"}
[2026-06-05T06:25:01.523Z] INFO Skipped trade. {"slug":"btc-updown-5m-1780640700","reason":"missing_opening_chainlink_tick"}
[2026-06-05T06:25:01.523Z] INFO Tracking market. {"market":"ETH","slug":"eth-updown-5m-1780640700","title":"Ethereum Up or Down - June 5, 2:25AM-2:30AM ET","end":"2026-06-05T06:30:00.000Z","upToken":"9279292661825187005284319395496554656550887715494404781871163548307897520829","downToken":"21199355724239483985657039412266647949917458143678040403561087996984587099771","orderMinSize":5,"tickSize":"0.01"}
[2026-06-05T06:25:01.523Z] INFO Skipped trade. {"slug":"eth-updown-5m-1780640700","reason":"missing_opening_chainlink_tick"}
[2026-06-05T06:25:01.523Z] INFO Tracking market. {"market":"DOGE","slug":"doge-updown-5m-1780640700","title":"Dogecoin Up or Down - June 5, 2:25AM-2:30AM ET","end":"2026-06-05T06:30:00.000Z","upToken":"42549036881674442034144566039784546128796089756091139951092329687071847185493","downToken":"111296509277111944436212405795675329194801121485288466746145124978583632194637","orderMinSize":5,"tickSize":"0.01"}
[2026-06-05T06:25:01.524Z] INFO Skipped trade. {"slug":"doge-updown-5m-1780640700","reason":"missing_opening_chainlink_tick"}
[2026-06-05T06:25:02.545Z] INFO Captured Chainlink opening tick. {"slug":"btc-updown-5m-1780640700","openingPrice":61404.1178066375,"tickTimestamp":"2026-06-05T06:25:00.000Z"}
[2026-06-05T06:25:02.557Z] INFO Skipped trade. {"slug":"btc-updown-5m-1780640700","reason":"btc_distance_below_threshold","market":"BTC","minDistanceUsd":{"UP":5,"DOWN":5},"openingPrice":61404.1178066375,"currentPrice":61400.12752245825}
[2026-06-05T06:25:07.064Z] INFO Captured Chainlink opening tick. {"slug":"eth-updown-5m-1780640700","openingPrice":1638.69629,"tickTimestamp":"2026-06-05T06:25:00.000Z"}
[2026-06-05T06:25:07.077Z] INFO Captured Chainlink opening tick. {"slug":"doge-updown-5m-1780640700","openingPrice":0.082614262194817,"tickTimestamp":"2026-06-05T06:25:00.000Z"}
[2026-06-05T06:25:21.028Z] INFO Skipped trade. {"slug":"eth-updown-5m-1780640700","reason":"btc_distance_below_threshold","market":"ETH","minDistanceUsd":{"UP":0.5,"DOWN":0.5},"openingPrice":1638.69629,"currentPrice":1638.78246899543}
[2026-06-05T06:25:31.968Z] INFO Skipped trade. {"slug":"doge-updown-5m-1780640700","reason":"btc_distance_below_threshold","market":"DOGE","minDistanceUsd":{"UP":0.0001,"DOWN":0.0001},"openingPrice":0.082614262194817,"currentPrice":0.082681138}
[2026-06-05T06:29:30.705Z] INFO Skipped trade. {"slug":"btc-updown-5m-1780640700","reason":"no_ask_liquidity_under_cap","outcome":"UP"}
[2026-06-05T06:29:30.705Z] INFO Skipped trade. {"slug":"eth-updown-5m-1780640700","reason":"no_ask_liquidity_under_cap","outcome":"UP"}
[2026-06-05T06:29:30.705Z] INFO Skipped trade. {"slug":"doge-updown-5m-1780640700","reason":"no_ask_liquidity_under_cap","outcome":"UP"}
[2026-06-05T06:30:01.927Z] INFO Tracking market. {"market":"BTC","slug":"btc-updown-5m-1780641000","title":"Bitcoin Up or Down - June 5, 2:30AM-2:35AM ET","end":"2026-06-05T06:35:00.000Z","upToken":"65425683783862100457659928166355895658245363894313952510965419186551512204276","downToken":"23140282915279010270774941373227588443682027425618747371911759615881040699607","orderMinSize":5,"tickSize":"0.01"}
[2026-06-05T06:30:01.940Z] INFO Captured Chainlink opening tick. {"slug":"btc-updown-5m-1780641000","openingPrice":61607.97805247078,"tickTimestamp":"2026-06-05T06:30:00.000Z"}
[2026-06-05T06:30:01.945Z] INFO Skipped trade. {"slug":"btc-updown-5m-1780641000","reason":"btc_distance_below_threshold","market":"BTC","minDistanceUsd":{"UP":5,"DOWN":5},"openingPrice":61607.97805247078,"currentPrice":61607.97805247078}
[2026-06-05T06:30:01.945Z] INFO Tracking market. {"market":"ETH","slug":"eth-updown-5m-1780641000","title":"Ethereum Up or Down - June 5, 2:30AM-2:35AM ET","end":"2026-06-05T06:35:00.000Z","upToken":"24249079931451284150965114820177682257947112888572048402288505926292543868493","downToken":"412305861748175524234549017701206273309463406463862558828380207801887533954","orderMinSize":5,"tickSize":"0.01"}
[2026-06-05T06:30:01.954Z] INFO Captured Chainlink opening tick. {"slug":"eth-updown-5m-1780641000","openingPrice":1642.186498988143,"tickTimestamp":"2026-06-05T06:30:00.000Z"}
[2026-06-05T06:30:01.959Z] INFO Skipped trade. {"slug":"eth-updown-5m-1780641000","reason":"btc_distance_below_threshold","market":"ETH","minDistanceUsd":{"UP":0.5,"DOWN":0.5},"openingPrice":1642.186498988143,"currentPrice":1642.186498988143}
[2026-06-05T06:30:01.959Z] INFO Tracking market. {"market":"DOGE","slug":"doge-updown-5m-1780641000","title":"Dogecoin Up or Down - June 5, 2:30AM-2:35AM ET","end":"2026-06-05T06:35:00.000Z","upToken":"26805923782538718287494296823555214355885235604015593651010699363591922239549","downToken":"52323129397599553219570424414567357985560984912772386057435973763828037053484","orderMinSize":5,"tickSize":"0.01"}
[2026-06-05T06:30:01.967Z] INFO Captured Chainlink opening tick. {"slug":"doge-updown-5m-1780641000","openingPrice":0.083308119717788,"tickTimestamp":"2026-06-05T06:30:00.000Z"}
[2026-06-05T06:30:01.971Z] INFO Skipped trade. {"slug":"doge-updown-5m-1780641000","reason":"btc_distance_below_threshold","market":"DOGE","minDistanceUsd":{"UP":0.0001,"DOWN":0.0001},"openingPrice":0.083308119717788,"currentPrice":0.083308119717788}
[2026-06-05T06:34:30.743Z] INFO Skipped trade. {"slug":"btc-updown-5m-1780641000","reason":"no_ask_liquidity_under_cap","outcome":"UP"}
[2026-06-05T06:34:30.743Z] INFO Skipped trade. {"slug":"eth-updown-5m-1780641000","reason":"no_ask_liquidity_under_cap","outcome":"UP"}
[2026-06-05T06:34:30.743Z] INFO Skipped trade. {"slug":"doge-updown-5m-1780641000","reason":"no_ask_liquidity_under_cap","outcome":"UP"}
[2026-06-05T06:34:41.255Z] INFO Trade attempt recorded. {"mode":"sim","slug":"doge-updown-5m-1780641000","outcome":"UP","amountUsd":5,"bestAsk":0.51,"estimatedShares":9.803921568627452}
[2026-06-05T06:34:43.696Z] INFO Skipped trade. {"slug":"doge-updown-5m-1780641000","reason":"market_already_traded"}
[2026-06-05T06:35:01.433Z] INFO Tracking market. {"market":"BTC","slug":"btc-updown-5m-1780641300","title":"Bitcoin Up or Down - June 5, 2:35AM-2:40AM ET","end":"2026-06-05T06:40:00.000Z","upToken":"84896642909485286528084971470584353399910300530558675073644884218305242409182","downToken":"6591444209221644502041677671090295918956714479423596752791548814583523914245","orderMinSize":5,"tickSize":"0.01"}
[2026-06-05T06:35:01.433Z] INFO Skipped trade. {"slug":"btc-updown-5m-1780641300","reason":"missing_opening_chainlink_tick"}
[2026-06-05T06:35:01.433Z] INFO Tracking market. {"market":"ETH","slug":"eth-updown-5m-1780641300","title":"Ethereum Up or Down - June 5, 2:35AM-2:40AM ET","end":"2026-06-05T06:40:00.000Z","upToken":"8239002453000490064968592801796730994991247549761149834743184257861089508505","downToken":"112334764746547455498377118192694969272421904842591907314917265684492846884541","orderMinSize":5,"tickSize":"0.01"}
[2026-06-05T06:35:01.433Z] INFO Skipped trade. {"slug":"eth-updown-5m-1780641300","reason":"missing_opening_chainlink_tick"}
[2026-06-05T06:35:01.434Z] INFO Tracking market. {"market":"DOGE","slug":"doge-updown-5m-1780641300","title":"Dogecoin Up or Down - June 5, 2:35AM-2:40AM ET","end":"2026-06-05T06:40:00.000Z","upToken":"42623752689414609401593775368333298776769180891089362542465312895386482541635","downToken":"58299091920565516656685318432456007019724281073872556561601228448900814175792","orderMinSize":5,"tickSize":"0.01"}
[2026-06-05T06:35:01.434Z] INFO Skipped trade. {"slug":"doge-updown-5m-1780641300","reason":"missing_opening_chainlink_tick"}
[2026-06-05T06:35:02.463Z] INFO Resolved trade. {"mode":"sim","slug":"doge-updown-5m-1780641000","outcome":"UP","winningOutcome":"DOWN","won":false,"finalPrice":0.0832426282491418}
[2026-06-05T06:35:02.478Z] INFO Captured Chainlink opening tick. {"slug":"btc-updown-5m-1780641300","openingPrice":61657.75129787756,"tickTimestamp":"2026-06-05T06:35:00.000Z"}
[2026-06-05T06:35:02.483Z] INFO Skipped trade. {"slug":"btc-updown-5m-1780641300","reason":"btc_distance_below_threshold","market":"BTC","minDistanceUsd":{"UP":5,"DOWN":5},"openingPrice":61657.75129787756,"currentPrice":61656.35177625499}
[2026-06-05T06:35:02.490Z] INFO Captured Chainlink opening tick. {"slug":"eth-updown-5m-1780641300","openingPrice":1645.28401,"tickTimestamp":"2026-06-05T06:35:00.000Z"}
[2026-06-05T06:35:02.493Z] INFO Skipped trade. {"slug":"eth-updown-5m-1780641300","reason":"btc_distance_below_threshold","market":"ETH","minDistanceUsd":{"UP":0.5,"DOWN":0.5},"openingPrice":1645.28401,"currentPrice":1645.28401}
[2026-06-05T06:35:02.498Z] INFO Captured Chainlink opening tick. {"slug":"doge-updown-5m-1780641300","openingPrice":0.0832426282491418,"tickTimestamp":"2026-06-05T06:35:00.000Z"}
[2026-06-05T06:35:02.501Z] INFO Skipped trade. {"slug":"doge-updown-5m-1780641300","reason":"btc_distance_below_threshold","market":"DOGE","minDistanceUsd":{"UP":0.0001,"DOWN":0.0001},"openingPrice":0.0832426282491418,"currentPrice":0.0832426282491418}
[2026-06-05T06:38:36.929Z] WARN RTDS websocket closed; reconnecting soon.
[2026-06-05T06:38:40.307Z] INFO Skipped trade. {"slug":"eth-updown-5m-1780641300","reason":"stale_chainlink_tick","tickTimestamp":"2026-06-05T06:38:30.000Z"}
[2026-06-05T06:38:40.308Z] INFO Skipped trade. {"slug":"doge-updown-5m-1780641300","reason":"stale_chainlink_tick","tickTimestamp":"2026-06-05T06:38:30.000Z"}
[2026-06-05T06:38:40.690Z] INFO Connected to Polymarket RTDS Chainlink feed.
[2026-06-05T06:39:21.297Z] WARN Analytics sample recording failed; continuing. {"market":"BTC","slug":"btc-updown-5m-1780641300","error":"ENOENT: no such file or directory, rename 'C:\\DEV\\tests\\Workspace de Yarbis\\Polybot\\data\\analytics-active.json.tmp' -> 'C:\\DEV\\tests\\Workspace de Yarbis\\Polybot\\data\\analytics-active.json'"}
[2026-06-05T06:39:22.525Z] WARN Analytics sample recording failed; continuing. {"market":"DOGE","slug":"doge-updown-5m-1780641300","error":"ENOENT: no such file or directory, rename 'C:\\DEV\\tests\\Workspace de Yarbis\\Polybot\\data\\analytics-active.json.tmp' -> 'C:\\DEV\\tests\\Workspace de Yarbis\\Polybot\\data\\analytics-active.json'"}
[2026-06-05T06:39:29.794Z] INFO Skipped trade. {"slug":"btc-updown-5m-1780641300","reason":"no_ask_liquidity_under_cap","outcome":"UP"}
[2026-06-05T06:39:29.794Z] INFO Skipped trade. {"slug":"eth-updown-5m-1780641300","reason":"no_ask_liquidity_under_cap","outcome":"UP"}
[2026-06-05T06:39:29.794Z] INFO Skipped trade. {"slug":"doge-updown-5m-1780641300","reason":"no_ask_liquidity_under_cap","outcome":"UP"}
[2026-06-05T06:39:58.926Z] WARN Analytics sample recording failed; continuing. {"market":"ETH","slug":"eth-updown-5m-1780641300","error":"ENOENT: no such file or directory, rename 'C:\\DEV\\tests\\Workspace de Yarbis\\Polybot\\data\\analytics-active.json.tmp' -> 'C:\\DEV\\tests\\Workspace de Yarbis\\Polybot\\data\\analytics-active.json'"}
[2026-06-05T06:40:00.710Z] INFO Tracking market. {"market":"BTC","slug":"btc-updown-5m-1780641600","title":"Bitcoin Up or Down - June 5, 2:40AM-2:45AM ET","end":"2026-06-05T06:45:00.000Z","upToken":"74801975615140110417652885522061369217137037177991458507870433859041503221619","downToken":"71398997323361219606534372175449517405353608369178933577578325994839841168270","orderMinSize":5,"tickSize":"0.01"}
[2026-06-05T06:40:00.711Z] INFO Skipped trade. {"slug":"btc-updown-5m-1780641600","reason":"missing_opening_chainlink_tick"}
[2026-06-05T06:40:00.711Z] INFO Tracking market. {"market":"ETH","slug":"eth-updown-5m-1780641600","title":"Ethereum Up or Down - June 5, 2:40AM-2:45AM ET","end":"2026-06-05T06:45:00.000Z","upToken":"33819203740883351762571183384527601445735171829371279516462579591683961408581","downToken":"58656128760607069252845581427354565196646853978953453592167765130686459076190","orderMinSize":5,"tickSize":"0.01"}
[2026-06-05T06:40:00.712Z] INFO Skipped trade. {"slug":"eth-updown-5m-1780641600","reason":"missing_opening_chainlink_tick"}
[2026-06-05T06:40:00.712Z] INFO Tracking market. {"market":"DOGE","slug":"doge-updown-5m-1780641600","title":"Dogecoin Up or Down - June 5, 2:40AM-2:45AM ET","end":"2026-06-05T06:45:00.000Z","upToken":"52185825125244415373353189565718490616446841159027553533944619428475663462176","downToken":"90154650199025026358881378012416476465467196055846207960236856300061777617676","orderMinSize":5,"tickSize":"0.01"}
[2026-06-05T06:40:00.712Z] INFO Skipped trade. {"slug":"doge-updown-5m-1780641600","reason":"missing_opening_chainlink_tick"}
[2026-06-05T06:40:01.775Z] WARN Bot loop iteration failed; retrying. {"error":"ENOENT: no such file or directory, rename 'C:\\DEV\\tests\\Workspace de Yarbis\\Polybot\\data\\state.json.tmp' -> 'C:\\DEV\\tests\\Workspace de Yarbis\\Polybot\\data\\state.json'"}
[2026-06-05T06:40:02.799Z] INFO Skipped trade. {"slug":"btc-updown-5m-1780641600","reason":"btc_distance_below_threshold","market":"BTC","minDistanceUsd":{"UP":5,"DOWN":5},"openingPrice":61749.253702309245,"currentPrice":61750.64579902031}
[2026-06-05T06:40:06.231Z] INFO Captured Chainlink opening tick. {"slug":"eth-updown-5m-1780641600","openingPrice":1650.910365,"tickTimestamp":"2026-06-05T06:40:00.000Z"}
[2026-06-05T06:40:06.309Z] INFO Skipped trade. {"slug":"eth-updown-5m-1780641600","reason":"btc_distance_below_threshold","market":"ETH","minDistanceUsd":{"UP":0.5,"DOWN":0.5},"openingPrice":1650.910365,"currentPrice":1651.4078305301045}
[2026-06-05T06:40:06.375Z] INFO Captured Chainlink opening tick. {"slug":"doge-updown-5m-1780641600","openingPrice":0.08364536,"tickTimestamp":"2026-06-05T06:40:00.000Z"}
[2026-06-05T06:40:06.437Z] INFO Skipped trade. {"slug":"doge-updown-5m-1780641600","reason":"btc_distance_below_threshold","market":"DOGE","minDistanceUsd":{"UP":0.0001,"DOWN":0.0001},"openingPrice":0.08364536,"currentPrice":0.083655498}
[2026-06-05T06:44:30.572Z] INFO Skipped trade. {"slug":"btc-updown-5m-1780641600","reason":"no_ask_liquidity_under_cap","outcome":"UP"}
[2026-06-05T06:44:30.572Z] INFO Skipped trade. {"slug":"eth-updown-5m-1780641600","reason":"no_ask_liquidity_under_cap","outcome":"UP"}
[2026-06-05T06:44:30.572Z] INFO Skipped trade. {"slug":"doge-updown-5m-1780641600","reason":"no_ask_liquidity_under_cap","outcome":"UP"}
[2026-06-05T06:45:00.466Z] INFO Tracking market. {"market":"BTC","slug":"btc-updown-5m-1780641900","title":"Bitcoin Up or Down - June 5, 2:45AM-2:50AM ET","end":"2026-06-05T06:50:00.000Z","upToken":"28791894101251581259424032906615276582308962296476618423614747165133078501105","downToken":"95976931921870760945561000203598611927612485522703573095897243198835836296058","orderMinSize":5,"tickSize":"0.01"}
[2026-06-05T06:45:00.466Z] INFO Skipped trade. {"slug":"btc-updown-5m-1780641900","reason":"missing_opening_chainlink_tick"}
[2026-06-05T06:45:00.466Z] INFO Tracking market. {"market":"ETH","slug":"eth-updown-5m-1780641900","title":"Ethereum Up or Down - June 5, 2:45AM-2:50AM ET","end":"2026-06-05T06:50:00.000Z","upToken":"29652115691838795091817965774701889411961622229791979850934009664583582972901","downToken":"14238873758667813607778879729828190286479530989216636991851217096336731327082","orderMinSize":5,"tickSize":"0.01"}
[2026-06-05T06:45:00.466Z] INFO Skipped trade. {"slug":"eth-updown-5m-1780641900","reason":"missing_opening_chainlink_tick"}
[2026-06-05T06:45:00.466Z] INFO Tracking market. {"market":"DOGE","slug":"doge-updown-5m-1780641900","title":"Dogecoin Up or Down - June 5, 2:45AM-2:50AM ET","end":"2026-06-05T06:50:00.000Z","upToken":"38096227980022331497311118705237385482483658885896326621873109160044728563475","downToken":"78393827963535733619039619371381135960161762695777662300660654508464752205608","orderMinSize":5,"tickSize":"0.01"}
[2026-06-05T06:45:00.467Z] INFO Skipped trade. {"slug":"doge-updown-5m-1780641900","reason":"missing_opening_chainlink_tick"}
[2026-06-05T06:45:02.499Z] INFO Captured Chainlink opening tick. {"slug":"btc-updown-5m-1780641900","openingPrice":62092.186725058076,"tickTimestamp":"2026-06-05T06:45:00.000Z"}
[2026-06-05T06:45:02.505Z] INFO Skipped trade. {"slug":"btc-updown-5m-1780641900","reason":"btc_distance_below_threshold","market":"BTC","minDistanceUsd":{"UP":5,"DOWN":5},"openingPrice":62092.186725058076,"currentPrice":62092.186725058076}
[2026-06-05T06:45:06.720Z] INFO Captured Chainlink opening tick. {"slug":"eth-updown-5m-1780641900","openingPrice":1663.6631630840259,"tickTimestamp":"2026-06-05T06:45:00.000Z"}
[2026-06-05T06:45:06.740Z] INFO Captured Chainlink opening tick. {"slug":"doge-updown-5m-1780641900","openingPrice":0.0842902,"tickTimestamp":"2026-06-05T06:45:00.000Z"}
[2026-06-05T06:45:06.744Z] INFO Skipped trade. {"slug":"doge-updown-5m-1780641900","reason":"btc_distance_below_threshold","market":"DOGE","minDistanceUsd":{"UP":0.0001,"DOWN":0.0001},"openingPrice":0.0842902,"currentPrice":0.0843302463625009}
[2026-06-05T06:45:17.455Z] INFO Skipped trade. {"slug":"eth-updown-5m-1780641900","reason":"btc_distance_below_threshold","market":"ETH","minDistanceUsd":{"UP":0.5,"DOWN":0.5},"openingPrice":1663.6631630840259,"currentPrice":1663.99061248675}
[2026-06-05T06:49:30.056Z] INFO Skipped trade. {"slug":"btc-updown-5m-1780641900","reason":"no_ask_liquidity_under_cap","outcome":"DOWN"}
[2026-06-05T06:49:30.056Z] INFO Skipped trade. {"slug":"eth-updown-5m-1780641900","reason":"no_ask_liquidity_under_cap","outcome":"DOWN"}
[2026-06-05T06:49:30.056Z] INFO Skipped trade. {"slug":"doge-updown-5m-1780641900","reason":"no_ask_liquidity_under_cap","outcome":"DOWN"}
[2026-06-05T06:50:01.073Z] INFO Tracking market. {"market":"BTC","slug":"btc-updown-5m-1780642200","title":"Bitcoin Up or Down - June 5, 2:50AM-2:55AM ET","end":"2026-06-05T06:55:00.000Z","upToken":"22007144545258260967736062391781065700688961031890306650117269263294040067485","downToken":"112633993256562012257532099488826793979041061681688193061413852498208977232226","orderMinSize":5,"tickSize":"0.01"}
[2026-06-05T06:50:01.074Z] INFO Skipped trade. {"slug":"btc-updown-5m-1780642200","reason":"missing_opening_chainlink_tick"}
[2026-06-05T06:50:01.074Z] INFO Tracking market. {"market":"ETH","slug":"eth-updown-5m-1780642200","title":"Ethereum Up or Down - June 5, 2:50AM-2:55AM ET","end":"2026-06-05T06:55:00.000Z","upToken":"59400502251002000396917099396337952035918233311712669092520690509669712656212","downToken":"1428668366947511898549993822964978524879824901002563824679868776935915546326","orderMinSize":5,"tickSize":"0.01"}
[2026-06-05T06:50:01.074Z] INFO Skipped trade. {"slug":"eth-updown-5m-1780642200","reason":"missing_opening_chainlink_tick"}
[2026-06-05T06:50:01.074Z] INFO Tracking market. {"market":"DOGE","slug":"doge-updown-5m-1780642200","title":"Dogecoin Up or Down - June 5, 2:50AM-2:55AM ET","end":"2026-06-05T06:55:00.000Z","upToken":"77142001070261555105347915259864369970819151113261917279032798095141294118460","downToken":"14573024639238634954450876504447892433939794572567892966573367619056992351291","orderMinSize":5,"tickSize":"0.01"}
[2026-06-05T06:50:01.074Z] INFO Skipped trade. {"slug":"doge-updown-5m-1780642200","reason":"missing_opening_chainlink_tick"}
[2026-06-05T06:50:02.099Z] INFO Captured Chainlink opening tick. {"slug":"btc-updown-5m-1780642200","openingPrice":61841.24279166701,"tickTimestamp":"2026-06-05T06:50:00.000Z"}
[2026-06-05T06:50:02.112Z] INFO Skipped trade. {"slug":"btc-updown-5m-1780642200","reason":"btc_distance_below_threshold","market":"BTC","minDistanceUsd":{"UP":5,"DOWN":5},"openingPrice":61841.24279166701,"currentPrice":61841.24279166701}
[2026-06-05T06:50:02.123Z] INFO Captured Chainlink opening tick. {"slug":"eth-updown-5m-1780642200","openingPrice":1656.70055,"tickTimestamp":"2026-06-05T06:50:00.000Z"}
[2026-06-05T06:50:02.133Z] INFO Skipped trade. {"slug":"eth-updown-5m-1780642200","reason":"btc_distance_below_threshold","market":"ETH","minDistanceUsd":{"UP":0.5,"DOWN":0.5},"openingPrice":1656.70055,"currentPrice":1656.70055}
[2026-06-05T06:50:02.141Z] INFO Captured Chainlink opening tick. {"slug":"doge-updown-5m-1780642200","openingPrice":0.0836427142105184,"tickTimestamp":"2026-06-05T06:50:00.000Z"}
[2026-06-05T06:50:02.146Z] INFO Skipped trade. {"slug":"doge-updown-5m-1780642200","reason":"btc_distance_below_threshold","market":"DOGE","minDistanceUsd":{"UP":0.0001,"DOWN":0.0001},"openingPrice":0.0836427142105184,"currentPrice":0.0836427142105184}
[2026-06-05T06:50:40.183Z] INFO Skipped trade. {"slug":"eth-updown-5m-1780642200","reason":"stale_chainlink_tick","tickTimestamp":"2026-06-05T06:50:30.000Z"}
[2026-06-05T06:50:40.184Z] INFO Skipped trade. {"slug":"doge-updown-5m-1780642200","reason":"stale_chainlink_tick","tickTimestamp":"2026-06-05T06:50:30.000Z"}
[2026-06-05T06:54:29.109Z] INFO Skipped trade. {"slug":"btc-updown-5m-1780642200","reason":"no_ask_liquidity_under_cap","outcome":"UP"}
[2026-06-05T06:54:29.109Z] INFO Skipped trade. {"slug":"eth-updown-5m-1780642200","reason":"no_ask_liquidity_under_cap","outcome":"UP"}
[2026-06-05T06:54:29.109Z] INFO Skipped trade. {"slug":"doge-updown-5m-1780642200","reason":"no_ask_liquidity_under_cap","outcome":"UP"}
[2026-06-05T06:54:32.588Z] INFO Trade attempt recorded. {"mode":"sim","slug":"eth-updown-5m-1780642200","outcome":"UP","amountUsd":5,"bestAsk":0.57,"estimatedShares":8.611525423728814}
[2026-06-05T06:54:34.055Z] INFO Skipped trade. {"slug":"eth-updown-5m-1780642200","reason":"market_already_traded"}
[2026-06-05T06:55:01.474Z] INFO Tracking market. {"market":"BTC","slug":"btc-updown-5m-1780642500","title":"Bitcoin Up or Down - June 5, 2:55AM-3:00AM ET","end":"2026-06-05T07:00:00.000Z","upToken":"88866341270563776654150606240191453746639508088298900533955412061739789847244","downToken":"111708197209430244613979527455129022862837469139172985623557158972723740046688","orderMinSize":5,"tickSize":"0.01"}
[2026-06-05T06:55:01.484Z] INFO Captured Chainlink opening tick. {"slug":"btc-updown-5m-1780642500","openingPrice":61927.414235113836,"tickTimestamp":"2026-06-05T06:55:00.000Z"}
[2026-06-05T06:55:01.489Z] INFO Skipped trade. {"slug":"btc-updown-5m-1780642500","reason":"btc_distance_below_threshold","market":"BTC","minDistanceUsd":{"UP":5,"DOWN":5},"openingPrice":61927.414235113836,"currentPrice":61927.414235113836}
[2026-06-05T06:55:01.489Z] INFO Tracking market. {"market":"ETH","slug":"eth-updown-5m-1780642500","title":"Ethereum Up or Down - June 5, 2:55AM-3:00AM ET","end":"2026-06-05T07:00:00.000Z","upToken":"46657218883812196787837777614274527657344431111485546808418599581074297947648","downToken":"85548194702243526044516594590649065745187127717865597713152102842490555180624","orderMinSize":5,"tickSize":"0.01"}
[2026-06-05T06:55:01.489Z] INFO Skipped trade. {"slug":"eth-updown-5m-1780642500","reason":"missing_opening_chainlink_tick"}
[2026-06-05T06:55:01.489Z] INFO Tracking market. {"market":"DOGE","slug":"doge-updown-5m-1780642500","title":"Dogecoin Up or Down - June 5, 2:55AM-3:00AM ET","end":"2026-06-05T07:00:00.000Z","upToken":"39644212332012326958560107482228622883293816983438575135385646073479580417012","downToken":"79850275170528579845187976124752830850373720468913345931082422770403363505514","orderMinSize":5,"tickSize":"0.01"}
[2026-06-05T06:55:01.489Z] INFO Skipped trade. {"slug":"doge-updown-5m-1780642500","reason":"missing_opening_chainlink_tick"}
[2026-06-05T06:55:02.506Z] INFO Resolved trade. {"mode":"sim","slug":"eth-updown-5m-1780642200","outcome":"UP","winningOutcome":"UP","won":true,"finalPrice":1657.789351911197}
[2026-06-05T06:55:02.519Z] INFO Captured Chainlink opening tick. {"slug":"eth-updown-5m-1780642500","openingPrice":1657.8896601781767,"tickTimestamp":"2026-06-05T06:55:00.000Z"}
[2026-06-05T06:55:02.523Z] INFO Skipped trade. {"slug":"eth-updown-5m-1780642500","reason":"btc_distance_below_threshold","market":"ETH","minDistanceUsd":{"UP":0.5,"DOWN":0.5},"openingPrice":1657.8896601781767,"currentPrice":1657.789351911197}
[2026-06-05T06:55:02.529Z] INFO Captured Chainlink opening tick. {"slug":"doge-updown-5m-1780642500","openingPrice":0.08374044733524,"tickTimestamp":"2026-06-05T06:55:00.000Z"}
[2026-06-05T06:55:02.533Z] INFO Skipped trade. {"slug":"doge-updown-5m-1780642500","reason":"btc_distance_below_threshold","market":"DOGE","minDistanceUsd":{"UP":0.0001,"DOWN":0.0001},"openingPrice":0.08374044733524,"currentPrice":0.0837426722779326}
[2026-06-05T06:59:20.242Z] WARN Analytics sample recording failed; continuing. {"market":"ETH","slug":"eth-updown-5m-1780642500","error":"ENOENT: no such file or directory, rename 'C:\\DEV\\tests\\Workspace de Yarbis\\Polybot\\data\\analytics-active.json.tmp' -> 'C:\\DEV\\tests\\Workspace de Yarbis\\Polybot\\data\\analytics-active.json'"}
[2026-06-05T06:59:28.933Z] INFO Skipped trade. {"slug":"btc-updown-5m-1780642500","reason":"no_ask_liquidity_under_cap","outcome":"DOWN"}
[2026-06-05T06:59:28.933Z] INFO Skipped trade. {"slug":"eth-updown-5m-1780642500","reason":"no_ask_liquidity_under_cap","outcome":"DOWN"}
[2026-06-05T07:00:00.901Z] INFO Tracking market. {"market":"BTC","slug":"btc-updown-5m-1780642800","title":"Bitcoin Up or Down - June 5, 3:00AM-3:05AM ET","end":"2026-06-05T07:05:00.000Z","upToken":"105258707533192202168961638919207453844765653943452641335009137502008816400563","downToken":"4184300835763004140001547317334428533324943769272028133844315140692894674141","orderMinSize":5,"tickSize":"0.01"}
[2026-06-05T07:00:00.902Z] INFO Skipped trade. {"slug":"btc-updown-5m-1780642800","reason":"missing_opening_chainlink_tick"}
[2026-06-05T07:00:00.902Z] INFO Tracking market. {"market":"ETH","slug":"eth-updown-5m-1780642800","title":"Ethereum Up or Down - June 5, 3:00AM-3:05AM ET","end":"2026-06-05T07:05:00.000Z","upToken":"54823894534721072536962224378404029886837536762086120723076726328290540208108","downToken":"49623459477382266872479572962174733620546369725742042424628006146321482041955","orderMinSize":5,"tickSize":"0.01"}
[2026-06-05T07:00:00.902Z] INFO Skipped trade. {"slug":"eth-updown-5m-1780642800","reason":"missing_opening_chainlink_tick"}
[2026-06-05T07:00:00.902Z] INFO Tracking market. {"market":"DOGE","slug":"doge-updown-5m-1780642800","title":"Dogecoin Up or Down - June 5, 3:00AM-3:05AM ET","end":"2026-06-05T07:05:00.000Z","upToken":"19245415726135027321652469296209941059678894948989378083878629720758502718344","downToken":"86146850324804265018878188682181694900558351037700863107325992257554572917861","orderMinSize":5,"tickSize":"0.01"}
[2026-06-05T07:00:00.903Z] INFO Skipped trade. {"slug":"doge-updown-5m-1780642800","reason":"missing_opening_chainlink_tick"}
[2026-06-05T07:00:01.930Z] INFO Captured Chainlink opening tick. {"slug":"btc-updown-5m-1780642800","openingPrice":61884.07669659135,"tickTimestamp":"2026-06-05T07:00:00.000Z"}
[2026-06-05T07:00:01.939Z] INFO Skipped trade. {"slug":"btc-updown-5m-1780642800","reason":"btc_distance_below_threshold","market":"BTC","minDistanceUsd":{"UP":5,"DOWN":5},"openingPrice":61884.07669659135,"currentPrice":61884.07669659135}
[2026-06-05T07:00:02.956Z] INFO Captured Chainlink opening tick. {"slug":"eth-updown-5m-1780642800","openingPrice":1654.84397,"tickTimestamp":"2026-06-05T07:00:00.000Z"}
[2026-06-05T07:00:02.961Z] INFO Skipped trade. {"slug":"eth-updown-5m-1780642800","reason":"btc_distance_below_threshold","market":"ETH","minDistanceUsd":{"UP":0.5,"DOWN":0.5},"openingPrice":1654.84397,"currentPrice":1654.8233841923527}
[2026-06-05T07:00:02.971Z] INFO Captured Chainlink opening tick. {"slug":"doge-updown-5m-1780642800","openingPrice":0.0836743445183304,"tickTimestamp":"2026-06-05T07:00:00.000Z"}
[2026-06-05T07:00:02.976Z] INFO Skipped trade. {"slug":"doge-updown-5m-1780642800","reason":"btc_distance_below_threshold","market":"DOGE","minDistanceUsd":{"UP":0.0001,"DOWN":0.0001},"openingPrice":0.0836743445183304,"currentPrice":0.083671796}
[2026-06-05T07:04:28.799Z] INFO Skipped trade. {"slug":"btc-updown-5m-1780642800","reason":"no_ask_liquidity_under_cap","outcome":"DOWN"}
[2026-06-05T07:04:28.799Z] INFO Skipped trade. {"slug":"eth-updown-5m-1780642800","reason":"no_ask_liquidity_under_cap","outcome":"DOWN"}
[2026-06-05T07:04:28.799Z] INFO Skipped trade. {"slug":"doge-updown-5m-1780642800","reason":"no_ask_liquidity_under_cap","outcome":"DOWN"}
[2026-06-05T07:05:00.655Z] INFO Tracking market. {"market":"BTC","slug":"btc-updown-5m-1780643100","title":"Bitcoin Up or Down - June 5, 3:05AM-3:10AM ET","end":"2026-06-05T07:10:00.000Z","upToken":"23571486472729348763189645301863858552898603044944187142228363308919850710796","downToken":"4920752051263405260306473208982846297625899368502546967866314748815338732621","orderMinSize":5,"tickSize":"0.01"}
[2026-06-05T07:05:00.656Z] INFO Skipped trade. {"slug":"btc-updown-5m-1780643100","reason":"missing_opening_chainlink_tick"}
[2026-06-05T07:05:00.656Z] INFO Tracking market. {"market":"ETH","slug":"eth-updown-5m-1780643100","title":"Ethereum Up or Down - June 5, 3:05AM-3:10AM ET","end":"2026-06-05T07:10:00.000Z","upToken":"32587923805567433041857546363635497495908424037438089659654114861211056474591","downToken":"5679818090399361260676208013079520623128577636227327431674317518305374383077","orderMinSize":5,"tickSize":"0.01"}
[2026-06-05T07:05:00.656Z] INFO Skipped trade. {"slug":"eth-updown-5m-1780643100","reason":"missing_opening_chainlink_tick"}
[2026-06-05T07:05:00.656Z] INFO Tracking market. {"market":"DOGE","slug":"doge-updown-5m-1780643100","title":"Dogecoin Up or Down - June 5, 3:05AM-3:10AM ET","end":"2026-06-05T07:10:00.000Z","upToken":"19393218288582231713473703291783716988366263925485253715539909106490982096303","downToken":"57432313202329974711539771292207702528086468074049990298858449001413527992620","orderMinSize":5,"tickSize":"0.01"}
[2026-06-05T07:05:00.656Z] INFO Skipped trade. {"slug":"doge-updown-5m-1780643100","reason":"missing_opening_chainlink_tick"}
[2026-06-05T07:05:01.673Z] INFO Captured Chainlink opening tick. {"slug":"btc-updown-5m-1780643100","openingPrice":61638.96596,"tickTimestamp":"2026-06-05T07:05:00.000Z"}
[2026-06-05T07:05:01.678Z] INFO Skipped trade. {"slug":"btc-updown-5m-1780643100","reason":"btc_distance_below_threshold","market":"BTC","minDistanceUsd":{"UP":5,"DOWN":5},"openingPrice":61638.96596,"currentPrice":61638.96596}
[2026-06-05T07:05:03.694Z] INFO Captured Chainlink opening tick. {"slug":"eth-updown-5m-1780643100","openingPrice":1644.33808,"tickTimestamp":"2026-06-05T07:05:00.000Z"}
[2026-06-05T07:05:03.698Z] INFO Skipped trade. {"slug":"eth-updown-5m-1780643100","reason":"btc_distance_below_threshold","market":"ETH","minDistanceUsd":{"UP":0.5,"DOWN":0.5},"openingPrice":1644.33808,"currentPrice":1644.6947513489401}
[2026-06-05T07:05:03.705Z] INFO Captured Chainlink opening tick. {"slug":"doge-updown-5m-1780643100","openingPrice":0.0830780436596892,"tickTimestamp":"2026-06-05T07:05:00.000Z"}
[2026-06-05T07:05:03.710Z] INFO Skipped trade. {"slug":"doge-updown-5m-1780643100","reason":"btc_distance_below_threshold","market":"DOGE","minDistanceUsd":{"UP":0.0001,"DOWN":0.0001},"openingPrice":0.0830780436596892,"currentPrice":0.0830506737772307}
[2026-06-05T07:08:47.287Z] INFO Skipped trade. {"slug":"eth-updown-5m-1780643100","reason":"stale_chainlink_tick","tickTimestamp":"2026-06-05T07:08:37.000Z"}
[2026-06-05T07:08:47.287Z] INFO Skipped trade. {"slug":"doge-updown-5m-1780643100","reason":"stale_chainlink_tick","tickTimestamp":"2026-06-05T07:08:37.000Z"}
[2026-06-05T07:09:28.965Z] INFO Skipped trade. {"slug":"btc-updown-5m-1780643100","reason":"no_ask_liquidity_under_cap","outcome":"DOWN"}
[2026-06-05T07:09:28.965Z] INFO Skipped trade. {"slug":"eth-updown-5m-1780643100","reason":"no_ask_liquidity_under_cap","outcome":"DOWN"}
[2026-06-05T07:09:28.965Z] INFO Skipped trade. {"slug":"doge-updown-5m-1780643100","reason":"no_ask_liquidity_under_cap","outcome":"DOWN"}
[2026-06-05T07:10:01.488Z] INFO Tracking market. {"market":"BTC","slug":"btc-updown-5m-1780643400","title":"Bitcoin Up or Down - June 5, 3:10AM-3:15AM ET","end":"2026-06-05T07:15:00.000Z","upToken":"3321550585389328456822081894046630134613523997136369213329040158997448523838","downToken":"66117816384839714516668570882130672882581793705739470980295088891280218388769","orderMinSize":5,"tickSize":"0.01"}
[2026-06-05T07:10:01.497Z] INFO Captured Chainlink opening tick. {"slug":"btc-updown-5m-1780643400","openingPrice":61489.507428889185,"tickTimestamp":"2026-06-05T07:10:00.000Z"}
[2026-06-05T07:10:01.502Z] INFO Skipped trade. {"slug":"btc-updown-5m-1780643400","reason":"btc_distance_below_threshold","market":"BTC","minDistanceUsd":{"UP":5,"DOWN":5},"openingPrice":61489.507428889185,"currentPrice":61489.507428889185}
[2026-06-05T07:10:01.502Z] INFO Tracking market. {"market":"ETH","slug":"eth-updown-5m-1780643400","title":"Ethereum Up or Down - June 5, 3:10AM-3:15AM ET","end":"2026-06-05T07:15:00.000Z","upToken":"75062209751197621199820169668015711280619410944773041475086910380661740528569","downToken":"61323168310570444008509603246018315120598977246106382447052886502623965410535","orderMinSize":5,"tickSize":"0.01"}
[2026-06-05T07:10:01.502Z] INFO Skipped trade. {"slug":"eth-updown-5m-1780643400","reason":"missing_opening_chainlink_tick"}
[2026-06-05T07:10:01.502Z] INFO Tracking market. {"market":"DOGE","slug":"doge-updown-5m-1780643400","title":"Dogecoin Up or Down - June 5, 3:10AM-3:15AM ET","end":"2026-06-05T07:15:00.000Z","upToken":"38798574001711541470389872375203748120949708186241147528631044892689830083353","downToken":"7290006914329833822740368560582333419390027393740840273265707485935117421899","orderMinSize":5,"tickSize":"0.01"}
[2026-06-05T07:10:01.503Z] INFO Skipped trade. {"slug":"doge-updown-5m-1780643400","reason":"missing_opening_chainlink_tick"}
[2026-06-05T07:10:03.510Z] INFO Captured Chainlink opening tick. {"slug":"eth-updown-5m-1780643400","openingPrice":1639.7158195367501,"tickTimestamp":"2026-06-05T07:10:00.000Z"}
[2026-06-05T07:10:03.513Z] INFO Skipped trade. {"slug":"eth-updown-5m-1780643400","reason":"btc_distance_below_threshold","market":"ETH","minDistanceUsd":{"UP":0.5,"DOWN":0.5},"openingPrice":1639.7158195367501,"currentPrice":1639.754225}
[2026-06-05T07:10:03.520Z] INFO Captured Chainlink opening tick. {"slug":"doge-updown-5m-1780643400","openingPrice":0.082632035,"tickTimestamp":"2026-06-05T07:10:00.000Z"}
[2026-06-05T07:10:03.524Z] INFO Skipped trade. {"slug":"doge-updown-5m-1780643400","reason":"btc_distance_below_threshold","market":"DOGE","minDistanceUsd":{"UP":0.0001,"DOWN":0.0001},"openingPrice":0.082632035,"currentPrice":0.082634518}
[2026-06-05T07:14:23.405Z] WARN Analytics sample recording failed; continuing. {"market":"DOGE","slug":"doge-updown-5m-1780643400","error":"ENOENT: no such file or directory, rename 'C:\\DEV\\tests\\Workspace de Yarbis\\Polybot\\data\\analytics-active.json.tmp' -> 'C:\\DEV\\tests\\Workspace de Yarbis\\Polybot\\data\\analytics-active.json'"}
[2026-06-05T07:14:26.611Z] WARN Analytics sample recording failed; continuing. {"market":"ETH","slug":"eth-updown-5m-1780643400","error":"ENOENT: no such file or directory, rename 'C:\\DEV\\tests\\Workspace de Yarbis\\Polybot\\data\\analytics-active.json.tmp' -> 'C:\\DEV\\tests\\Workspace de Yarbis\\Polybot\\data\\analytics-active.json'"}
[2026-06-05T07:14:30.258Z] INFO Skipped trade. {"slug":"btc-updown-5m-1780643400","reason":"no_ask_liquidity_under_cap","outcome":"DOWN"}
[2026-06-05T07:14:30.258Z] INFO Skipped trade. {"slug":"eth-updown-5m-1780643400","reason":"no_ask_liquidity_under_cap","outcome":"DOWN"}
[2026-06-05T07:14:30.258Z] INFO Skipped trade. {"slug":"doge-updown-5m-1780643400","reason":"no_ask_liquidity_under_cap","outcome":"DOWN"}
[2026-06-05T07:14:59.424Z] WARN Analytics sample recording failed; continuing. {"market":"DOGE","slug":"doge-updown-5m-1780643400","error":"ENOENT: no such file or directory, rename 'C:\\DEV\\tests\\Workspace de Yarbis\\Polybot\\data\\analytics-active.json.tmp' -> 'C:\\DEV\\tests\\Workspace de Yarbis\\Polybot\\data\\analytics-active.json'"}
[2026-06-05T07:15:00.586Z] INFO Tracking market. {"market":"BTC","slug":"btc-updown-5m-1780643700","title":"Bitcoin Up or Down - June 5, 3:15AM-3:20AM ET","end":"2026-06-05T07:20:00.000Z","upToken":"112694742809749707468329118740634915374019976824538591313971024968279570757857","downToken":"94152858078487129287321012915592091167695385942518467927971756571929493646591","orderMinSize":5,"tickSize":"0.01"}
[2026-06-05T07:15:00.586Z] INFO Skipped trade. {"slug":"btc-updown-5m-1780643700","reason":"missing_opening_chainlink_tick"}
[2026-06-05T07:15:00.586Z] INFO Tracking market. {"market":"ETH","slug":"eth-updown-5m-1780643700","title":"Ethereum Up or Down - June 5, 3:15AM-3:20AM ET","end":"2026-06-05T07:20:00.000Z","upToken":"58543023233622624720185527529263133567875677590252097465768578342397065544252","downToken":"18150908092620672295870369173066827969854884691527498509447477229571391849752","orderMinSize":5,"tickSize":"0.01"}
[2026-06-05T07:15:00.587Z] INFO Skipped trade. {"slug":"eth-updown-5m-1780643700","reason":"missing_opening_chainlink_tick"}
[2026-06-05T07:15:00.587Z] INFO Tracking market. {"market":"DOGE","slug":"doge-updown-5m-1780643700","title":"Dogecoin Up or Down - June 5, 3:15AM-3:20AM ET","end":"2026-06-05T07:20:00.000Z","upToken":"44391908499193831200858832580606014306153519238298660666654303119807573931415","downToken":"49104749600842026671880394337152320935776415499487867740067470938101431335924","orderMinSize":5,"tickSize":"0.01"}
[2026-06-05T07:15:00.587Z] INFO Skipped trade. {"slug":"doge-updown-5m-1780643700","reason":"missing_opening_chainlink_tick"}
[2026-06-05T07:15:02.640Z] INFO Captured Chainlink opening tick. {"slug":"btc-updown-5m-1780643700","openingPrice":61435.498006948954,"tickTimestamp":"2026-06-05T07:15:00.000Z"}
[2026-06-05T07:15:04.698Z] INFO Captured Chainlink opening tick. {"slug":"eth-updown-5m-1780643700","openingPrice":1636.36241,"tickTimestamp":"2026-06-05T07:15:00.000Z"}
[2026-06-05T07:15:04.720Z] INFO Captured Chainlink opening tick. {"slug":"doge-updown-5m-1780643700","openingPrice":0.0823006130461771,"tickTimestamp":"2026-06-05T07:15:00.000Z"}
[2026-06-05T07:15:04.728Z] INFO Skipped trade. {"slug":"doge-updown-5m-1780643700","reason":"btc_distance_below_threshold","market":"DOGE","minDistanceUsd":{"UP":0.0001,"DOWN":0.0001},"openingPrice":0.0823006130461771,"currentPrice":0.0823625}
[2026-06-05T07:19:30.284Z] INFO Skipped trade. {"slug":"btc-updown-5m-1780643700","reason":"no_ask_liquidity_under_cap","outcome":"UP"}
[2026-06-05T07:19:30.284Z] INFO Skipped trade. {"slug":"eth-updown-5m-1780643700","reason":"no_ask_liquidity_under_cap","outcome":"UP"}
[2026-06-05T07:19:30.284Z] INFO Skipped trade. {"slug":"doge-updown-5m-1780643700","reason":"no_ask_liquidity_under_cap","outcome":"UP"}
[2026-06-05T07:20:01.293Z] INFO Tracking market. {"market":"BTC","slug":"btc-updown-5m-1780644000","title":"Bitcoin Up or Down - June 5, 3:20AM-3:25AM ET","end":"2026-06-05T07:25:00.000Z","upToken":"46716700891942059377991538588684219024739258589732825123771077944325357292175","downToken":"83068572667953400686317673654803362272361478896903439656172352588489172686295","orderMinSize":5,"tickSize":"0.01"}
[2026-06-05T07:20:01.294Z] INFO Skipped trade. {"slug":"btc-updown-5m-1780644000","reason":"missing_opening_chainlink_tick"}
[2026-06-05T07:20:01.294Z] INFO Tracking market. {"market":"ETH","slug":"eth-updown-5m-1780644000","title":"Ethereum Up or Down - June 5, 3:20AM-3:25AM ET","end":"2026-06-05T07:25:00.000Z","upToken":"76538746337258941765788538092353926435261144775355954095991176269368539258979","downToken":"586598937247863199840127877603781576641603466643817092841636257451834521859","orderMinSize":5,"tickSize":"0.01"}
[2026-06-05T07:20:01.294Z] INFO Skipped trade. {"slug":"eth-updown-5m-1780644000","reason":"missing_opening_chainlink_tick"}
[2026-06-05T07:20:01.294Z] INFO Tracking market. {"market":"DOGE","slug":"doge-updown-5m-1780644000","title":"Dogecoin Up or Down - June 5, 3:20AM-3:25AM ET","end":"2026-06-05T07:25:00.000Z","upToken":"1404278356978783372050310170221413437830133870748725158711555246448092091319","downToken":"13229524449507516706266173657295082128553063674964027855694052925491931662341","orderMinSize":5,"tickSize":"0.01"}
[2026-06-05T07:20:01.294Z] INFO Skipped trade. {"slug":"doge-updown-5m-1780644000","reason":"missing_opening_chainlink_tick"}
[2026-06-05T07:20:02.308Z] INFO Captured Chainlink opening tick. {"slug":"btc-updown-5m-1780644000","openingPrice":61603.476049519384,"tickTimestamp":"2026-06-05T07:20:00.000Z"}
[2026-06-05T07:20:02.317Z] INFO Skipped trade. {"slug":"btc-updown-5m-1780644000","reason":"btc_distance_below_threshold","market":"BTC","minDistanceUsd":{"UP":5,"DOWN":5},"openingPrice":61603.476049519384,"currentPrice":61603.476049519384}
[2026-06-05T07:20:05.351Z] INFO Captured Chainlink opening tick. {"slug":"eth-updown-5m-1780644000","openingPrice":1643.510245,"tickTimestamp":"2026-06-05T07:20:00.000Z"}
[2026-06-05T07:20:05.360Z] INFO Captured Chainlink opening tick. {"slug":"doge-updown-5m-1780644000","openingPrice":0.0827757678148449,"tickTimestamp":"2026-06-05T07:20:00.000Z"}
[2026-06-05T07:20:05.364Z] INFO Skipped trade. {"slug":"doge-updown-5m-1780644000","reason":"btc_distance_below_threshold","market":"DOGE","minDistanceUsd":{"UP":0.0001,"DOWN":0.0001},"openingPrice":0.0827757678148449,"currentPrice":0.0828111967883196}
[2026-06-05T07:20:09.490Z] INFO Skipped trade. {"slug":"eth-updown-5m-1780644000","reason":"btc_distance_below_threshold","market":"ETH","minDistanceUsd":{"UP":0.5,"DOWN":0.5},"openingPrice":1643.510245,"currentPrice":1643.322005}
[2026-06-05T07:23:17.986Z] INFO Skipped trade. {"slug":"eth-updown-5m-1780644000","reason":"stale_chainlink_tick","tickTimestamp":"2026-06-05T07:23:07.000Z"}
[2026-06-05T07:23:18.999Z] INFO Skipped trade. {"slug":"doge-updown-5m-1780644000","reason":"stale_chainlink_tick","tickTimestamp":"2026-06-05T07:23:08.000Z"}
[2026-06-05T07:24:30.406Z] INFO Skipped trade. {"slug":"btc-updown-5m-1780644000","reason":"no_ask_liquidity_under_cap","outcome":"UP"}
[2026-06-05T07:24:30.406Z] INFO Skipped trade. {"slug":"eth-updown-5m-1780644000","reason":"no_ask_liquidity_under_cap","outcome":"UP"}
[2026-06-05T07:24:30.406Z] INFO Skipped trade. {"slug":"doge-updown-5m-1780644000","reason":"no_ask_liquidity_under_cap","outcome":"UP"}
[2026-06-05T07:25:00.759Z] INFO Tracking market. {"market":"BTC","slug":"btc-updown-5m-1780644300","title":"Bitcoin Up or Down - June 5, 3:25AM-3:30AM ET","end":"2026-06-05T07:30:00.000Z","upToken":"89077631932522699217420492408812598307682479651006924113921670365243864748924","downToken":"92258087998315682702813985390395668576315638946653367864943761811393154947769","orderMinSize":5,"tickSize":"0.01"}
[2026-06-05T07:25:00.759Z] INFO Skipped trade. {"slug":"btc-updown-5m-1780644300","reason":"missing_opening_chainlink_tick"}
[2026-06-05T07:25:00.759Z] INFO Tracking market. {"market":"ETH","slug":"eth-updown-5m-1780644300","title":"Ethereum Up or Down - June 5, 3:25AM-3:30AM ET","end":"2026-06-05T07:30:00.000Z","upToken":"66861287229775793884297115695671989378633475581520223188777590616108864271025","downToken":"56442142372422991534237206931462993782567028748765832026201735722697836385632","orderMinSize":5,"tickSize":"0.01"}
[2026-06-05T07:25:00.759Z] INFO Skipped trade. {"slug":"eth-updown-5m-1780644300","reason":"missing_opening_chainlink_tick"}
[2026-06-05T07:25:00.759Z] INFO Tracking market. {"market":"DOGE","slug":"doge-updown-5m-1780644300","title":"Dogecoin Up or Down - June 5, 3:25AM-3:30AM ET","end":"2026-06-05T07:30:00.000Z","upToken":"97539445629610415241740193584864241093585494091320084003442393387554108504621","downToken":"96952481782132687341218948510785762751584187163474584409542909383714261278140","orderMinSize":5,"tickSize":"0.01"}
[2026-06-05T07:25:00.759Z] INFO Skipped trade. {"slug":"doge-updown-5m-1780644300","reason":"missing_opening_chainlink_tick"}
[2026-06-05T07:25:01.785Z] INFO Captured Chainlink opening tick. {"slug":"btc-updown-5m-1780644300","openingPrice":61775.796855,"tickTimestamp":"2026-06-05T07:25:00.000Z"}
[2026-06-05T07:25:01.792Z] INFO Skipped trade. {"slug":"btc-updown-5m-1780644300","reason":"btc_distance_below_threshold","market":"BTC","minDistanceUsd":{"UP":5,"DOWN":5},"openingPrice":61775.796855,"currentPrice":61775.796855}
[2026-06-05T07:25:05.977Z] INFO Captured Chainlink opening tick. {"slug":"eth-updown-5m-1780644300","openingPrice":1647.452365,"tickTimestamp":"2026-06-05T07:25:00.000Z"}
[2026-06-05T07:25:05.996Z] INFO Captured Chainlink opening tick. {"slug":"doge-updown-5m-1780644300","openingPrice":0.0831447,"tickTimestamp":"2026-06-05T07:25:00.000Z"}
[2026-06-05T07:25:06.003Z] INFO Skipped trade. {"slug":"doge-updown-5m-1780644300","reason":"btc_distance_below_threshold","market":"DOGE","minDistanceUsd":{"UP":0.0001,"DOWN":0.0001},"openingPrice":0.0831447,"currentPrice":0.0830665699727971}
[2026-06-05T07:25:30.599Z] INFO Skipped trade. {"slug":"eth-updown-5m-1780644300","reason":"btc_distance_below_threshold","market":"ETH","minDistanceUsd":{"UP":0.5,"DOWN":0.5},"openingPrice":1647.452365,"currentPrice":1647.09839}
[2026-06-05T07:29:29.051Z] INFO Skipped trade. {"slug":"btc-updown-5m-1780644300","reason":"no_ask_liquidity_under_cap","outcome":"UP"}
[2026-06-05T07:29:29.051Z] INFO Skipped trade. {"slug":"eth-updown-5m-1780644300","reason":"no_ask_liquidity_under_cap","outcome":"UP"}
[2026-06-05T07:29:29.051Z] INFO Skipped trade. {"slug":"doge-updown-5m-1780644300","reason":"no_ask_liquidity_under_cap","outcome":"UP"}
[2026-06-05T07:29:58.266Z] WARN Analytics sample recording failed; continuing. {"market":"DOGE","slug":"doge-updown-5m-1780644300","error":"ENOENT: no such file or directory, rename 'C:\\DEV\\tests\\Workspace de Yarbis\\Polybot\\data\\analytics-active.json.tmp' -> 'C:\\DEV\\tests\\Workspace de Yarbis\\Polybot\\data\\analytics-active.json'"}
[2026-06-05T07:30:01.094Z] INFO Tracking market. {"market":"BTC","slug":"btc-updown-5m-1780644600","title":"Bitcoin Up or Down - June 5, 3:30AM-3:35AM ET","end":"2026-06-05T07:35:00.000Z","upToken":"59745270933075962791580148695655392811229470466295492496598345657226072146435","downToken":"23033069312814261589131698488216834465537324515399058884361188986358209965768","orderMinSize":5,"tickSize":"0.01"}
[2026-06-05T07:30:01.095Z] INFO Skipped trade. {"slug":"btc-updown-5m-1780644600","reason":"missing_opening_chainlink_tick"}
[2026-06-05T07:30:01.095Z] INFO Tracking market. {"market":"ETH","slug":"eth-updown-5m-1780644600","title":"Ethereum Up or Down - June 5, 3:30AM-3:35AM ET","end":"2026-06-05T07:35:00.000Z","upToken":"27425921512149457664551349788568312441180408196665774283699761822598111201974","downToken":"5913807143375892889785025237210683348273121969860909448371387518263792183131","orderMinSize":5,"tickSize":"0.01"}
[2026-06-05T07:30:01.095Z] INFO Skipped trade. {"slug":"eth-updown-5m-1780644600","reason":"missing_opening_chainlink_tick"}
[2026-06-05T07:30:01.095Z] INFO Tracking market. {"market":"DOGE","slug":"doge-updown-5m-1780644600","title":"Dogecoin Up or Down - June 5, 3:30AM-3:35AM ET","end":"2026-06-05T07:35:00.000Z","upToken":"67357643193726140591445882774319462022732172964747714777676622114548283816253","downToken":"15947884911882104185765628152478979755966381413141231657076015711418877100366","orderMinSize":5,"tickSize":"0.01"}
[2026-06-05T07:30:01.095Z] INFO Skipped trade. {"slug":"doge-updown-5m-1780644600","reason":"missing_opening_chainlink_tick"}
[2026-06-05T07:30:02.108Z] INFO Captured Chainlink opening tick. {"slug":"btc-updown-5m-1780644600","openingPrice":62192.984243964194,"tickTimestamp":"2026-06-05T07:30:00.000Z"}
[2026-06-05T07:30:02.111Z] INFO Skipped trade. {"slug":"btc-updown-5m-1780644600","reason":"btc_distance_below_threshold","market":"BTC","minDistanceUsd":{"UP":5,"DOWN":5},"openingPrice":62192.984243964194,"currentPrice":62192.984243964194}
[2026-06-05T07:30:06.252Z] INFO Captured Chainlink opening tick. {"slug":"eth-updown-5m-1780644600","openingPrice":1656.17346,"tickTimestamp":"2026-06-05T07:30:00.000Z"}
[2026-06-05T07:30:06.261Z] INFO Captured Chainlink opening tick. {"slug":"doge-updown-5m-1780644600","openingPrice":0.083759839508237,"tickTimestamp":"2026-06-05T07:30:00.000Z"}
[2026-06-05T07:30:06.266Z] INFO Skipped trade. {"slug":"doge-updown-5m-1780644600","reason":"btc_distance_below_threshold","market":"DOGE","minDistanceUsd":{"UP":0.0001,"DOWN":0.0001},"openingPrice":0.083759839508237,"currentPrice":0.0836697160627272}
[2026-06-05T07:30:20.537Z] INFO Skipped trade. {"slug":"eth-updown-5m-1780644600","reason":"btc_distance_below_threshold","market":"ETH","minDistanceUsd":{"UP":0.5,"DOWN":0.5},"openingPrice":1656.17346,"currentPrice":1656.156297586965}
[2026-06-05T07:34:29.012Z] INFO Skipped trade. {"slug":"btc-updown-5m-1780644600","reason":"no_ask_liquidity_under_cap","outcome":"UP"}
[2026-06-05T07:34:29.012Z] INFO Skipped trade. {"slug":"eth-updown-5m-1780644600","reason":"no_ask_liquidity_under_cap","outcome":"UP"}
[2026-06-05T07:34:29.012Z] INFO Skipped trade. {"slug":"doge-updown-5m-1780644600","reason":"no_ask_liquidity_under_cap","outcome":"UP"}
[2026-06-05T07:34:42.793Z] WARN Analytics sample recording failed; continuing. {"market":"DOGE","slug":"doge-updown-5m-1780644600","error":"ENOENT: no such file or directory, rename 'C:\\DEV\\tests\\Workspace de Yarbis\\Polybot\\data\\analytics-active.json.tmp' -> 'C:\\DEV\\tests\\Workspace de Yarbis\\Polybot\\data\\analytics-active.json'"}
[2026-06-05T07:34:46.256Z] WARN Analytics sample recording failed; continuing. {"market":"DOGE","slug":"doge-updown-5m-1780644600","error":"ENOENT: no such file or directory, rename 'C:\\DEV\\tests\\Workspace de Yarbis\\Polybot\\data\\analytics-active.json.tmp' -> 'C:\\DEV\\tests\\Workspace de Yarbis\\Polybot\\data\\analytics-active.json'"}
[2026-06-05T07:35:01.132Z] INFO Tracking market. {"market":"BTC","slug":"btc-updown-5m-1780644900","title":"Bitcoin Up or Down - June 5, 3:35AM-3:40AM ET","end":"2026-06-05T07:40:00.000Z","upToken":"5666864005395633876038990264954802648335815285020794861209767157806531651428","downToken":"100950932014601775885758220578076840582026737033795214029168876814810047155690","orderMinSize":5,"tickSize":"0.01"}
[2026-06-05T07:35:01.133Z] INFO Skipped trade. {"slug":"btc-updown-5m-1780644900","reason":"missing_opening_chainlink_tick"}
[2026-06-05T07:35:01.133Z] INFO Tracking market. {"market":"ETH","slug":"eth-updown-5m-1780644900","title":"Ethereum Up or Down - June 5, 3:35AM-3:40AM ET","end":"2026-06-05T07:40:00.000Z","upToken":"33917660697498588380645316959837624072382566549129628679402823703929392059764","downToken":"113848554041145612137888407720080614724381571138972049050899118891195077805172","orderMinSize":5,"tickSize":"0.01"}
[2026-06-05T07:35:01.133Z] INFO Skipped trade. {"slug":"eth-updown-5m-1780644900","reason":"missing_opening_chainlink_tick"}
[2026-06-05T07:35:01.133Z] INFO Tracking market. {"market":"DOGE","slug":"doge-updown-5m-1780644900","title":"Dogecoin Up or Down - June 5, 3:35AM-3:40AM ET","end":"2026-06-05T07:40:00.000Z","upToken":"30292605281142629943071751411116793860243731359865278274713427903270217479340","downToken":"96882371594290152305590269604010021826525594824240857484802227944756881202341","orderMinSize":5,"tickSize":"0.01"}
[2026-06-05T07:35:01.133Z] INFO Skipped trade. {"slug":"doge-updown-5m-1780644900","reason":"missing_opening_chainlink_tick"}
[2026-06-05T07:35:02.145Z] INFO Captured Chainlink opening tick. {"slug":"btc-updown-5m-1780644900","openingPrice":62380.45999332187,"tickTimestamp":"2026-06-05T07:35:00.000Z"}
[2026-06-05T07:35:02.151Z] INFO Skipped trade. {"slug":"btc-updown-5m-1780644900","reason":"btc_distance_below_threshold","market":"BTC","minDistanceUsd":{"UP":5,"DOWN":5},"openingPrice":62380.45999332187,"currentPrice":62380.45999332187}
[2026-06-05T07:35:06.296Z] INFO Captured Chainlink opening tick. {"slug":"eth-updown-5m-1780644900","openingPrice":1658.26148316802,"tickTimestamp":"2026-06-05T07:35:00.000Z"}
[2026-06-05T07:35:06.307Z] INFO Captured Chainlink opening tick. {"slug":"doge-updown-5m-1780644900","openingPrice":0.0841172971828535,"tickTimestamp":"2026-06-05T07:35:00.000Z"}
[2026-06-05T07:35:06.311Z] INFO Skipped trade. {"slug":"doge-updown-5m-1780644900","reason":"btc_distance_below_threshold","market":"DOGE","minDistanceUsd":{"UP":0.0001,"DOWN":0.0001},"openingPrice":0.0841172971828535,"currentPrice":0.0841368}
[2026-06-05T07:39:25.679Z] WARN Analytics sample recording failed; continuing. {"market":"ETH","slug":"eth-updown-5m-1780644900","error":"ENOENT: no such file or directory, rename 'C:\\DEV\\tests\\Workspace de Yarbis\\Polybot\\data\\analytics-active.json.tmp' -> 'C:\\DEV\\tests\\Workspace de Yarbis\\Polybot\\data\\analytics-active.json'"}
[2026-06-05T07:39:29.572Z] INFO Skipped trade. {"slug":"btc-updown-5m-1780644900","reason":"no_ask_liquidity_under_cap","outcome":"UP"}
[2026-06-05T07:39:29.573Z] INFO Skipped trade. {"slug":"eth-updown-5m-1780644900","reason":"no_ask_liquidity_under_cap","outcome":"UP"}
[2026-06-05T07:39:29.573Z] INFO Skipped trade. {"slug":"doge-updown-5m-1780644900","reason":"no_ask_liquidity_under_cap","outcome":"UP"}
[2026-06-05T07:40:00.995Z] INFO Tracking market. {"market":"BTC","slug":"btc-updown-5m-1780645200","title":"Bitcoin Up or Down - June 5, 3:40AM-3:45AM ET","end":"2026-06-05T07:45:00.000Z","upToken":"37282998048097301747474621560939411089831736461347341213508523061202045343774","downToken":"49589383553331620973631371660919589039032220629032880951850509490165876125328","orderMinSize":5,"tickSize":"0.01"}
[2026-06-05T07:40:00.995Z] INFO Skipped trade. {"slug":"btc-updown-5m-1780645200","reason":"missing_opening_chainlink_tick"}
[2026-06-05T07:40:00.995Z] INFO Tracking market. {"market":"ETH","slug":"eth-updown-5m-1780645200","title":"Ethereum Up or Down - June 5, 3:40AM-3:45AM ET","end":"2026-06-05T07:45:00.000Z","upToken":"81030214364216252723248119729993290853374930864978982152623204223460799056664","downToken":"63891487833362752335166643850452690143270230348291358434223704377952006657756","orderMinSize":5,"tickSize":"0.01"}
[2026-06-05T07:40:00.996Z] INFO Skipped trade. {"slug":"eth-updown-5m-1780645200","reason":"missing_opening_chainlink_tick"}
[2026-06-05T07:40:00.996Z] INFO Tracking market. {"market":"DOGE","slug":"doge-updown-5m-1780645200","title":"Dogecoin Up or Down - June 5, 3:40AM-3:45AM ET","end":"2026-06-05T07:45:00.000Z","upToken":"63407012006109314109911172957416852340156459804492814198217248966209578678180","downToken":"39160253825414648903070874159858460763798995797351523213656036479583471538843","orderMinSize":5,"tickSize":"0.01"}
[2026-06-05T07:40:00.996Z] INFO Skipped trade. {"slug":"doge-updown-5m-1780645200","reason":"missing_opening_chainlink_tick"}
[2026-06-05T07:40:02.180Z] WARN Bot loop iteration failed; retrying. {"error":"ENOENT: no such file or directory, rename 'C:\\DEV\\tests\\Workspace de Yarbis\\Polybot\\data\\state.json.tmp' -> 'C:\\DEV\\tests\\Workspace de Yarbis\\Polybot\\data\\state.json'"}
[2026-06-05T07:40:06.427Z] INFO Captured Chainlink opening tick. {"slug":"eth-updown-5m-1780645200","openingPrice":1667.335096488628,"tickTimestamp":"2026-06-05T07:40:00.000Z"}
[2026-06-05T07:40:06.447Z] INFO Captured Chainlink opening tick. {"slug":"doge-updown-5m-1780645200","openingPrice":0.0846165300116879,"tickTimestamp":"2026-06-05T07:40:00.000Z"}
[2026-06-05T07:40:06.451Z] INFO Skipped trade. {"slug":"doge-updown-5m-1780645200","reason":"btc_distance_below_threshold","market":"DOGE","minDistanceUsd":{"UP":0.0001,"DOWN":0.0001},"openingPrice":0.0846165300116879,"currentPrice":0.0845359038640985}
[2026-06-05T07:40:58.948Z] INFO Skipped trade. {"slug":"btc-updown-5m-1780645200","reason":"btc_distance_below_threshold","market":"BTC","minDistanceUsd":{"UP":5,"DOWN":5},"openingPrice":62720.20162892878,"currentPrice":62715.69308}
[2026-06-05T07:41:12.262Z] INFO Skipped trade. {"slug":"eth-updown-5m-1780645200","reason":"btc_distance_below_threshold","market":"ETH","minDistanceUsd":{"UP":0.5,"DOWN":0.5},"openingPrice":1667.335096488628,"currentPrice":1667.807255}
[2026-06-05T07:44:16.683Z] WARN Analytics sample recording failed; continuing. {"market":"DOGE","slug":"doge-updown-5m-1780645200","error":"ENOENT: no such file or directory, rename 'C:\\DEV\\tests\\Workspace de Yarbis\\Polybot\\data\\analytics-active.json.tmp' -> 'C:\\DEV\\tests\\Workspace de Yarbis\\Polybot\\data\\analytics-active.json'"}
[2026-06-05T07:44:29.297Z] INFO Skipped trade. {"slug":"btc-updown-5m-1780645200","reason":"no_ask_liquidity_under_cap","outcome":"UP"}
[2026-06-05T07:44:29.297Z] INFO Skipped trade. {"slug":"eth-updown-5m-1780645200","reason":"no_ask_liquidity_under_cap","outcome":"UP"}
[2026-06-05T07:44:44.422Z] WARN Analytics sample recording failed; continuing. {"market":"BTC","slug":"btc-updown-5m-1780645200","error":"ENOENT: no such file or directory, rename 'C:\\DEV\\tests\\Workspace de Yarbis\\Polybot\\data\\analytics-active.json.tmp' -> 'C:\\DEV\\tests\\Workspace de Yarbis\\Polybot\\data\\analytics-active.json'"}
[2026-06-05T07:45:01.525Z] INFO Tracking market. {"market":"BTC","slug":"btc-updown-5m-1780645500","title":"Bitcoin Up or Down - June 5, 3:45AM-3:50AM ET","end":"2026-06-05T07:50:00.000Z","upToken":"39929242186321885018662646123307377289425925389590695495756503995645519244227","downToken":"106965493398948410221484025979347992559372355055530690565155369049344178647272","orderMinSize":5,"tickSize":"0.01"}
[2026-06-05T07:45:01.534Z] WARN Bot loop iteration failed; retrying. {"error":"ENOENT: no such file or directory, rename 'C:\\DEV\\tests\\Workspace de Yarbis\\Polybot\\data\\state.json.tmp' -> 'C:\\DEV\\tests\\Workspace de Yarbis\\Polybot\\data\\state.json'"}
[2026-06-05T07:45:02.542Z] INFO Skipped trade. {"slug":"btc-updown-5m-1780645500","reason":"btc_distance_below_threshold","market":"BTC","minDistanceUsd":{"UP":5,"DOWN":5},"openingPrice":62822.59116655163,"currentPrice":62827.14602655263}
[2026-06-05T07:45:02.542Z] INFO Tracking market. {"market":"ETH","slug":"eth-updown-5m-1780645500","title":"Ethereum Up or Down - June 5, 3:45AM-3:50AM ET","end":"2026-06-05T07:50:00.000Z","upToken":"20810745840129399889335093276227477301362402181603109866282177952061119276775","downToken":"100607434441855655013539781846642339310278829938986692078077771166964460795113","orderMinSize":5,"tickSize":"0.01"}
[2026-06-05T07:45:02.552Z] INFO Captured Chainlink opening tick. {"slug":"eth-updown-5m-1780645500","openingPrice":1672.56692,"tickTimestamp":"2026-06-05T07:45:00.000Z"}
[2026-06-05T07:45:02.556Z] INFO Skipped trade. {"slug":"eth-updown-5m-1780645500","reason":"btc_distance_below_threshold","market":"ETH","minDistanceUsd":{"UP":0.5,"DOWN":0.5},"openingPrice":1672.56692,"currentPrice":1672.56692}
[2026-06-05T07:45:02.556Z] INFO Tracking market. {"market":"DOGE","slug":"doge-updown-5m-1780645500","title":"Dogecoin Up or Down - June 5, 3:45AM-3:50AM ET","end":"2026-06-05T07:50:00.000Z","upToken":"72527069010922061599644633095368027003178868397533101034658461762544516696387","downToken":"2411473924190244398944056086266200606102738742034200835510169979035727000420","orderMinSize":5,"tickSize":"0.01"}
[2026-06-05T07:45:02.564Z] INFO Captured Chainlink opening tick. {"slug":"doge-updown-5m-1780645500","openingPrice":0.0847092,"tickTimestamp":"2026-06-05T07:45:00.000Z"}
[2026-06-05T07:45:02.568Z] INFO Skipped trade. {"slug":"doge-updown-5m-1780645500","reason":"btc_distance_below_threshold","market":"DOGE","minDistanceUsd":{"UP":0.0001,"DOWN":0.0001},"openingPrice":0.0847092,"currentPrice":0.0847092}
[2026-06-05T07:48:06.927Z] WARN Bot loop iteration failed; retrying. {"error":"fetch failed"}
[2026-06-05T07:48:08.461Z] WARN Bot loop iteration failed; retrying. {"error":"fetch failed"}
[2026-06-05T07:49:28.987Z] INFO Skipped trade. {"slug":"btc-updown-5m-1780645500","reason":"no_ask_liquidity_under_cap","outcome":"UP"}
[2026-06-05T07:49:28.987Z] INFO Skipped trade. {"slug":"eth-updown-5m-1780645500","reason":"no_ask_liquidity_under_cap","outcome":"UP"}
[2026-06-05T07:49:28.987Z] INFO Skipped trade. {"slug":"doge-updown-5m-1780645500","reason":"no_ask_liquidity_under_cap","outcome":"UP"}
[2026-06-05T07:49:40.934Z] INFO Trade attempt recorded. {"mode":"sim","slug":"btc-updown-5m-1780645500","outcome":"DOWN","amountUsd":5,"bestAsk":0.09,"estimatedShares":34.5495}
[2026-06-05T07:49:42.287Z] INFO Skipped trade. {"slug":"btc-updown-5m-1780645500","reason":"market_already_traded"}
[2026-06-05T07:50:01.055Z] INFO Tracking market. {"market":"BTC","slug":"btc-updown-5m-1780645800","title":"Bitcoin Up or Down - June 5, 3:50AM-3:55AM ET","end":"2026-06-05T07:55:00.000Z","upToken":"82982170546452596894295045732423384620258481667382031715012428501238099188258","downToken":"41112166719045573729618025043327041316832419753461868366071222203530330536515","orderMinSize":5,"tickSize":"0.01"}
[2026-06-05T07:50:01.055Z] INFO Skipped trade. {"slug":"btc-updown-5m-1780645800","reason":"missing_opening_chainlink_tick"}
[2026-06-05T07:50:01.055Z] INFO Tracking market. {"market":"ETH","slug":"eth-updown-5m-1780645800","title":"Ethereum Up or Down - June 5, 3:50AM-3:55AM ET","end":"2026-06-05T07:55:00.000Z","upToken":"7011488568498796174076738332785066059566527371898045029868015953887821176396","downToken":"114717144098868455380692606067869021239252376436855090438999987062643719752748","orderMinSize":5,"tickSize":"0.01"}
[2026-06-05T07:50:01.056Z] INFO Skipped trade. {"slug":"eth-updown-5m-1780645800","reason":"missing_opening_chainlink_tick"}
[2026-06-05T07:50:01.056Z] INFO Tracking market. {"market":"DOGE","slug":"doge-updown-5m-1780645800","title":"Dogecoin Up or Down - June 5, 3:50AM-3:55AM ET","end":"2026-06-05T07:55:00.000Z","upToken":"13893468008942877520088753668867870055408220381401780101535503919311074449240","downToken":"97998913330410979420520086243679124893058293913013579049185287203262077778255","orderMinSize":5,"tickSize":"0.01"}
[2026-06-05T07:50:01.056Z] INFO Skipped trade. {"slug":"doge-updown-5m-1780645800","reason":"missing_opening_chainlink_tick"}
[2026-06-05T07:50:02.072Z] INFO Resolved trade. {"mode":"sim","slug":"btc-updown-5m-1780645500","outcome":"DOWN","winningOutcome":"DOWN","won":true,"finalPrice":62795.46714816177}
[2026-06-05T07:50:02.131Z] INFO Captured Chainlink opening tick. {"slug":"btc-updown-5m-1780645800","openingPrice":62795.46714816177,"tickTimestamp":"2026-06-05T07:50:00.000Z"}
[2026-06-05T07:50:02.137Z] WARN Analytics sample recording failed; continuing. {"market":"BTC","slug":"btc-updown-5m-1780645800","error":"ENOENT: no such file or directory, rename 'C:\\DEV\\tests\\Workspace de Yarbis\\Polybot\\data\\analytics-active.json.tmp' -> 'C:\\DEV\\tests\\Workspace de Yarbis\\Polybot\\data\\analytics-active.json'"}
[2026-06-05T07:50:02.138Z] INFO Skipped trade. {"slug":"btc-updown-5m-1780645800","reason":"btc_distance_below_threshold","market":"BTC","minDistanceUsd":{"UP":5,"DOWN":5},"openingPrice":62795.46714816177,"currentPrice":62795.46714816177}
[2026-06-05T07:50:03.152Z] INFO Captured Chainlink opening tick. {"slug":"eth-updown-5m-1780645800","openingPrice":1673.4917661645977,"tickTimestamp":"2026-06-05T07:50:00.000Z"}
[2026-06-05T07:50:03.158Z] INFO Skipped trade. {"slug":"eth-updown-5m-1780645800","reason":"btc_distance_below_threshold","market":"ETH","minDistanceUsd":{"UP":0.5,"DOWN":0.5},"openingPrice":1673.4917661645977,"currentPrice":1673.4917661645977}
[2026-06-05T07:50:03.171Z] INFO Captured Chainlink opening tick. {"slug":"doge-updown-5m-1780645800","openingPrice":0.084802661,"tickTimestamp":"2026-06-05T07:50:00.000Z"}
[2026-06-05T07:50:03.183Z] INFO Skipped trade. {"slug":"doge-updown-5m-1780645800","reason":"btc_distance_below_threshold","market":"DOGE","minDistanceUsd":{"UP":0.0001,"DOWN":0.0001},"openingPrice":0.084802661,"currentPrice":0.084802661}
[2026-06-05T07:50:37.082Z] INFO Skipped trade. {"slug":"btc-updown-5m-1780645800","reason":"stale_chainlink_tick","tickTimestamp":"2026-06-05T07:50:23.000Z"}
[2026-06-05T07:50:45.206Z] INFO Skipped trade. {"slug":"eth-updown-5m-1780645800","reason":"stale_chainlink_tick","tickTimestamp":"2026-06-05T07:50:35.000Z"}
[2026-06-05T07:51:00.713Z] INFO Skipped trade. {"slug":"doge-updown-5m-1780645800","reason":"stale_chainlink_tick","tickTimestamp":"2026-06-05T07:50:50.000Z"}
[2026-06-05T07:54:29.674Z] INFO Skipped trade. {"slug":"btc-updown-5m-1780645800","reason":"no_ask_liquidity_under_cap","outcome":"UP"}
[2026-06-05T07:54:53.863Z] INFO Skipped trade. {"slug":"eth-updown-5m-1780645800","reason":"no_ask_liquidity_under_cap","outcome":"DOWN"}
[2026-06-05T07:55:01.776Z] INFO Tracking market. {"market":"BTC","slug":"btc-updown-5m-1780646100","title":"Bitcoin Up or Down - June 5, 3:55AM-4:00AM ET","end":"2026-06-05T08:00:00.000Z","upToken":"25743408428237603295625984526726328568518386493737164830509998481685809816380","downToken":"61499418417375111388213126086138055929174483227806716995330883458908757894202","orderMinSize":5,"tickSize":"0.01"}
[2026-06-05T07:55:01.783Z] INFO Captured Chainlink opening tick. {"slug":"btc-updown-5m-1780646100","openingPrice":62863.52469854988,"tickTimestamp":"2026-06-05T07:55:00.000Z"}
[2026-06-05T07:55:01.786Z] INFO Skipped trade. {"slug":"btc-updown-5m-1780646100","reason":"btc_distance_below_threshold","market":"BTC","minDistanceUsd":{"UP":5,"DOWN":5},"openingPrice":62863.52469854988,"currentPrice":62863.52469854988}
[2026-06-05T07:55:01.786Z] INFO Tracking market. {"market":"ETH","slug":"eth-updown-5m-1780646100","title":"Ethereum Up or Down - June 5, 3:55AM-4:00AM ET","end":"2026-06-05T08:00:00.000Z","upToken":"73197338604117357412357485018464701719743389789470769516022123879650571312022","downToken":"18697752526729563748869696697398999891040909589699291811880462566088023344357","orderMinSize":5,"tickSize":"0.01"}
[2026-06-05T07:55:01.786Z] INFO Skipped trade. {"slug":"eth-updown-5m-1780646100","reason":"missing_opening_chainlink_tick"}
[2026-06-05T07:55:01.786Z] INFO Tracking market. {"market":"DOGE","slug":"doge-updown-5m-1780646100","title":"Dogecoin Up or Down - June 5, 3:55AM-4:00AM ET","end":"2026-06-05T08:00:00.000Z","upToken":"46351224467181805676226952836176491696744139292167020061428301362919623338193","downToken":"55257774828865748348846027834473645373255273291647087680426265699732287976141","orderMinSize":5,"tickSize":"0.01"}
[2026-06-05T07:55:01.786Z] INFO Skipped trade. {"slug":"doge-updown-5m-1780646100","reason":"missing_opening_chainlink_tick"}
[2026-06-05T07:55:02.793Z] INFO Captured Chainlink opening tick. {"slug":"eth-updown-5m-1780646100","openingPrice":1673.116915,"tickTimestamp":"2026-06-05T07:55:00.000Z"}
[2026-06-05T07:55:02.802Z] INFO Captured Chainlink opening tick. {"slug":"doge-updown-5m-1780646100","openingPrice":0.0847128,"tickTimestamp":"2026-06-05T07:55:00.000Z"}
[2026-06-05T07:55:02.806Z] INFO Skipped trade. {"slug":"doge-updown-5m-1780646100","reason":"btc_distance_below_threshold","market":"DOGE","minDistanceUsd":{"UP":0.0001,"DOWN":0.0001},"openingPrice":0.0847128,"currentPrice":0.0847383740048269}
[2026-06-05T07:55:07.942Z] INFO Skipped trade. {"slug":"eth-updown-5m-1780646100","reason":"btc_distance_below_threshold","market":"ETH","minDistanceUsd":{"UP":0.5,"DOWN":0.5},"openingPrice":1673.116915,"currentPrice":1672.8323566402673}
[2026-06-05T07:59:30.095Z] INFO Skipped trade. {"slug":"btc-updown-5m-1780646100","reason":"no_ask_liquidity_under_cap","outcome":"UP"}
[2026-06-05T07:59:30.095Z] INFO Skipped trade. {"slug":"eth-updown-5m-1780646100","reason":"no_ask_liquidity_under_cap","outcome":"UP"}
[2026-06-05T07:59:48.831Z] INFO Skipped trade. {"slug":"doge-updown-5m-1780646100","reason":"no_ask_liquidity_under_cap","outcome":"UP"}
[2026-06-05T08:00:00.176Z] INFO Tracking market. {"market":"BTC","slug":"btc-updown-5m-1780646400","title":"Bitcoin Up or Down - June 5, 4:00AM-4:05AM ET","end":"2026-06-05T08:05:00.000Z","upToken":"110432581901885808753418746809508115405948590762115308929383468994893370075395","downToken":"50814733169590010271232088996827129082789476211949851492030453303805703278100","orderMinSize":5,"tickSize":"0.01"}
[2026-06-05T08:00:00.177Z] INFO Skipped trade. {"slug":"btc-updown-5m-1780646400","reason":"missing_opening_chainlink_tick"}
[2026-06-05T08:00:00.177Z] INFO Tracking market. {"market":"ETH","slug":"eth-updown-5m-1780646400","title":"Ethereum Up or Down - June 5, 4:00AM-4:05AM ET","end":"2026-06-05T08:05:00.000Z","upToken":"12975536365326170219111818770095324774704117759405146398972608627112538833575","downToken":"97460805319459184906479042556242845009005804695922338472794723891169978017277","orderMinSize":5,"tickSize":"0.01"}
[2026-06-05T08:00:00.177Z] INFO Skipped trade. {"slug":"eth-updown-5m-1780646400","reason":"missing_opening_chainlink_tick"}
[2026-06-05T08:00:00.177Z] INFO Tracking market. {"market":"DOGE","slug":"doge-updown-5m-1780646400","title":"Dogecoin Up or Down - June 5, 4:00AM-4:05AM ET","end":"2026-06-05T08:05:00.000Z","upToken":"90465086199175074864495733663917201494549800830687072216187448894243644040956","downToken":"31909844470264777255680765021214915154509615793643643878654695068459765856793","orderMinSize":5,"tickSize":"0.01"}
[2026-06-05T08:00:00.177Z] INFO Skipped trade. {"slug":"doge-updown-5m-1780646400","reason":"missing_opening_chainlink_tick"}
[2026-06-05T08:00:02.206Z] INFO Captured Chainlink opening tick. {"slug":"btc-updown-5m-1780646400","openingPrice":63052.71372422666,"tickTimestamp":"2026-06-05T08:00:00.000Z"}
[2026-06-05T08:00:02.209Z] INFO Skipped trade. {"slug":"btc-updown-5m-1780646400","reason":"btc_distance_below_threshold","market":"BTC","minDistanceUsd":{"UP":5,"DOWN":5},"openingPrice":63052.71372422666,"currentPrice":63052.71372422666}
[2026-06-05T08:00:03.229Z] INFO Captured Chainlink opening tick. {"slug":"eth-updown-5m-1780646400","openingPrice":1677.74941,"tickTimestamp":"2026-06-05T08:00:00.000Z"}
[2026-06-05T08:00:03.233Z] INFO Skipped trade. {"slug":"eth-updown-5m-1780646400","reason":"btc_distance_below_threshold","market":"ETH","minDistanceUsd":{"UP":0.5,"DOWN":0.5},"openingPrice":1677.74941,"currentPrice":1677.817904413709}
[2026-06-05T08:00:03.239Z] INFO Captured Chainlink opening tick. {"slug":"doge-updown-5m-1780646400","openingPrice":0.08491,"tickTimestamp":"2026-06-05T08:00:00.000Z"}
[2026-06-05T08:00:03.243Z] INFO Skipped trade. {"slug":"doge-updown-5m-1780646400","reason":"btc_distance_below_threshold","market":"DOGE","minDistanceUsd":{"UP":0.0001,"DOWN":0.0001},"openingPrice":0.08491,"currentPrice":0.0849092623321392}
[2026-06-05T08:03:27.685Z] INFO Skipped trade. {"slug":"doge-updown-5m-1780646400","reason":"stale_chainlink_tick","tickTimestamp":"2026-06-05T08:03:17.000Z"}
[2026-06-05T08:04:09.896Z] WARN Analytics sample recording failed; continuing. {"market":"ETH","slug":"eth-updown-5m-1780646400","error":"ENOENT: no such file or directory, rename 'C:\\DEV\\tests\\Workspace de Yarbis\\Polybot\\data\\analytics-active.json.tmp' -> 'C:\\DEV\\tests\\Workspace de Yarbis\\Polybot\\data\\analytics-active.json'"}
[2026-06-05T08:04:28.964Z] INFO Skipped trade. {"slug":"btc-updown-5m-1780646400","reason":"no_ask_liquidity_under_cap","outcome":"DOWN"}
[2026-06-05T08:04:28.964Z] INFO Skipped trade. {"slug":"eth-updown-5m-1780646400","reason":"no_ask_liquidity_under_cap","outcome":"DOWN"}
[2026-06-05T08:04:28.965Z] INFO Skipped trade. {"slug":"doge-updown-5m-1780646400","reason":"no_ask_liquidity_under_cap","outcome":"DOWN"}
[2026-06-05T08:05:01.045Z] INFO Tracking market. {"market":"BTC","slug":"btc-updown-5m-1780646700","title":"Bitcoin Up or Down - June 5, 4:05AM-4:10AM ET","end":"2026-06-05T08:10:00.000Z","upToken":"49435981268131649873443391454408814483899594381689904723342574680060158052275","downToken":"48097955026879349241137700398990578741459162487577706061093234250485671308827","orderMinSize":5,"tickSize":"0.01"}
[2026-06-05T08:05:01.045Z] INFO Skipped trade. {"slug":"btc-updown-5m-1780646700","reason":"missing_opening_chainlink_tick"}
[2026-06-05T08:05:01.045Z] INFO Tracking market. {"market":"ETH","slug":"eth-updown-5m-1780646700","title":"Ethereum Up or Down - June 5, 4:05AM-4:10AM ET","end":"2026-06-05T08:10:00.000Z","upToken":"74663061759123143676219455942143269722255273615855693223268690914411019538029","downToken":"5147714390939363777817188682267325157347675528679572648676623389178571682393","orderMinSize":5,"tickSize":"0.01"}
[2026-06-05T08:05:01.045Z] INFO Skipped trade. {"slug":"eth-updown-5m-1780646700","reason":"missing_opening_chainlink_tick"}
[2026-06-05T08:05:01.045Z] INFO Tracking market. {"market":"DOGE","slug":"doge-updown-5m-1780646700","title":"Dogecoin Up or Down - June 5, 4:05AM-4:10AM ET","end":"2026-06-05T08:10:00.000Z","upToken":"86793162847917683891435865257779820389832021702227821992039425017407261984142","downToken":"114152491542648699867580239883028006154776085175564761271407176245598083529783","orderMinSize":5,"tickSize":"0.01"}
[2026-06-05T08:05:01.045Z] INFO Skipped trade. {"slug":"doge-updown-5m-1780646700","reason":"missing_opening_chainlink_tick"}
[2026-06-05T08:05:02.060Z] INFO Captured Chainlink opening tick. {"slug":"btc-updown-5m-1780646700","openingPrice":62816.06709787202,"tickTimestamp":"2026-06-05T08:05:00.000Z"}
[2026-06-05T08:05:02.065Z] INFO Skipped trade. {"slug":"btc-updown-5m-1780646700","reason":"btc_distance_below_threshold","market":"BTC","minDistanceUsd":{"UP":5,"DOWN":5},"openingPrice":62816.06709787202,"currentPrice":62816.06709787202}
[2026-06-05T08:05:04.085Z] INFO Captured Chainlink opening tick. {"slug":"eth-updown-5m-1780646700","openingPrice":1671.8739404476223,"tickTimestamp":"2026-06-05T08:05:00.000Z"}
[2026-06-05T08:05:04.089Z] INFO Skipped trade. {"slug":"eth-updown-5m-1780646700","reason":"btc_distance_below_threshold","market":"ETH","minDistanceUsd":{"UP":0.5,"DOWN":0.5},"openingPrice":1671.8739404476223,"currentPrice":1671.5446025183928}
[2026-06-05T08:05:04.101Z] INFO Captured Chainlink opening tick. {"slug":"doge-updown-5m-1780646700","openingPrice":0.0845749096490778,"tickTimestamp":"2026-06-05T08:05:00.000Z"}
[2026-06-05T08:05:04.106Z] INFO Skipped trade. {"slug":"doge-updown-5m-1780646700","reason":"btc_distance_below_threshold","market":"DOGE","minDistanceUsd":{"UP":0.0001,"DOWN":0.0001},"openingPrice":0.0845749096490778,"currentPrice":0.0845590570934426}
[2026-06-05T08:09:27.170Z] WARN Analytics sample recording failed; continuing. {"market":"BTC","slug":"btc-updown-5m-1780646700","error":"ENOENT: no such file or directory, rename 'C:\\DEV\\tests\\Workspace de Yarbis\\Polybot\\data\\analytics-active.json.tmp' -> 'C:\\DEV\\tests\\Workspace de Yarbis\\Polybot\\data\\analytics-active.json'"}
[2026-06-05T08:09:29.390Z] INFO Skipped trade. {"slug":"btc-updown-5m-1780646700","reason":"no_ask_liquidity_under_cap","outcome":"DOWN"}
[2026-06-05T08:09:29.390Z] INFO Skipped trade. {"slug":"eth-updown-5m-1780646700","reason":"no_ask_liquidity_under_cap","outcome":"DOWN"}
[2026-06-05T08:09:29.390Z] INFO Skipped trade. {"slug":"doge-updown-5m-1780646700","reason":"no_ask_liquidity_under_cap","outcome":"DOWN"}
[2026-06-05T08:10:01.259Z] INFO Tracking market. {"market":"BTC","slug":"btc-updown-5m-1780647000","title":"Bitcoin Up or Down - June 5, 4:10AM-4:15AM ET","end":"2026-06-05T08:15:00.000Z","upToken":"30393275724699658348063852146452255611178465667997895214149127949978126396602","downToken":"88040558552049087752766666355635433359239135167552172792030477628796208979402","orderMinSize":5,"tickSize":"0.01"}
[2026-06-05T08:10:01.259Z] INFO Skipped trade. {"slug":"btc-updown-5m-1780647000","reason":"missing_opening_chainlink_tick"}
[2026-06-05T08:10:01.259Z] INFO Tracking market. {"market":"ETH","slug":"eth-updown-5m-1780647000","title":"Ethereum Up or Down - June 5, 4:10AM-4:15AM ET","end":"2026-06-05T08:15:00.000Z","upToken":"37550711553639490295597225224408989983550170164210483004235720616988175663557","downToken":"21420677872553878065982395502601881771445783326541218290331243172824730579603","orderMinSize":5,"tickSize":"0.01"}
[2026-06-05T08:10:01.260Z] INFO Skipped trade. {"slug":"eth-updown-5m-1780647000","reason":"missing_opening_chainlink_tick"}
[2026-06-05T08:10:01.260Z] INFO Tracking market. {"market":"DOGE","slug":"doge-updown-5m-1780647000","title":"Dogecoin Up or Down - June 5, 4:10AM-4:15AM ET","end":"2026-06-05T08:15:00.000Z","upToken":"113681660002813661579316910969459535548918752664891068289836030315752455598252","downToken":"113240973900973403724848146447791524536353490011210446894097845214416098250672","orderMinSize":5,"tickSize":"0.01"}
[2026-06-05T08:10:01.260Z] INFO Skipped trade. {"slug":"doge-updown-5m-1780647000","reason":"missing_opening_chainlink_tick"}
[2026-06-05T08:10:02.279Z] INFO Captured Chainlink opening tick. {"slug":"btc-updown-5m-1780647000","openingPrice":62701.72698894829,"tickTimestamp":"2026-06-05T08:10:00.000Z"}
[2026-06-05T08:10:02.290Z] INFO Skipped trade. {"slug":"btc-updown-5m-1780647000","reason":"btc_distance_below_threshold","market":"BTC","minDistanceUsd":{"UP":5,"DOWN":5},"openingPrice":62701.72698894829,"currentPrice":62701.72698894829}
[2026-06-05T08:10:04.315Z] INFO Captured Chainlink opening tick. {"slug":"eth-updown-5m-1780647000","openingPrice":1668.10569,"tickTimestamp":"2026-06-05T08:10:00.000Z"}
[2026-06-05T08:10:04.319Z] INFO Skipped trade. {"slug":"eth-updown-5m-1780647000","reason":"btc_distance_below_threshold","market":"ETH","minDistanceUsd":{"UP":0.5,"DOWN":0.5},"openingPrice":1668.10569,"currentPrice":1667.7694676672427}
[2026-06-05T08:10:04.326Z] INFO Captured Chainlink opening tick. {"slug":"doge-updown-5m-1780647000","openingPrice":0.0843154,"tickTimestamp":"2026-06-05T08:10:00.000Z"}
[2026-06-05T08:10:04.330Z] INFO Skipped trade. {"slug":"doge-updown-5m-1780647000","reason":"btc_distance_below_threshold","market":"DOGE","minDistanceUsd":{"UP":0.0001,"DOWN":0.0001},"openingPrice":0.0843154,"currentPrice":0.084290881994196}
[2026-06-05T08:14:30.808Z] INFO Skipped trade. {"slug":"btc-updown-5m-1780647000","reason":"no_ask_liquidity_under_cap","outcome":"DOWN"}
[2026-06-05T08:14:30.808Z] INFO Skipped trade. {"slug":"eth-updown-5m-1780647000","reason":"no_ask_liquidity_under_cap","outcome":"DOWN"}
[2026-06-05T08:14:30.808Z] INFO Skipped trade. {"slug":"doge-updown-5m-1780647000","reason":"no_ask_liquidity_under_cap","outcome":"DOWN"}
[2026-06-05T08:14:34.348Z] INFO Trade attempt recorded. {"mode":"sim","slug":"btc-updown-5m-1780647000","outcome":"UP","amountUsd":5,"bestAsk":0.54,"estimatedShares":9.25925925925926}
[2026-06-05T08:14:35.585Z] INFO Skipped trade. {"slug":"btc-updown-5m-1780647000","reason":"market_already_traded"}
[2026-06-05T08:14:51.750Z] WARN Analytics sample recording failed; continuing. {"market":"DOGE","slug":"doge-updown-5m-1780647000","error":"ENOENT: no such file or directory, rename 'C:\\DEV\\tests\\Workspace de Yarbis\\Polybot\\data\\analytics-active.json.tmp' -> 'C:\\DEV\\tests\\Workspace de Yarbis\\Polybot\\data\\analytics-active.json'"}
[2026-06-05T08:15:01.593Z] INFO Resolved trade. {"mode":"sim","slug":"btc-updown-5m-1780647000","outcome":"UP","winningOutcome":"UP","won":true,"finalPrice":62745.92412622988}
[2026-06-05T08:15:01.635Z] INFO Tracking market. {"market":"BTC","slug":"btc-updown-5m-1780647300","title":"Bitcoin Up or Down - June 5, 4:15AM-4:20AM ET","end":"2026-06-05T08:20:00.000Z","upToken":"23199329771364679657616535941813141607331291300016761898251516440368883325445","downToken":"3955821431597288019343982622961561500489055733362638467739910086478704252620","orderMinSize":5,"tickSize":"0.01"}
[2026-06-05T08:15:01.662Z] INFO Captured Chainlink opening tick. {"slug":"btc-updown-5m-1780647300","openingPrice":62745.92412622988,"tickTimestamp":"2026-06-05T08:15:00.000Z"}
[2026-06-05T08:15:01.675Z] INFO Skipped trade. {"slug":"btc-updown-5m-1780647300","reason":"btc_distance_below_threshold","market":"BTC","minDistanceUsd":{"UP":5,"DOWN":5},"openingPrice":62745.92412622988,"currentPrice":62745.92412622988}
[2026-06-05T08:15:01.675Z] INFO Tracking market. {"market":"ETH","slug":"eth-updown-5m-1780647300","title":"Ethereum Up or Down - June 5, 4:15AM-4:20AM ET","end":"2026-06-05T08:20:00.000Z","upToken":"92971283957530707095701982062904334552032190399608185156373391389072347271725","downToken":"13481694152483320952125781440823722116168270008347194509506584140281742012001","orderMinSize":5,"tickSize":"0.01"}
[2026-06-05T08:15:01.676Z] INFO Skipped trade. {"slug":"eth-updown-5m-1780647300","reason":"missing_opening_chainlink_tick"}
[2026-06-05T08:15:01.676Z] INFO Tracking market. {"market":"DOGE","slug":"doge-updown-5m-1780647300","title":"Dogecoin Up or Down - June 5, 4:15AM-4:20AM ET","end":"2026-06-05T08:20:00.000Z","upToken":"84108696411917025159730852675886185849394977707947044636736129027111707482497","downToken":"65485559055750399590577564978176337020957528221930887026597184520699425251786","orderMinSize":5,"tickSize":"0.01"}
[2026-06-05T08:15:01.676Z] INFO Skipped trade. {"slug":"doge-updown-5m-1780647300","reason":"missing_opening_chainlink_tick"}
[2026-06-05T08:15:04.711Z] INFO Captured Chainlink opening tick. {"slug":"eth-updown-5m-1780647300","openingPrice":1667.8751576894706,"tickTimestamp":"2026-06-05T08:15:00.000Z"}
[2026-06-05T08:15:04.719Z] INFO Skipped trade. {"slug":"eth-updown-5m-1780647300","reason":"btc_distance_below_threshold","market":"ETH","minDistanceUsd":{"UP":0.5,"DOWN":0.5},"openingPrice":1667.8751576894706,"currentPrice":1668.3342}
[2026-06-05T08:15:04.732Z] INFO Captured Chainlink opening tick. {"slug":"doge-updown-5m-1780647300","openingPrice":0.084288,"tickTimestamp":"2026-06-05T08:15:00.000Z"}
[2026-06-05T08:15:04.761Z] INFO Skipped trade. {"slug":"doge-updown-5m-1780647300","reason":"btc_distance_below_threshold","market":"DOGE","minDistanceUsd":{"UP":0.0001,"DOWN":0.0001},"openingPrice":0.084288,"currentPrice":0.0843229714987947}
[2026-06-05T08:19:30.378Z] INFO Skipped trade. {"slug":"btc-updown-5m-1780647300","reason":"no_ask_liquidity_under_cap","outcome":"DOWN"}
[2026-06-05T08:19:30.378Z] INFO Skipped trade. {"slug":"eth-updown-5m-1780647300","reason":"no_ask_liquidity_under_cap","outcome":"DOWN"}
[2026-06-05T08:19:30.378Z] INFO Skipped trade. {"slug":"doge-updown-5m-1780647300","reason":"no_ask_liquidity_under_cap","outcome":"DOWN"}
[2026-06-05T08:20:01.422Z] INFO Tracking market. {"market":"BTC","slug":"btc-updown-5m-1780647600","title":"Bitcoin Up or Down - June 5, 4:20AM-4:25AM ET","end":"2026-06-05T08:25:00.000Z","upToken":"8660043712038566423012220390176335040122029900872100328273187642260500125266","downToken":"111405877551735651539298532397716673689984236172603016027926504461338392610535","orderMinSize":5,"tickSize":"0.01"}
[2026-06-05T08:20:01.430Z] INFO Captured Chainlink opening tick. {"slug":"btc-updown-5m-1780647600","openingPrice":62590.77981055278,"tickTimestamp":"2026-06-05T08:20:00.000Z"}
[2026-06-05T08:20:01.435Z] WARN Analytics sample recording failed; continuing. {"market":"BTC","slug":"btc-updown-5m-1780647600","error":"ENOENT: no such file or directory, rename 'C:\\DEV\\tests\\Workspace de Yarbis\\Polybot\\data\\analytics-active.json.tmp' -> 'C:\\DEV\\tests\\Workspace de Yarbis\\Polybot\\data\\analytics-active.json'"}
[2026-06-05T08:20:01.435Z] INFO Skipped trade. {"slug":"btc-updown-5m-1780647600","reason":"btc_distance_below_threshold","market":"BTC","minDistanceUsd":{"UP":5,"DOWN":5},"openingPrice":62590.77981055278,"currentPrice":62590.77981055278}
[2026-06-05T08:20:01.435Z] INFO Tracking market. {"market":"ETH","slug":"eth-updown-5m-1780647600","title":"Ethereum Up or Down - June 5, 4:20AM-4:25AM ET","end":"2026-06-05T08:25:00.000Z","upToken":"93233730681795429744473470008201728557398989308747616036654888128642274603879","downToken":"93941012199220389961362698912192353982290591318197507648696035674071564893191","orderMinSize":5,"tickSize":"0.01"}
[2026-06-05T08:20:01.435Z] INFO Skipped trade. {"slug":"eth-updown-5m-1780647600","reason":"missing_opening_chainlink_tick"}
[2026-06-05T08:20:01.435Z] INFO Tracking market. {"market":"DOGE","slug":"doge-updown-5m-1780647600","title":"Dogecoin Up or Down - June 5, 4:20AM-4:25AM ET","end":"2026-06-05T08:25:00.000Z","upToken":"54527920726395695407359255581011118230841558659304105745821109226977604520352","downToken":"56044714582617623820828731869948049325080579496524068025860468783732716321889","orderMinSize":5,"tickSize":"0.01"}
[2026-06-05T08:20:01.436Z] INFO Skipped trade. {"slug":"doge-updown-5m-1780647600","reason":"missing_opening_chainlink_tick"}
[2026-06-05T08:20:04.472Z] INFO Captured Chainlink opening tick. {"slug":"doge-updown-5m-1780647600","openingPrice":0.0839385414809576,"tickTimestamp":"2026-06-05T08:20:00.000Z"}
[2026-06-05T08:20:04.479Z] INFO Skipped trade. {"slug":"doge-updown-5m-1780647600","reason":"btc_distance_below_threshold","market":"DOGE","minDistanceUsd":{"UP":0.0001,"DOWN":0.0001},"openingPrice":0.0839385414809576,"currentPrice":0.0839123673888249}
[2026-06-05T08:20:05.502Z] INFO Captured Chainlink opening tick. {"slug":"eth-updown-5m-1780647600","openingPrice":1664.135255,"tickTimestamp":"2026-06-05T08:20:00.000Z"}
[2026-06-05T08:20:05.539Z] INFO Skipped trade. {"slug":"eth-updown-5m-1780647600","reason":"btc_distance_below_threshold","market":"ETH","minDistanceUsd":{"UP":0.5,"DOWN":0.5},"openingPrice":1664.135255,"currentPrice":1663.8940885887143}
[2026-06-05T08:24:29.736Z] INFO Skipped trade. {"slug":"btc-updown-5m-1780647600","reason":"no_ask_liquidity_under_cap","outcome":"UP"}
[2026-06-05T08:24:29.737Z] INFO Skipped trade. {"slug":"doge-updown-5m-1780647600","reason":"no_ask_liquidity_under_cap","outcome":"DOWN"}
[2026-06-05T08:24:36.716Z] INFO Skipped trade. {"slug":"eth-updown-5m-1780647600","reason":"no_ask_liquidity_under_cap","outcome":"DOWN"}
[2026-06-05T08:24:52.244Z] INFO Trade attempt recorded. {"mode":"sim","slug":"eth-updown-5m-1780647600","outcome":"DOWN","amountUsd":5,"bestAsk":0.33,"estimatedShares":15.15151515151515}
[2026-06-05T08:24:53.693Z] INFO Skipped trade. {"slug":"eth-updown-5m-1780647600","reason":"market_already_traded"}
[2026-06-05T08:25:01.830Z] INFO Tracking market. {"market":"BTC","slug":"btc-updown-5m-1780647900","title":"Bitcoin Up or Down - June 5, 4:25AM-4:30AM ET","end":"2026-06-05T08:30:00.000Z","upToken":"99723160333448789419538406946498919634991877473473148160656408829906234376698","downToken":"34181335897730861671332033858773550377941263084730975585151106147199820159098","orderMinSize":5,"tickSize":"0.01"}
[2026-06-05T08:25:01.846Z] INFO Captured Chainlink opening tick. {"slug":"btc-updown-5m-1780647900","openingPrice":62647.96956296377,"tickTimestamp":"2026-06-05T08:25:00.000Z"}
[2026-06-05T08:25:01.854Z] INFO Skipped trade. {"slug":"btc-updown-5m-1780647900","reason":"btc_distance_below_threshold","market":"BTC","minDistanceUsd":{"UP":5,"DOWN":5},"openingPrice":62647.96956296377,"currentPrice":62647.96956296377}
[2026-06-05T08:25:01.854Z] INFO Tracking market. {"market":"ETH","slug":"eth-updown-5m-1780647900","title":"Ethereum Up or Down - June 5, 4:25AM-4:30AM ET","end":"2026-06-05T08:30:00.000Z","upToken":"79131468268737008926442187963265613163479144320879597772864323275732507551961","downToken":"2665242449898290404951076613259976661235745612082245627594880280098107985555","orderMinSize":5,"tickSize":"0.01"}
[2026-06-05T08:25:01.854Z] INFO Skipped trade. {"slug":"eth-updown-5m-1780647900","reason":"missing_opening_chainlink_tick"}
[2026-06-05T08:25:01.854Z] INFO Tracking market. {"market":"DOGE","slug":"doge-updown-5m-1780647900","title":"Dogecoin Up or Down - June 5, 4:25AM-4:30AM ET","end":"2026-06-05T08:30:00.000Z","upToken":"65237459535490043655377911037412647138929300823412139295944057834156026423092","downToken":"41981063973307972527350359600993448560153163836582994433136095927722166727543","orderMinSize":5,"tickSize":"0.01"}
[2026-06-05T08:25:01.855Z] INFO Skipped trade. {"slug":"doge-updown-5m-1780647900","reason":"missing_opening_chainlink_tick"}
[2026-06-05T08:25:04.895Z] INFO Resolved trade. {"mode":"sim","slug":"eth-updown-5m-1780647600","outcome":"DOWN","winningOutcome":"DOWN","won":true,"finalPrice":1663.8999006524189}
[2026-06-05T08:25:04.914Z] INFO Captured Chainlink opening tick. {"slug":"eth-updown-5m-1780647900","openingPrice":1663.9010270929664,"tickTimestamp":"2026-06-05T08:25:00.000Z"}
[2026-06-05T08:25:04.921Z] INFO Skipped trade. {"slug":"eth-updown-5m-1780647900","reason":"btc_distance_below_threshold","market":"ETH","minDistanceUsd":{"UP":0.5,"DOWN":0.5},"openingPrice":1663.9010270929664,"currentPrice":1663.8999006524189}
[2026-06-05T08:25:04.936Z] INFO Captured Chainlink opening tick. {"slug":"doge-updown-5m-1780647900","openingPrice":0.0838309347914651,"tickTimestamp":"2026-06-05T08:25:00.000Z"}
[2026-06-05T08:25:04.941Z] INFO Skipped trade. {"slug":"doge-updown-5m-1780647900","reason":"btc_distance_below_threshold","market":"DOGE","minDistanceUsd":{"UP":0.0001,"DOWN":0.0001},"openingPrice":0.0838309347914651,"currentPrice":0.0838095105849577}
[2026-06-05T08:29:29.870Z] INFO Skipped trade. {"slug":"btc-updown-5m-1780647900","reason":"no_ask_liquidity_under_cap","outcome":"UP"}
[2026-06-05T08:29:29.870Z] INFO Skipped trade. {"slug":"eth-updown-5m-1780647900","reason":"no_ask_liquidity_under_cap","outcome":"UP"}
[2026-06-05T08:29:29.870Z] INFO Skipped trade. {"slug":"doge-updown-5m-1780647900","reason":"no_ask_liquidity_under_cap","outcome":"UP"}
[2026-06-05T08:30:00.233Z] INFO Tracking market. {"market":"BTC","slug":"btc-updown-5m-1780648200","title":"Bitcoin Up or Down - June 5, 4:30AM-4:35AM ET","end":"2026-06-05T08:35:00.000Z","upToken":"69266548900725362038861692702631495792591209185102410949538302466433672768970","downToken":"107880796489170923434538476292958372814851419633042766219779495769655436697671","orderMinSize":5,"tickSize":"0.01"}
[2026-06-05T08:30:00.233Z] INFO Skipped trade. {"slug":"btc-updown-5m-1780648200","reason":"missing_opening_chainlink_tick"}
[2026-06-05T08:30:00.233Z] INFO Tracking market. {"market":"ETH","slug":"eth-updown-5m-1780648200","title":"Ethereum Up or Down - June 5, 4:30AM-4:35AM ET","end":"2026-06-05T08:35:00.000Z","upToken":"30783961997892264839988643693094677084865268529388150910135159367340925193037","downToken":"68910118043838824311694965317246100499632000105124816956940198967744955682384","orderMinSize":5,"tickSize":"0.01"}
[2026-06-05T08:30:00.234Z] INFO Skipped trade. {"slug":"eth-updown-5m-1780648200","reason":"missing_opening_chainlink_tick"}
[2026-06-05T08:30:00.234Z] INFO Tracking market. {"market":"DOGE","slug":"doge-updown-5m-1780648200","title":"Dogecoin Up or Down - June 5, 4:30AM-4:35AM ET","end":"2026-06-05T08:35:00.000Z","upToken":"8495222550303002949948466058173550677888554182797536761341403235526417407500","downToken":"65286523460919254975224981041006690411429639477665877855600645734938901837562","orderMinSize":5,"tickSize":"0.01"}
[2026-06-05T08:30:00.234Z] INFO Skipped trade. {"slug":"doge-updown-5m-1780648200","reason":"missing_opening_chainlink_tick"}
[2026-06-05T08:30:02.260Z] INFO Captured Chainlink opening tick. {"slug":"btc-updown-5m-1780648200","openingPrice":62748.55254062173,"tickTimestamp":"2026-06-05T08:30:00.000Z"}
[2026-06-05T08:30:02.264Z] INFO Skipped trade. {"slug":"btc-updown-5m-1780648200","reason":"btc_distance_below_threshold","market":"BTC","minDistanceUsd":{"UP":5,"DOWN":5},"openingPrice":62748.55254062173,"currentPrice":62748.55254062173}
[2026-06-05T08:30:05.383Z] INFO Captured Chainlink opening tick. {"slug":"eth-updown-5m-1780648200","openingPrice":1671.1626231648745,"tickTimestamp":"2026-06-05T08:30:00.000Z"}
[2026-06-05T08:30:05.386Z] INFO Skipped trade. {"slug":"eth-updown-5m-1780648200","reason":"btc_distance_below_threshold","market":"ETH","minDistanceUsd":{"UP":0.5,"DOWN":0.5},"openingPrice":1671.1626231648745,"currentPrice":1671.580329659759}
[2026-06-05T08:30:05.393Z] INFO Captured Chainlink opening tick. {"slug":"doge-updown-5m-1780648200","openingPrice":0.0841204662223715,"tickTimestamp":"2026-06-05T08:30:00.000Z"}
[2026-06-05T08:30:05.396Z] INFO Skipped trade. {"slug":"doge-updown-5m-1780648200","reason":"btc_distance_below_threshold","market":"DOGE","minDistanceUsd":{"UP":0.0001,"DOWN":0.0001},"openingPrice":0.0841204662223715,"currentPrice":0.0841565}
[2026-06-05T08:34:29.773Z] INFO Skipped trade. {"slug":"btc-updown-5m-1780648200","reason":"no_ask_liquidity_under_cap","outcome":"DOWN"}
[2026-06-05T08:34:29.774Z] INFO Skipped trade. {"slug":"eth-updown-5m-1780648200","reason":"no_ask_liquidity_under_cap","outcome":"DOWN"}
[2026-06-05T08:34:29.774Z] INFO Skipped trade. {"slug":"doge-updown-5m-1780648200","reason":"no_ask_liquidity_under_cap","outcome":"DOWN"}
[2026-06-05T08:35:01.620Z] INFO Tracking market. {"market":"BTC","slug":"btc-updown-5m-1780648500","title":"Bitcoin Up or Down - June 5, 4:35AM-4:40AM ET","end":"2026-06-05T08:40:00.000Z","upToken":"106710414891636717265006316953678418893327467466422211799223958402266838799053","downToken":"4021777707459163782736936349144267231720416290741129668729811373465654694734","orderMinSize":5,"tickSize":"0.01"}
[2026-06-05T08:35:01.620Z] INFO Skipped trade. {"slug":"btc-updown-5m-1780648500","reason":"missing_opening_chainlink_tick"}
[2026-06-05T08:35:01.620Z] INFO Tracking market. {"market":"ETH","slug":"eth-updown-5m-1780648500","title":"Ethereum Up or Down - June 5, 4:35AM-4:40AM ET","end":"2026-06-05T08:40:00.000Z","upToken":"64126411639603181949402826013380563275554144978778149354472934876517641955784","downToken":"23897252017403379555364018692602462217035938239801663455456741106053288813539","orderMinSize":5,"tickSize":"0.01"}
[2026-06-05T08:35:01.620Z] INFO Skipped trade. {"slug":"eth-updown-5m-1780648500","reason":"missing_opening_chainlink_tick"}
[2026-06-05T08:35:01.620Z] INFO Tracking market. {"market":"DOGE","slug":"doge-updown-5m-1780648500","title":"Dogecoin Up or Down - June 5, 4:35AM-4:40AM ET","end":"2026-06-05T08:40:00.000Z","upToken":"28494805021075208371022219721760895266217820404770498213745146068413477189372","downToken":"68013331122951441822654254424588263715855914682108228147805086377191035132903","orderMinSize":5,"tickSize":"0.01"}
[2026-06-05T08:35:01.621Z] INFO Skipped trade. {"slug":"doge-updown-5m-1780648500","reason":"missing_opening_chainlink_tick"}
[2026-06-05T08:35:02.638Z] INFO Captured Chainlink opening tick. {"slug":"btc-updown-5m-1780648500","openingPrice":62645.37488340263,"tickTimestamp":"2026-06-05T08:35:00.000Z"}
[2026-06-05T08:35:02.649Z] INFO Skipped trade. {"slug":"btc-updown-5m-1780648500","reason":"btc_distance_below_threshold","market":"BTC","minDistanceUsd":{"UP":5,"DOWN":5},"openingPrice":62645.37488340263,"currentPrice":62645.37488340263}
[2026-06-05T08:35:06.789Z] INFO Captured Chainlink opening tick. {"slug":"eth-updown-5m-1780648500","openingPrice":1669.4690475655195,"tickTimestamp":"2026-06-05T08:35:00.000Z"}
[2026-06-05T08:35:06.793Z] INFO Skipped trade. {"slug":"eth-updown-5m-1780648500","reason":"btc_distance_below_threshold","market":"ETH","minDistanceUsd":{"UP":0.5,"DOWN":0.5},"openingPrice":1669.4690475655195,"currentPrice":1669.15429}
[2026-06-05T08:35:06.800Z] INFO Captured Chainlink opening tick. {"slug":"doge-updown-5m-1780648500","openingPrice":0.0838959444382247,"tickTimestamp":"2026-06-05T08:35:00.000Z"}
[2026-06-05T08:35:06.803Z] INFO Skipped trade. {"slug":"doge-updown-5m-1780648500","reason":"btc_distance_below_threshold","market":"DOGE","minDistanceUsd":{"UP":0.0001,"DOWN":0.0001},"openingPrice":0.0838959444382247,"currentPrice":0.08388443153498}
[2026-06-05T08:38:40.744Z] WARN RTDS websocket closed; reconnecting soon.
[2026-06-05T08:38:44.336Z] INFO Skipped trade. {"slug":"eth-updown-5m-1780648500","reason":"stale_chainlink_tick","tickTimestamp":"2026-06-05T08:38:34.000Z"}
[2026-06-05T08:38:44.336Z] INFO Skipped trade. {"slug":"doge-updown-5m-1780648500","reason":"stale_chainlink_tick","tickTimestamp":"2026-06-05T08:38:34.000Z"}
[2026-06-05T08:38:44.542Z] INFO Connected to Polymarket RTDS Chainlink feed.
[2026-06-05T08:39:25.514Z] WARN Analytics sample recording failed; continuing. {"market":"BTC","slug":"btc-updown-5m-1780648500","error":"ENOENT: no such file or directory, rename 'C:\\DEV\\tests\\Workspace de Yarbis\\Polybot\\data\\analytics-active.json.tmp' -> 'C:\\DEV\\tests\\Workspace de Yarbis\\Polybot\\data\\analytics-active.json'"}
[2026-06-05T08:39:29.364Z] INFO Skipped trade. {"slug":"btc-updown-5m-1780648500","reason":"no_ask_liquidity_under_cap","outcome":"DOWN"}
[2026-06-05T08:39:29.364Z] INFO Skipped trade. {"slug":"eth-updown-5m-1780648500","reason":"no_ask_liquidity_under_cap","outcome":"DOWN"}
[2026-06-05T08:39:29.364Z] INFO Skipped trade. {"slug":"doge-updown-5m-1780648500","reason":"no_ask_liquidity_under_cap","outcome":"DOWN"}
[2026-06-05T08:40:01.521Z] INFO Tracking market. {"market":"BTC","slug":"btc-updown-5m-1780648800","title":"Bitcoin Up or Down - June 5, 4:40AM-4:45AM ET","end":"2026-06-05T08:45:00.000Z","upToken":"42652268679085806011486190744752091697491293676639856261215595736310985942435","downToken":"21232726985294079871040485066599796368866166171430219002244703290169093172244","orderMinSize":5,"tickSize":"0.01"}
[2026-06-05T08:40:01.521Z] INFO Skipped trade. {"slug":"btc-updown-5m-1780648800","reason":"missing_opening_chainlink_tick"}
[2026-06-05T08:40:01.522Z] INFO Tracking market. {"market":"ETH","slug":"eth-updown-5m-1780648800","title":"Ethereum Up or Down - June 5, 4:40AM-4:45AM ET","end":"2026-06-05T08:45:00.000Z","upToken":"19021388513235401475462166034301744106719915344737151715864343914301766220266","downToken":"37035272154132685646847900401113226636646687412073924885456119955706396172284","orderMinSize":5,"tickSize":"0.01"}
[2026-06-05T08:40:01.522Z] INFO Skipped trade. {"slug":"eth-updown-5m-1780648800","reason":"missing_opening_chainlink_tick"}
[2026-06-05T08:40:01.522Z] INFO Tracking market. {"market":"DOGE","slug":"doge-updown-5m-1780648800","title":"Dogecoin Up or Down - June 5, 4:40AM-4:45AM ET","end":"2026-06-05T08:45:00.000Z","upToken":"91279843793884311026194960712605107517103516844784218537632697497230901704878","downToken":"70010316871836744388844880898000575591645272604093920270954134008981318058103","orderMinSize":5,"tickSize":"0.01"}
[2026-06-05T08:40:01.522Z] INFO Skipped trade. {"slug":"doge-updown-5m-1780648800","reason":"missing_opening_chainlink_tick"}
[2026-06-05T08:40:02.539Z] INFO Captured Chainlink opening tick. {"slug":"btc-updown-5m-1780648800","openingPrice":62478.08945084047,"tickTimestamp":"2026-06-05T08:40:00.000Z"}
[2026-06-05T08:40:02.543Z] INFO Skipped trade. {"slug":"btc-updown-5m-1780648800","reason":"btc_distance_below_threshold","market":"BTC","minDistanceUsd":{"UP":5,"DOWN":5},"openingPrice":62478.08945084047,"currentPrice":62478.08945084047}
[2026-06-05T08:40:05.578Z] INFO Captured Chainlink opening tick. {"slug":"eth-updown-5m-1780648800","openingPrice":1667.8321541035027,"tickTimestamp":"2026-06-05T08:40:00.000Z"}
[2026-06-05T08:40:05.583Z] INFO Skipped trade. {"slug":"eth-updown-5m-1780648800","reason":"btc_distance_below_threshold","market":"ETH","minDistanceUsd":{"UP":0.5,"DOWN":0.5},"openingPrice":1667.8321541035027,"currentPrice":1667.7514795606562}
[2026-06-05T08:40:05.601Z] INFO Captured Chainlink opening tick. {"slug":"doge-updown-5m-1780648800","openingPrice":0.0837085928802316,"tickTimestamp":"2026-06-05T08:40:00.000Z"}
[2026-06-05T08:40:05.606Z] INFO Skipped trade. {"slug":"doge-updown-5m-1780648800","reason":"btc_distance_below_threshold","market":"DOGE","minDistanceUsd":{"UP":0.0001,"DOWN":0.0001},"openingPrice":0.0837085928802316,"currentPrice":0.0836947}
[2026-06-05T08:45:26.688Z] INFO Tracking market. {"market":"BTC","slug":"btc-updown-5m-1780649100","title":"Bitcoin Up or Down - June 5, 4:45AM-4:50AM ET","end":"2026-06-05T08:50:00.000Z","upToken":"45429777158983970033200640074543832432098067009381544789791123225348691971447","downToken":"109243822238682148344898496512978993935323418855533305195612934986897611814456","orderMinSize":5,"tickSize":"0.01"}
[2026-06-05T08:45:26.701Z] INFO Captured Chainlink opening tick. {"slug":"btc-updown-5m-1780649100","openingPrice":62486.89044750205,"tickTimestamp":"2026-06-05T08:45:00.000Z"}
[2026-06-05T08:45:26.709Z] INFO Tracking market. {"market":"ETH","slug":"eth-updown-5m-1780649100","title":"Ethereum Up or Down - June 5, 4:45AM-4:50AM ET","end":"2026-06-05T08:50:00.000Z","upToken":"90468072298041117552265777895128925928224968765994267455951687444096408335305","downToken":"83270798850342497722012086234732777119814619990614622168770411594747574758984","orderMinSize":5,"tickSize":"0.01"}
[2026-06-05T08:45:26.727Z] INFO Captured Chainlink opening tick. {"slug":"eth-updown-5m-1780649100","openingPrice":1665.6488720685725,"tickTimestamp":"2026-06-05T08:45:00.000Z"}
[2026-06-05T08:45:26.734Z] INFO Skipped trade. {"slug":"eth-updown-5m-1780649100","reason":"btc_distance_below_threshold","market":"ETH","minDistanceUsd":{"UP":0.5,"DOWN":0.5},"openingPrice":1665.6488720685725,"currentPrice":1666.0536866891625}
[2026-06-05T08:45:26.734Z] INFO Tracking market. {"market":"DOGE","slug":"doge-updown-5m-1780649100","title":"Dogecoin Up or Down - June 5, 4:45AM-4:50AM ET","end":"2026-06-05T08:50:00.000Z","upToken":"11401072645059339074424648611240801007626957336487366898684793841258272395549","downToken":"3271643594194855835509348840435770656430294977240099961048456919433614486459","orderMinSize":5,"tickSize":"0.01"}
[2026-06-05T08:45:26.749Z] INFO Captured Chainlink opening tick. {"slug":"doge-updown-5m-1780649100","openingPrice":0.0835498144667112,"tickTimestamp":"2026-06-05T08:45:00.000Z"}
[2026-06-05T08:45:26.767Z] INFO Skipped trade. {"slug":"doge-updown-5m-1780649100","reason":"btc_distance_below_threshold","market":"DOGE","minDistanceUsd":{"UP":0.0001,"DOWN":0.0001},"openingPrice":0.0835498144667112,"currentPrice":0.0835209986237728}
[2026-06-05T08:45:35.992Z] INFO Skipped trade. {"slug":"btc-updown-5m-1780649100","reason":"btc_distance_below_threshold","market":"BTC","minDistanceUsd":{"UP":5,"DOWN":5},"openingPrice":62486.89044750205,"currentPrice":62487.55371041631}
[2026-06-05T08:49:29.090Z] INFO Skipped trade. {"slug":"btc-updown-5m-1780649100","reason":"no_ask_liquidity_under_cap","outcome":"UP"}
[2026-06-05T08:49:29.090Z] INFO Skipped trade. {"slug":"eth-updown-5m-1780649100","reason":"no_ask_liquidity_under_cap","outcome":"UP"}
[2026-06-05T08:49:29.090Z] INFO Skipped trade. {"slug":"doge-updown-5m-1780649100","reason":"no_ask_liquidity_under_cap","outcome":"UP"}
[2026-06-05T08:50:00.087Z] WARN Analytics sample recording failed; continuing. {"market":"DOGE","slug":"doge-updown-5m-1780649100","error":"ENOENT: no such file or directory, rename 'C:\\DEV\\tests\\Workspace de Yarbis\\Polybot\\data\\analytics-active.json.tmp' -> 'C:\\DEV\\tests\\Workspace de Yarbis\\Polybot\\data\\analytics-active.json'"}
[2026-06-05T08:50:01.261Z] INFO Tracking market. {"market":"BTC","slug":"btc-updown-5m-1780649400","title":"Bitcoin Up or Down - June 5, 4:50AM-4:55AM ET","end":"2026-06-05T08:55:00.000Z","upToken":"80741307091987958529751384423063740469316053745727686679605270177380970367914","downToken":"44656896058166726836568870515604525599625990008884991680282079427730953340967","orderMinSize":5,"tickSize":"0.01"}
[2026-06-05T08:50:01.262Z] INFO Skipped trade. {"slug":"btc-updown-5m-1780649400","reason":"missing_opening_chainlink_tick"}
[2026-06-05T08:50:01.262Z] INFO Tracking market. {"market":"ETH","slug":"eth-updown-5m-1780649400","title":"Ethereum Up or Down - June 5, 4:50AM-4:55AM ET","end":"2026-06-05T08:55:00.000Z","upToken":"78975864328614098567645592973978690424446274474791375722347870223579741402020","downToken":"54203652595699178296081426426871208494465152881661514184988990448392479174657","orderMinSize":5,"tickSize":"0.01"}
[2026-06-05T08:50:01.262Z] INFO Skipped trade. {"slug":"eth-updown-5m-1780649400","reason":"missing_opening_chainlink_tick"}
[2026-06-05T08:50:01.262Z] INFO Tracking market. {"market":"DOGE","slug":"doge-updown-5m-1780649400","title":"Dogecoin Up or Down - June 5, 4:50AM-4:55AM ET","end":"2026-06-05T08:55:00.000Z","upToken":"3574078809114841028189075919277253214339798505468022156495447567198042141036","downToken":"39947991672699201795114686700279192658773829380041647065002186148347394332810","orderMinSize":5,"tickSize":"0.01"}
[2026-06-05T08:50:01.262Z] INFO Skipped trade. {"slug":"doge-updown-5m-1780649400","reason":"missing_opening_chainlink_tick"}
[2026-06-05T08:50:02.285Z] INFO Captured Chainlink opening tick. {"slug":"btc-updown-5m-1780649400","openingPrice":62539.85702712327,"tickTimestamp":"2026-06-05T08:50:00.000Z"}
[2026-06-05T08:50:02.292Z] INFO Skipped trade. {"slug":"btc-updown-5m-1780649400","reason":"btc_distance_below_threshold","market":"BTC","minDistanceUsd":{"UP":5,"DOWN":5},"openingPrice":62539.85702712327,"currentPrice":62539.85702712327}
[2026-06-05T08:50:06.395Z] INFO Captured Chainlink opening tick. {"slug":"eth-updown-5m-1780649400","openingPrice":1667.57796,"tickTimestamp":"2026-06-05T08:50:00.000Z"}
[2026-06-05T08:50:06.399Z] INFO Skipped trade. {"slug":"eth-updown-5m-1780649400","reason":"btc_distance_below_threshold","market":"ETH","minDistanceUsd":{"UP":0.5,"DOWN":0.5},"openingPrice":1667.57796,"currentPrice":1667.2036237040725}
[2026-06-05T08:50:06.408Z] INFO Captured Chainlink opening tick. {"slug":"doge-updown-5m-1780649400","openingPrice":0.0837573,"tickTimestamp":"2026-06-05T08:50:00.000Z"}
[2026-06-05T08:50:06.411Z] INFO Skipped trade. {"slug":"doge-updown-5m-1780649400","reason":"btc_distance_below_threshold","market":"DOGE","minDistanceUsd":{"UP":0.0001,"DOWN":0.0001},"openingPrice":0.0837573,"currentPrice":0.0837336}
[2026-06-05T08:54:30.254Z] INFO Skipped trade. {"slug":"btc-updown-5m-1780649400","reason":"no_ask_liquidity_under_cap","outcome":"DOWN"}
[2026-06-05T08:54:30.254Z] INFO Skipped trade. {"slug":"eth-updown-5m-1780649400","reason":"no_ask_liquidity_under_cap","outcome":"DOWN"}
[2026-06-05T08:54:30.254Z] INFO Skipped trade. {"slug":"doge-updown-5m-1780649400","reason":"no_ask_liquidity_under_cap","outcome":"DOWN"}
[2026-06-05T08:55:00.378Z] INFO Tracking market. {"market":"BTC","slug":"btc-updown-5m-1780649700","title":"Bitcoin Up or Down - June 5, 4:55AM-5:00AM ET","end":"2026-06-05T09:00:00.000Z","upToken":"114392004913557434508234125006244868175256742941227998419510703216632912806838","downToken":"72509153920803941032462600712356467982316822969833521358575278962433524915804","orderMinSize":5,"tickSize":"0.01"}
[2026-06-05T08:55:00.379Z] INFO Skipped trade. {"slug":"btc-updown-5m-1780649700","reason":"missing_opening_chainlink_tick"}
[2026-06-05T08:55:00.379Z] INFO Tracking market. {"market":"ETH","slug":"eth-updown-5m-1780649700","title":"Ethereum Up or Down - June 5, 4:55AM-5:00AM ET","end":"2026-06-05T09:00:00.000Z","upToken":"83325190923198685733163047216091349240491015099308619295456109456458734842535","downToken":"84912991809867359588509579087798534349914986518739656215211936568962124027404","orderMinSize":5,"tickSize":"0.01"}
[2026-06-05T08:55:00.379Z] INFO Skipped trade. {"slug":"eth-updown-5m-1780649700","reason":"missing_opening_chainlink_tick"}
[2026-06-05T08:55:00.379Z] INFO Tracking market. {"market":"DOGE","slug":"doge-updown-5m-1780649700","title":"Dogecoin Up or Down - June 5, 4:55AM-5:00AM ET","end":"2026-06-05T09:00:00.000Z","upToken":"104798699641180899589348796122192937581626598300918965031521435242906866090663","downToken":"68007616251357949831367036599557584907019248335049160453030479959607835480879","orderMinSize":5,"tickSize":"0.01"}
[2026-06-05T08:55:00.380Z] INFO Skipped trade. {"slug":"doge-updown-5m-1780649700","reason":"missing_opening_chainlink_tick"}
[2026-06-05T08:55:02.409Z] INFO Captured Chainlink opening tick. {"slug":"btc-updown-5m-1780649700","openingPrice":62374.26062546358,"tickTimestamp":"2026-06-05T08:55:00.000Z"}
[2026-06-05T08:55:02.415Z] INFO Skipped trade. {"slug":"btc-updown-5m-1780649700","reason":"btc_distance_below_threshold","market":"BTC","minDistanceUsd":{"UP":5,"DOWN":5},"openingPrice":62374.26062546358,"currentPrice":62374.26062546358}
[2026-06-05T08:55:06.556Z] INFO Captured Chainlink opening tick. {"slug":"eth-updown-5m-1780649700","openingPrice":1661.6981008223752,"tickTimestamp":"2026-06-05T08:55:00.000Z"}
[2026-06-05T08:55:06.578Z] INFO Captured Chainlink opening tick. {"slug":"doge-updown-5m-1780649700","openingPrice":0.0834242008704648,"tickTimestamp":"2026-06-05T08:55:00.000Z"}
[2026-06-05T08:55:06.596Z] INFO Skipped trade. {"slug":"doge-updown-5m-1780649700","reason":"btc_distance_below_threshold","market":"DOGE","minDistanceUsd":{"UP":0.0001,"DOWN":0.0001},"openingPrice":0.0834242008704648,"currentPrice":0.0833571}
[2026-06-05T08:56:36.996Z] INFO Skipped trade. {"slug":"eth-updown-5m-1780649700","reason":"btc_distance_below_threshold","market":"ETH","minDistanceUsd":{"UP":0.5,"DOWN":0.5},"openingPrice":1661.6981008223752,"currentPrice":1661.351855}
[2026-06-05T08:59:29.208Z] INFO Skipped trade. {"slug":"btc-updown-5m-1780649700","reason":"no_ask_liquidity_under_cap","outcome":"UP"}
[2026-06-05T08:59:29.208Z] INFO Skipped trade. {"slug":"eth-updown-5m-1780649700","reason":"no_ask_liquidity_under_cap","outcome":"UP"}
[2026-06-05T09:00:01.194Z] INFO Tracking market. {"market":"BTC","slug":"btc-updown-5m-1780650000","title":"Bitcoin Up or Down - June 5, 5:00AM-5:05AM ET","end":"2026-06-05T09:05:00.000Z","upToken":"18724175111020753775886720901388445523336483606539732378509468633808125702133","downToken":"59392380535226969893315429617137422213287329488662789080269208385752784565757","orderMinSize":5,"tickSize":"0.01"}
[2026-06-05T09:00:01.194Z] INFO Skipped trade. {"slug":"btc-updown-5m-1780650000","reason":"missing_opening_chainlink_tick"}
[2026-06-05T09:00:01.194Z] INFO Tracking market. {"market":"ETH","slug":"eth-updown-5m-1780650000","title":"Ethereum Up or Down - June 5, 5:00AM-5:05AM ET","end":"2026-06-05T09:05:00.000Z","upToken":"9951696397125850584372213006169596915997950628541294024466762981992895002598","downToken":"91686645826223802729037086798279106585812052397261857147034036471218404725696","orderMinSize":5,"tickSize":"0.01"}
[2026-06-05T09:00:01.194Z] INFO Skipped trade. {"slug":"eth-updown-5m-1780650000","reason":"missing_opening_chainlink_tick"}
[2026-06-05T09:00:01.194Z] INFO Tracking market. {"market":"DOGE","slug":"doge-updown-5m-1780650000","title":"Dogecoin Up or Down - June 5, 5:00AM-5:05AM ET","end":"2026-06-05T09:05:00.000Z","upToken":"102113088888291526161252510745667315508786276245336310978229275650756589284933","downToken":"107430136478714073391240395510628306946140687690118896061942936795176680379168","orderMinSize":5,"tickSize":"0.01"}
[2026-06-05T09:00:01.195Z] INFO Skipped trade. {"slug":"doge-updown-5m-1780650000","reason":"missing_opening_chainlink_tick"}
[2026-06-05T09:00:02.208Z] INFO Captured Chainlink opening tick. {"slug":"btc-updown-5m-1780650000","openingPrice":62402.43956187754,"tickTimestamp":"2026-06-05T09:00:00.000Z"}
[2026-06-05T09:00:02.213Z] INFO Skipped trade. {"slug":"btc-updown-5m-1780650000","reason":"btc_distance_below_threshold","market":"BTC","minDistanceUsd":{"UP":5,"DOWN":5},"openingPrice":62402.43956187754,"currentPrice":62402.43956187754}
[2026-06-05T09:00:02.225Z] INFO Captured Chainlink opening tick. {"slug":"eth-updown-5m-1780650000","openingPrice":1662.4733000589135,"tickTimestamp":"2026-06-05T09:00:00.000Z"}
[2026-06-05T09:00:02.230Z] INFO Skipped trade. {"slug":"eth-updown-5m-1780650000","reason":"btc_distance_below_threshold","market":"ETH","minDistanceUsd":{"UP":0.5,"DOWN":0.5},"openingPrice":1662.4733000589135,"currentPrice":1662.4733000589135}
[2026-06-05T09:00:02.242Z] INFO Captured Chainlink opening tick. {"slug":"doge-updown-5m-1780650000","openingPrice":0.083507,"tickTimestamp":"2026-06-05T09:00:00.000Z"}
[2026-06-05T09:00:02.251Z] INFO Skipped trade. {"slug":"doge-updown-5m-1780650000","reason":"btc_distance_below_threshold","market":"DOGE","minDistanceUsd":{"UP":0.0001,"DOWN":0.0001},"openingPrice":0.083507,"currentPrice":0.083507}
[2026-06-05T09:04:14.818Z] INFO Skipped trade. {"slug":"eth-updown-5m-1780650000","reason":"stale_chainlink_tick","tickTimestamp":"2026-06-05T09:04:04.000Z"}
[2026-06-05T09:04:15.077Z] INFO Skipped trade. {"slug":"doge-updown-5m-1780650000","reason":"stale_chainlink_tick","tickTimestamp":"2026-06-05T09:04:03.000Z"}
[2026-06-05T09:04:28.903Z] INFO Skipped trade. {"slug":"btc-updown-5m-1780650000","reason":"no_ask_liquidity_under_cap","outcome":"UP"}
[2026-06-05T09:04:28.903Z] INFO Skipped trade. {"slug":"eth-updown-5m-1780650000","reason":"no_ask_liquidity_under_cap","outcome":"UP"}
[2026-06-05T09:04:28.903Z] INFO Skipped trade. {"slug":"doge-updown-5m-1780650000","reason":"no_ask_liquidity_under_cap","outcome":"UP"}
[2026-06-05T09:05:00.972Z] INFO Tracking market. {"market":"BTC","slug":"btc-updown-5m-1780650300","title":"Bitcoin Up or Down - June 5, 5:05AM-5:10AM ET","end":"2026-06-05T09:10:00.000Z","upToken":"46265595596322863157819842174795279171108270724879435686996545128412063709727","downToken":"66519047670529681498864597392157000595033045059465978306837185234975218012269","orderMinSize":5,"tickSize":"0.01"}
[2026-06-05T09:05:00.972Z] INFO Skipped trade. {"slug":"btc-updown-5m-1780650300","reason":"missing_opening_chainlink_tick"}
[2026-06-05T09:05:00.972Z] INFO Tracking market. {"market":"ETH","slug":"eth-updown-5m-1780650300","title":"Ethereum Up or Down - June 5, 5:05AM-5:10AM ET","end":"2026-06-05T09:10:00.000Z","upToken":"55612639800244602040825371809567109601326146984859754947400896654547766359502","downToken":"45663042294413030694324694638137548606250628953983606424887805075099600335554","orderMinSize":5,"tickSize":"0.01"}
[2026-06-05T09:05:00.973Z] INFO Skipped trade. {"slug":"eth-updown-5m-1780650300","reason":"missing_opening_chainlink_tick"}
[2026-06-05T09:05:00.973Z] INFO Tracking market. {"market":"DOGE","slug":"doge-updown-5m-1780650300","title":"Dogecoin Up or Down - June 5, 5:05AM-5:10AM ET","end":"2026-06-05T09:10:00.000Z","upToken":"4195346652150790427826694630322003241221543410088812762199914511462402159696","downToken":"33905361601259244825232742463186895531149552034290629654867624897766562308024","orderMinSize":5,"tickSize":"0.01"}
[2026-06-05T09:05:00.973Z] INFO Skipped trade. {"slug":"doge-updown-5m-1780650300","reason":"missing_opening_chainlink_tick"}
[2026-06-05T09:05:01.986Z] INFO Captured Chainlink opening tick. {"slug":"btc-updown-5m-1780650300","openingPrice":62493.63504044622,"tickTimestamp":"2026-06-05T09:05:00.000Z"}
[2026-06-05T09:05:01.993Z] INFO Skipped trade. {"slug":"btc-updown-5m-1780650300","reason":"btc_distance_below_threshold","market":"BTC","minDistanceUsd":{"UP":5,"DOWN":5},"openingPrice":62493.63504044622,"currentPrice":62493.63504044622}
[2026-06-05T09:05:03.019Z] INFO Captured Chainlink opening tick. {"slug":"eth-updown-5m-1780650300","openingPrice":1667.00055,"tickTimestamp":"2026-06-05T09:05:00.000Z"}
[2026-06-05T09:05:03.030Z] INFO Skipped trade. {"slug":"eth-updown-5m-1780650300","reason":"btc_distance_below_threshold","market":"ETH","minDistanceUsd":{"UP":0.5,"DOWN":0.5},"openingPrice":1667.00055,"currentPrice":1667.00055}
[2026-06-05T09:05:03.048Z] INFO Captured Chainlink opening tick. {"slug":"doge-updown-5m-1780650300","openingPrice":0.0837792164222898,"tickTimestamp":"2026-06-05T09:05:00.000Z"}
[2026-06-05T09:05:03.054Z] INFO Skipped trade. {"slug":"doge-updown-5m-1780650300","reason":"btc_distance_below_threshold","market":"DOGE","minDistanceUsd":{"UP":0.0001,"DOWN":0.0001},"openingPrice":0.0837792164222898,"currentPrice":0.0837792164222898}
[2026-06-05T09:09:28.937Z] INFO Skipped trade. {"slug":"btc-updown-5m-1780650300","reason":"no_ask_liquidity_under_cap","outcome":"UP"}
[2026-06-05T09:09:28.937Z] INFO Skipped trade. {"slug":"eth-updown-5m-1780650300","reason":"no_ask_liquidity_under_cap","outcome":"UP"}
[2026-06-05T09:09:28.937Z] INFO Skipped trade. {"slug":"doge-updown-5m-1780650300","reason":"no_ask_liquidity_under_cap","outcome":"UP"}
[2026-06-05T09:10:00.727Z] INFO Tracking market. {"market":"BTC","slug":"btc-updown-5m-1780650600","title":"Bitcoin Up or Down - June 5, 5:10AM-5:15AM ET","end":"2026-06-05T09:15:00.000Z","upToken":"47942650581199447875110764253449747785908255337937453981292863360821049490643","downToken":"44059820464486378833012023245553486915072842038505549015374703496693347061130","orderMinSize":5,"tickSize":"0.01"}
[2026-06-05T09:10:00.727Z] INFO Skipped trade. {"slug":"btc-updown-5m-1780650600","reason":"missing_opening_chainlink_tick"}
[2026-06-05T09:10:00.727Z] INFO Tracking market. {"market":"ETH","slug":"eth-updown-5m-1780650600","title":"Ethereum Up or Down - June 5, 5:10AM-5:15AM ET","end":"2026-06-05T09:15:00.000Z","upToken":"24440073946493122641854330314253083461201871034787614635811899937448076345233","downToken":"66523564080413108332989215857306213186186862654292786498299185699990339778441","orderMinSize":5,"tickSize":"0.01"}
[2026-06-05T09:10:00.727Z] INFO Skipped trade. {"slug":"eth-updown-5m-1780650600","reason":"missing_opening_chainlink_tick"}
[2026-06-05T09:10:00.728Z] INFO Tracking market. {"market":"DOGE","slug":"doge-updown-5m-1780650600","title":"Dogecoin Up or Down - June 5, 5:10AM-5:15AM ET","end":"2026-06-05T09:15:00.000Z","upToken":"41416363916766837689482135627208490511448997962361096230352970986850149533877","downToken":"73963542247930790212753977471719522198350317057188519550564055470084433010264","orderMinSize":5,"tickSize":"0.01"}
[2026-06-05T09:10:00.728Z] INFO Skipped trade. {"slug":"doge-updown-5m-1780650600","reason":"missing_opening_chainlink_tick"}
[2026-06-05T09:10:03.762Z] INFO Captured Chainlink opening tick. {"slug":"btc-updown-5m-1780650600","openingPrice":62688.85344542326,"tickTimestamp":"2026-06-05T09:10:00.000Z"}
[2026-06-05T09:10:07.899Z] INFO Captured Chainlink opening tick. {"slug":"eth-updown-5m-1780650600","openingPrice":1671.3876567535635,"tickTimestamp":"2026-06-05T09:10:00.000Z"}
[2026-06-05T09:10:07.920Z] INFO Captured Chainlink opening tick. {"slug":"doge-updown-5m-1780650600","openingPrice":0.084024,"tickTimestamp":"2026-06-05T09:10:00.000Z"}
[2026-06-05T09:10:07.927Z] INFO Skipped trade. {"slug":"doge-updown-5m-1780650600","reason":"btc_distance_below_threshold","market":"DOGE","minDistanceUsd":{"UP":0.0001,"DOWN":0.0001},"openingPrice":0.084024,"currentPrice":0.0840195040952178}
[2026-06-05T09:10:13.054Z] INFO Skipped trade. {"slug":"eth-updown-5m-1780650600","reason":"btc_distance_below_threshold","market":"ETH","minDistanceUsd":{"UP":0.5,"DOWN":0.5},"openingPrice":1671.3876567535635,"currentPrice":1671.7140531314874}
[2026-06-05T09:10:24.301Z] INFO Skipped trade. {"slug":"btc-updown-5m-1780650600","reason":"btc_distance_below_threshold","market":"BTC","minDistanceUsd":{"UP":5,"DOWN":5},"openingPrice":62688.85344542326,"currentPrice":62685.841855729064}
[2026-06-05T09:14:30.389Z] INFO Skipped trade. {"slug":"btc-updown-5m-1780650600","reason":"no_ask_liquidity_under_cap","outcome":"UP"}
[2026-06-05T09:14:30.390Z] INFO Skipped trade. {"slug":"eth-updown-5m-1780650600","reason":"no_ask_liquidity_under_cap","outcome":"UP"}
[2026-06-05T09:14:30.390Z] INFO Skipped trade. {"slug":"doge-updown-5m-1780650600","reason":"no_ask_liquidity_under_cap","outcome":"UP"}
[2026-06-05T09:15:01.644Z] INFO Tracking market. {"market":"BTC","slug":"btc-updown-5m-1780650900","title":"Bitcoin Up or Down - June 5, 5:15AM-5:20AM ET","end":"2026-06-05T09:20:00.000Z","upToken":"65203417814557235800041599705183401692258974112776392320027964496813762254844","downToken":"86156230715711668916504247982138535187681650597907981535663988124441136083095","orderMinSize":5,"tickSize":"0.01"}
[2026-06-05T09:15:01.663Z] INFO Captured Chainlink opening tick. {"slug":"btc-updown-5m-1780650900","openingPrice":63011.77773779993,"tickTimestamp":"2026-06-05T09:15:00.000Z"}
[2026-06-05T09:15:01.680Z] INFO Skipped trade. {"slug":"btc-updown-5m-1780650900","reason":"btc_distance_below_threshold","market":"BTC","minDistanceUsd":{"UP":5,"DOWN":5},"openingPrice":63011.77773779993,"currentPrice":63011.77773779993}
[2026-06-05T09:15:01.680Z] INFO Tracking market. {"market":"ETH","slug":"eth-updown-5m-1780650900","title":"Ethereum Up or Down - June 5, 5:15AM-5:20AM ET","end":"2026-06-05T09:20:00.000Z","upToken":"7526460886045197098818090834328969218785750215162984117438360027376762367093","downToken":"101097163930965003971474147014173224932950204662212431362223212867682996561779","orderMinSize":5,"tickSize":"0.01"}
[2026-06-05T09:15:01.681Z] INFO Skipped trade. {"slug":"eth-updown-5m-1780650900","reason":"missing_opening_chainlink_tick"}
[2026-06-05T09:15:01.681Z] INFO Tracking market. {"market":"DOGE","slug":"doge-updown-5m-1780650900","title":"Dogecoin Up or Down - June 5, 5:15AM-5:20AM ET","end":"2026-06-05T09:20:00.000Z","upToken":"71082281182363391906852951405650422410671999675928910079365648051423909008879","downToken":"64962449563684395999835593282459602436943727825210337546231682267756501292764","orderMinSize":5,"tickSize":"0.01"}
[2026-06-05T09:15:01.681Z] INFO Skipped trade. {"slug":"doge-updown-5m-1780650900","reason":"missing_opening_chainlink_tick"}
[2026-06-05T09:15:03.709Z] INFO Captured Chainlink opening tick. {"slug":"eth-updown-5m-1780650900","openingPrice":1684.87962,"tickTimestamp":"2026-06-05T09:15:00.000Z"}
[2026-06-05T09:15:03.715Z] INFO Skipped trade. {"slug":"eth-updown-5m-1780650900","reason":"btc_distance_below_threshold","market":"ETH","minDistanceUsd":{"UP":0.5,"DOWN":0.5},"openingPrice":1684.87962,"currentPrice":1685.2860339926353}
[2026-06-05T09:15:03.727Z] INFO Captured Chainlink opening tick. {"slug":"doge-updown-5m-1780650900","openingPrice":0.0845497,"tickTimestamp":"2026-06-05T09:15:00.000Z"}
[2026-06-05T09:15:03.902Z] INFO Skipped trade. {"slug":"doge-updown-5m-1780650900","reason":"btc_distance_below_threshold","market":"DOGE","minDistanceUsd":{"UP":0.0001,"DOWN":0.0001},"openingPrice":0.0845497,"currentPrice":0.0845735055336994}
[2026-06-05T09:19:30.276Z] INFO Skipped trade. {"slug":"btc-updown-5m-1780650900","reason":"no_ask_liquidity_under_cap","outcome":"DOWN"}
[2026-06-05T09:19:30.276Z] INFO Skipped trade. {"slug":"eth-updown-5m-1780650900","reason":"no_ask_liquidity_under_cap","outcome":"DOWN"}
[2026-06-05T09:19:30.276Z] INFO Skipped trade. {"slug":"doge-updown-5m-1780650900","reason":"no_ask_liquidity_under_cap","outcome":"DOWN"}
[2026-06-05T09:19:38.806Z] INFO Trade attempt recorded. {"mode":"sim","slug":"btc-updown-5m-1780650900","outcome":"UP","amountUsd":5,"bestAsk":0.17,"estimatedShares":29.41176470588235}
[2026-06-05T09:19:40.033Z] INFO Skipped trade. {"slug":"btc-updown-5m-1780650900","reason":"market_already_traded"}
[2026-06-05T09:20:00.745Z] INFO Tracking market. {"market":"BTC","slug":"btc-updown-5m-1780651200","title":"Bitcoin Up or Down - June 5, 5:20AM-5:25AM ET","end":"2026-06-05T09:25:00.000Z","upToken":"58650771894597269711057070890779478645944342917477867362394959771419994491466","downToken":"44056006929578973194525941868988029895420954064436482162239036780092848257777","orderMinSize":5,"tickSize":"0.01"}
[2026-06-05T09:20:00.745Z] INFO Skipped trade. {"slug":"btc-updown-5m-1780651200","reason":"missing_opening_chainlink_tick"}
[2026-06-05T09:20:00.745Z] INFO Tracking market. {"market":"ETH","slug":"eth-updown-5m-1780651200","title":"Ethereum Up or Down - June 5, 5:20AM-5:25AM ET","end":"2026-06-05T09:25:00.000Z","upToken":"101692574827019870811026438404149040170551043455994540421035646359031939373136","downToken":"87643992227593621935684515105796601191592571641798911419131266187043825141361","orderMinSize":5,"tickSize":"0.01"}
[2026-06-05T09:20:00.745Z] INFO Skipped trade. {"slug":"eth-updown-5m-1780651200","reason":"missing_opening_chainlink_tick"}
[2026-06-05T09:20:00.745Z] INFO Tracking market. {"market":"DOGE","slug":"doge-updown-5m-1780651200","title":"Dogecoin Up or Down - June 5, 5:20AM-5:25AM ET","end":"2026-06-05T09:25:00.000Z","upToken":"31661372811059026928411267323967067011223258294763771008142686813691700970122","downToken":"47294821184446982763008762607113042576901691852626449402822564378687264032768","orderMinSize":5,"tickSize":"0.01"}
[2026-06-05T09:20:00.746Z] INFO Skipped trade. {"slug":"doge-updown-5m-1780651200","reason":"missing_opening_chainlink_tick"}
[2026-06-05T09:20:01.795Z] INFO Resolved trade. {"mode":"sim","slug":"btc-updown-5m-1780650900","outcome":"UP","winningOutcome":"DOWN","won":false,"finalPrice":62910.492068678126}
[2026-06-05T09:20:01.873Z] INFO Captured Chainlink opening tick. {"slug":"btc-updown-5m-1780651200","openingPrice":62910.492068678126,"tickTimestamp":"2026-06-05T09:20:00.000Z"}
[2026-06-05T09:20:01.878Z] INFO Skipped trade. {"slug":"btc-updown-5m-1780651200","reason":"btc_distance_below_threshold","market":"BTC","minDistanceUsd":{"UP":5,"DOWN":5},"openingPrice":62910.492068678126,"currentPrice":62910.492068678126}
[2026-06-05T09:20:03.894Z] INFO Captured Chainlink opening tick. {"slug":"eth-updown-5m-1780651200","openingPrice":1678.7776384797212,"tickTimestamp":"2026-06-05T09:20:00.000Z"}
[2026-06-05T09:20:03.897Z] INFO Skipped trade. {"slug":"eth-updown-5m-1780651200","reason":"btc_distance_below_threshold","market":"ETH","minDistanceUsd":{"UP":0.5,"DOWN":0.5},"openingPrice":1678.7776384797212,"currentPrice":1678.8821735392892}
[2026-06-05T09:20:03.916Z] INFO Captured Chainlink opening tick. {"slug":"doge-updown-5m-1780651200","openingPrice":0.0842882,"tickTimestamp":"2026-06-05T09:20:00.000Z"}
[2026-06-05T09:20:03.921Z] INFO Skipped trade. {"slug":"doge-updown-5m-1780651200","reason":"btc_distance_below_threshold","market":"DOGE","minDistanceUsd":{"UP":0.0001,"DOWN":0.0001},"openingPrice":0.0842882,"currentPrice":0.084287}
[2026-06-05T09:21:36.960Z] WARN Bot loop iteration failed; retrying. {"error":"fetch failed"}
[2026-06-05T09:23:53.149Z] WARN Bot loop iteration failed; retrying. {"error":"fetch failed"}
[2026-06-05T09:24:29.739Z] INFO Skipped trade. {"slug":"btc-updown-5m-1780651200","reason":"no_ask_liquidity_under_cap","outcome":"UP"}
[2026-06-05T09:24:29.739Z] INFO Skipped trade. {"slug":"eth-updown-5m-1780651200","reason":"no_ask_liquidity_under_cap","outcome":"UP"}
[2026-06-05T09:24:29.739Z] INFO Skipped trade. {"slug":"doge-updown-5m-1780651200","reason":"no_ask_liquidity_under_cap","outcome":"UP"}
[2026-06-05T09:25:00.139Z] INFO Tracking market. {"market":"BTC","slug":"btc-updown-5m-1780651500","title":"Bitcoin Up or Down - June 5, 5:25AM-5:30AM ET","end":"2026-06-05T09:30:00.000Z","upToken":"106255337514687063254320387407457561418281722610840112097318634006825481731987","downToken":"94181815767254612410522768117981537010128608679235149216847139750467418411177","orderMinSize":5,"tickSize":"0.01"}
[2026-06-05T09:25:00.140Z] INFO Skipped trade. {"slug":"btc-updown-5m-1780651500","reason":"missing_opening_chainlink_tick"}
[2026-06-05T09:25:00.140Z] INFO Tracking market. {"market":"ETH","slug":"eth-updown-5m-1780651500","title":"Ethereum Up or Down - June 5, 5:25AM-5:30AM ET","end":"2026-06-05T09:30:00.000Z","upToken":"67318438485232603695843722812275187577446105914735724031095659804463023149093","downToken":"91321292168900661558262413633089622215948008671057731891739998745054954591846","orderMinSize":5,"tickSize":"0.01"}
[2026-06-05T09:25:00.141Z] INFO Skipped trade. {"slug":"eth-updown-5m-1780651500","reason":"missing_opening_chainlink_tick"}
[2026-06-05T09:25:00.141Z] INFO Tracking market. {"market":"DOGE","slug":"doge-updown-5m-1780651500","title":"Dogecoin Up or Down - June 5, 5:25AM-5:30AM ET","end":"2026-06-05T09:30:00.000Z","upToken":"80422897063263090785908087389589520594683728395443323935894357277864242792092","downToken":"90126689303090194766817288061003372686880145228546450367363281506372826690136","orderMinSize":5,"tickSize":"0.01"}
[2026-06-05T09:25:00.141Z] INFO Skipped trade. {"slug":"doge-updown-5m-1780651500","reason":"missing_opening_chainlink_tick"}
[2026-06-05T09:25:02.167Z] INFO Captured Chainlink opening tick. {"slug":"btc-updown-5m-1780651500","openingPrice":62988.2422253144,"tickTimestamp":"2026-06-05T09:25:00.000Z"}
[2026-06-05T09:25:02.173Z] INFO Skipped trade. {"slug":"btc-updown-5m-1780651500","reason":"btc_distance_below_threshold","market":"BTC","minDistanceUsd":{"UP":5,"DOWN":5},"openingPrice":62988.2422253144,"currentPrice":62988.2422253144}
[2026-06-05T09:25:04.203Z] INFO Captured Chainlink opening tick. {"slug":"eth-updown-5m-1780651500","openingPrice":1681.5028902047322,"tickTimestamp":"2026-06-05T09:25:00.000Z"}
[2026-06-05T09:25:04.206Z] INFO Skipped trade. {"slug":"eth-updown-5m-1780651500","reason":"btc_distance_below_threshold","market":"ETH","minDistanceUsd":{"UP":0.5,"DOWN":0.5},"openingPrice":1681.5028902047322,"currentPrice":1681.8927}
[2026-06-05T09:25:04.214Z] INFO Captured Chainlink opening tick. {"slug":"doge-updown-5m-1780651500","openingPrice":0.0844656,"tickTimestamp":"2026-06-05T09:25:00.000Z"}
[2026-06-05T09:25:04.217Z] INFO Skipped trade. {"slug":"doge-updown-5m-1780651500","reason":"btc_distance_below_threshold","market":"DOGE","minDistanceUsd":{"UP":0.0001,"DOWN":0.0001},"openingPrice":0.0844656,"currentPrice":0.0845051600635037}
[2026-06-05T09:28:37.109Z] INFO Skipped trade. {"slug":"eth-updown-5m-1780651500","reason":"stale_chainlink_tick","tickTimestamp":"2026-06-05T09:28:27.000Z"}
[2026-06-05T09:28:37.109Z] INFO Skipped trade. {"slug":"doge-updown-5m-1780651500","reason":"stale_chainlink_tick","tickTimestamp":"2026-06-05T09:28:27.000Z"}
[2026-06-05T09:29:29.173Z] INFO Skipped trade. {"slug":"btc-updown-5m-1780651500","reason":"no_ask_liquidity_under_cap","outcome":"UP"}
[2026-06-05T09:29:29.173Z] INFO Skipped trade. {"slug":"eth-updown-5m-1780651500","reason":"no_ask_liquidity_under_cap","outcome":"UP"}
[2026-06-05T09:29:29.173Z] INFO Skipped trade. {"slug":"doge-updown-5m-1780651500","reason":"no_ask_liquidity_under_cap","outcome":"UP"}
[2026-06-05T09:30:01.025Z] INFO Tracking market. {"market":"BTC","slug":"btc-updown-5m-1780651800","title":"Bitcoin Up or Down - June 5, 5:30AM-5:35AM ET","end":"2026-06-05T09:35:00.000Z","upToken":"35467643449549721887693380771626126199098514518249710221644246258157883043315","downToken":"39590399009141551659876427724836644808637473532268401059070982841510372907782","orderMinSize":5,"tickSize":"0.01"}
[2026-06-05T09:30:01.025Z] INFO Skipped trade. {"slug":"btc-updown-5m-1780651800","reason":"missing_opening_chainlink_tick"}
[2026-06-05T09:30:01.025Z] INFO Tracking market. {"market":"ETH","slug":"eth-updown-5m-1780651800","title":"Ethereum Up or Down - June 5, 5:30AM-5:35AM ET","end":"2026-06-05T09:35:00.000Z","upToken":"55019924188721094185552201621510628226027778811281457351393438797491507629076","downToken":"68727289418984047064445785728610761512790837350239232806900627096717322378054","orderMinSize":5,"tickSize":"0.01"}
[2026-06-05T09:30:01.026Z] INFO Skipped trade. {"slug":"eth-updown-5m-1780651800","reason":"missing_opening_chainlink_tick"}
[2026-06-05T09:30:01.026Z] INFO Tracking market. {"market":"DOGE","slug":"doge-updown-5m-1780651800","title":"Dogecoin Up or Down - June 5, 5:30AM-5:35AM ET","end":"2026-06-05T09:35:00.000Z","upToken":"21996858129168122236390509056439988965756506416174058755988635564746805183693","downToken":"113882659055311908737929244300789424175057343730065265970764693417254809982158","orderMinSize":5,"tickSize":"0.01"}
[2026-06-05T09:30:01.026Z] INFO Skipped trade. {"slug":"doge-updown-5m-1780651800","reason":"missing_opening_chainlink_tick"}
[2026-06-05T09:30:02.047Z] INFO Captured Chainlink opening tick. {"slug":"btc-updown-5m-1780651800","openingPrice":63063.913868944524,"tickTimestamp":"2026-06-05T09:30:00.000Z"}
[2026-06-05T09:30:02.050Z] INFO Skipped trade. {"slug":"btc-updown-5m-1780651800","reason":"btc_distance_below_threshold","market":"BTC","minDistanceUsd":{"UP":5,"DOWN":5},"openingPrice":63063.913868944524,"currentPrice":63063.913868944524}
[2026-06-05T09:30:05.093Z] INFO Captured Chainlink opening tick. {"slug":"eth-updown-5m-1780651800","openingPrice":1683.4121138756727,"tickTimestamp":"2026-06-05T09:30:00.000Z"}
[2026-06-05T09:30:05.100Z] INFO Skipped trade. {"slug":"eth-updown-5m-1780651800","reason":"btc_distance_below_threshold","market":"ETH","minDistanceUsd":{"UP":0.5,"DOWN":0.5},"openingPrice":1683.4121138756727,"currentPrice":1683.335}
[2026-06-05T09:30:05.109Z] INFO Captured Chainlink opening tick. {"slug":"doge-updown-5m-1780651800","openingPrice":0.0846342881322204,"tickTimestamp":"2026-06-05T09:30:00.000Z"}
[2026-06-05T09:30:05.113Z] INFO Skipped trade. {"slug":"doge-updown-5m-1780651800","reason":"btc_distance_below_threshold","market":"DOGE","minDistanceUsd":{"UP":0.0001,"DOWN":0.0001},"openingPrice":0.0846342881322204,"currentPrice":0.0846422109713342}
[2026-06-05T09:32:10.378Z] INFO Skipped trade. {"slug":"eth-updown-5m-1780651800","reason":"stale_chainlink_tick","tickTimestamp":"2026-06-05T09:32:00.000Z"}
[2026-06-05T09:32:11.384Z] INFO Skipped trade. {"slug":"doge-updown-5m-1780651800","reason":"stale_chainlink_tick","tickTimestamp":"2026-06-05T09:32:01.000Z"}
[2026-06-05T09:34:30.318Z] INFO Skipped trade. {"slug":"btc-updown-5m-1780651800","reason":"no_ask_liquidity_under_cap","outcome":"DOWN"}
[2026-06-05T09:34:30.318Z] INFO Skipped trade. {"slug":"eth-updown-5m-1780651800","reason":"no_ask_liquidity_under_cap","outcome":"DOWN"}
[2026-06-05T09:34:30.318Z] INFO Skipped trade. {"slug":"doge-updown-5m-1780651800","reason":"no_ask_liquidity_under_cap","outcome":"DOWN"}
[2026-06-05T09:34:42.138Z] INFO Trade attempt recorded. {"mode":"sim","slug":"eth-updown-5m-1780651800","outcome":"DOWN","amountUsd":5,"bestAsk":0.54,"estimatedShares":9.25925925925926}
[2026-06-05T09:34:43.651Z] INFO Skipped trade. {"slug":"eth-updown-5m-1780651800","reason":"market_already_traded"}
[2026-06-05T09:35:00.480Z] INFO Tracking market. {"market":"BTC","slug":"btc-updown-5m-1780652100","title":"Bitcoin Up or Down - June 5, 5:35AM-5:40AM ET","end":"2026-06-05T09:40:00.000Z","upToken":"112768734033083083871754853744674618207009975303362922170050488083869753705604","downToken":"22553242305845080926172113549889203484174177507487558725248997124727863916465","orderMinSize":5,"tickSize":"0.01"}
[2026-06-05T09:35:00.481Z] INFO Skipped trade. {"slug":"btc-updown-5m-1780652100","reason":"missing_opening_chainlink_tick"}
[2026-06-05T09:35:00.481Z] INFO Tracking market. {"market":"ETH","slug":"eth-updown-5m-1780652100","title":"Ethereum Up or Down - June 5, 5:35AM-5:40AM ET","end":"2026-06-05T09:40:00.000Z","upToken":"67562735241207749181976381868563302872536549334748512702548323723494555767341","downToken":"73116379241732456177864859125642127296578196280471404468478767274599362676957","orderMinSize":5,"tickSize":"0.01"}
[2026-06-05T09:35:00.481Z] INFO Skipped trade. {"slug":"eth-updown-5m-1780652100","reason":"missing_opening_chainlink_tick"}
[2026-06-05T09:35:00.481Z] INFO Tracking market. {"market":"DOGE","slug":"doge-updown-5m-1780652100","title":"Dogecoin Up or Down - June 5, 5:35AM-5:40AM ET","end":"2026-06-05T09:40:00.000Z","upToken":"11509803676273073817520854328700193594657111666588792490847159607885856450769","downToken":"35638443742989916353495356366588471948255910681063237874289765233527918870597","orderMinSize":5,"tickSize":"0.01"}
[2026-06-05T09:35:00.481Z] INFO Skipped trade. {"slug":"doge-updown-5m-1780652100","reason":"missing_opening_chainlink_tick"}
[2026-06-05T09:35:01.494Z] INFO Captured Chainlink opening tick. {"slug":"btc-updown-5m-1780652100","openingPrice":62969.575981263486,"tickTimestamp":"2026-06-05T09:35:00.000Z"}
[2026-06-05T09:35:01.498Z] INFO Skipped trade. {"slug":"btc-updown-5m-1780652100","reason":"btc_distance_below_threshold","market":"BTC","minDistanceUsd":{"UP":5,"DOWN":5},"openingPrice":62969.575981263486,"currentPrice":62969.575981263486}
[2026-06-05T09:35:05.543Z] INFO Resolved trade. {"mode":"sim","slug":"eth-updown-5m-1780651800","outcome":"DOWN","winningOutcome":"UP","won":false,"finalPrice":1683.6069653287784}
[2026-06-05T09:35:05.647Z] INFO Captured Chainlink opening tick. {"slug":"eth-updown-5m-1780652100","openingPrice":1682.6598136351076,"tickTimestamp":"2026-06-05T09:35:00.000Z"}
[2026-06-05T09:35:05.662Z] INFO Captured Chainlink opening tick. {"slug":"doge-updown-5m-1780652100","openingPrice":0.0844832518243679,"tickTimestamp":"2026-06-05T09:35:00.000Z"}
[2026-06-05T09:35:05.674Z] INFO Skipped trade. {"slug":"doge-updown-5m-1780652100","reason":"btc_distance_below_threshold","market":"DOGE","minDistanceUsd":{"UP":0.0001,"DOWN":0.0001},"openingPrice":0.0844832518243679,"currentPrice":0.084549147}
[2026-06-05T09:35:25.251Z] INFO Skipped trade. {"slug":"eth-updown-5m-1780652100","reason":"btc_distance_below_threshold","market":"ETH","minDistanceUsd":{"UP":0.5,"DOWN":0.5},"openingPrice":1682.6598136351076,"currentPrice":1682.915867775308}
[2026-06-05T09:39:29.098Z] INFO Skipped trade. {"slug":"btc-updown-5m-1780652100","reason":"no_ask_liquidity_under_cap","outcome":"DOWN"}
[2026-06-05T09:39:29.098Z] INFO Skipped trade. {"slug":"eth-updown-5m-1780652100","reason":"no_ask_liquidity_under_cap","outcome":"DOWN"}
[2026-06-05T09:39:29.098Z] INFO Skipped trade. {"slug":"doge-updown-5m-1780652100","reason":"no_ask_liquidity_under_cap","outcome":"DOWN"}
[2026-06-05T09:40:00.801Z] INFO Tracking market. {"market":"BTC","slug":"btc-updown-5m-1780652400","title":"Bitcoin Up or Down - June 5, 5:40AM-5:45AM ET","end":"2026-06-05T09:45:00.000Z","upToken":"103462119870028685610354958302905166280349990703262339343261990021811695947660","downToken":"95732986988534195870429394672411279395357954064744961072957098441858918229160","orderMinSize":5,"tickSize":"0.01"}
[2026-06-05T09:40:00.801Z] INFO Skipped trade. {"slug":"btc-updown-5m-1780652400","reason":"missing_opening_chainlink_tick"}
[2026-06-05T09:40:00.801Z] INFO Tracking market. {"market":"ETH","slug":"eth-updown-5m-1780652400","title":"Ethereum Up or Down - June 5, 5:40AM-5:45AM ET","end":"2026-06-05T09:45:00.000Z","upToken":"34798621660610784579185391633154588314924723210579951761484457858004013255624","downToken":"29118518685661483693026725502199588591905759155580862779553875921055943051151","orderMinSize":5,"tickSize":"0.01"}
[2026-06-05T09:40:00.801Z] INFO Skipped trade. {"slug":"eth-updown-5m-1780652400","reason":"missing_opening_chainlink_tick"}
[2026-06-05T09:40:00.801Z] INFO Tracking market. {"market":"DOGE","slug":"doge-updown-5m-1780652400","title":"Dogecoin Up or Down - June 5, 5:40AM-5:45AM ET","end":"2026-06-05T09:45:00.000Z","upToken":"40316905953042276545662314247473569041883937915123308223414595420522328614166","downToken":"81372220080848698826576255261058349580135968612262459302051815638633295181234","orderMinSize":5,"tickSize":"0.01"}
[2026-06-05T09:40:00.802Z] INFO Skipped trade. {"slug":"doge-updown-5m-1780652400","reason":"missing_opening_chainlink_tick"}
[2026-06-05T09:40:01.814Z] INFO Captured Chainlink opening tick. {"slug":"btc-updown-5m-1780652400","openingPrice":62767.02688245595,"tickTimestamp":"2026-06-05T09:40:00.000Z"}
[2026-06-05T09:40:01.818Z] INFO Skipped trade. {"slug":"btc-updown-5m-1780652400","reason":"btc_distance_below_threshold","market":"BTC","minDistanceUsd":{"UP":5,"DOWN":5},"openingPrice":62767.02688245595,"currentPrice":62767.02688245595}
[2026-06-05T09:40:05.925Z] INFO Captured Chainlink opening tick. {"slug":"eth-updown-5m-1780652400","openingPrice":1677.663415935706,"tickTimestamp":"2026-06-05T09:40:00.000Z"}
[2026-06-05T09:40:05.929Z] INFO Skipped trade. {"slug":"eth-updown-5m-1780652400","reason":"btc_distance_below_threshold","market":"ETH","minDistanceUsd":{"UP":0.5,"DOWN":0.5},"openingPrice":1677.663415935706,"currentPrice":1677.7868284895278}
[2026-06-05T09:40:05.935Z] INFO Captured Chainlink opening tick. {"slug":"doge-updown-5m-1780652400","openingPrice":0.0841820584162035,"tickTimestamp":"2026-06-05T09:40:00.000Z"}
[2026-06-05T09:40:05.939Z] INFO Skipped trade. {"slug":"doge-updown-5m-1780652400","reason":"btc_distance_below_threshold","market":"DOGE","minDistanceUsd":{"UP":0.0001,"DOWN":0.0001},"openingPrice":0.0841820584162035,"currentPrice":0.084201}
[2026-06-05T09:44:28.937Z] INFO Skipped trade. {"slug":"btc-updown-5m-1780652400","reason":"no_ask_liquidity_under_cap","outcome":"DOWN"}
[2026-06-05T09:44:28.937Z] INFO Skipped trade. {"slug":"eth-updown-5m-1780652400","reason":"no_ask_liquidity_under_cap","outcome":"DOWN"}
[2026-06-05T09:44:32.511Z] INFO Trade attempt recorded. {"mode":"sim","slug":"btc-updown-5m-1780652400","outcome":"DOWN","amountUsd":5,"bestAsk":0.58,"estimatedShares":8.483050847457626}
[2026-06-05T09:44:33.736Z] INFO Skipped trade. {"slug":"btc-updown-5m-1780652400","reason":"market_already_traded"}
[2026-06-05T09:44:51.289Z] INFO Skipped trade. {"slug":"doge-updown-5m-1780652400","reason":"no_ask_liquidity_under_cap","outcome":"UP"}
[2026-06-05T09:45:00.820Z] INFO Tracking market. {"market":"BTC","slug":"btc-updown-5m-1780652700","title":"Bitcoin Up or Down - June 5, 5:45AM-5:50AM ET","end":"2026-06-05T09:50:00.000Z","upToken":"50198908948661354986489519191456009729866971561302620643766404011455871955314","downToken":"47677751363200660601302511451599138161716627265718332488276017914311112382590","orderMinSize":5,"tickSize":"0.01"}
[2026-06-05T09:45:00.820Z] INFO Skipped trade. {"slug":"btc-updown-5m-1780652700","reason":"missing_opening_chainlink_tick"}
[2026-06-05T09:45:00.820Z] INFO Tracking market. {"market":"ETH","slug":"eth-updown-5m-1780652700","title":"Ethereum Up or Down - June 5, 5:45AM-5:50AM ET","end":"2026-06-05T09:50:00.000Z","upToken":"28659473139626761332506532958954388807876428644738958940325582158171908850787","downToken":"54433420043270123212574112310322366394470918557607634170430797927145049239637","orderMinSize":5,"tickSize":"0.01"}
[2026-06-05T09:45:00.821Z] INFO Skipped trade. {"slug":"eth-updown-5m-1780652700","reason":"missing_opening_chainlink_tick"}
[2026-06-05T09:45:00.821Z] INFO Tracking market. {"market":"DOGE","slug":"doge-updown-5m-1780652700","title":"Dogecoin Up or Down - June 5, 5:45AM-5:50AM ET","end":"2026-06-05T09:50:00.000Z","upToken":"8045402128313008017349342483134309318983454477695713772276962168133974528596","downToken":"56796604356470442273485480902610148507998100212692650884986716899857458980906","orderMinSize":5,"tickSize":"0.01"}
[2026-06-05T09:45:00.821Z] INFO Skipped trade. {"slug":"doge-updown-5m-1780652700","reason":"missing_opening_chainlink_tick"}
[2026-06-05T09:45:02.841Z] INFO Resolved trade. {"mode":"sim","slug":"btc-updown-5m-1780652400","outcome":"DOWN","winningOutcome":"UP","won":false,"finalPrice":62772.06165159374}
[2026-06-05T09:45:02.849Z] INFO Captured Chainlink opening tick. {"slug":"btc-updown-5m-1780652700","openingPrice":62772.31913768826,"tickTimestamp":"2026-06-05T09:45:00.000Z"}
[2026-06-05T09:45:02.854Z] INFO Skipped trade. {"slug":"btc-updown-5m-1780652700","reason":"btc_distance_below_threshold","market":"BTC","minDistanceUsd":{"UP":5,"DOWN":5},"openingPrice":62772.31913768826,"currentPrice":62772.06165159374}
[2026-06-05T09:45:05.993Z] INFO Captured Chainlink opening tick. {"slug":"eth-updown-5m-1780652700","openingPrice":1677.1745661507368,"tickTimestamp":"2026-06-05T09:45:00.000Z"}
[2026-06-05T09:45:05.999Z] INFO Skipped trade. {"slug":"eth-updown-5m-1780652700","reason":"btc_distance_below_threshold","market":"ETH","minDistanceUsd":{"UP":0.5,"DOWN":0.5},"openingPrice":1677.1745661507368,"currentPrice":1677.354052023275}
[2026-06-05T09:45:06.006Z] INFO Captured Chainlink opening tick. {"slug":"doge-updown-5m-1780652700","openingPrice":0.0843075,"tickTimestamp":"2026-06-05T09:45:00.000Z"}
[2026-06-05T09:45:06.009Z] INFO Skipped trade. {"slug":"doge-updown-5m-1780652700","reason":"btc_distance_below_threshold","market":"DOGE","minDistanceUsd":{"UP":0.0001,"DOWN":0.0001},"openingPrice":0.0843075,"currentPrice":0.0842996517031376}
[2026-06-05T09:49:30.436Z] INFO Skipped trade. {"slug":"btc-updown-5m-1780652700","reason":"no_ask_liquidity_under_cap","outcome":"UP"}
[2026-06-05T09:49:30.436Z] INFO Skipped trade. {"slug":"eth-updown-5m-1780652700","reason":"no_ask_liquidity_under_cap","outcome":"UP"}
[2026-06-05T09:49:30.436Z] INFO Skipped trade. {"slug":"doge-updown-5m-1780652700","reason":"no_ask_liquidity_under_cap","outcome":"UP"}
[2026-06-05T09:50:00.619Z] INFO Tracking market. {"market":"BTC","slug":"btc-updown-5m-1780653000","title":"Bitcoin Up or Down - June 5, 5:50AM-5:55AM ET","end":"2026-06-05T09:55:00.000Z","upToken":"7409268339275485179643552831568869946537457626574598274696077342561386165811","downToken":"51086988051969289015042291451303524062934880197299664997399393003013031115969","orderMinSize":5,"tickSize":"0.01"}
[2026-06-05T09:50:00.619Z] INFO Skipped trade. {"slug":"btc-updown-5m-1780653000","reason":"missing_opening_chainlink_tick"}
[2026-06-05T09:50:00.619Z] INFO Tracking market. {"market":"ETH","slug":"eth-updown-5m-1780653000","title":"Ethereum Up or Down - June 5, 5:50AM-5:55AM ET","end":"2026-06-05T09:55:00.000Z","upToken":"52807229498608279411123333926158244824630227340778072217726111061454004510869","downToken":"100244080358184389113425365302608379188497331269600403975616753905549175213682","orderMinSize":5,"tickSize":"0.01"}
[2026-06-05T09:50:00.619Z] INFO Skipped trade. {"slug":"eth-updown-5m-1780653000","reason":"missing_opening_chainlink_tick"}
[2026-06-05T09:50:00.619Z] INFO Tracking market. {"market":"DOGE","slug":"doge-updown-5m-1780653000","title":"Dogecoin Up or Down - June 5, 5:50AM-5:55AM ET","end":"2026-06-05T09:55:00.000Z","upToken":"100496118768659362451196855285712610962258936772113452930316882412706073036681","downToken":"110462384194995655466759498921141255489583093799764850002195987050186876122448","orderMinSize":5,"tickSize":"0.01"}
[2026-06-05T09:50:00.620Z] INFO Skipped trade. {"slug":"doge-updown-5m-1780653000","reason":"missing_opening_chainlink_tick"}
[2026-06-05T09:50:02.654Z] INFO Captured Chainlink opening tick. {"slug":"btc-updown-5m-1780653000","openingPrice":62797.22768274936,"tickTimestamp":"2026-06-05T09:50:00.000Z"}
[2026-06-05T09:50:02.663Z] INFO Skipped trade. {"slug":"btc-updown-5m-1780653000","reason":"btc_distance_below_threshold","market":"BTC","minDistanceUsd":{"UP":5,"DOWN":5},"openingPrice":62797.22768274936,"currentPrice":62797.22768274936}
[2026-06-05T09:50:06.794Z] INFO Captured Chainlink opening tick. {"slug":"eth-updown-5m-1780653000","openingPrice":1678.04829,"tickTimestamp":"2026-06-05T09:50:00.000Z"}
[2026-06-05T09:50:06.797Z] INFO Skipped trade. {"slug":"eth-updown-5m-1780653000","reason":"btc_distance_below_threshold","market":"ETH","minDistanceUsd":{"UP":0.5,"DOWN":0.5},"openingPrice":1678.04829,"currentPrice":1678.188599234386}
[2026-06-05T09:50:06.803Z] INFO Captured Chainlink opening tick. {"slug":"doge-updown-5m-1780653000","openingPrice":0.0844000444580327,"tickTimestamp":"2026-06-05T09:50:00.000Z"}
[2026-06-05T09:50:06.807Z] INFO Skipped trade. {"slug":"doge-updown-5m-1780653000","reason":"btc_distance_below_threshold","market":"DOGE","minDistanceUsd":{"UP":0.0001,"DOWN":0.0001},"openingPrice":0.0844000444580327,"currentPrice":0.0844223999401736}
[2026-06-05T09:50:36.532Z] WARN Bot loop iteration failed; retrying. {"error":"fetch failed"}
[2026-06-05T09:50:37.540Z] WARN Bot loop iteration failed; retrying. {"error":"fetch failed"}
[2026-06-05T09:50:38.553Z] WARN Bot loop iteration failed; retrying. {"error":"fetch failed"}
[2026-06-05T09:50:39.565Z] WARN Bot loop iteration failed; retrying. {"error":"fetch failed"}
[2026-06-05T09:50:40.578Z] WARN Bot loop iteration failed; retrying. {"error":"fetch failed"}
[2026-06-05T09:50:41.593Z] WARN Bot loop iteration failed; retrying. {"error":"fetch failed"}
[2026-06-05T09:50:42.604Z] WARN Bot loop iteration failed; retrying. {"error":"fetch failed"}
[2026-06-05T09:50:43.616Z] WARN Bot loop iteration failed; retrying. {"error":"fetch failed"}
[2026-06-05T09:50:44.631Z] WARN Bot loop iteration failed; retrying. {"error":"fetch failed"}
[2026-06-05T09:50:45.644Z] WARN Bot loop iteration failed; retrying. {"error":"fetch failed"}
[2026-06-05T09:50:46.655Z] WARN Bot loop iteration failed; retrying. {"error":"fetch failed"}
[2026-06-05T09:50:47.666Z] WARN Bot loop iteration failed; retrying. {"error":"fetch failed"}
[2026-06-05T09:50:48.679Z] WARN Bot loop iteration failed; retrying. {"error":"fetch failed"}
[2026-06-05T09:50:49.692Z] WARN Bot loop iteration failed; retrying. {"error":"fetch failed"}
[2026-06-05T09:50:50.700Z] WARN Bot loop iteration failed; retrying. {"error":"fetch failed"}
[2026-06-05T09:50:51.718Z] WARN Bot loop iteration failed; retrying. {"error":"fetch failed"}
[2026-06-05T09:50:52.726Z] WARN Bot loop iteration failed; retrying. {"error":"fetch failed"}
[2026-06-05T09:50:53.739Z] WARN Bot loop iteration failed; retrying. {"error":"fetch failed"}
[2026-06-05T09:50:54.748Z] WARN Bot loop iteration failed; retrying. {"error":"fetch failed"}
