[2026-06-04T00:16:44.642Z] INFO Bot started. {"mode":"sim","enabledMarkets":["BTC","ETH"],"minDistanceUsdByMarket":{"BTC":5,"ETH":1,"DOGE":0.0002},"minDistanceUsdByMarketOutcome":{"BTC":{"UP":10,"DOWN":10},"ETH":{"UP":1,"DOWN":1},"DOGE":{"UP":0.0002,"DOWN":0.0002}},"entryWindowSeconds":53,"entryWindowSecondsByMarket":{"BTC":53,"ETH":53,"DOGE":53},"entryWindowSecondsByMarketOutcome":{"BTC":{"UP":53,"DOWN":53},"ETH":{"UP":53,"DOWN":53},"DOGE":{"UP":53,"DOWN":53}},"maxAskPrice":0.75,"maxAskPriceByMarketOutcome":{"BTC":{"UP":0.8,"DOWN":0.8},"ETH":{"UP":0.75,"DOWN":0.75},"DOGE":{"UP":0.75,"DOWN":0.75}},"dailySpendLimitUsd":1000}
[2026-06-04T00:16:44.797Z] INFO Tracking market. {"market":"BTC","slug":"btc-updown-5m-1780532100","title":"Bitcoin Up or Down - June 3, 8:15PM-8:20PM ET","end":"2026-06-04T00:20:00.000Z","upToken":"52685334871006023545312539379963964272249511005617313656492655342714870190017","downToken":"5228576436330240273398503452095925069809868895383367969755382965874091806754","orderMinSize":5,"tickSize":"0.01"}
[2026-06-04T00:16:44.800Z] INFO Skipped trade. {"slug":"btc-updown-5m-1780532100","reason":"missing_opening_chainlink_tick"}
[2026-06-04T00:16:44.800Z] INFO Tracking market. {"market":"ETH","slug":"eth-updown-5m-1780532100","title":"Ethereum Up or Down - June 3, 8:15PM-8:20PM ET","end":"2026-06-04T00:20:00.000Z","upToken":"74896525252801642691297716806484575670612267849168305665640130160095080945728","downToken":"55092560763216278581621567842585784249924114269032034865041450354198178572000","orderMinSize":5,"tickSize":"0.01"}
[2026-06-04T00:16:44.801Z] INFO Skipped trade. {"slug":"eth-updown-5m-1780532100","reason":"missing_opening_chainlink_tick"}
[2026-06-04T00:16:44.801Z] INFO Tracking market. {"market":"DOGE","slug":"doge-updown-5m-1780532100","title":"Dogecoin Up or Down - June 3, 8:15PM-8:20PM ET","end":"2026-06-04T00:20:00.000Z","upToken":"2870439073668906791484269393295825616028864048154179433186971775035724037427","downToken":"45097726938360354224736443795730282444804828798474879134870051735402138981343","orderMinSize":5,"tickSize":"0.01"}
[2026-06-04T00:16:45.338Z] INFO Connected to Polymarket RTDS Chainlink feed.
[2026-06-04T00:20:01.693Z] INFO Tracking market. {"market":"BTC","slug":"btc-updown-5m-1780532400","title":"Bitcoin Up or Down - June 3, 8:20PM-8:25PM ET","end":"2026-06-04T00:25:00.000Z","upToken":"89792424373461676317562301540744524849683922119758892880935743692709371479476","downToken":"17491091927555979979017034629339712746053225610313103325218112383315117644788","orderMinSize":5,"tickSize":"0.01"}
[2026-06-04T00:20:01.703Z] INFO Captured Chainlink opening tick. {"slug":"btc-updown-5m-1780532400","openingPrice":64180.893936374145,"tickTimestamp":"2026-06-04T00:20:00.000Z"}
[2026-06-04T00:20:01.708Z] INFO Skipped trade. {"slug":"btc-updown-5m-1780532400","reason":"btc_distance_below_threshold","market":"BTC","minDistanceUsd":{"UP":10,"DOWN":10},"openingPrice":64180.893936374145,"currentPrice":64182.6713661178}
[2026-06-04T00:20:01.708Z] INFO Tracking market. {"market":"ETH","slug":"eth-updown-5m-1780532400","title":"Ethereum Up or Down - June 3, 8:20PM-8:25PM ET","end":"2026-06-04T00:25:00.000Z","upToken":"72430676807658423543367301939013451188621948243526114914585030126953199859743","downToken":"23566006237020426009935751136300840589803622926694866659416926296590315879091","orderMinSize":5,"tickSize":"0.01"}
[2026-06-04T00:20:01.710Z] INFO Captured Chainlink opening tick. {"slug":"eth-updown-5m-1780532400","openingPrice":1813.32974,"tickTimestamp":"2026-06-04T00:20:00.000Z"}
[2026-06-04T00:20:01.713Z] INFO Skipped trade. {"slug":"eth-updown-5m-1780532400","reason":"btc_distance_below_threshold","market":"ETH","minDistanceUsd":{"UP":1,"DOWN":1},"openingPrice":1813.32974,"currentPrice":1813.32974}
[2026-06-04T00:20:01.713Z] INFO Tracking market. {"market":"DOGE","slug":"doge-updown-5m-1780532400","title":"Dogecoin Up or Down - June 3, 8:20PM-8:25PM ET","end":"2026-06-04T00:25:00.000Z","upToken":"111543338897080269486418563205190543819893584762083440258205914220991762861038","downToken":"40526996351454239228696756531851018995415471444124624198103279599306245227127","orderMinSize":5,"tickSize":"0.01"}
[2026-06-04T00:20:01.715Z] INFO Captured Chainlink opening tick. {"slug":"doge-updown-5m-1780532400","openingPrice":0.091455,"tickTimestamp":"2026-06-04T00:20:00.000Z"}
[2026-06-04T00:24:07.974Z] INFO Skipped trade. {"slug":"eth-updown-5m-1780532400","reason":"daily_spend_limit_reached","dailySpendUsd":1000,"amountUsd":10,"dailySpendLimitUsd":1000}
[2026-06-04T00:24:08.173Z] INFO Skipped trade. {"slug":"btc-updown-5m-1780532400","reason":"no_ask_liquidity_under_cap","outcome":"DOWN"}
[2026-06-04T00:25:01.513Z] INFO Tracking market. {"market":"BTC","slug":"btc-updown-5m-1780532700","title":"Bitcoin Up or Down - June 3, 8:25PM-8:30PM ET","end":"2026-06-04T00:30:00.000Z","upToken":"80686763129975747144124198843975264999240517098066452686107854909320178624583","downToken":"80274589299783146266096126550415650726154120058660484743552012646316548358821","orderMinSize":5,"tickSize":"0.01"}
[2026-06-04T00:25:01.524Z] INFO Captured Chainlink opening tick. {"slug":"btc-updown-5m-1780532700","openingPrice":63923.69383229125,"tickTimestamp":"2026-06-04T00:25:00.000Z"}
[2026-06-04T00:25:01.540Z] INFO Skipped trade. {"slug":"btc-updown-5m-1780532700","reason":"btc_distance_below_threshold","market":"BTC","minDistanceUsd":{"UP":10,"DOWN":10},"openingPrice":63923.69383229125,"currentPrice":63923.69383229125}
[2026-06-04T00:25:01.540Z] INFO Tracking market. {"market":"ETH","slug":"eth-updown-5m-1780532700","title":"Ethereum Up or Down - June 3, 8:25PM-8:30PM ET","end":"2026-06-04T00:30:00.000Z","upToken":"114967544811261325627628838887461169058561610773068813329357154605448327206410","downToken":"99165159341990972498279632462286770580294046101423189890608417265038827607057","orderMinSize":5,"tickSize":"0.01"}
[2026-06-04T00:25:01.549Z] INFO Captured Chainlink opening tick. {"slug":"eth-updown-5m-1780532700","openingPrice":1806.7463,"tickTimestamp":"2026-06-04T00:25:00.000Z"}
[2026-06-04T00:25:01.558Z] INFO Skipped trade. {"slug":"eth-updown-5m-1780532700","reason":"btc_distance_below_threshold","market":"ETH","minDistanceUsd":{"UP":1,"DOWN":1},"openingPrice":1806.7463,"currentPrice":1806.7463}
[2026-06-04T00:25:01.558Z] INFO Tracking market. {"market":"DOGE","slug":"doge-updown-5m-1780532700","title":"Dogecoin Up or Down - June 3, 8:25PM-8:30PM ET","end":"2026-06-04T00:30:00.000Z","upToken":"80734115802612762371220803015994101974121776299319553112487474997797745525457","downToken":"21483393702223122225714366491585266949099258506627326182834136152886944641654","orderMinSize":5,"tickSize":"0.01"}
[2026-06-04T00:25:01.564Z] INFO Captured Chainlink opening tick. {"slug":"doge-updown-5m-1780532700","openingPrice":0.0911945140007927,"tickTimestamp":"2026-06-04T00:25:00.000Z"}
[2026-06-04T00:27:48.757Z] INFO Skipped trade. {"slug":"eth-updown-5m-1780532700","reason":"stale_chainlink_tick","tickTimestamp":"2026-06-04T00:27:38.000Z"}
[2026-06-04T00:29:07.621Z] INFO Skipped trade. {"slug":"eth-updown-5m-1780532700","reason":"daily_spend_limit_reached","dailySpendUsd":1000,"amountUsd":10,"dailySpendLimitUsd":1000}
[2026-06-04T00:29:07.816Z] INFO Skipped trade. {"slug":"btc-updown-5m-1780532700","reason":"no_ask_liquidity_under_cap","outcome":"DOWN"}
[2026-06-04T00:30:00.632Z] INFO Tracking market. {"market":"BTC","slug":"btc-updown-5m-1780533000","title":"Bitcoin Up or Down - June 3, 8:30PM-8:35PM ET","end":"2026-06-04T00:35:00.000Z","upToken":"35147910965251371081724493394856118061835112837813458135727362533575123153479","downToken":"72574908935710709391536252360644344050185053041390375205094780709845104342406","orderMinSize":5,"tickSize":"0.01"}
[2026-06-04T00:30:00.636Z] INFO Captured Chainlink opening tick. {"slug":"btc-updown-5m-1780533000","openingPrice":63282.07987387608,"tickTimestamp":"2026-06-04T00:30:00.000Z"}
[2026-06-04T00:30:00.639Z] INFO Skipped trade. {"slug":"btc-updown-5m-1780533000","reason":"btc_distance_below_threshold","market":"BTC","minDistanceUsd":{"UP":10,"DOWN":10},"openingPrice":63282.07987387608,"currentPrice":63282.07987387608}
[2026-06-04T00:30:00.639Z] INFO Tracking market. {"market":"ETH","slug":"eth-updown-5m-1780533000","title":"Ethereum Up or Down - June 3, 8:30PM-8:35PM ET","end":"2026-06-04T00:35:00.000Z","upToken":"33376379730684130560438739374909911079797874089341634251142159507126704275368","downToken":"110203688470283294437854094070642896743753158401858311506833876993621234989859","orderMinSize":5,"tickSize":"0.01"}
[2026-06-04T00:30:00.639Z] INFO Skipped trade. {"slug":"eth-updown-5m-1780533000","reason":"missing_opening_chainlink_tick"}
[2026-06-04T00:30:00.640Z] INFO Tracking market. {"market":"DOGE","slug":"doge-updown-5m-1780533000","title":"Dogecoin Up or Down - June 3, 8:30PM-8:35PM ET","end":"2026-06-04T00:35:00.000Z","upToken":"39322451242400473733229425411710683615184531707411198574074725084083315773554","downToken":"14534746938764923798053195054487260913053845507376351101016664885253813628538","orderMinSize":5,"tickSize":"0.01"}
[2026-06-04T00:30:02.668Z] INFO Captured Chainlink opening tick. {"slug":"eth-updown-5m-1780533000","openingPrice":1783.2937742442791,"tickTimestamp":"2026-06-04T00:30:00.000Z"}
[2026-06-04T00:30:02.674Z] INFO Skipped trade. {"slug":"eth-updown-5m-1780533000","reason":"btc_distance_below_threshold","market":"ETH","minDistanceUsd":{"UP":1,"DOWN":1},"openingPrice":1783.2937742442791,"currentPrice":1782.6333211675167}
[2026-06-04T00:30:02.677Z] INFO Captured Chainlink opening tick. {"slug":"doge-updown-5m-1780533000","openingPrice":0.0898691001429806,"tickTimestamp":"2026-06-04T00:30:00.000Z"}
[2026-06-04T00:34:07.814Z] INFO Skipped trade. {"slug":"eth-updown-5m-1780533000","reason":"daily_spend_limit_reached","dailySpendUsd":1000,"amountUsd":10,"dailySpendLimitUsd":1000}
[2026-06-04T00:34:08.004Z] INFO Skipped trade. {"slug":"btc-updown-5m-1780533000","reason":"no_ask_liquidity_under_cap","outcome":"UP"}
[2026-06-04T00:35:00.733Z] INFO Tracking market. {"market":"BTC","slug":"btc-updown-5m-1780533300","title":"Bitcoin Up or Down - June 3, 8:35PM-8:40PM ET","end":"2026-06-04T00:40:00.000Z","upToken":"42977165911235445574705356077106682045950212276124964618952039172742279356815","downToken":"38750564101758686957886306230960459312571824081833934994825987810949606140175","orderMinSize":5,"tickSize":"0.01"}
[2026-06-04T00:35:00.736Z] INFO Captured Chainlink opening tick. {"slug":"btc-updown-5m-1780533300","openingPrice":63636.37463517905,"tickTimestamp":"2026-06-04T00:35:00.000Z"}
[2026-06-04T00:35:00.740Z] INFO Skipped trade. {"slug":"btc-updown-5m-1780533300","reason":"btc_distance_below_threshold","market":"BTC","minDistanceUsd":{"UP":10,"DOWN":10},"openingPrice":63636.37463517905,"currentPrice":63636.37463517905}
[2026-06-04T00:35:00.740Z] INFO Tracking market. {"market":"ETH","slug":"eth-updown-5m-1780533300","title":"Ethereum Up or Down - June 3, 8:35PM-8:40PM ET","end":"2026-06-04T00:40:00.000Z","upToken":"24033922297841268244959314632985769798116267559400856660687979069195298469125","downToken":"11093265802770119478925954395690294868548940716622813674916760833966487485023","orderMinSize":5,"tickSize":"0.01"}
[2026-06-04T00:35:00.740Z] INFO Skipped trade. {"slug":"eth-updown-5m-1780533300","reason":"missing_opening_chainlink_tick"}
[2026-06-04T00:35:00.740Z] INFO Tracking market. {"market":"DOGE","slug":"doge-updown-5m-1780533300","title":"Dogecoin Up or Down - June 3, 8:35PM-8:40PM ET","end":"2026-06-04T00:40:00.000Z","upToken":"91419397723997485592345692680136117559374786585173656218388539300717392025951","downToken":"64572073888565137048962304213051353393090915544166723861348800603723139647497","orderMinSize":5,"tickSize":"0.01"}
[2026-06-04T00:35:02.768Z] INFO Captured Chainlink opening tick. {"slug":"eth-updown-5m-1780533300","openingPrice":1799.696915,"tickTimestamp":"2026-06-04T00:35:00.000Z"}
[2026-06-04T00:35:02.772Z] INFO Skipped trade. {"slug":"eth-updown-5m-1780533300","reason":"btc_distance_below_threshold","market":"ETH","minDistanceUsd":{"UP":1,"DOWN":1},"openingPrice":1799.696915,"currentPrice":1799.106915}
[2026-06-04T00:35:02.775Z] INFO Captured Chainlink opening tick. {"slug":"doge-updown-5m-1780533300","openingPrice":0.0906798679225045,"tickTimestamp":"2026-06-04T00:35:00.000Z"}
[2026-06-04T00:39:07.641Z] INFO Skipped trade. {"slug":"eth-updown-5m-1780533300","reason":"daily_spend_limit_reached","dailySpendUsd":1000,"amountUsd":10,"dailySpendLimitUsd":1000}
[2026-06-04T00:39:07.837Z] INFO Skipped trade. {"slug":"btc-updown-5m-1780533300","reason":"no_ask_liquidity_under_cap","outcome":"DOWN"}
[2026-06-04T00:40:01.098Z] INFO Tracking market. {"market":"BTC","slug":"btc-updown-5m-1780533600","title":"Bitcoin Up or Down - June 3, 8:40PM-8:45PM ET","end":"2026-06-04T00:45:00.000Z","upToken":"105627790636791758085017323019520835605888004743739128057438605956332086304986","downToken":"7104320983789854619083435056396609402474578211010282241208166035235822088049","orderMinSize":5,"tickSize":"0.01"}
[2026-06-04T00:40:01.101Z] INFO Captured Chainlink opening tick. {"slug":"btc-updown-5m-1780533600","openingPrice":63046.9929563035,"tickTimestamp":"2026-06-04T00:40:00.000Z"}
[2026-06-04T00:40:01.106Z] INFO Skipped trade. {"slug":"btc-updown-5m-1780533600","reason":"btc_distance_below_threshold","market":"BTC","minDistanceUsd":{"UP":10,"DOWN":10},"openingPrice":63046.9929563035,"currentPrice":63046.9929563035}
[2026-06-04T00:40:01.106Z] INFO Tracking market. {"market":"ETH","slug":"eth-updown-5m-1780533600","title":"Ethereum Up or Down - June 3, 8:40PM-8:45PM ET","end":"2026-06-04T00:45:00.000Z","upToken":"46460345027303662069199388223491377428587498549880496692801123794659594330596","downToken":"11005813631627433775315166105974160013686478183984977848691909006280657557521","orderMinSize":5,"tickSize":"0.01"}
[2026-06-04T00:40:01.106Z] INFO Skipped trade. {"slug":"eth-updown-5m-1780533600","reason":"missing_opening_chainlink_tick"}
[2026-06-04T00:40:01.106Z] INFO Tracking market. {"market":"DOGE","slug":"doge-updown-5m-1780533600","title":"Dogecoin Up or Down - June 3, 8:40PM-8:45PM ET","end":"2026-06-04T00:45:00.000Z","upToken":"70908877381330098648866861909199682507512711735556081227690086535199422279991","downToken":"112561285760947072364081668629812183038167924412631046928334428260049832102744","orderMinSize":5,"tickSize":"0.01"}
[2026-06-04T00:40:03.134Z] INFO Captured Chainlink opening tick. {"slug":"eth-updown-5m-1780533600","openingPrice":1782.889315,"tickTimestamp":"2026-06-04T00:40:00.000Z"}
[2026-06-04T00:40:03.138Z] INFO Skipped trade. {"slug":"eth-updown-5m-1780533600","reason":"btc_distance_below_threshold","market":"ETH","minDistanceUsd":{"UP":1,"DOWN":1},"openingPrice":1782.889315,"currentPrice":1783.7012736427534}
[2026-06-04T00:40:03.140Z] INFO Captured Chainlink opening tick. {"slug":"doge-updown-5m-1780533600","openingPrice":0.0899876035886823,"tickTimestamp":"2026-06-04T00:40:00.000Z"}
[2026-06-04T00:44:09.007Z] INFO Skipped trade. {"slug":"eth-updown-5m-1780533600","reason":"daily_spend_limit_reached","dailySpendUsd":1000,"amountUsd":10,"dailySpendLimitUsd":1000}
[2026-06-04T00:44:09.213Z] INFO Skipped trade. {"slug":"btc-updown-5m-1780533600","reason":"no_ask_liquidity_under_cap","outcome":"UP"}
[2026-06-04T00:45:00.780Z] INFO Tracking market. {"market":"BTC","slug":"btc-updown-5m-1780533900","title":"Bitcoin Up or Down - June 3, 8:45PM-8:50PM ET","end":"2026-06-04T00:50:00.000Z","upToken":"92063744100088493597954908718866859019422383767601923244475263691211938552947","downToken":"82429641809738038748444936936184680625145702313890065790701791342027674575713","orderMinSize":5,"tickSize":"0.01"}
[2026-06-04T00:45:00.786Z] INFO Captured Chainlink opening tick. {"slug":"btc-updown-5m-1780533900","openingPrice":63506.799129459345,"tickTimestamp":"2026-06-04T00:45:00.000Z"}
[2026-06-04T00:45:00.790Z] INFO Skipped trade. {"slug":"btc-updown-5m-1780533900","reason":"btc_distance_below_threshold","market":"BTC","minDistanceUsd":{"UP":10,"DOWN":10},"openingPrice":63506.799129459345,"currentPrice":63506.799129459345}
[2026-06-04T00:45:00.790Z] INFO Tracking market. {"market":"ETH","slug":"eth-updown-5m-1780533900","title":"Ethereum Up or Down - June 3, 8:45PM-8:50PM ET","end":"2026-06-04T00:50:00.000Z","upToken":"6501447911994157516616713633587117986952890704155741011753966480157165202044","downToken":"73459103728158459528590507892979994474935370362923681333108065871165054040976","orderMinSize":5,"tickSize":"0.01"}
[2026-06-04T00:45:00.791Z] INFO Skipped trade. {"slug":"eth-updown-5m-1780533900","reason":"missing_opening_chainlink_tick"}
[2026-06-04T00:45:00.791Z] INFO Tracking market. {"market":"DOGE","slug":"doge-updown-5m-1780533900","title":"Dogecoin Up or Down - June 3, 8:45PM-8:50PM ET","end":"2026-06-04T00:50:00.000Z","upToken":"67637090315893210960006571364862175673520366884585726403003217808007151739070","downToken":"44139714532974392288129545032775747647644203303910067774022101425728962676517","orderMinSize":5,"tickSize":"0.01"}
[2026-06-04T00:45:03.834Z] INFO Captured Chainlink opening tick. {"slug":"eth-updown-5m-1780533900","openingPrice":1798.2316379269548,"tickTimestamp":"2026-06-04T00:45:00.000Z"}
[2026-06-04T00:45:03.842Z] INFO Skipped trade. {"slug":"eth-updown-5m-1780533900","reason":"btc_distance_below_threshold","market":"ETH","minDistanceUsd":{"UP":1,"DOWN":1},"openingPrice":1798.2316379269548,"currentPrice":1798.1434930294897}
[2026-06-04T00:45:03.846Z] INFO Captured Chainlink opening tick. {"slug":"doge-updown-5m-1780533900","openingPrice":0.0909486,"tickTimestamp":"2026-06-04T00:45:00.000Z"}
[2026-06-04T00:49:07.218Z] WARN Analytics sample recording failed; continuing. {"market":"BTC","slug":"btc-updown-5m-1780533900","error":"ENOENT: no such file or directory, rename 'C:\\DEV\\tests\\Workspace de Yarbis\\Polybot\\data\\analytics-active.json.tmp' -> 'C:\\DEV\\tests\\Workspace de Yarbis\\Polybot\\data\\analytics-active.json'"}
[2026-06-04T00:49:07.409Z] INFO Skipped trade. {"slug":"eth-updown-5m-1780533900","reason":"daily_spend_limit_reached","dailySpendUsd":1000,"amountUsd":10,"dailySpendLimitUsd":1000}
[2026-06-04T00:49:07.602Z] INFO Skipped trade. {"slug":"btc-updown-5m-1780533900","reason":"no_ask_liquidity_under_cap","outcome":"DOWN"}
[2026-06-04T00:50:00.264Z] INFO Tracking market. {"market":"BTC","slug":"btc-updown-5m-1780534200","title":"Bitcoin Up or Down - June 3, 8:50PM-8:55PM ET","end":"2026-06-04T00:55:00.000Z","upToken":"50598629122496837279608220179905264718761026126441843205817725084318081793131","downToken":"82348848569344709839575582928816323274411436001452610335553660730270673652481","orderMinSize":5,"tickSize":"0.01"}
[2026-06-04T00:50:00.268Z] INFO Captured Chainlink opening tick. {"slug":"btc-updown-5m-1780534200","openingPrice":63168.45145061157,"tickTimestamp":"2026-06-04T00:50:00.000Z"}
[2026-06-04T00:50:00.272Z] INFO Skipped trade. {"slug":"btc-updown-5m-1780534200","reason":"btc_distance_below_threshold","market":"BTC","minDistanceUsd":{"UP":10,"DOWN":10},"openingPrice":63168.45145061157,"currentPrice":63168.45145061157}
[2026-06-04T00:50:00.272Z] INFO Tracking market. {"market":"ETH","slug":"eth-updown-5m-1780534200","title":"Ethereum Up or Down - June 3, 8:50PM-8:55PM ET","end":"2026-06-04T00:55:00.000Z","upToken":"104973739594172791096514975078528969968619039226975152747917747269124955255702","downToken":"101053627349633805088079376184705426164621615722691229511187786320114949946949","orderMinSize":5,"tickSize":"0.01"}
[2026-06-04T00:50:00.272Z] INFO Skipped trade. {"slug":"eth-updown-5m-1780534200","reason":"missing_opening_chainlink_tick"}
[2026-06-04T00:50:00.272Z] INFO Tracking market. {"market":"DOGE","slug":"doge-updown-5m-1780534200","title":"Dogecoin Up or Down - June 3, 8:50PM-8:55PM ET","end":"2026-06-04T00:55:00.000Z","upToken":"12353177051591611277202282711877785221534255931310231276443767456309244313376","downToken":"22452637615324774927152708789399234670361300995517603179392832508074162588003","orderMinSize":5,"tickSize":"0.01"}
[2026-06-04T00:50:04.312Z] INFO Captured Chainlink opening tick. {"slug":"eth-updown-5m-1780534200","openingPrice":1788.2946569736278,"tickTimestamp":"2026-06-04T00:50:00.000Z"}
[2026-06-04T00:50:04.320Z] INFO Skipped trade. {"slug":"eth-updown-5m-1780534200","reason":"btc_distance_below_threshold","market":"ETH","minDistanceUsd":{"UP":1,"DOWN":1},"openingPrice":1788.2946569736278,"currentPrice":1789.06508}
[2026-06-04T00:50:04.355Z] INFO Captured Chainlink opening tick. {"slug":"doge-updown-5m-1780534200","openingPrice":0.0903756248353388,"tickTimestamp":"2026-06-04T00:50:00.000Z"}
[2026-06-04T00:50:38.337Z] INFO Skipped trade. {"slug":"eth-updown-5m-1780534200","reason":"stale_chainlink_tick","tickTimestamp":"2026-06-04T00:50:28.000Z"}
[2026-06-04T00:51:50.980Z] WARN Bot loop iteration failed; retrying. {"error":"fetch failed"}
[2026-06-04T00:54:08.959Z] INFO Skipped trade. {"slug":"eth-updown-5m-1780534200","reason":"daily_spend_limit_reached","dailySpendUsd":1000,"amountUsd":10,"dailySpendLimitUsd":1000}
[2026-06-04T00:54:09.182Z] INFO Skipped trade. {"slug":"btc-updown-5m-1780534200","reason":"no_ask_liquidity_under_cap","outcome":"DOWN"}
[2026-06-04T00:54:33.214Z] INFO Trade attempt recorded. {"mode":"sim","slug":"btc-updown-5m-1780534200","outcome":"DOWN","amountUsd":1000,"bestAsk":0.78,"estimatedShares":239.04000000000002}
[2026-06-04T00:54:34.429Z] INFO Skipped trade. {"slug":"btc-updown-5m-1780534200","reason":"market_already_traded"}
[2026-06-04T00:55:00.369Z] INFO Resolved trade. {"mode":"sim","slug":"btc-updown-5m-1780534200","outcome":"DOWN","winningOutcome":"DOWN","won":true,"finalPrice":63105.3751315709}
[2026-06-04T00:55:00.618Z] INFO Tracking market. {"market":"BTC","slug":"btc-updown-5m-1780534500","title":"Bitcoin Up or Down - June 3, 8:55PM-9:00PM ET","end":"2026-06-04T01:00:00.000Z","upToken":"19407525700516342733582800833588477678224848552055462022972963593846030209836","downToken":"95029009442116695806828750004926326031509278835038328681750213819924921055411","orderMinSize":5,"tickSize":"0.01"}
[2026-06-04T00:55:00.621Z] INFO Captured Chainlink opening tick. {"slug":"btc-updown-5m-1780534500","openingPrice":63105.3751315709,"tickTimestamp":"2026-06-04T00:55:00.000Z"}
[2026-06-04T00:55:00.625Z] INFO Skipped trade. {"slug":"btc-updown-5m-1780534500","reason":"btc_distance_below_threshold","market":"BTC","minDistanceUsd":{"UP":10,"DOWN":10},"openingPrice":63105.3751315709,"currentPrice":63105.3751315709}
[2026-06-04T00:55:00.625Z] INFO Tracking market. {"market":"ETH","slug":"eth-updown-5m-1780534500","title":"Ethereum Up or Down - June 3, 8:55PM-9:00PM ET","end":"2026-06-04T01:00:00.000Z","upToken":"44682423051383389826668448373847199121845784000009377576796585466862102329638","downToken":"94264611135134939889304386863739258061227688146553998438015548755315793364287","orderMinSize":5,"tickSize":"0.01"}
[2026-06-04T00:55:00.625Z] INFO Skipped trade. {"slug":"eth-updown-5m-1780534500","reason":"missing_opening_chainlink_tick"}
[2026-06-04T00:55:00.625Z] INFO Tracking market. {"market":"DOGE","slug":"doge-updown-5m-1780534500","title":"Dogecoin Up or Down - June 3, 8:55PM-9:00PM ET","end":"2026-06-04T01:00:00.000Z","upToken":"51985616030003194808426607652105220606963214320675072605751541009940142940668","downToken":"18570982156934192985896947257352636512753719182193296585732444773060913681385","orderMinSize":5,"tickSize":"0.01"}
[2026-06-04T00:55:04.672Z] INFO Captured Chainlink opening tick. {"slug":"eth-updown-5m-1780534500","openingPrice":1787.279218961291,"tickTimestamp":"2026-06-04T00:55:00.000Z"}
[2026-06-04T00:55:04.685Z] INFO Skipped trade. {"slug":"eth-updown-5m-1780534500","reason":"btc_distance_below_threshold","market":"ETH","minDistanceUsd":{"UP":1,"DOWN":1},"openingPrice":1787.279218961291,"currentPrice":1787.0620075107838}
[2026-06-04T00:55:04.694Z] INFO Captured Chainlink opening tick. {"slug":"doge-updown-5m-1780534500","openingPrice":0.0903776039183402,"tickTimestamp":"2026-06-04T00:55:00.000Z"}
[2026-06-04T00:59:08.923Z] INFO Skipped trade. {"slug":"btc-updown-5m-1780534500","reason":"daily_spend_limit_reached","dailySpendUsd":1000,"amountUsd":1000,"dailySpendLimitUsd":1000}
[2026-06-04T00:59:09.163Z] INFO Skipped trade. {"slug":"eth-updown-5m-1780534500","reason":"daily_spend_limit_reached","dailySpendUsd":1000,"amountUsd":10,"dailySpendLimitUsd":1000}
[2026-06-04T01:00:00.637Z] INFO Tracking market. {"market":"BTC","slug":"btc-updown-5m-1780534800","title":"Bitcoin Up or Down - June 3, 9:00PM-9:05PM ET","end":"2026-06-04T01:05:00.000Z","upToken":"44410675221998304114064998044080397574269473711826374848941963183044322189403","downToken":"71013279465415209512482967492072658754240752476331691611076924911251012975156","orderMinSize":5,"tickSize":"0.01"}
[2026-06-04T01:00:00.643Z] INFO Captured Chainlink opening tick. {"slug":"btc-updown-5m-1780534800","openingPrice":63250.53223946625,"tickTimestamp":"2026-06-04T01:00:00.000Z"}
[2026-06-04T01:00:00.646Z] INFO Skipped trade. {"slug":"btc-updown-5m-1780534800","reason":"btc_distance_below_threshold","market":"BTC","minDistanceUsd":{"UP":10,"DOWN":10},"openingPrice":63250.53223946625,"currentPrice":63250.53223946625}
[2026-06-04T01:00:00.646Z] INFO Tracking market. {"market":"ETH","slug":"eth-updown-5m-1780534800","title":"Ethereum Up or Down - June 3, 9:00PM-9:05PM ET","end":"2026-06-04T01:05:00.000Z","upToken":"69452227714443247531475787457939515039057134661069681758185007415104064283986","downToken":"79269417359803671970669857818533075775524880707682261871592147855836480162444","orderMinSize":5,"tickSize":"0.01"}
[2026-06-04T01:00:00.647Z] INFO Skipped trade. {"slug":"eth-updown-5m-1780534800","reason":"missing_opening_chainlink_tick"}
[2026-06-04T01:00:00.647Z] INFO Tracking market. {"market":"DOGE","slug":"doge-updown-5m-1780534800","title":"Dogecoin Up or Down - June 3, 9:00PM-9:05PM ET","end":"2026-06-04T01:05:00.000Z","upToken":"48247898515125504713179285260607041119396014217826135081669687495494925227397","downToken":"23846150407861730507033315517725950531898229287272278068195222693931798288991","orderMinSize":5,"tickSize":"0.01"}
[2026-06-04T01:00:04.703Z] INFO Captured Chainlink opening tick. {"slug":"eth-updown-5m-1780534800","openingPrice":1791.217609539713,"tickTimestamp":"2026-06-04T01:00:00.000Z"}
[2026-06-04T01:00:04.706Z] INFO Skipped trade. {"slug":"eth-updown-5m-1780534800","reason":"btc_distance_below_threshold","market":"ETH","minDistanceUsd":{"UP":1,"DOWN":1},"openingPrice":1791.217609539713,"currentPrice":1791.576779279526}
[2026-06-04T01:00:04.709Z] INFO Captured Chainlink opening tick. {"slug":"doge-updown-5m-1780534800","openingPrice":0.0905721272633308,"tickTimestamp":"2026-06-04T01:00:00.000Z"}
[2026-06-04T01:04:07.737Z] INFO Skipped trade. {"slug":"btc-updown-5m-1780534800","reason":"daily_spend_limit_reached","dailySpendUsd":1000,"amountUsd":1000,"dailySpendLimitUsd":1000}
[2026-06-04T01:04:07.913Z] INFO Skipped trade. {"slug":"eth-updown-5m-1780534800","reason":"daily_spend_limit_reached","dailySpendUsd":1000,"amountUsd":10,"dailySpendLimitUsd":1000}
[2026-06-04T01:05:01.939Z] INFO Tracking market. {"market":"BTC","slug":"btc-updown-5m-1780535100","title":"Bitcoin Up or Down - June 3, 9:05PM-9:10PM ET","end":"2026-06-04T01:10:00.000Z","upToken":"107800082311645259876616740772245403433278252944656332530891884039729570322937","downToken":"95918863797489488427311644322330407979441573933854583085490388944110609780970","orderMinSize":5,"tickSize":"0.01"}
[2026-06-04T01:05:01.942Z] INFO Captured Chainlink opening tick. {"slug":"btc-updown-5m-1780535100","openingPrice":63303.30715119964,"tickTimestamp":"2026-06-04T01:05:00.000Z"}
[2026-06-04T01:05:01.946Z] INFO Skipped trade. {"slug":"btc-updown-5m-1780535100","reason":"btc_distance_below_threshold","market":"BTC","minDistanceUsd":{"UP":10,"DOWN":10},"openingPrice":63303.30715119964,"currentPrice":63299.77318915605}
[2026-06-04T01:05:01.946Z] INFO Tracking market. {"market":"ETH","slug":"eth-updown-5m-1780535100","title":"Ethereum Up or Down - June 3, 9:05PM-9:10PM ET","end":"2026-06-04T01:10:00.000Z","upToken":"114163451149560759991598630112104769291883120554102198708627329044439681252153","downToken":"90953579373478305004608264030700576498619605614818137701825321921079030705961","orderMinSize":5,"tickSize":"0.01"}
[2026-06-04T01:05:01.946Z] INFO Skipped trade. {"slug":"eth-updown-5m-1780535100","reason":"missing_opening_chainlink_tick"}
[2026-06-04T01:05:01.946Z] INFO Tracking market. {"market":"DOGE","slug":"doge-updown-5m-1780535100","title":"Dogecoin Up or Down - June 3, 9:05PM-9:10PM ET","end":"2026-06-04T01:10:00.000Z","upToken":"26563089717057658548251785603643686473988644849068631410027442141934324730911","downToken":"74869806472490508628228957384538093760928189297282932343275180394088392775732","orderMinSize":5,"tickSize":"0.01"}
[2026-06-04T01:05:05.965Z] INFO Captured Chainlink opening tick. {"slug":"eth-updown-5m-1780535100","openingPrice":1795.3586392943575,"tickTimestamp":"2026-06-04T01:05:00.000Z"}
[2026-06-04T01:05:05.968Z] INFO Skipped trade. {"slug":"eth-updown-5m-1780535100","reason":"btc_distance_below_threshold","market":"ETH","minDistanceUsd":{"UP":1,"DOWN":1},"openingPrice":1795.3586392943575,"currentPrice":1794.5575258198946}
[2026-06-04T01:05:05.971Z] INFO Captured Chainlink opening tick. {"slug":"doge-updown-5m-1780535100","openingPrice":0.0909138302935375,"tickTimestamp":"2026-06-04T01:05:00.000Z"}
[2026-06-04T01:09:07.715Z] WARN Analytics sample recording failed; continuing. {"market":"DOGE","slug":"doge-updown-5m-1780535100","error":"ENOENT: no such file or directory, rename 'C:\\DEV\\tests\\Workspace de Yarbis\\Polybot\\data\\analytics-active.json.tmp' -> 'C:\\DEV\\tests\\Workspace de Yarbis\\Polybot\\data\\analytics-active.json'"}
[2026-06-04T01:09:08.901Z] INFO Skipped trade. {"slug":"btc-updown-5m-1780535100","reason":"daily_spend_limit_reached","dailySpendUsd":1000,"amountUsd":1000,"dailySpendLimitUsd":1000}
[2026-06-04T01:09:09.085Z] INFO Skipped trade. {"slug":"eth-updown-5m-1780535100","reason":"daily_spend_limit_reached","dailySpendUsd":1000,"amountUsd":10,"dailySpendLimitUsd":1000}
[2026-06-04T01:10:23.862Z] INFO Tracking market. {"market":"BTC","slug":"btc-updown-5m-1780535400","title":"Bitcoin Up or Down - June 3, 9:10PM-9:15PM ET","end":"2026-06-04T01:15:00.000Z","upToken":"13175759776720806800295733555607466979400777210898240390799492095747361730454","downToken":"31027268927647426226875507725798674010988729572854569153754715776258172705342","orderMinSize":5,"tickSize":"0.01"}
[2026-06-04T01:10:23.866Z] INFO Captured Chainlink opening tick. {"slug":"btc-updown-5m-1780535400","openingPrice":63222.4822,"tickTimestamp":"2026-06-04T01:10:00.000Z"}
[2026-06-04T01:10:23.870Z] INFO Skipped trade. {"slug":"btc-updown-5m-1780535400","reason":"btc_distance_below_threshold","market":"BTC","minDistanceUsd":{"UP":10,"DOWN":10},"openingPrice":63222.4822,"currentPrice":63226.42484194267}
[2026-06-04T01:10:23.870Z] INFO Tracking market. {"market":"ETH","slug":"eth-updown-5m-1780535400","title":"Ethereum Up or Down - June 3, 9:10PM-9:15PM ET","end":"2026-06-04T01:15:00.000Z","upToken":"79369575416436286381756382133446148057295660061569448598886946336768394752196","downToken":"49873244432000421392314632619281763556736553216726293213219997675842382917541","orderMinSize":5,"tickSize":"0.01"}
[2026-06-04T01:10:23.873Z] INFO Captured Chainlink opening tick. {"slug":"eth-updown-5m-1780535400","openingPrice":1788.16741,"tickTimestamp":"2026-06-04T01:10:00.000Z"}
[2026-06-04T01:10:23.877Z] INFO Skipped trade. {"slug":"eth-updown-5m-1780535400","reason":"btc_distance_below_threshold","market":"ETH","minDistanceUsd":{"UP":1,"DOWN":1},"openingPrice":1788.16741,"currentPrice":1787.760565649245}
[2026-06-04T01:10:23.877Z] INFO Tracking market. {"market":"DOGE","slug":"doge-updown-5m-1780535400","title":"Dogecoin Up or Down - June 3, 9:10PM-9:15PM ET","end":"2026-06-04T01:15:00.000Z","upToken":"86560660985481628368481379238678931937368126474497001330674752684949099170506","downToken":"87758267424906712186749851791560023796680387047000317184329029194186516465553","orderMinSize":5,"tickSize":"0.01"}
[2026-06-04T01:10:23.880Z] INFO Captured Chainlink opening tick. {"slug":"doge-updown-5m-1780535400","openingPrice":0.0905422855563614,"tickTimestamp":"2026-06-04T01:10:00.000Z"}
[2026-06-04T01:14:07.562Z] INFO Skipped trade. {"slug":"btc-updown-5m-1780535400","reason":"daily_spend_limit_reached","dailySpendUsd":1000,"amountUsd":1000,"dailySpendLimitUsd":1000}
[2026-06-04T01:14:07.822Z] INFO Skipped trade. {"slug":"eth-updown-5m-1780535400","reason":"daily_spend_limit_reached","dailySpendUsd":1000,"amountUsd":10,"dailySpendLimitUsd":1000}
[2026-06-04T01:15:01.631Z] INFO Tracking market. {"market":"BTC","slug":"btc-updown-5m-1780535700","title":"Bitcoin Up or Down - June 3, 9:15PM-9:20PM ET","end":"2026-06-04T01:20:00.000Z","upToken":"25524290249928963528912757734114285282038805565122440900493134055646409968397","downToken":"44559436294042629858845841285312243065332660930538346873792291014973319474019","orderMinSize":5,"tickSize":"0.01"}
[2026-06-04T01:15:01.643Z] INFO Captured Chainlink opening tick. {"slug":"btc-updown-5m-1780535700","openingPrice":63043.582712372336,"tickTimestamp":"2026-06-04T01:15:00.000Z"}
[2026-06-04T01:15:01.657Z] INFO Skipped trade. {"slug":"btc-updown-5m-1780535700","reason":"btc_distance_below_threshold","market":"BTC","minDistanceUsd":{"UP":10,"DOWN":10},"openingPrice":63043.582712372336,"currentPrice":63042.473}
[2026-06-04T01:15:01.657Z] INFO Tracking market. {"market":"ETH","slug":"eth-updown-5m-1780535700","title":"Ethereum Up or Down - June 3, 9:15PM-9:20PM ET","end":"2026-06-04T01:20:00.000Z","upToken":"50463011970715139106433613639604053363845700169696018088515325314537336277830","downToken":"55853905670153157497334910385157377194638349111403397938100734701898414326205","orderMinSize":5,"tickSize":"0.01"}
[2026-06-04T01:15:01.667Z] INFO Captured Chainlink opening tick. {"slug":"eth-updown-5m-1780535700","openingPrice":1784.57355,"tickTimestamp":"2026-06-04T01:15:00.000Z"}
[2026-06-04T01:15:01.681Z] INFO Skipped trade. {"slug":"eth-updown-5m-1780535700","reason":"btc_distance_below_threshold","market":"ETH","minDistanceUsd":{"UP":1,"DOWN":1},"openingPrice":1784.57355,"currentPrice":1784.57355}
[2026-06-04T01:15:01.681Z] INFO Tracking market. {"market":"DOGE","slug":"doge-updown-5m-1780535700","title":"Dogecoin Up or Down - June 3, 9:15PM-9:20PM ET","end":"2026-06-04T01:20:00.000Z","upToken":"88421263986290942942203709823157020657301559904730519949530072421734202450252","downToken":"78369893971543404608657456473922574961068522485295121705098581920337805646203","orderMinSize":5,"tickSize":"0.01"}
[2026-06-04T01:15:01.691Z] INFO Captured Chainlink opening tick. {"slug":"doge-updown-5m-1780535700","openingPrice":0.09020954,"tickTimestamp":"2026-06-04T01:15:00.000Z"}
[2026-06-04T01:19:07.784Z] INFO Skipped trade. {"slug":"btc-updown-5m-1780535700","reason":"daily_spend_limit_reached","dailySpendUsd":1000,"amountUsd":1000,"dailySpendLimitUsd":1000}
[2026-06-04T01:19:07.975Z] INFO Skipped trade. {"slug":"eth-updown-5m-1780535700","reason":"daily_spend_limit_reached","dailySpendUsd":1000,"amountUsd":10,"dailySpendLimitUsd":1000}
[2026-06-04T01:19:09.655Z] INFO Skipped trade. {"slug":"eth-updown-5m-1780535700","reason":"stale_chainlink_tick","tickTimestamp":"2026-06-04T01:18:58.000Z"}
[2026-06-04T01:20:00.970Z] INFO Tracking market. {"market":"BTC","slug":"btc-updown-5m-1780536000","title":"Bitcoin Up or Down - June 3, 9:20PM-9:25PM ET","end":"2026-06-04T01:25:00.000Z","upToken":"8028410905453887656286361218199692788902187355833222143374352639682348757112","downToken":"39704883573702156358680374744941215215674782684530402857123248656230442356253","orderMinSize":5,"tickSize":"0.01"}
[2026-06-04T01:20:00.982Z] INFO Captured Chainlink opening tick. {"slug":"btc-updown-5m-1780536000","openingPrice":62806.26268269147,"tickTimestamp":"2026-06-04T01:20:00.000Z"}
[2026-06-04T01:20:00.988Z] INFO Skipped trade. {"slug":"btc-updown-5m-1780536000","reason":"btc_distance_below_threshold","market":"BTC","minDistanceUsd":{"UP":10,"DOWN":10},"openingPrice":62806.26268269147,"currentPrice":62806.26268269147}
[2026-06-04T01:20:00.988Z] INFO Tracking market. {"market":"ETH","slug":"eth-updown-5m-1780536000","title":"Ethereum Up or Down - June 3, 9:20PM-9:25PM ET","end":"2026-06-04T01:25:00.000Z","upToken":"45856127665590099206451650716415809843100179575179567107920949480419094837425","downToken":"65928172920990868488289188081127280276951703140877324470512112660957158778933","orderMinSize":5,"tickSize":"0.01"}
[2026-06-04T01:20:00.989Z] INFO Skipped trade. {"slug":"eth-updown-5m-1780536000","reason":"missing_opening_chainlink_tick"}
[2026-06-04T01:20:00.989Z] INFO Tracking market. {"market":"DOGE","slug":"doge-updown-5m-1780536000","title":"Dogecoin Up or Down - June 3, 9:20PM-9:25PM ET","end":"2026-06-04T01:25:00.000Z","upToken":"3844272842622445290585662231195983382299444784818313598017815690639506228504","downToken":"79249922016244073318212625265961585059162432171756641803513757583110501273983","orderMinSize":5,"tickSize":"0.01"}
[2026-06-04T01:20:02.001Z] INFO Captured Chainlink opening tick. {"slug":"eth-updown-5m-1780536000","openingPrice":1775.4962644307618,"tickTimestamp":"2026-06-04T01:20:00.000Z"}
[2026-06-04T01:20:02.006Z] INFO Skipped trade. {"slug":"eth-updown-5m-1780536000","reason":"btc_distance_below_threshold","market":"ETH","minDistanceUsd":{"UP":1,"DOWN":1},"openingPrice":1775.4962644307618,"currentPrice":1775.48427}
[2026-06-04T01:20:02.008Z] INFO Captured Chainlink opening tick. {"slug":"doge-updown-5m-1780536000","openingPrice":0.0896749767356389,"tickTimestamp":"2026-06-04T01:20:00.000Z"}
[2026-06-04T01:24:07.277Z] INFO Skipped trade. {"slug":"btc-updown-5m-1780536000","reason":"daily_spend_limit_reached","dailySpendUsd":1000,"amountUsd":1000,"dailySpendLimitUsd":1000}
[2026-06-04T01:24:07.497Z] INFO Skipped trade. {"slug":"eth-updown-5m-1780536000","reason":"daily_spend_limit_reached","dailySpendUsd":1000,"amountUsd":10,"dailySpendLimitUsd":1000}
[2026-06-04T01:25:01.903Z] INFO Tracking market. {"market":"BTC","slug":"btc-updown-5m-1780536300","title":"Bitcoin Up or Down - June 3, 9:25PM-9:30PM ET","end":"2026-06-04T01:30:00.000Z","upToken":"64884996502200863376671392931259860093094473996187454329187221503182787694940","downToken":"4028854841918941607709778947635196727481811964636761943505594731106352565618","orderMinSize":5,"tickSize":"0.01"}
[2026-06-04T01:25:01.907Z] INFO Captured Chainlink opening tick. {"slug":"btc-updown-5m-1780536300","openingPrice":62526.8121109593,"tickTimestamp":"2026-06-04T01:25:00.000Z"}
[2026-06-04T01:25:01.911Z] INFO Skipped trade. {"slug":"btc-updown-5m-1780536300","reason":"btc_distance_below_threshold","market":"BTC","minDistanceUsd":{"UP":10,"DOWN":10},"openingPrice":62526.8121109593,"currentPrice":62526.8121109593}
[2026-06-04T01:25:01.911Z] INFO Tracking market. {"market":"ETH","slug":"eth-updown-5m-1780536300","title":"Ethereum Up or Down - June 3, 9:25PM-9:30PM ET","end":"2026-06-04T01:30:00.000Z","upToken":"31722474647986768593729902335982675763497633459767950014361969657182389800611","downToken":"99137986530656079356371862576691781042912799911140808801048355012109421724408","orderMinSize":5,"tickSize":"0.01"}
[2026-06-04T01:25:01.911Z] INFO Skipped trade. {"slug":"eth-updown-5m-1780536300","reason":"missing_opening_chainlink_tick"}
[2026-06-04T01:25:01.911Z] INFO Tracking market. {"market":"DOGE","slug":"doge-updown-5m-1780536300","title":"Dogecoin Up or Down - June 3, 9:25PM-9:30PM ET","end":"2026-06-04T01:30:00.000Z","upToken":"109469767796657650845787514474257713216427899676587485833047706436511616583365","downToken":"46526960462215780242177318880571238492021225214178228327867634547160319557179","orderMinSize":5,"tickSize":"0.01"}
[2026-06-04T01:25:02.925Z] INFO Captured Chainlink opening tick. {"slug":"eth-updown-5m-1780536300","openingPrice":1766.8962723612212,"tickTimestamp":"2026-06-04T01:25:00.000Z"}
[2026-06-04T01:25:02.939Z] INFO Skipped trade. {"slug":"eth-updown-5m-1780536300","reason":"btc_distance_below_threshold","market":"ETH","minDistanceUsd":{"UP":1,"DOWN":1},"openingPrice":1766.8962723612212,"currentPrice":1767.1896002222134}
[2026-06-04T01:25:02.948Z] INFO Captured Chainlink opening tick. {"slug":"doge-updown-5m-1780536300","openingPrice":0.089030818,"tickTimestamp":"2026-06-04T01:25:00.000Z"}
[2026-06-04T01:26:56.331Z] WARN Bot loop iteration failed; retrying. {"error":"fetch failed"}
[2026-06-04T01:26:57.872Z] WARN Bot loop iteration failed; retrying. {"error":"fetch failed"}
[2026-06-04T01:29:08.076Z] INFO Skipped trade. {"slug":"btc-updown-5m-1780536300","reason":"daily_spend_limit_reached","dailySpendUsd":1000,"amountUsd":1000,"dailySpendLimitUsd":1000}
[2026-06-04T01:29:08.287Z] INFO Skipped trade. {"slug":"eth-updown-5m-1780536300","reason":"daily_spend_limit_reached","dailySpendUsd":1000,"amountUsd":10,"dailySpendLimitUsd":1000}
[2026-06-04T01:29:35.130Z] WARN Analytics sample recording failed; continuing. {"market":"ETH","slug":"eth-updown-5m-1780536300","error":"ENOENT: no such file or directory, rename 'C:\\DEV\\tests\\Workspace de Yarbis\\Polybot\\data\\analytics-active.json.tmp' -> 'C:\\DEV\\tests\\Workspace de Yarbis\\Polybot\\data\\analytics-active.json'"}
[2026-06-04T01:30:01.381Z] INFO Tracking market. {"market":"BTC","slug":"btc-updown-5m-1780536600","title":"Bitcoin Up or Down - June 3, 9:30PM-9:35PM ET","end":"2026-06-04T01:35:00.000Z","upToken":"90033628172574792134417462327341626238023145739740358061750084751272668304998","downToken":"45798245108700270176495802524767654835872284347190269877449010248126695149774","orderMinSize":5,"tickSize":"0.01"}
[2026-06-04T01:30:01.384Z] INFO Captured Chainlink opening tick. {"slug":"btc-updown-5m-1780536600","openingPrice":62622.89874905578,"tickTimestamp":"2026-06-04T01:30:00.000Z"}
[2026-06-04T01:30:01.387Z] INFO Skipped trade. {"slug":"btc-updown-5m-1780536600","reason":"btc_distance_below_threshold","market":"BTC","minDistanceUsd":{"UP":10,"DOWN":10},"openingPrice":62622.89874905578,"currentPrice":62628.14195219103}
[2026-06-04T01:30:01.387Z] INFO Tracking market. {"market":"ETH","slug":"eth-updown-5m-1780536600","title":"Ethereum Up or Down - June 3, 9:30PM-9:35PM ET","end":"2026-06-04T01:35:00.000Z","upToken":"77140951378027793440947059982919512233585566131175389429674008526487481855145","downToken":"48164940036044647346383342573017366293359487359830534516896574287973319110415","orderMinSize":5,"tickSize":"0.01"}
[2026-06-04T01:30:01.387Z] INFO Skipped trade. {"slug":"eth-updown-5m-1780536600","reason":"missing_opening_chainlink_tick"}
[2026-06-04T01:30:01.387Z] INFO Tracking market. {"market":"DOGE","slug":"doge-updown-5m-1780536600","title":"Dogecoin Up or Down - June 3, 9:30PM-9:35PM ET","end":"2026-06-04T01:35:00.000Z","upToken":"28699437768956484852481309965000839358540065325409833131325780290487155241044","downToken":"79890838197278098538067719757913787006754642042488436641665679252618339016486","orderMinSize":5,"tickSize":"0.01"}
[2026-06-04T01:30:03.411Z] INFO Captured Chainlink opening tick. {"slug":"eth-updown-5m-1780536600","openingPrice":1771.5544850015215,"tickTimestamp":"2026-06-04T01:30:00.000Z"}
[2026-06-04T01:30:03.423Z] INFO Skipped trade. {"slug":"eth-updown-5m-1780536600","reason":"btc_distance_below_threshold","market":"ETH","minDistanceUsd":{"UP":1,"DOWN":1},"openingPrice":1771.5544850015215,"currentPrice":1771.7767}
[2026-06-04T01:30:03.433Z] INFO Captured Chainlink opening tick. {"slug":"doge-updown-5m-1780536600","openingPrice":0.089168371343619,"tickTimestamp":"2026-06-04T01:30:00.000Z"}
[2026-06-04T01:31:48.444Z] WARN Bot loop iteration failed; retrying. {"error":"fetch failed"}
[2026-06-04T01:31:49.993Z] WARN Bot loop iteration failed; retrying. {"error":"fetch failed"}
[2026-06-04T01:31:51.516Z] WARN Bot loop iteration failed; retrying. {"error":"fetch failed"}
[2026-06-04T01:31:53.060Z] WARN Bot loop iteration failed; retrying. {"error":"fetch failed"}
[2026-06-04T01:32:06.393Z] WARN Bot loop iteration failed; retrying. {"error":"fetch failed"}
[2026-06-04T01:34:08.862Z] INFO Skipped trade. {"slug":"btc-updown-5m-1780536600","reason":"daily_spend_limit_reached","dailySpendUsd":1000,"amountUsd":1000,"dailySpendLimitUsd":1000}
[2026-06-04T01:34:09.150Z] INFO Skipped trade. {"slug":"eth-updown-5m-1780536600","reason":"daily_spend_limit_reached","dailySpendUsd":1000,"amountUsd":10,"dailySpendLimitUsd":1000}
[2026-06-04T01:35:00.218Z] INFO Tracking market. {"market":"BTC","slug":"btc-updown-5m-1780536900","title":"Bitcoin Up or Down - June 3, 9:35PM-9:40PM ET","end":"2026-06-04T01:40:00.000Z","upToken":"80498681494147138562810269367937898769720589674814424439445537930963426315303","downToken":"42596984182489056365817708908085059094064474267851223149059572040379730132208","orderMinSize":5,"tickSize":"0.01"}
[2026-06-04T01:35:00.219Z] INFO Skipped trade. {"slug":"btc-updown-5m-1780536900","reason":"missing_opening_chainlink_tick"}
[2026-06-04T01:35:00.219Z] INFO Tracking market. {"market":"ETH","slug":"eth-updown-5m-1780536900","title":"Ethereum Up or Down - June 3, 9:35PM-9:40PM ET","end":"2026-06-04T01:40:00.000Z","upToken":"96642307929918432770660540953754816752479212263530278210480105144229970187398","downToken":"4276607594734856979023514963365738269267563078115060858776650187550912334403","orderMinSize":5,"tickSize":"0.01"}
[2026-06-04T01:35:00.219Z] INFO Skipped trade. {"slug":"eth-updown-5m-1780536900","reason":"missing_opening_chainlink_tick"}
[2026-06-04T01:35:00.219Z] INFO Tracking market. {"market":"DOGE","slug":"doge-updown-5m-1780536900","title":"Dogecoin Up or Down - June 3, 9:35PM-9:40PM ET","end":"2026-06-04T01:40:00.000Z","upToken":"94927787569101418542323613752098460923982097129745868500132276008886185610233","downToken":"53940051053137863079835781522835464836519390964642455400245220071116434590832","orderMinSize":5,"tickSize":"0.01"}
[2026-06-04T01:35:01.230Z] INFO Captured Chainlink opening tick. {"slug":"btc-updown-5m-1780536900","openingPrice":62821.00132789818,"tickTimestamp":"2026-06-04T01:35:00.000Z"}
[2026-06-04T01:35:01.240Z] INFO Skipped trade. {"slug":"btc-updown-5m-1780536900","reason":"btc_distance_below_threshold","market":"BTC","minDistanceUsd":{"UP":10,"DOWN":10},"openingPrice":62821.00132789818,"currentPrice":62821.00132789818}
[2026-06-04T01:35:03.261Z] INFO Captured Chainlink opening tick. {"slug":"eth-updown-5m-1780536900","openingPrice":1779.162715,"tickTimestamp":"2026-06-04T01:35:00.000Z"}
[2026-06-04T01:35:03.269Z] INFO Skipped trade. {"slug":"eth-updown-5m-1780536900","reason":"btc_distance_below_threshold","market":"ETH","minDistanceUsd":{"UP":1,"DOWN":1},"openingPrice":1779.162715,"currentPrice":1779.6489689124435}
[2026-06-04T01:35:03.276Z] INFO Captured Chainlink opening tick. {"slug":"doge-updown-5m-1780536900","openingPrice":0.0897044,"tickTimestamp":"2026-06-04T01:35:00.000Z"}
[2026-06-04T01:38:57.414Z] INFO Skipped trade. {"slug":"eth-updown-5m-1780536900","reason":"stale_chainlink_tick","tickTimestamp":"2026-06-04T01:38:47.000Z"}
[2026-06-04T01:39:07.811Z] INFO Skipped trade. {"slug":"btc-updown-5m-1780536900","reason":"daily_spend_limit_reached","dailySpendUsd":1000,"amountUsd":1000,"dailySpendLimitUsd":1000}
[2026-06-04T01:39:14.622Z] INFO Skipped trade. {"slug":"eth-updown-5m-1780536900","reason":"daily_spend_limit_reached","dailySpendUsd":1000,"amountUsd":10,"dailySpendLimitUsd":1000}
[2026-06-04T01:40:00.529Z] INFO Tracking market. {"market":"BTC","slug":"btc-updown-5m-1780537200","title":"Bitcoin Up or Down - June 3, 9:40PM-9:45PM ET","end":"2026-06-04T01:45:00.000Z","upToken":"104569243760323515261971403463988454222034486353909745213057545598692506855733","downToken":"73985181239591538768829316874223141244184252216752137205605419914762444272605","orderMinSize":5,"tickSize":"0.01"}
[2026-06-04T01:40:00.530Z] INFO Skipped trade. {"slug":"btc-updown-5m-1780537200","reason":"missing_opening_chainlink_tick"}
[2026-06-04T01:40:00.530Z] INFO Tracking market. {"market":"ETH","slug":"eth-updown-5m-1780537200","title":"Ethereum Up or Down - June 3, 9:40PM-9:45PM ET","end":"2026-06-04T01:45:00.000Z","upToken":"104706156840171738752240310585536556046820864113256483361452983323078412456430","downToken":"81390160324789272365335508569896380449212140663966310448499921477864096531520","orderMinSize":5,"tickSize":"0.01"}
[2026-06-04T01:40:00.530Z] INFO Skipped trade. {"slug":"eth-updown-5m-1780537200","reason":"missing_opening_chainlink_tick"}
[2026-06-04T01:40:00.530Z] INFO Tracking market. {"market":"DOGE","slug":"doge-updown-5m-1780537200","title":"Dogecoin Up or Down - June 3, 9:40PM-9:45PM ET","end":"2026-06-04T01:45:00.000Z","upToken":"107344177569195551003978482564698699760735268203069601210500467542481659722140","downToken":"81452586962867857972817676547156833488599865131471718874109931546369919477494","orderMinSize":5,"tickSize":"0.01"}
[2026-06-04T01:40:01.543Z] INFO Captured Chainlink opening tick. {"slug":"btc-updown-5m-1780537200","openingPrice":62731.38167285481,"tickTimestamp":"2026-06-04T01:40:00.000Z"}
[2026-06-04T01:40:01.547Z] INFO Skipped trade. {"slug":"btc-updown-5m-1780537200","reason":"btc_distance_below_threshold","market":"BTC","minDistanceUsd":{"UP":10,"DOWN":10},"openingPrice":62731.38167285481,"currentPrice":62731.38167285481}
[2026-06-04T01:40:03.560Z] INFO Captured Chainlink opening tick. {"slug":"eth-updown-5m-1780537200","openingPrice":1777.511375,"tickTimestamp":"2026-06-04T01:40:00.000Z"}
[2026-06-04T01:40:03.577Z] INFO Skipped trade. {"slug":"eth-updown-5m-1780537200","reason":"btc_distance_below_threshold","market":"ETH","minDistanceUsd":{"UP":1,"DOWN":1},"openingPrice":1777.511375,"currentPrice":1777.9610307400076}
[2026-06-04T01:40:03.589Z] INFO Captured Chainlink opening tick. {"slug":"doge-updown-5m-1780537200","openingPrice":0.0897217,"tickTimestamp":"2026-06-04T01:40:00.000Z"}
[2026-06-04T01:44:07.893Z] INFO Skipped trade. {"slug":"btc-updown-5m-1780537200","reason":"daily_spend_limit_reached","dailySpendUsd":1000,"amountUsd":1000,"dailySpendLimitUsd":1000}
[2026-06-04T01:44:08.092Z] INFO Skipped trade. {"slug":"eth-updown-5m-1780537200","reason":"daily_spend_limit_reached","dailySpendUsd":1000,"amountUsd":10,"dailySpendLimitUsd":1000}
[2026-06-04T01:45:01.393Z] INFO Tracking market. {"market":"BTC","slug":"btc-updown-5m-1780537500","title":"Bitcoin Up or Down - June 3, 9:45PM-9:50PM ET","end":"2026-06-04T01:50:00.000Z","upToken":"48439779177383933951140433291067475686163259634621273459654056364621039822610","downToken":"61413509106929014290789050594118903490330960456578703472591553724911246874218","orderMinSize":5,"tickSize":"0.01"}
[2026-06-04T01:45:01.396Z] INFO Captured Chainlink opening tick. {"slug":"btc-updown-5m-1780537500","openingPrice":62748.958852529686,"tickTimestamp":"2026-06-04T01:45:00.000Z"}
[2026-06-04T01:45:01.399Z] INFO Skipped trade. {"slug":"btc-updown-5m-1780537500","reason":"btc_distance_below_threshold","market":"BTC","minDistanceUsd":{"UP":10,"DOWN":10},"openingPrice":62748.958852529686,"currentPrice":62748.958852529686}
[2026-06-04T01:45:01.399Z] INFO Tracking market. {"market":"ETH","slug":"eth-updown-5m-1780537500","title":"Ethereum Up or Down - June 3, 9:45PM-9:50PM ET","end":"2026-06-04T01:50:00.000Z","upToken":"21411758843895056967245112427957910768769188124243280498813467575458024426520","downToken":"9563428352078234233533670105586050376010586374306541384196099530197751637783","orderMinSize":5,"tickSize":"0.01"}
[2026-06-04T01:45:01.399Z] INFO Skipped trade. {"slug":"eth-updown-5m-1780537500","reason":"missing_opening_chainlink_tick"}
[2026-06-04T01:45:01.399Z] INFO Tracking market. {"market":"DOGE","slug":"doge-updown-5m-1780537500","title":"Dogecoin Up or Down - June 3, 9:45PM-9:50PM ET","end":"2026-06-04T01:50:00.000Z","upToken":"100915232849486163282940022286826694362726733737126826178690551897656890436855","downToken":"97455445458889280473818515500490108790796872597635401506987886028456345821781","orderMinSize":5,"tickSize":"0.01"}
[2026-06-04T01:45:04.416Z] INFO Captured Chainlink opening tick. {"slug":"eth-updown-5m-1780537500","openingPrice":1779.433335137324,"tickTimestamp":"2026-06-04T01:45:00.000Z"}
[2026-06-04T01:45:04.420Z] INFO Skipped trade. {"slug":"eth-updown-5m-1780537500","reason":"btc_distance_below_threshold","market":"ETH","minDistanceUsd":{"UP":1,"DOWN":1},"openingPrice":1779.433335137324,"currentPrice":1778.6067154496473}
[2026-06-04T01:45:04.422Z] INFO Captured Chainlink opening tick. {"slug":"doge-updown-5m-1780537500","openingPrice":0.089739,"tickTimestamp":"2026-06-04T01:45:00.000Z"}
[2026-06-04T01:49:07.638Z] WARN Analytics sample recording failed; continuing. {"market":"BTC","slug":"btc-updown-5m-1780537500","error":"ENOENT: no such file or directory, rename 'C:\\DEV\\tests\\Workspace de Yarbis\\Polybot\\data\\analytics-active.json.tmp' -> 'C:\\DEV\\tests\\Workspace de Yarbis\\Polybot\\data\\analytics-active.json'"}
[2026-06-04T01:49:07.638Z] INFO Skipped trade. {"slug":"btc-updown-5m-1780537500","reason":"daily_spend_limit_reached","dailySpendUsd":1000,"amountUsd":1000,"dailySpendLimitUsd":1000}
[2026-06-04T01:49:07.844Z] INFO Skipped trade. {"slug":"eth-updown-5m-1780537500","reason":"daily_spend_limit_reached","dailySpendUsd":1000,"amountUsd":10,"dailySpendLimitUsd":1000}
[2026-06-04T01:49:53.349Z] WARN Analytics sample recording failed; continuing. {"market":"DOGE","slug":"doge-updown-5m-1780537500","error":"ENOENT: no such file or directory, rename 'C:\\DEV\\tests\\Workspace de Yarbis\\Polybot\\data\\analytics-active.json.tmp' -> 'C:\\DEV\\tests\\Workspace de Yarbis\\Polybot\\data\\analytics-active.json'"}
[2026-06-04T01:49:55.107Z] WARN Analytics sample recording failed; continuing. {"market":"DOGE","slug":"doge-updown-5m-1780537500","error":"ENOENT: no such file or directory, rename 'C:\\DEV\\tests\\Workspace de Yarbis\\Polybot\\data\\analytics-active.json.tmp' -> 'C:\\DEV\\tests\\Workspace de Yarbis\\Polybot\\data\\analytics-active.json'"}
[2026-06-04T01:50:01.334Z] INFO Tracking market. {"market":"BTC","slug":"btc-updown-5m-1780537800","title":"Bitcoin Up or Down - June 3, 9:50PM-9:55PM ET","end":"2026-06-04T01:55:00.000Z","upToken":"58349310299041607924414427605325518703010737881166075283397151884945572420578","downToken":"66011182433875162838565216841563273999794557266703417646915819289535494179049","orderMinSize":5,"tickSize":"0.01"}
[2026-06-04T01:50:01.337Z] INFO Captured Chainlink opening tick. {"slug":"btc-updown-5m-1780537800","openingPrice":62441.375867969626,"tickTimestamp":"2026-06-04T01:50:00.000Z"}
[2026-06-04T01:50:01.340Z] INFO Skipped trade. {"slug":"btc-updown-5m-1780537800","reason":"btc_distance_below_threshold","market":"BTC","minDistanceUsd":{"UP":10,"DOWN":10},"openingPrice":62441.375867969626,"currentPrice":62441.375867969626}
[2026-06-04T01:50:01.340Z] INFO Tracking market. {"market":"ETH","slug":"eth-updown-5m-1780537800","title":"Ethereum Up or Down - June 3, 9:50PM-9:55PM ET","end":"2026-06-04T01:55:00.000Z","upToken":"15032857894673522462011416714150832792080729333954688744046288366255309679096","downToken":"54079266008061655354947853170381017129952722226456637610921470252333607571413","orderMinSize":5,"tickSize":"0.01"}
[2026-06-04T01:50:01.341Z] INFO Skipped trade. {"slug":"eth-updown-5m-1780537800","reason":"missing_opening_chainlink_tick"}
[2026-06-04T01:50:01.341Z] INFO Tracking market. {"market":"DOGE","slug":"doge-updown-5m-1780537800","title":"Dogecoin Up or Down - June 3, 9:50PM-9:55PM ET","end":"2026-06-04T01:55:00.000Z","upToken":"103320370777841865424390986660251936006330835887770836255317607628906248618945","downToken":"66556265159022932352207968970935327025104723014755631016339974069941755626096","orderMinSize":5,"tickSize":"0.01"}
[2026-06-04T01:50:04.382Z] INFO Captured Chainlink opening tick. {"slug":"eth-updown-5m-1780537800","openingPrice":1770.97325,"tickTimestamp":"2026-06-04T01:50:00.000Z"}
[2026-06-04T01:50:04.388Z] INFO Captured Chainlink opening tick. {"slug":"doge-updown-5m-1780537800","openingPrice":0.089224561915379,"tickTimestamp":"2026-06-04T01:50:00.000Z"}
[2026-06-04T01:50:15.247Z] INFO Skipped trade. {"slug":"eth-updown-5m-1780537800","reason":"btc_distance_below_threshold","market":"ETH","minDistanceUsd":{"UP":1,"DOWN":1},"openingPrice":1770.97325,"currentPrice":1770.62727938616}
[2026-06-04T01:51:23.696Z] INFO Skipped trade. {"slug":"eth-updown-5m-1780537800","reason":"stale_chainlink_tick","tickTimestamp":"2026-06-04T01:51:13.000Z"}
[2026-06-04T01:54:07.700Z] INFO Skipped trade. {"slug":"btc-updown-5m-1780537800","reason":"daily_spend_limit_reached","dailySpendUsd":1000,"amountUsd":1000,"dailySpendLimitUsd":1000}
[2026-06-04T01:54:07.895Z] INFO Skipped trade. {"slug":"eth-updown-5m-1780537800","reason":"daily_spend_limit_reached","dailySpendUsd":1000,"amountUsd":10,"dailySpendLimitUsd":1000}
[2026-06-04T01:55:00.338Z] INFO Tracking market. {"market":"BTC","slug":"btc-updown-5m-1780538100","title":"Bitcoin Up or Down - June 3, 9:55PM-10:00PM ET","end":"2026-06-04T02:00:00.000Z","upToken":"17233180566112202350799160968613488853455944038530526847253723381244938919615","downToken":"37882749972910273412787860115334509977422911680896863032609362286693674506666","orderMinSize":5,"tickSize":"0.01"}
[2026-06-04T01:55:00.347Z] INFO Captured Chainlink opening tick. {"slug":"btc-updown-5m-1780538100","openingPrice":62169.769790079,"tickTimestamp":"2026-06-04T01:55:00.000Z"}
[2026-06-04T01:55:00.358Z] INFO Skipped trade. {"slug":"btc-updown-5m-1780538100","reason":"btc_distance_below_threshold","market":"BTC","minDistanceUsd":{"UP":10,"DOWN":10},"openingPrice":62169.769790079,"currentPrice":62169.769790079}
[2026-06-04T01:55:00.358Z] INFO Tracking market. {"market":"ETH","slug":"eth-updown-5m-1780538100","title":"Ethereum Up or Down - June 3, 9:55PM-10:00PM ET","end":"2026-06-04T02:00:00.000Z","upToken":"55637414251707245962955802538340649796922084278175435833940716622632813225331","downToken":"109298203466270002361660157934303044409311773491791599899080326734561584538239","orderMinSize":5,"tickSize":"0.01"}
[2026-06-04T01:55:00.359Z] INFO Skipped trade. {"slug":"eth-updown-5m-1780538100","reason":"missing_opening_chainlink_tick"}
[2026-06-04T01:55:00.359Z] INFO Tracking market. {"market":"DOGE","slug":"doge-updown-5m-1780538100","title":"Dogecoin Up or Down - June 3, 9:55PM-10:00PM ET","end":"2026-06-04T02:00:00.000Z","upToken":"55030336397457883514034103002849996252964600999983330320254054344131101872595","downToken":"19812374673914153315552223078300975123018475245715202230032802789864259389254","orderMinSize":5,"tickSize":"0.01"}
[2026-06-04T01:55:05.513Z] INFO Captured Chainlink opening tick. {"slug":"eth-updown-5m-1780538100","openingPrice":1755.4568992795012,"tickTimestamp":"2026-06-04T01:55:00.000Z"}
[2026-06-04T01:55:05.519Z] INFO Captured Chainlink opening tick. {"slug":"doge-updown-5m-1780538100","openingPrice":0.0882745,"tickTimestamp":"2026-06-04T01:55:00.000Z"}
[2026-06-04T01:55:10.711Z] INFO Skipped trade. {"slug":"eth-updown-5m-1780538100","reason":"btc_distance_below_threshold","market":"ETH","minDistanceUsd":{"UP":1,"DOWN":1},"openingPrice":1755.4568992795012,"currentPrice":1755.3889629109033}
[2026-06-04T01:57:00.864Z] WARN Bot loop iteration failed; retrying. {"error":"fetch failed"}
[2026-06-04T01:59:09.130Z] INFO Skipped trade. {"slug":"eth-updown-5m-1780538100","reason":"daily_spend_limit_reached","dailySpendUsd":1000,"amountUsd":10,"dailySpendLimitUsd":1000}
[2026-06-04T01:59:10.561Z] INFO Skipped trade. {"slug":"btc-updown-5m-1780538100","reason":"daily_spend_limit_reached","dailySpendUsd":1000,"amountUsd":1000,"dailySpendLimitUsd":1000}
[2026-06-04T02:00:00.714Z] INFO Tracking market. {"market":"BTC","slug":"btc-updown-5m-1780538400","title":"Bitcoin Up or Down - June 3, 10:00PM-10:05PM ET","end":"2026-06-04T02:05:00.000Z","upToken":"55301364621597189260968843607065794450642054663023689500387737925437120609558","downToken":"25106733735412614705363868303769859464832877350703554881629571106844845329493","orderMinSize":5,"tickSize":"0.01"}
[2026-06-04T02:00:00.719Z] INFO Captured Chainlink opening tick. {"slug":"btc-updown-5m-1780538400","openingPrice":62100.327079057824,"tickTimestamp":"2026-06-04T02:00:00.000Z"}
[2026-06-04T02:00:00.722Z] INFO Skipped trade. {"slug":"btc-updown-5m-1780538400","reason":"btc_distance_below_threshold","market":"BTC","minDistanceUsd":{"UP":10,"DOWN":10},"openingPrice":62100.327079057824,"currentPrice":62100.327079057824}
[2026-06-04T02:00:00.722Z] INFO Tracking market. {"market":"ETH","slug":"eth-updown-5m-1780538400","title":"Ethereum Up or Down - June 3, 10:00PM-10:05PM ET","end":"2026-06-04T02:05:00.000Z","upToken":"95349837137046448970361277100263431911788608135376931266818601006253906959496","downToken":"22915144376816301878557471692226723188349941893070134963119164077069737336730","orderMinSize":5,"tickSize":"0.01"}
[2026-06-04T02:00:00.722Z] INFO Skipped trade. {"slug":"eth-updown-5m-1780538400","reason":"missing_opening_chainlink_tick"}
[2026-06-04T02:00:00.723Z] INFO Tracking market. {"market":"DOGE","slug":"doge-updown-5m-1780538400","title":"Dogecoin Up or Down - June 3, 10:00PM-10:05PM ET","end":"2026-06-04T02:05:00.000Z","upToken":"54257417179658839900295576483938910260917560240680161674752621558965478612974","downToken":"38336609947159725519212653093242794335662724067038481285854779926371548767580","orderMinSize":5,"tickSize":"0.01"}
[2026-06-04T02:00:06.675Z] INFO Captured Chainlink opening tick. {"slug":"eth-updown-5m-1780538400","openingPrice":1757.6432229585243,"tickTimestamp":"2026-06-04T02:00:00.000Z"}
[2026-06-04T02:00:06.681Z] INFO Captured Chainlink opening tick. {"slug":"doge-updown-5m-1780538400","openingPrice":0.088411989,"tickTimestamp":"2026-06-04T02:00:00.000Z"}
[2026-06-04T02:00:10.729Z] INFO Skipped trade. {"slug":"eth-updown-5m-1780538400","reason":"btc_distance_below_threshold","market":"ETH","minDistanceUsd":{"UP":1,"DOWN":1},"openingPrice":1757.6432229585243,"currentPrice":1757.0431232691512}
[2026-06-04T02:04:08.608Z] INFO Skipped trade. {"slug":"btc-updown-5m-1780538400","reason":"daily_spend_limit_reached","dailySpendUsd":1000,"amountUsd":1000,"dailySpendLimitUsd":1000}
[2026-06-04T02:04:08.832Z] INFO Skipped trade. {"slug":"eth-updown-5m-1780538400","reason":"daily_spend_limit_reached","dailySpendUsd":1000,"amountUsd":10,"dailySpendLimitUsd":1000}
[2026-06-04T02:05:00.326Z] INFO Tracking market. {"market":"BTC","slug":"btc-updown-5m-1780538700","title":"Bitcoin Up or Down - June 3, 10:05PM-10:10PM ET","end":"2026-06-04T02:10:00.000Z","upToken":"67969473194686753886927275962203212417001622914462476325076245016841957209932","downToken":"83106086392935389545166901798062841635783545139410166900889276637192298652755","orderMinSize":5,"tickSize":"0.01"}
[2026-06-04T02:05:00.330Z] INFO Captured Chainlink opening tick. {"slug":"btc-updown-5m-1780538700","openingPrice":61411.741165,"tickTimestamp":"2026-06-04T02:05:00.000Z"}
[2026-06-04T02:05:00.334Z] INFO Skipped trade. {"slug":"btc-updown-5m-1780538700","reason":"btc_distance_below_threshold","market":"BTC","minDistanceUsd":{"UP":10,"DOWN":10},"openingPrice":61411.741165,"currentPrice":61411.741165}
[2026-06-04T02:05:00.334Z] INFO Tracking market. {"market":"ETH","slug":"eth-updown-5m-1780538700","title":"Ethereum Up or Down - June 3, 10:05PM-10:10PM ET","end":"2026-06-04T02:10:00.000Z","upToken":"55329404766432954325908942243571544932059957099192562503625201656217624228824","downToken":"100421768757430805840257223806078896462286383511922540432839160445507001901888","orderMinSize":5,"tickSize":"0.01"}
[2026-06-04T02:05:00.334Z] INFO Skipped trade. {"slug":"eth-updown-5m-1780538700","reason":"missing_opening_chainlink_tick"}
[2026-06-04T02:05:00.334Z] INFO Tracking market. {"market":"DOGE","slug":"doge-updown-5m-1780538700","title":"Dogecoin Up or Down - June 3, 10:05PM-10:10PM ET","end":"2026-06-04T02:10:00.000Z","upToken":"55996278197021486090147542628812312701881530642603577580659154832881436790387","downToken":"10416493473002779750504918785335621920415653952941114354492443913849137836068","orderMinSize":5,"tickSize":"0.01"}
[2026-06-04T02:05:01.355Z] INFO Captured Chainlink opening tick. {"slug":"eth-updown-5m-1780538700","openingPrice":1720.284315,"tickTimestamp":"2026-06-04T02:05:00.000Z"}
[2026-06-04T02:05:01.362Z] INFO Skipped trade. {"slug":"eth-updown-5m-1780538700","reason":"btc_distance_below_threshold","market":"ETH","minDistanceUsd":{"UP":1,"DOWN":1},"openingPrice":1720.284315,"currentPrice":1720.284315}
[2026-06-04T02:05:01.368Z] INFO Captured Chainlink opening tick. {"slug":"doge-updown-5m-1780538700","openingPrice":0.0861398,"tickTimestamp":"2026-06-04T02:05:00.000Z"}
[2026-06-04T02:09:08.025Z] INFO Skipped trade. {"slug":"btc-updown-5m-1780538700","reason":"daily_spend_limit_reached","dailySpendUsd":1000,"amountUsd":1000,"dailySpendLimitUsd":1000}
[2026-06-04T02:09:08.239Z] WARN Analytics sample recording failed; continuing. {"market":"ETH","slug":"eth-updown-5m-1780538700","error":"ENOENT: no such file or directory, rename 'C:\\DEV\\tests\\Workspace de Yarbis\\Polybot\\data\\analytics-active.json.tmp' -> 'C:\\DEV\\tests\\Workspace de Yarbis\\Polybot\\data\\analytics-active.json'"}
[2026-06-04T02:09:08.239Z] INFO Skipped trade. {"slug":"eth-updown-5m-1780538700","reason":"daily_spend_limit_reached","dailySpendUsd":1000,"amountUsd":10,"dailySpendLimitUsd":1000}
[2026-06-04T02:10:01.873Z] INFO Tracking market. {"market":"BTC","slug":"btc-updown-5m-1780539000","title":"Bitcoin Up or Down - June 3, 10:10PM-10:15PM ET","end":"2026-06-04T02:15:00.000Z","upToken":"54909239205233444415848756883484398142374901272339719490648441087786612260909","downToken":"99274465437822994307277960747604758277209530584920854546474462594271036241067","orderMinSize":5,"tickSize":"0.01"}
[2026-06-04T02:10:01.885Z] INFO Captured Chainlink opening tick. {"slug":"btc-updown-5m-1780539000","openingPrice":61959.13684743939,"tickTimestamp":"2026-06-04T02:10:00.000Z"}
[2026-06-04T02:10:01.898Z] INFO Tracking market. {"market":"ETH","slug":"eth-updown-5m-1780539000","title":"Ethereum Up or Down - June 3, 10:10PM-10:15PM ET","end":"2026-06-04T02:15:00.000Z","upToken":"56350655371692091944098781666978841526392803103416865527678701347044660437140","downToken":"19959543863249991181536560838378990848354320459355919175883520253962508216111","orderMinSize":5,"tickSize":"0.01"}
[2026-06-04T02:10:01.908Z] INFO Captured Chainlink opening tick. {"slug":"eth-updown-5m-1780539000","openingPrice":1736.0035168214308,"tickTimestamp":"2026-06-04T02:10:00.000Z"}
[2026-06-04T02:10:01.921Z] INFO Skipped trade. {"slug":"eth-updown-5m-1780539000","reason":"btc_distance_below_threshold","market":"ETH","minDistanceUsd":{"UP":1,"DOWN":1},"openingPrice":1736.0035168214308,"currentPrice":1736.0035168214308}
[2026-06-04T02:10:01.921Z] INFO Tracking market. {"market":"DOGE","slug":"doge-updown-5m-1780539000","title":"Dogecoin Up or Down - June 3, 10:10PM-10:15PM ET","end":"2026-06-04T02:15:00.000Z","upToken":"9581185800415710895422211420609478156207179557451329521046996680007235885569","downToken":"7976637923747782368728146241231625464892860901856018146924394891725293503693","orderMinSize":5,"tickSize":"0.01"}
[2026-06-04T02:10:01.932Z] INFO Captured Chainlink opening tick. {"slug":"doge-updown-5m-1780539000","openingPrice":0.0871375199289544,"tickTimestamp":"2026-06-04T02:10:00.000Z"}
[2026-06-04T02:10:03.964Z] INFO Skipped trade. {"slug":"btc-updown-5m-1780539000","reason":"btc_distance_below_threshold","market":"BTC","minDistanceUsd":{"UP":10,"DOWN":10},"openingPrice":61959.13684743939,"currentPrice":61957.35407038518}
[2026-06-04T02:14:08.723Z] INFO Skipped trade. {"slug":"btc-updown-5m-1780539000","reason":"daily_spend_limit_reached","dailySpendUsd":1000,"amountUsd":1000,"dailySpendLimitUsd":1000}
[2026-06-04T02:14:08.918Z] INFO Skipped trade. {"slug":"eth-updown-5m-1780539000","reason":"daily_spend_limit_reached","dailySpendUsd":1000,"amountUsd":10,"dailySpendLimitUsd":1000}
[2026-06-04T02:14:10.720Z] WARN Analytics sample recording failed; continuing. {"market":"DOGE","slug":"doge-updown-5m-1780539000","error":"ENOENT: no such file or directory, rename 'C:\\DEV\\tests\\Workspace de Yarbis\\Polybot\\data\\analytics-active.json.tmp' -> 'C:\\DEV\\tests\\Workspace de Yarbis\\Polybot\\data\\analytics-active.json'"}
[2026-06-04T02:15:00.587Z] INFO Tracking market. {"market":"BTC","slug":"btc-updown-5m-1780539300","title":"Bitcoin Up or Down - June 3, 10:15PM-10:20PM ET","end":"2026-06-04T02:20:00.000Z","upToken":"99098269131359352532631987348402833615915027052260119861464600954530906839633","downToken":"98454801654206630881958512092444296384839319086754477655377597223561547097870","orderMinSize":5,"tickSize":"0.01"}
[2026-06-04T02:15:00.598Z] INFO Captured Chainlink opening tick. {"slug":"btc-updown-5m-1780539300","openingPrice":62330.500823245995,"tickTimestamp":"2026-06-04T02:15:00.000Z"}
[2026-06-04T02:15:00.609Z] INFO Skipped trade. {"slug":"btc-updown-5m-1780539300","reason":"btc_distance_below_threshold","market":"BTC","minDistanceUsd":{"UP":10,"DOWN":10},"openingPrice":62330.500823245995,"currentPrice":62330.500823245995}
[2026-06-04T02:15:00.610Z] INFO Tracking market. {"market":"ETH","slug":"eth-updown-5m-1780539300","title":"Ethereum Up or Down - June 3, 10:15PM-10:20PM ET","end":"2026-06-04T02:20:00.000Z","upToken":"51421715438238314484639945491277160966375416991536590691828134188696834899035","downToken":"107954827088074401564984611785362910335250789461056904615259320403339047051610","orderMinSize":5,"tickSize":"0.01"}
[2026-06-04T02:15:00.610Z] INFO Skipped trade. {"slug":"eth-updown-5m-1780539300","reason":"missing_opening_chainlink_tick"}
[2026-06-04T02:15:00.610Z] INFO Tracking market. {"market":"DOGE","slug":"doge-updown-5m-1780539300","title":"Dogecoin Up or Down - June 3, 10:15PM-10:20PM ET","end":"2026-06-04T02:20:00.000Z","upToken":"9709094011513185362223132419456047962891294555427402823912649289381163753314","downToken":"32035121046279992573068113221633690904987291737016039008816061820931583548372","orderMinSize":5,"tickSize":"0.01"}
[2026-06-04T02:15:02.637Z] INFO Captured Chainlink opening tick. {"slug":"eth-updown-5m-1780539300","openingPrice":1743.801135,"tickTimestamp":"2026-06-04T02:15:00.000Z"}
[2026-06-04T02:15:02.640Z] INFO Skipped trade. {"slug":"eth-updown-5m-1780539300","reason":"btc_distance_below_threshold","market":"ETH","minDistanceUsd":{"UP":1,"DOWN":1},"openingPrice":1743.801135,"currentPrice":1743.8607139789756}
[2026-06-04T02:15:02.643Z] INFO Captured Chainlink opening tick. {"slug":"doge-updown-5m-1780539300","openingPrice":0.0877988737347826,"tickTimestamp":"2026-06-04T02:15:00.000Z"}
[2026-06-04T02:16:45.402Z] WARN RTDS websocket closed; reconnecting soon.
[2026-06-04T02:16:49.014Z] INFO Connected to Polymarket RTDS Chainlink feed.
[2026-06-04T02:19:08.663Z] INFO Skipped trade. {"slug":"btc-updown-5m-1780539300","reason":"daily_spend_limit_reached","dailySpendUsd":1000,"amountUsd":1000,"dailySpendLimitUsd":1000}
[2026-06-04T02:19:09.079Z] INFO Skipped trade. {"slug":"eth-updown-5m-1780539300","reason":"daily_spend_limit_reached","dailySpendUsd":1000,"amountUsd":10,"dailySpendLimitUsd":1000}
[2026-06-04T02:20:02.001Z] INFO Tracking market. {"market":"BTC","slug":"btc-updown-5m-1780539600","title":"Bitcoin Up or Down - June 3, 10:20PM-10:25PM ET","end":"2026-06-04T02:25:00.000Z","upToken":"107290204681047132940369127678632982137105379362879488723225929678752614741791","downToken":"58099120931976918545877112790957134748434342743496800971774106792405370936437","orderMinSize":5,"tickSize":"0.01"}
[2026-06-04T02:20:02.009Z] INFO Captured Chainlink opening tick. {"slug":"btc-updown-5m-1780539600","openingPrice":62449.10356522851,"tickTimestamp":"2026-06-04T02:20:00.000Z"}
[2026-06-04T02:20:02.018Z] INFO Skipped trade. {"slug":"btc-updown-5m-1780539600","reason":"btc_distance_below_threshold","market":"BTC","minDistanceUsd":{"UP":10,"DOWN":10},"openingPrice":62449.10356522851,"currentPrice":62457.18558917708}
[2026-06-04T02:20:02.018Z] INFO Tracking market. {"market":"ETH","slug":"eth-updown-5m-1780539600","title":"Ethereum Up or Down - June 3, 10:20PM-10:25PM ET","end":"2026-06-04T02:25:00.000Z","upToken":"22333844126652764207625351748852139992673462552505227001314401154176306822403","downToken":"99638600045534419760290189130836527459576666994112494079017066288720992370305","orderMinSize":5,"tickSize":"0.01"}
[2026-06-04T02:20:02.018Z] INFO Skipped trade. {"slug":"eth-updown-5m-1780539600","reason":"missing_opening_chainlink_tick"}
[2026-06-04T02:20:02.018Z] INFO Tracking market. {"market":"DOGE","slug":"doge-updown-5m-1780539600","title":"Dogecoin Up or Down - June 3, 10:20PM-10:25PM ET","end":"2026-06-04T02:25:00.000Z","upToken":"62287140013529434798138823293089114471909459278423371405473050175614843107777","downToken":"16375445580461882860660719759830569983412835764401190314294621592640312443906","orderMinSize":5,"tickSize":"0.01"}
[2026-06-04T02:20:05.065Z] INFO Captured Chainlink opening tick. {"slug":"eth-updown-5m-1780539600","openingPrice":1746.4778672132848,"tickTimestamp":"2026-06-04T02:20:00.000Z"}
[2026-06-04T02:20:05.073Z] INFO Captured Chainlink opening tick. {"slug":"doge-updown-5m-1780539600","openingPrice":0.08803538,"tickTimestamp":"2026-06-04T02:20:00.000Z"}
[2026-06-04T02:20:10.326Z] INFO Skipped trade. {"slug":"eth-updown-5m-1780539600","reason":"btc_distance_below_threshold","market":"ETH","minDistanceUsd":{"UP":1,"DOWN":1},"openingPrice":1746.4778672132848,"currentPrice":1747.4359016094602}
[2026-06-04T02:24:09.394Z] INFO Skipped trade. {"slug":"btc-updown-5m-1780539600","reason":"daily_spend_limit_reached","dailySpendUsd":1000,"amountUsd":1000,"dailySpendLimitUsd":1000}
[2026-06-04T02:24:09.697Z] INFO Skipped trade. {"slug":"eth-updown-5m-1780539600","reason":"daily_spend_limit_reached","dailySpendUsd":1000,"amountUsd":10,"dailySpendLimitUsd":1000}
[2026-06-04T02:25:01.355Z] INFO Tracking market. {"market":"BTC","slug":"btc-updown-5m-1780539900","title":"Bitcoin Up or Down - June 3, 10:25PM-10:30PM ET","end":"2026-06-04T02:30:00.000Z","upToken":"23193431452534393588450855089869042476088801076386290074905920447296733816068","downToken":"6342603450047651566305672700616720410068413816691443446289417379792758054477","orderMinSize":5,"tickSize":"0.01"}
[2026-06-04T02:25:01.366Z] INFO Captured Chainlink opening tick. {"slug":"btc-updown-5m-1780539900","openingPrice":62958.24971235097,"tickTimestamp":"2026-06-04T02:25:00.000Z"}
[2026-06-04T02:25:01.380Z] INFO Skipped trade. {"slug":"btc-updown-5m-1780539900","reason":"btc_distance_below_threshold","market":"BTC","minDistanceUsd":{"UP":10,"DOWN":10},"openingPrice":62958.24971235097,"currentPrice":62958.24971235097}
[2026-06-04T02:25:01.380Z] INFO Tracking market. {"market":"ETH","slug":"eth-updown-5m-1780539900","title":"Ethereum Up or Down - June 3, 10:25PM-10:30PM ET","end":"2026-06-04T02:30:00.000Z","upToken":"9035875411414138043332540973484919397930979318957367054888783207456986011948","downToken":"87429687891484015874463186900761816409626663644797540590361191365791147192607","orderMinSize":5,"tickSize":"0.01"}
[2026-06-04T02:25:01.380Z] INFO Skipped trade. {"slug":"eth-updown-5m-1780539900","reason":"missing_opening_chainlink_tick"}
[2026-06-04T02:25:01.381Z] INFO Tracking market. {"market":"DOGE","slug":"doge-updown-5m-1780539900","title":"Dogecoin Up or Down - June 3, 10:25PM-10:30PM ET","end":"2026-06-04T02:30:00.000Z","upToken":"8646561322518152732617080855259974656473301256887815558039071120214868206341","downToken":"35104221820745706941934017128067019620227180510343571776454312484608126919388","orderMinSize":5,"tickSize":"0.01"}
[2026-06-04T02:25:05.437Z] INFO Captured Chainlink opening tick. {"slug":"eth-updown-5m-1780539900","openingPrice":1769.949246849624,"tickTimestamp":"2026-06-04T02:25:00.000Z"}
[2026-06-04T02:25:05.443Z] INFO Captured Chainlink opening tick. {"slug":"doge-updown-5m-1780539900","openingPrice":0.088961648571847,"tickTimestamp":"2026-06-04T02:25:00.000Z"}
[2026-06-04T02:26:35.295Z] INFO Skipped trade. {"slug":"eth-updown-5m-1780539900","reason":"btc_distance_below_threshold","market":"ETH","minDistanceUsd":{"UP":1,"DOWN":1},"openingPrice":1769.949246849624,"currentPrice":1769.5118275724726}
[2026-06-04T02:29:07.885Z] INFO Skipped trade. {"slug":"btc-updown-5m-1780539900","reason":"daily_spend_limit_reached","dailySpendUsd":1000,"amountUsd":1000,"dailySpendLimitUsd":1000}
[2026-06-04T02:29:08.103Z] INFO Skipped trade. {"slug":"eth-updown-5m-1780539900","reason":"daily_spend_limit_reached","dailySpendUsd":1000,"amountUsd":10,"dailySpendLimitUsd":1000}
[2026-06-04T02:30:00.750Z] INFO Tracking market. {"market":"BTC","slug":"btc-updown-5m-1780540200","title":"Bitcoin Up or Down - June 3, 10:30PM-10:35PM ET","end":"2026-06-04T02:35:00.000Z","upToken":"112115112729074524708893891121653030447712848682129944057515342392018152435521","downToken":"60845081649853304479940567823133589838038063453381902163574627631625844418959","orderMinSize":5,"tickSize":"0.01"}
[2026-06-04T02:30:00.754Z] INFO Captured Chainlink opening tick. {"slug":"btc-updown-5m-1780540200","openingPrice":62931.14838867662,"tickTimestamp":"2026-06-04T02:30:00.000Z"}
[2026-06-04T02:30:00.757Z] INFO Skipped trade. {"slug":"btc-updown-5m-1780540200","reason":"btc_distance_below_threshold","market":"BTC","minDistanceUsd":{"UP":10,"DOWN":10},"openingPrice":62931.14838867662,"currentPrice":62931.14838867662}
[2026-06-04T02:30:00.758Z] INFO Tracking market. {"market":"ETH","slug":"eth-updown-5m-1780540200","title":"Ethereum Up or Down - June 3, 10:30PM-10:35PM ET","end":"2026-06-04T02:35:00.000Z","upToken":"11654262345121221314305597723006964978593394645999260000363927177625610821600","downToken":"53102991478028225087890594877463111119363116063809292050100242453476801204543","orderMinSize":5,"tickSize":"0.01"}
[2026-06-04T02:30:00.760Z] INFO Captured Chainlink opening tick. {"slug":"eth-updown-5m-1780540200","openingPrice":1764.638078885884,"tickTimestamp":"2026-06-04T02:30:00.000Z"}
[2026-06-04T02:30:00.763Z] INFO Skipped trade. {"slug":"eth-updown-5m-1780540200","reason":"btc_distance_below_threshold","market":"ETH","minDistanceUsd":{"UP":1,"DOWN":1},"openingPrice":1764.638078885884,"currentPrice":1764.638078885884}
[2026-06-04T02:30:00.763Z] INFO Tracking market. {"market":"DOGE","slug":"doge-updown-5m-1780540200","title":"Dogecoin Up or Down - June 3, 10:30PM-10:35PM ET","end":"2026-06-04T02:35:00.000Z","upToken":"88939263674636978982092394801520230332347467679409931238848444482364387940762","downToken":"70625315151400464861036134309430427030602186473089030089708636273663705957223","orderMinSize":5,"tickSize":"0.01"}
[2026-06-04T02:30:00.766Z] INFO Captured Chainlink opening tick. {"slug":"doge-updown-5m-1780540200","openingPrice":0.0889167406311537,"tickTimestamp":"2026-06-04T02:30:00.000Z"}
[2026-06-04T02:34:08.254Z] INFO Skipped trade. {"slug":"btc-updown-5m-1780540200","reason":"daily_spend_limit_reached","dailySpendUsd":1000,"amountUsd":1000,"dailySpendLimitUsd":1000}
[2026-06-04T02:34:08.439Z] INFO Skipped trade. {"slug":"eth-updown-5m-1780540200","reason":"daily_spend_limit_reached","dailySpendUsd":1000,"amountUsd":10,"dailySpendLimitUsd":1000}
[2026-06-04T02:35:01.027Z] INFO Tracking market. {"market":"BTC","slug":"btc-updown-5m-1780540500","title":"Bitcoin Up or Down - June 3, 10:35PM-10:40PM ET","end":"2026-06-04T02:40:00.000Z","upToken":"13022462577746475704435079457216645267917483089846911680533005446323217280071","downToken":"110157118990968637442048467608868571086299911186126979874731313195438784402131","orderMinSize":5,"tickSize":"0.01"}
[2026-06-04T02:35:01.040Z] INFO Captured Chainlink opening tick. {"slug":"btc-updown-5m-1780540500","openingPrice":63217.129376608464,"tickTimestamp":"2026-06-04T02:35:00.000Z"}
[2026-06-04T02:35:01.055Z] INFO Skipped trade. {"slug":"btc-updown-5m-1780540500","reason":"btc_distance_below_threshold","market":"BTC","minDistanceUsd":{"UP":10,"DOWN":10},"openingPrice":63217.129376608464,"currentPrice":63217.129376608464}
[2026-06-04T02:35:01.055Z] INFO Tracking market. {"market":"ETH","slug":"eth-updown-5m-1780540500","title":"Ethereum Up or Down - June 3, 10:35PM-10:40PM ET","end":"2026-06-04T02:40:00.000Z","upToken":"94847583378769491514565378231846697818589532770263594454262530373430581840652","downToken":"67277774460013554555803700390917085433672603861550092697771121079853678005287","orderMinSize":5,"tickSize":"0.01"}
[2026-06-04T02:35:01.056Z] INFO Skipped trade. {"slug":"eth-updown-5m-1780540500","reason":"missing_opening_chainlink_tick"}
[2026-06-04T02:35:01.056Z] INFO Tracking market. {"market":"DOGE","slug":"doge-updown-5m-1780540500","title":"Dogecoin Up or Down - June 3, 10:35PM-10:40PM ET","end":"2026-06-04T02:40:00.000Z","upToken":"29382847368303210834937894698700411287163116754316244995769614499900666046777","downToken":"93112586894975135518266694118807122796315914583880514463850344628683124126261","orderMinSize":5,"tickSize":"0.01"}
[2026-06-04T02:35:02.068Z] INFO Captured Chainlink opening tick. {"slug":"eth-updown-5m-1780540500","openingPrice":1766.9044988814887,"tickTimestamp":"2026-06-04T02:35:00.000Z"}
[2026-06-04T02:35:02.072Z] INFO Skipped trade. {"slug":"eth-updown-5m-1780540500","reason":"btc_distance_below_threshold","market":"ETH","minDistanceUsd":{"UP":1,"DOWN":1},"openingPrice":1766.9044988814887,"currentPrice":1766.9044988814887}
[2026-06-04T02:35:02.074Z] INFO Captured Chainlink opening tick. {"slug":"doge-updown-5m-1780540500","openingPrice":0.0891456,"tickTimestamp":"2026-06-04T02:35:00.000Z"}
[2026-06-04T02:39:07.783Z] INFO Skipped trade. {"slug":"btc-updown-5m-1780540500","reason":"daily_spend_limit_reached","dailySpendUsd":1000,"amountUsd":1000,"dailySpendLimitUsd":1000}
[2026-06-04T02:39:11.122Z] WARN Analytics sample recording failed; continuing. {"market":"BTC","slug":"btc-updown-5m-1780540500","error":"ENOENT: no such file or directory, rename 'C:\\DEV\\tests\\Workspace de Yarbis\\Polybot\\data\\analytics-active.json.tmp' -> 'C:\\DEV\\tests\\Workspace de Yarbis\\Polybot\\data\\analytics-active.json'"}
[2026-06-04T02:39:52.000Z] INFO Skipped trade. {"slug":"eth-updown-5m-1780540500","reason":"daily_spend_limit_reached","dailySpendUsd":1000,"amountUsd":10,"dailySpendLimitUsd":1000}
[2026-06-04T02:40:01.490Z] INFO Tracking market. {"market":"BTC","slug":"btc-updown-5m-1780540800","title":"Bitcoin Up or Down - June 3, 10:40PM-10:45PM ET","end":"2026-06-04T02:45:00.000Z","upToken":"7000552600297912360150470329185299492077961468747208137066285216939222560450","downToken":"107766615750457375565518845655162115553544337192427776779725412406873676739409","orderMinSize":5,"tickSize":"0.01"}
[2026-06-04T02:40:01.494Z] INFO Captured Chainlink opening tick. {"slug":"btc-updown-5m-1780540800","openingPrice":63273.477365971106,"tickTimestamp":"2026-06-04T02:40:00.000Z"}
[2026-06-04T02:40:01.498Z] INFO Skipped trade. {"slug":"btc-updown-5m-1780540800","reason":"btc_distance_below_threshold","market":"BTC","minDistanceUsd":{"UP":10,"DOWN":10},"openingPrice":63273.477365971106,"currentPrice":63273.61585368977}
[2026-06-04T02:40:01.498Z] INFO Tracking market. {"market":"ETH","slug":"eth-updown-5m-1780540800","title":"Ethereum Up or Down - June 3, 10:40PM-10:45PM ET","end":"2026-06-04T02:45:00.000Z","upToken":"60692774798648999630069865764630098386558346427004772014303686972487263775996","downToken":"24601112166477192983521795949965065625804584347135711530073574027454074831746","orderMinSize":5,"tickSize":"0.01"}
[2026-06-04T02:40:01.498Z] INFO Skipped trade. {"slug":"eth-updown-5m-1780540800","reason":"missing_opening_chainlink_tick"}
[2026-06-04T02:40:01.498Z] INFO Tracking market. {"market":"DOGE","slug":"doge-updown-5m-1780540800","title":"Dogecoin Up or Down - June 3, 10:40PM-10:45PM ET","end":"2026-06-04T02:45:00.000Z","upToken":"85977720145634557675887066417716578639702111858644968386762091200882339202715","downToken":"1573571901818463745310214118458467680050396556363004165099553711786629167205","orderMinSize":5,"tickSize":"0.01"}
[2026-06-04T02:40:02.523Z] INFO Captured Chainlink opening tick. {"slug":"eth-updown-5m-1780540800","openingPrice":1769.1857028819618,"tickTimestamp":"2026-06-04T02:40:00.000Z"}
[2026-06-04T02:40:02.536Z] INFO Skipped trade. {"slug":"eth-updown-5m-1780540800","reason":"btc_distance_below_threshold","market":"ETH","minDistanceUsd":{"UP":1,"DOWN":1},"openingPrice":1769.1857028819618,"currentPrice":1769.2026370661308}
[2026-06-04T02:40:02.546Z] INFO Captured Chainlink opening tick. {"slug":"doge-updown-5m-1780540800","openingPrice":0.0893561337864713,"tickTimestamp":"2026-06-04T02:40:00.000Z"}
[2026-06-04T02:44:07.509Z] INFO Skipped trade. {"slug":"btc-updown-5m-1780540800","reason":"daily_spend_limit_reached","dailySpendUsd":1000,"amountUsd":1000,"dailySpendLimitUsd":1000}
[2026-06-04T02:44:07.702Z] INFO Skipped trade. {"slug":"eth-updown-5m-1780540800","reason":"daily_spend_limit_reached","dailySpendUsd":1000,"amountUsd":10,"dailySpendLimitUsd":1000}
[2026-06-04T02:45:01.268Z] INFO Tracking market. {"market":"BTC","slug":"btc-updown-5m-1780541100","title":"Bitcoin Up or Down - June 3, 10:45PM-10:50PM ET","end":"2026-06-04T02:50:00.000Z","upToken":"216445679039183263809078155217155705479389347079630146146833953892999870539","downToken":"6433466768985971449180152429104013462798599069998909687068321477793029159958","orderMinSize":5,"tickSize":"0.01"}
[2026-06-04T02:45:01.282Z] INFO Captured Chainlink opening tick. {"slug":"btc-updown-5m-1780541100","openingPrice":63335.50614427751,"tickTimestamp":"2026-06-04T02:45:00.000Z"}
[2026-06-04T02:45:01.295Z] INFO Skipped trade. {"slug":"btc-updown-5m-1780541100","reason":"btc_distance_below_threshold","market":"BTC","minDistanceUsd":{"UP":10,"DOWN":10},"openingPrice":63335.50614427751,"currentPrice":63335.50614427751}
[2026-06-04T02:45:01.296Z] INFO Tracking market. {"market":"ETH","slug":"eth-updown-5m-1780541100","title":"Ethereum Up or Down - June 3, 10:45PM-10:50PM ET","end":"2026-06-04T02:50:00.000Z","upToken":"67366511333063652669683408877273569590719171739537669904536711312969075448299","downToken":"49521007232291372578083125387576896118262760624408869782796115725596491479134","orderMinSize":5,"tickSize":"0.01"}
[2026-06-04T02:45:01.296Z] INFO Skipped trade. {"slug":"eth-updown-5m-1780541100","reason":"missing_opening_chainlink_tick"}
[2026-06-04T02:45:01.296Z] INFO Tracking market. {"market":"DOGE","slug":"doge-updown-5m-1780541100","title":"Dogecoin Up or Down - June 3, 10:45PM-10:50PM ET","end":"2026-06-04T02:50:00.000Z","upToken":"89180342203568787833074460402011712834944192823542361393726978563292422825364","downToken":"71531394369468872749987697507395333650765973705203492962930697057131239956285","orderMinSize":5,"tickSize":"0.01"}
[2026-06-04T02:45:02.302Z] INFO Captured Chainlink opening tick. {"slug":"eth-updown-5m-1780541100","openingPrice":1772.0125228972988,"tickTimestamp":"2026-06-04T02:45:00.000Z"}
[2026-06-04T02:45:02.307Z] INFO Skipped trade. {"slug":"eth-updown-5m-1780541100","reason":"btc_distance_below_threshold","market":"ETH","minDistanceUsd":{"UP":1,"DOWN":1},"openingPrice":1772.0125228972988,"currentPrice":1771.96002}
[2026-06-04T02:45:02.309Z] INFO Captured Chainlink opening tick. {"slug":"doge-updown-5m-1780541100","openingPrice":0.089518,"tickTimestamp":"2026-06-04T02:45:00.000Z"}
[2026-06-04T02:49:08.871Z] INFO Skipped trade. {"slug":"btc-updown-5m-1780541100","reason":"daily_spend_limit_reached","dailySpendUsd":1000,"amountUsd":1000,"dailySpendLimitUsd":1000}
[2026-06-04T02:49:09.069Z] INFO Skipped trade. {"slug":"eth-updown-5m-1780541100","reason":"daily_spend_limit_reached","dailySpendUsd":1000,"amountUsd":10,"dailySpendLimitUsd":1000}
[2026-06-04T02:50:04.471Z] INFO Tracking market. {"market":"BTC","slug":"btc-updown-5m-1780541400","title":"Bitcoin Up or Down - June 3, 10:50PM-10:55PM ET","end":"2026-06-04T02:55:00.000Z","upToken":"12123913049815237275907406323220231353695992975436380489630544290435424017661","downToken":"59861989408151366336259152851184226319257433293113732658022096566081351959144","orderMinSize":5,"tickSize":"0.01"}
[2026-06-04T02:50:04.483Z] INFO Captured Chainlink opening tick. {"slug":"btc-updown-5m-1780541400","openingPrice":63462.32455630737,"tickTimestamp":"2026-06-04T02:50:00.000Z"}
[2026-06-04T02:50:04.497Z] INFO Tracking market. {"market":"ETH","slug":"eth-updown-5m-1780541400","title":"Ethereum Up or Down - June 3, 10:50PM-10:55PM ET","end":"2026-06-04T02:55:00.000Z","upToken":"49570107695742049909619800093345711224930515921627848307812241298228761012393","downToken":"22061980726585730462098783701861302446374991467719670805727577174623965325153","orderMinSize":5,"tickSize":"0.01"}
[2026-06-04T02:50:04.507Z] INFO Captured Chainlink opening tick. {"slug":"eth-updown-5m-1780541400","openingPrice":1773.7430851368006,"tickTimestamp":"2026-06-04T02:50:00.000Z"}
[2026-06-04T02:50:04.520Z] INFO Skipped trade. {"slug":"eth-updown-5m-1780541400","reason":"btc_distance_below_threshold","market":"ETH","minDistanceUsd":{"UP":1,"DOWN":1},"openingPrice":1773.7430851368006,"currentPrice":1773.8158838162308}
[2026-06-04T02:50:04.520Z] INFO Tracking market. {"market":"DOGE","slug":"doge-updown-5m-1780541400","title":"Dogecoin Up or Down - June 3, 10:50PM-10:55PM ET","end":"2026-06-04T02:55:00.000Z","upToken":"88035477355669043721556458823396412135286644272620418487430929740884802709114","downToken":"79991436821565148048354735755746479027366396682867594127354259012506885870178","orderMinSize":5,"tickSize":"0.01"}
[2026-06-04T02:50:04.531Z] INFO Captured Chainlink opening tick. {"slug":"doge-updown-5m-1780541400","openingPrice":0.0896500983658781,"tickTimestamp":"2026-06-04T02:50:00.000Z"}
[2026-06-04T02:50:44.539Z] INFO Skipped trade. {"slug":"btc-updown-5m-1780541400","reason":"btc_distance_below_threshold","market":"BTC","minDistanceUsd":{"UP":10,"DOWN":10},"openingPrice":63462.32455630737,"currentPrice":63472.15348348026}
[2026-06-04T02:54:07.342Z] INFO Skipped trade. {"slug":"btc-updown-5m-1780541400","reason":"daily_spend_limit_reached","dailySpendUsd":1000,"amountUsd":1000,"dailySpendLimitUsd":1000}
[2026-06-04T02:54:07.583Z] INFO Skipped trade. {"slug":"eth-updown-5m-1780541400","reason":"daily_spend_limit_reached","dailySpendUsd":1000,"amountUsd":10,"dailySpendLimitUsd":1000}
[2026-06-04T02:54:14.781Z] WARN Analytics sample recording failed; continuing. {"market":"ETH","slug":"eth-updown-5m-1780541400","error":"ENOENT: no such file or directory, rename 'C:\\DEV\\tests\\Workspace de Yarbis\\Polybot\\data\\analytics-active.json.tmp' -> 'C:\\DEV\\tests\\Workspace de Yarbis\\Polybot\\data\\analytics-active.json'"}
[2026-06-04T02:55:00.500Z] INFO Tracking market. {"market":"BTC","slug":"btc-updown-5m-1780541700","title":"Bitcoin Up or Down - June 3, 10:55PM-11:00PM ET","end":"2026-06-04T03:00:00.000Z","upToken":"2646295630261849374363731385131279807112008695844318786016762399317784599564","downToken":"51523598843299341646015397471199289154885254158091077569826105421776648099570","orderMinSize":5,"tickSize":"0.01"}
[2026-06-04T02:55:00.501Z] INFO Skipped trade. {"slug":"btc-updown-5m-1780541700","reason":"missing_opening_chainlink_tick"}
[2026-06-04T02:55:00.501Z] INFO Tracking market. {"market":"ETH","slug":"eth-updown-5m-1780541700","title":"Ethereum Up or Down - June 3, 10:55PM-11:00PM ET","end":"2026-06-04T03:00:00.000Z","upToken":"52002501355886618454313553461665351278146831745039557947997549461056573351207","downToken":"35665862183706045194392716969034342802870325553267974294796795008445666637214","orderMinSize":5,"tickSize":"0.01"}
[2026-06-04T02:55:00.501Z] INFO Skipped trade. {"slug":"eth-updown-5m-1780541700","reason":"missing_opening_chainlink_tick"}
[2026-06-04T02:55:00.502Z] INFO Tracking market. {"market":"DOGE","slug":"doge-updown-5m-1780541700","title":"Dogecoin Up or Down - June 3, 10:55PM-11:00PM ET","end":"2026-06-04T03:00:00.000Z","upToken":"91073356057500047553907989183411039843603276718889566253780963613332566184117","downToken":"101941294521189505302260705507699572603035974991389779417533768581996813405204","orderMinSize":5,"tickSize":"0.01"}
[2026-06-04T02:55:01.522Z] INFO Captured Chainlink opening tick. {"slug":"btc-updown-5m-1780541700","openingPrice":63212.34946821614,"tickTimestamp":"2026-06-04T02:55:00.000Z"}
[2026-06-04T02:55:01.526Z] INFO Skipped trade. {"slug":"btc-updown-5m-1780541700","reason":"btc_distance_below_threshold","market":"BTC","minDistanceUsd":{"UP":10,"DOWN":10},"openingPrice":63212.34946821614,"currentPrice":63212.34946821614}
[2026-06-04T02:55:03.543Z] INFO Captured Chainlink opening tick. {"slug":"eth-updown-5m-1780541700","openingPrice":1769.070827206485,"tickTimestamp":"2026-06-04T02:55:00.000Z"}
[2026-06-04T02:55:03.555Z] INFO Skipped trade. {"slug":"eth-updown-5m-1780541700","reason":"btc_distance_below_threshold","market":"ETH","minDistanceUsd":{"UP":1,"DOWN":1},"openingPrice":1769.070827206485,"currentPrice":1769.286658587052}
[2026-06-04T02:55:03.563Z] INFO Captured Chainlink opening tick. {"slug":"doge-updown-5m-1780541700","openingPrice":0.0896207,"tickTimestamp":"2026-06-04T02:55:00.000Z"}
[2026-06-04T02:59:08.117Z] INFO Skipped trade. {"slug":"btc-updown-5m-1780541700","reason":"daily_spend_limit_reached","dailySpendUsd":1000,"amountUsd":1000,"dailySpendLimitUsd":1000}
[2026-06-04T02:59:08.295Z] INFO Skipped trade. {"slug":"eth-updown-5m-1780541700","reason":"daily_spend_limit_reached","dailySpendUsd":1000,"amountUsd":10,"dailySpendLimitUsd":1000}
[2026-06-04T03:00:01.248Z] INFO Tracking market. {"market":"BTC","slug":"btc-updown-5m-1780542000","title":"Bitcoin Up or Down - June 3, 11:00PM-11:05PM ET","end":"2026-06-04T03:05:00.000Z","upToken":"21745703443816057800983971059004342154046591531744427013649496913841209619897","downToken":"45745315509174021245031475557557928300657009787479056775563591697636307256107","orderMinSize":5,"tickSize":"0.01"}
[2026-06-04T03:00:01.252Z] INFO Captured Chainlink opening tick. {"slug":"btc-updown-5m-1780542000","openingPrice":63144.25887013026,"tickTimestamp":"2026-06-04T03:00:00.000Z"}
[2026-06-04T03:00:01.256Z] INFO Skipped trade. {"slug":"btc-updown-5m-1780542000","reason":"btc_distance_below_threshold","market":"BTC","minDistanceUsd":{"UP":10,"DOWN":10},"openingPrice":63144.25887013026,"currentPrice":63144.25887013026}
[2026-06-04T03:00:01.256Z] INFO Tracking market. {"market":"ETH","slug":"eth-updown-5m-1780542000","title":"Ethereum Up or Down - June 3, 11:00PM-11:05PM ET","end":"2026-06-04T03:05:00.000Z","upToken":"68704476704246618127771357323653877858992574363001511740835737665747589107646","downToken":"47313047632635839818998610734055201529277120219777689574065768622572338415663","orderMinSize":5,"tickSize":"0.01"}
[2026-06-04T03:00:01.256Z] INFO Skipped trade. {"slug":"eth-updown-5m-1780542000","reason":"missing_opening_chainlink_tick"}
[2026-06-04T03:00:01.257Z] INFO Tracking market. {"market":"DOGE","slug":"doge-updown-5m-1780542000","title":"Dogecoin Up or Down - June 3, 11:00PM-11:05PM ET","end":"2026-06-04T03:05:00.000Z","upToken":"34922107198490633362354400132906399303993841654759359024405577103557660488316","downToken":"113104838210054351476685117987828300562470144729786362222040943647296134671429","orderMinSize":5,"tickSize":"0.01"}
[2026-06-04T03:00:04.279Z] INFO Captured Chainlink opening tick. {"slug":"eth-updown-5m-1780542000","openingPrice":1764.749805,"tickTimestamp":"2026-06-04T03:00:00.000Z"}
[2026-06-04T03:00:04.285Z] INFO Captured Chainlink opening tick. {"slug":"doge-updown-5m-1780542000","openingPrice":0.0892688,"tickTimestamp":"2026-06-04T03:00:00.000Z"}
[2026-06-04T03:00:14.444Z] INFO Skipped trade. {"slug":"eth-updown-5m-1780542000","reason":"btc_distance_below_threshold","market":"ETH","minDistanceUsd":{"UP":1,"DOWN":1},"openingPrice":1764.749805,"currentPrice":1765.1426280696214}
[2026-06-04T03:04:09.047Z] INFO Skipped trade. {"slug":"btc-updown-5m-1780542000","reason":"daily_spend_limit_reached","dailySpendUsd":1000,"amountUsd":1000,"dailySpendLimitUsd":1000}
[2026-06-04T03:04:09.270Z] INFO Skipped trade. {"slug":"eth-updown-5m-1780542000","reason":"daily_spend_limit_reached","dailySpendUsd":1000,"amountUsd":10,"dailySpendLimitUsd":1000}
[CLOB Client] request error {"status":404,"statusText":"Not Found","data":{"error":"No orderbook exists for the requested token id"},"config":{"transitional":{"silentJSONParsing":true,"forcedJSONParsing":true,"clarifyTimeoutError":false,"legacyInterceptorReqResOrdering":true},"adapter":["xhr","http","fetch"],"transformRequest":[null],"transformResponse":[null],"timeout":0,"xsrfCookieName":"XSRF-TOKEN","xsrfHeaderName":"X-XSRF-TOKEN","maxContentLength":-1,"maxBodyLength":-1,"env":{},"headers":{"Accept":"application/json, text/plain, */*","User-Agent":"axios/1.16.0","Accept-Encoding":"gzip, compress, deflate, br"},"method":"get","url":"https://clob.polymarket.com/book","params":{"token_id":"21745703443816057800983971059004342154046591531744427013649496913841209619897"},"allowAbsoluteUrls":true}}
[CLOB Client] request error {"status":404,"statusText":"Not Found","data":{"error":"No orderbook exists for the requested token id"},"config":{"transitional":{"silentJSONParsing":true,"forcedJSONParsing":true,"clarifyTimeoutError":false,"legacyInterceptorReqResOrdering":true},"adapter":["xhr","http","fetch"],"transformRequest":[null],"transformResponse":[null],"timeout":0,"xsrfCookieName":"XSRF-TOKEN","xsrfHeaderName":"X-XSRF-TOKEN","maxContentLength":-1,"maxBodyLength":-1,"env":{},"headers":{"Accept":"application/json, text/plain, */*","User-Agent":"axios/1.16.0","Accept-Encoding":"gzip, compress, deflate, br"},"method":"get","url":"https://clob.polymarket.com/book","params":{"token_id":"45745315509174021245031475557557928300657009787479056775563591697636307256107"},"allowAbsoluteUrls":true}}
[CLOB Client] request error {"status":404,"statusText":"Not Found","data":{"error":"No orderbook exists for the requested token id"},"config":{"transitional":{"silentJSONParsing":true,"forcedJSONParsing":true,"clarifyTimeoutError":false,"legacyInterceptorReqResOrdering":true},"adapter":["xhr","http","fetch"],"transformRequest":[null],"transformResponse":[null],"timeout":0,"xsrfCookieName":"XSRF-TOKEN","xsrfHeaderName":"X-XSRF-TOKEN","maxContentLength":-1,"maxBodyLength":-1,"env":{},"headers":{"Accept":"application/json, text/plain, */*","User-Agent":"axios/1.16.0","Accept-Encoding":"gzip, compress, deflate, br"},"method":"get","url":"https://clob.polymarket.com/book","params":{"token_id":"47313047632635839818998610734055201529277120219777689574065768622572338415663"},"allowAbsoluteUrls":true}}
[CLOB Client] request error {"status":404,"statusText":"Not Found","data":{"error":"No orderbook exists for the requested token id"},"config":{"transitional":{"silentJSONParsing":true,"forcedJSONParsing":true,"clarifyTimeoutError":false,"legacyInterceptorReqResOrdering":true},"adapter":["xhr","http","fetch"],"transformRequest":[null],"transformResponse":[null],"timeout":0,"xsrfCookieName":"XSRF-TOKEN","xsrfHeaderName":"X-XSRF-TOKEN","maxContentLength":-1,"maxBodyLength":-1,"env":{},"headers":{"Accept":"application/json, text/plain, */*","User-Agent":"axios/1.16.0","Accept-Encoding":"gzip, compress, deflate, br"},"method":"get","url":"https://clob.polymarket.com/book","params":{"token_id":"68704476704246618127771357323653877858992574363001511740835737665747589107646"},"allowAbsoluteUrls":true}}
[CLOB Client] request error {"status":404,"statusText":"Not Found","data":{"error":"No orderbook exists for the requested token id"},"config":{"transitional":{"silentJSONParsing":true,"forcedJSONParsing":true,"clarifyTimeoutError":false,"legacyInterceptorReqResOrdering":true},"adapter":["xhr","http","fetch"],"transformRequest":[null],"transformResponse":[null],"timeout":0,"xsrfCookieName":"XSRF-TOKEN","xsrfHeaderName":"X-XSRF-TOKEN","maxContentLength":-1,"maxBodyLength":-1,"env":{},"headers":{"Accept":"application/json, text/plain, */*","User-Agent":"axios/1.16.0","Accept-Encoding":"gzip, compress, deflate, br"},"method":"get","url":"https://clob.polymarket.com/book","params":{"token_id":"113104838210054351476685117987828300562470144729786362222040943647296134671429"},"allowAbsoluteUrls":true}}
[CLOB Client] request error {"status":404,"statusText":"Not Found","data":{"error":"No orderbook exists for the requested token id"},"config":{"transitional":{"silentJSONParsing":true,"forcedJSONParsing":true,"clarifyTimeoutError":false,"legacyInterceptorReqResOrdering":true},"adapter":["xhr","http","fetch"],"transformRequest":[null],"transformResponse":[null],"timeout":0,"xsrfCookieName":"XSRF-TOKEN","xsrfHeaderName":"X-XSRF-TOKEN","maxContentLength":-1,"maxBodyLength":-1,"env":{},"headers":{"Accept":"application/json, text/plain, */*","User-Agent":"axios/1.16.0","Accept-Encoding":"gzip, compress, deflate, br"},"method":"get","url":"https://clob.polymarket.com/book","params":{"token_id":"34922107198490633362354400132906399303993841654759359024405577103557660488316"},"allowAbsoluteUrls":true}}
[2026-06-04T03:06:47.244Z] INFO Tracking market. {"market":"BTC","slug":"btc-updown-5m-1780542300","title":"Bitcoin Up or Down - June 3, 11:05PM-11:10PM ET","end":"2026-06-04T03:10:00.000Z","upToken":"71677858039928938658601203793047863268789773141693597915942546561264065076717","downToken":"114438084862169734301230615155375495023415591145968745560862980199198562204495","orderMinSize":5,"tickSize":"0.01"}
[2026-06-04T03:06:47.252Z] INFO Captured Chainlink opening tick. {"slug":"btc-updown-5m-1780542300","openingPrice":63632.29101824496,"tickTimestamp":"2026-06-04T03:05:00.000Z"}
[2026-06-04T03:06:47.258Z] INFO Tracking market. {"market":"ETH","slug":"eth-updown-5m-1780542300","title":"Ethereum Up or Down - June 3, 11:05PM-11:10PM ET","end":"2026-06-04T03:10:00.000Z","upToken":"80899569556391723975065016718058456813834469562642496837577167548294231441272","downToken":"21771320979775359054184741485520767053087831408913927684192218923949810870636","orderMinSize":5,"tickSize":"0.01"}
[2026-06-04T03:06:47.266Z] INFO Captured Chainlink opening tick. {"slug":"eth-updown-5m-1780542300","openingPrice":1783.82785,"tickTimestamp":"2026-06-04T03:05:00.000Z"}
[2026-06-04T03:06:47.271Z] INFO Tracking market. {"market":"DOGE","slug":"doge-updown-5m-1780542300","title":"Dogecoin Up or Down - June 3, 11:05PM-11:10PM ET","end":"2026-06-04T03:10:00.000Z","upToken":"80238772391948276686816672220555316477080368238722610831874746215257639657124","downToken":"91224441033082983934627168351471701052211531176988094182454770590807989010852","orderMinSize":5,"tickSize":"0.01"}
[2026-06-04T03:06:47.276Z] INFO Captured Chainlink opening tick. {"slug":"doge-updown-5m-1780542300","openingPrice":0.0901146631933298,"tickTimestamp":"2026-06-04T03:05:00.000Z"}
[2026-06-04T03:09:07.662Z] INFO Skipped trade. {"slug":"btc-updown-5m-1780542300","reason":"daily_spend_limit_reached","dailySpendUsd":1000,"amountUsd":1000,"dailySpendLimitUsd":1000}
[2026-06-04T03:09:07.929Z] INFO Skipped trade. {"slug":"eth-updown-5m-1780542300","reason":"daily_spend_limit_reached","dailySpendUsd":1000,"amountUsd":10,"dailySpendLimitUsd":1000}
[2026-06-04T03:09:14.582Z] WARN Analytics sample recording failed; continuing. {"market":"DOGE","slug":"doge-updown-5m-1780542300","error":"ENOENT: no such file or directory, rename 'C:\\DEV\\tests\\Workspace de Yarbis\\Polybot\\data\\analytics-active.json.tmp' -> 'C:\\DEV\\tests\\Workspace de Yarbis\\Polybot\\data\\analytics-active.json'"}
[2026-06-04T03:10:04.232Z] INFO Tracking market. {"market":"BTC","slug":"btc-updown-5m-1780542600","title":"Bitcoin Up or Down - June 3, 11:10PM-11:15PM ET","end":"2026-06-04T03:15:00.000Z","upToken":"17133490574393023806649104440879032027693770861155856077643545211122474355782","downToken":"95326763003051962999114705683660376367898893602377431323373471680405303950502","orderMinSize":5,"tickSize":"0.01"}
[2026-06-04T03:10:04.236Z] INFO Captured Chainlink opening tick. {"slug":"btc-updown-5m-1780542600","openingPrice":63747.48106824766,"tickTimestamp":"2026-06-04T03:10:00.000Z"}
[2026-06-04T03:10:04.240Z] INFO Tracking market. {"market":"ETH","slug":"eth-updown-5m-1780542600","title":"Ethereum Up or Down - June 3, 11:10PM-11:15PM ET","end":"2026-06-04T03:15:00.000Z","upToken":"34605600719532555744903506981835722504259669554233310727305910472898292207801","downToken":"37052637303573056542623145318050737084477245955018998441831079125239088179175","orderMinSize":5,"tickSize":"0.01"}
[2026-06-04T03:10:04.240Z] INFO Skipped trade. {"slug":"eth-updown-5m-1780542600","reason":"missing_opening_chainlink_tick"}
[2026-06-04T03:10:04.240Z] INFO Tracking market. {"market":"DOGE","slug":"doge-updown-5m-1780542600","title":"Dogecoin Up or Down - June 3, 11:10PM-11:15PM ET","end":"2026-06-04T03:15:00.000Z","upToken":"13358330580012746652249636599945689610837716699129567910389055880804267408776","downToken":"24735791478507724002177924505926856196974326131454513225288224182799853313574","orderMinSize":5,"tickSize":"0.01"}
[2026-06-04T03:10:05.370Z] INFO Captured Chainlink opening tick. {"slug":"eth-updown-5m-1780542600","openingPrice":1789.4944624379148,"tickTimestamp":"2026-06-04T03:10:00.000Z"}
[2026-06-04T03:10:05.377Z] INFO Captured Chainlink opening tick. {"slug":"doge-updown-5m-1780542600","openingPrice":0.0904761643459667,"tickTimestamp":"2026-06-04T03:10:00.000Z"}
[2026-06-04T03:10:13.564Z] INFO Skipped trade. {"slug":"btc-updown-5m-1780542600","reason":"btc_distance_below_threshold","market":"BTC","minDistanceUsd":{"UP":10,"DOWN":10},"openingPrice":63747.48106824766,"currentPrice":63748.44183031163}
[2026-06-04T03:10:14.566Z] INFO Skipped trade. {"slug":"eth-updown-5m-1780542600","reason":"btc_distance_below_threshold","market":"ETH","minDistanceUsd":{"UP":1,"DOWN":1},"openingPrice":1789.4944624379148,"currentPrice":1789.31}
[2026-06-04T03:14:07.617Z] INFO Skipped trade. {"slug":"btc-updown-5m-1780542600","reason":"daily_spend_limit_reached","dailySpendUsd":1000,"amountUsd":1000,"dailySpendLimitUsd":1000}
[2026-06-04T03:14:16.005Z] INFO Skipped trade. {"slug":"eth-updown-5m-1780542600","reason":"daily_spend_limit_reached","dailySpendUsd":1000,"amountUsd":10,"dailySpendLimitUsd":1000}
[2026-06-04T03:15:00.202Z] INFO Tracking market. {"market":"BTC","slug":"btc-updown-5m-1780542900","title":"Bitcoin Up or Down - June 3, 11:15PM-11:20PM ET","end":"2026-06-04T03:20:00.000Z","upToken":"89273820196547101168075208700100016000800849419003645821117708974467570651152","downToken":"94840794227367981755486025291603569416901420661791370796955371181201120616930","orderMinSize":5,"tickSize":"0.01"}
[2026-06-04T03:15:00.203Z] INFO Skipped trade. {"slug":"btc-updown-5m-1780542900","reason":"missing_opening_chainlink_tick"}
[2026-06-04T03:15:00.203Z] INFO Tracking market. {"market":"ETH","slug":"eth-updown-5m-1780542900","title":"Ethereum Up or Down - June 3, 11:15PM-11:20PM ET","end":"2026-06-04T03:20:00.000Z","upToken":"36449425484534714875233884717106714956631010674350702355933128406322813785291","downToken":"79759497142361941227942051133508316406755898213593314209571327969888704410480","orderMinSize":5,"tickSize":"0.01"}
[2026-06-04T03:15:00.203Z] INFO Skipped trade. {"slug":"eth-updown-5m-1780542900","reason":"missing_opening_chainlink_tick"}
[2026-06-04T03:15:00.203Z] INFO Tracking market. {"market":"DOGE","slug":"doge-updown-5m-1780542900","title":"Dogecoin Up or Down - June 3, 11:15PM-11:20PM ET","end":"2026-06-04T03:20:00.000Z","upToken":"60042794942622182723077967796728270791166784567606727322794277403903433158011","downToken":"21499677577475294301124355162961850461842076781544608144420827448437187791851","orderMinSize":5,"tickSize":"0.01"}
[2026-06-04T03:15:01.218Z] INFO Captured Chainlink opening tick. {"slug":"btc-updown-5m-1780542900","openingPrice":63885.13214903741,"tickTimestamp":"2026-06-04T03:15:00.000Z"}
[2026-06-04T03:15:01.221Z] INFO Skipped trade. {"slug":"btc-updown-5m-1780542900","reason":"btc_distance_below_threshold","market":"BTC","minDistanceUsd":{"UP":10,"DOWN":10},"openingPrice":63885.13214903741,"currentPrice":63885.13214903741}
[2026-06-04T03:15:05.580Z] INFO Captured Chainlink opening tick. {"slug":"eth-updown-5m-1780542900","openingPrice":1791.4474482404953,"tickTimestamp":"2026-06-04T03:15:00.000Z"}
[2026-06-04T03:15:05.594Z] INFO Skipped trade. {"slug":"eth-updown-5m-1780542900","reason":"btc_distance_below_threshold","market":"ETH","minDistanceUsd":{"UP":1,"DOWN":1},"openingPrice":1791.4474482404953,"currentPrice":1790.98018}
[2026-06-04T03:15:05.605Z] INFO Captured Chainlink opening tick. {"slug":"doge-updown-5m-1780542900","openingPrice":0.0905554,"tickTimestamp":"2026-06-04T03:15:00.000Z"}
[2026-06-04T03:19:07.840Z] INFO Skipped trade. {"slug":"btc-updown-5m-1780542900","reason":"daily_spend_limit_reached","dailySpendUsd":1000,"amountUsd":1000,"dailySpendLimitUsd":1000}
[2026-06-04T03:19:08.062Z] INFO Skipped trade. {"slug":"eth-updown-5m-1780542900","reason":"daily_spend_limit_reached","dailySpendUsd":1000,"amountUsd":10,"dailySpendLimitUsd":1000}
[2026-06-04T03:20:01.413Z] INFO Tracking market. {"market":"BTC","slug":"btc-updown-5m-1780543200","title":"Bitcoin Up or Down - June 3, 11:20PM-11:25PM ET","end":"2026-06-04T03:25:00.000Z","upToken":"88921929717452046133579015347946155489646116607014894981409706877335505182960","downToken":"95084335884508358280958781748180896432132537923831541476130865623718112512825","orderMinSize":5,"tickSize":"0.01"}
[2026-06-04T03:20:01.418Z] INFO Captured Chainlink opening tick. {"slug":"btc-updown-5m-1780543200","openingPrice":64001.843355407895,"tickTimestamp":"2026-06-04T03:20:00.000Z"}
[2026-06-04T03:20:01.422Z] INFO Skipped trade. {"slug":"btc-updown-5m-1780543200","reason":"btc_distance_below_threshold","market":"BTC","minDistanceUsd":{"UP":10,"DOWN":10},"openingPrice":64001.843355407895,"currentPrice":64002.26130144821}
[2026-06-04T03:20:01.423Z] INFO Tracking market. {"market":"ETH","slug":"eth-updown-5m-1780543200","title":"Ethereum Up or Down - June 3, 11:20PM-11:25PM ET","end":"2026-06-04T03:25:00.000Z","upToken":"39108343323864919137163558715179328619008118714038230577383693351758600106962","downToken":"16510314611045806996672438370854088490788215625905321488231540657254820382950","orderMinSize":5,"tickSize":"0.01"}
[2026-06-04T03:20:01.423Z] INFO Skipped trade. {"slug":"eth-updown-5m-1780543200","reason":"missing_opening_chainlink_tick"}
[2026-06-04T03:20:01.423Z] INFO Tracking market. {"market":"DOGE","slug":"doge-updown-5m-1780543200","title":"Dogecoin Up or Down - June 3, 11:20PM-11:25PM ET","end":"2026-06-04T03:25:00.000Z","upToken":"34627481779687237406615538835516097207589008113943900691283634679172205647290","downToken":"103288513385009450807439162817857656065466973360705287123347579200926565370087","orderMinSize":5,"tickSize":"0.01"}
[2026-06-04T03:20:05.487Z] INFO Captured Chainlink opening tick. {"slug":"eth-updown-5m-1780543200","openingPrice":1796.1188536361915,"tickTimestamp":"2026-06-04T03:20:00.000Z"}
[2026-06-04T03:20:05.494Z] INFO Captured Chainlink opening tick. {"slug":"doge-updown-5m-1780543200","openingPrice":0.090884718368817,"tickTimestamp":"2026-06-04T03:20:00.000Z"}
[2026-06-04T03:24:07.723Z] INFO Skipped trade. {"slug":"btc-updown-5m-1780543200","reason":"daily_spend_limit_reached","dailySpendUsd":1000,"amountUsd":1000,"dailySpendLimitUsd":1000}
[2026-06-04T03:24:07.905Z] INFO Skipped trade. {"slug":"eth-updown-5m-1780543200","reason":"daily_spend_limit_reached","dailySpendUsd":1000,"amountUsd":10,"dailySpendLimitUsd":1000}
[2026-06-04T03:25:00.507Z] INFO Tracking market. {"market":"BTC","slug":"btc-updown-5m-1780543500","title":"Bitcoin Up or Down - June 3, 11:25PM-11:30PM ET","end":"2026-06-04T03:30:00.000Z","upToken":"35693049216704926954255398381420440938846038923188715536331640124789394960096","downToken":"7394003084513979129800715714569447509158861176007903410190301781760239095383","orderMinSize":5,"tickSize":"0.01"}
[2026-06-04T03:25:00.512Z] INFO Captured Chainlink opening tick. {"slug":"btc-updown-5m-1780543500","openingPrice":63833.88412143455,"tickTimestamp":"2026-06-04T03:25:00.000Z"}
[2026-06-04T03:25:00.515Z] INFO Skipped trade. {"slug":"btc-updown-5m-1780543500","reason":"btc_distance_below_threshold","market":"BTC","minDistanceUsd":{"UP":10,"DOWN":10},"openingPrice":63833.88412143455,"currentPrice":63833.88412143455}
[2026-06-04T03:25:00.516Z] INFO Tracking market. {"market":"ETH","slug":"eth-updown-5m-1780543500","title":"Ethereum Up or Down - June 3, 11:25PM-11:30PM ET","end":"2026-06-04T03:30:00.000Z","upToken":"22024026528535263046503587478278321119084285769564354843593242468325262233688","downToken":"114615663328974008350132151100777221128590415722306570425263456752925230060726","orderMinSize":5,"tickSize":"0.01"}
[2026-06-04T03:25:00.516Z] INFO Skipped trade. {"slug":"eth-updown-5m-1780543500","reason":"missing_opening_chainlink_tick"}
[2026-06-04T03:25:00.516Z] INFO Tracking market. {"market":"DOGE","slug":"doge-updown-5m-1780543500","title":"Dogecoin Up or Down - June 3, 11:25PM-11:30PM ET","end":"2026-06-04T03:30:00.000Z","upToken":"105328299012271443928881875790052023785704440401252140024789246589716809529875","downToken":"48059528325596894878828328278697747150357008638544336778809671106881522701128","orderMinSize":5,"tickSize":"0.01"}
[2026-06-04T03:25:01.534Z] INFO Captured Chainlink opening tick. {"slug":"eth-updown-5m-1780543500","openingPrice":1792.200896538425,"tickTimestamp":"2026-06-04T03:25:00.000Z"}
[2026-06-04T03:25:01.547Z] INFO Skipped trade. {"slug":"eth-updown-5m-1780543500","reason":"btc_distance_below_threshold","market":"ETH","minDistanceUsd":{"UP":1,"DOWN":1},"openingPrice":1792.200896538425,"currentPrice":1792.200896538425}
[2026-06-04T03:25:01.558Z] INFO Captured Chainlink opening tick. {"slug":"doge-updown-5m-1780543500","openingPrice":0.090711,"tickTimestamp":"2026-06-04T03:25:00.000Z"}
[2026-06-04T03:29:07.713Z] INFO Skipped trade. {"slug":"btc-updown-5m-1780543500","reason":"daily_spend_limit_reached","dailySpendUsd":1000,"amountUsd":1000,"dailySpendLimitUsd":1000}
[2026-06-04T03:29:07.921Z] INFO Skipped trade. {"slug":"eth-updown-5m-1780543500","reason":"daily_spend_limit_reached","dailySpendUsd":1000,"amountUsd":10,"dailySpendLimitUsd":1000}
[2026-06-04T03:30:01.823Z] INFO Tracking market. {"market":"BTC","slug":"btc-updown-5m-1780543800","title":"Bitcoin Up or Down - June 3, 11:30PM-11:35PM ET","end":"2026-06-04T03:35:00.000Z","upToken":"7615085605482286176360702172270599875692505130987676751309606831798679849206","downToken":"74445301138902949447998614553639673671466808599419902380640881118068844212159","orderMinSize":5,"tickSize":"0.01"}
[2026-06-04T03:30:01.836Z] INFO Captured Chainlink opening tick. {"slug":"btc-updown-5m-1780543800","openingPrice":63845.87180525809,"tickTimestamp":"2026-06-04T03:30:00.000Z"}
[2026-06-04T03:30:01.849Z] INFO Skipped trade. {"slug":"btc-updown-5m-1780543800","reason":"btc_distance_below_threshold","market":"BTC","minDistanceUsd":{"UP":10,"DOWN":10},"openingPrice":63845.87180525809,"currentPrice":63845.87180525809}
[2026-06-04T03:30:01.849Z] INFO Tracking market. {"market":"ETH","slug":"eth-updown-5m-1780543800","title":"Ethereum Up or Down - June 3, 11:30PM-11:35PM ET","end":"2026-06-04T03:35:00.000Z","upToken":"89594192331585860461970143898757015346759711980454094150027324839345953558747","downToken":"69539758660739158162886824805646154030823886838514369502135701306699120512152","orderMinSize":5,"tickSize":"0.01"}
[2026-06-04T03:30:01.855Z] INFO Captured Chainlink opening tick. {"slug":"eth-updown-5m-1780543800","openingPrice":1792.6696133541504,"tickTimestamp":"2026-06-04T03:30:00.000Z"}
[2026-06-04T03:30:01.863Z] INFO Skipped trade. {"slug":"eth-updown-5m-1780543800","reason":"btc_distance_below_threshold","market":"ETH","minDistanceUsd":{"UP":1,"DOWN":1},"openingPrice":1792.6696133541504,"currentPrice":1792.6696133541504}
[2026-06-04T03:30:01.863Z] INFO Tracking market. {"market":"DOGE","slug":"doge-updown-5m-1780543800","title":"Dogecoin Up or Down - June 3, 11:30PM-11:35PM ET","end":"2026-06-04T03:35:00.000Z","upToken":"56834997836225808222955232017553117481246841471750731878510900193383271611433","downToken":"7626342749729756379424475161807043510000968433631112537427735617530925846055","orderMinSize":5,"tickSize":"0.01"}
[2026-06-04T03:30:01.870Z] INFO Captured Chainlink opening tick. {"slug":"doge-updown-5m-1780543800","openingPrice":0.0906164,"tickTimestamp":"2026-06-04T03:30:00.000Z"}
[2026-06-04T03:34:08.469Z] INFO Skipped trade. {"slug":"btc-updown-5m-1780543800","reason":"daily_spend_limit_reached","dailySpendUsd":1000,"amountUsd":1000,"dailySpendLimitUsd":1000}
[2026-06-04T03:34:08.676Z] INFO Skipped trade. {"slug":"eth-updown-5m-1780543800","reason":"daily_spend_limit_reached","dailySpendUsd":1000,"amountUsd":10,"dailySpendLimitUsd":1000}
[2026-06-04T03:35:01.394Z] INFO Tracking market. {"market":"BTC","slug":"btc-updown-5m-1780544100","title":"Bitcoin Up or Down - June 3, 11:35PM-11:40PM ET","end":"2026-06-04T03:40:00.000Z","upToken":"23122560748250455051631506165009826820375240146093855070614142500359931957674","downToken":"14211439699462840066562165568400347096765299496857885080419993908302699365211","orderMinSize":5,"tickSize":"0.01"}
[2026-06-04T03:35:01.406Z] INFO Captured Chainlink opening tick. {"slug":"btc-updown-5m-1780544100","openingPrice":64379.05316632166,"tickTimestamp":"2026-06-04T03:35:00.000Z"}
[2026-06-04T03:35:01.419Z] INFO Skipped trade. {"slug":"btc-updown-5m-1780544100","reason":"btc_distance_below_threshold","market":"BTC","minDistanceUsd":{"UP":10,"DOWN":10},"openingPrice":64379.05316632166,"currentPrice":64379.05316632166}
[2026-06-04T03:35:01.420Z] INFO Tracking market. {"market":"ETH","slug":"eth-updown-5m-1780544100","title":"Ethereum Up or Down - June 3, 11:35PM-11:40PM ET","end":"2026-06-04T03:40:00.000Z","upToken":"95882228601938217106282815990705672551202022521248293650126356547727859667755","downToken":"36871034584510015136883999762253065744831605540099643916985760231787491876368","orderMinSize":5,"tickSize":"0.01"}
[2026-06-04T03:35:01.420Z] INFO Skipped trade. {"slug":"eth-updown-5m-1780544100","reason":"missing_opening_chainlink_tick"}
[2026-06-04T03:35:01.420Z] INFO Tracking market. {"market":"DOGE","slug":"doge-updown-5m-1780544100","title":"Dogecoin Up or Down - June 3, 11:35PM-11:40PM ET","end":"2026-06-04T03:40:00.000Z","upToken":"46552301909592615854340707005998960925711701960328769273511097902114639440120","downToken":"61927420539916009840846662383120793506434413715023816287606214733441431756126","orderMinSize":5,"tickSize":"0.01"}
[2026-06-04T03:35:02.427Z] INFO Captured Chainlink opening tick. {"slug":"eth-updown-5m-1780544100","openingPrice":1806.4362767678006,"tickTimestamp":"2026-06-04T03:35:00.000Z"}
[2026-06-04T03:35:02.431Z] INFO Skipped trade. {"slug":"eth-updown-5m-1780544100","reason":"btc_distance_below_threshold","market":"ETH","minDistanceUsd":{"UP":1,"DOWN":1},"openingPrice":1806.4362767678006,"currentPrice":1806.478525}
[2026-06-04T03:35:02.434Z] INFO Captured Chainlink opening tick. {"slug":"doge-updown-5m-1780544100","openingPrice":0.0911513398194518,"tickTimestamp":"2026-06-04T03:35:00.000Z"}
[2026-06-04T03:38:25.360Z] INFO Skipped trade. {"slug":"eth-updown-5m-1780544100","reason":"stale_chainlink_tick","tickTimestamp":"2026-06-04T03:38:15.000Z"}
[2026-06-04T03:39:08.718Z] INFO Skipped trade. {"slug":"btc-updown-5m-1780544100","reason":"daily_spend_limit_reached","dailySpendUsd":1000,"amountUsd":1000,"dailySpendLimitUsd":1000}
[2026-06-04T03:39:08.955Z] WARN Analytics sample recording failed; continuing. {"market":"ETH","slug":"eth-updown-5m-1780544100","error":"ENOENT: no such file or directory, rename 'C:\\DEV\\tests\\Workspace de Yarbis\\Polybot\\data\\analytics-active.json.tmp' -> 'C:\\DEV\\tests\\Workspace de Yarbis\\Polybot\\data\\analytics-active.json'"}
[2026-06-04T03:39:08.956Z] INFO Skipped trade. {"slug":"eth-updown-5m-1780544100","reason":"daily_spend_limit_reached","dailySpendUsd":1000,"amountUsd":10,"dailySpendLimitUsd":1000}
[2026-06-04T03:40:00.672Z] INFO Tracking market. {"market":"BTC","slug":"btc-updown-5m-1780544400","title":"Bitcoin Up or Down - June 3, 11:40PM-11:45PM ET","end":"2026-06-04T03:45:00.000Z","upToken":"115072712262293684351257169188935005529922041728820656708703988823868011288635","downToken":"10453080371827557201496790463813471611442928755799451496395267854880465131950","orderMinSize":5,"tickSize":"0.01"}
[2026-06-04T03:40:00.672Z] INFO Skipped trade. {"slug":"btc-updown-5m-1780544400","reason":"missing_opening_chainlink_tick"}
[2026-06-04T03:40:00.673Z] INFO Tracking market. {"market":"ETH","slug":"eth-updown-5m-1780544400","title":"Ethereum Up or Down - June 3, 11:40PM-11:45PM ET","end":"2026-06-04T03:45:00.000Z","upToken":"23587762024346755304047969178932820579997948260415381942205438742344870208853","downToken":"82968305724439372378425078403540772027262063512887867663398888992213988364007","orderMinSize":5,"tickSize":"0.01"}
[2026-06-04T03:40:00.673Z] INFO Skipped trade. {"slug":"eth-updown-5m-1780544400","reason":"missing_opening_chainlink_tick"}
[2026-06-04T03:40:00.673Z] INFO Tracking market. {"market":"DOGE","slug":"doge-updown-5m-1780544400","title":"Dogecoin Up or Down - June 3, 11:40PM-11:45PM ET","end":"2026-06-04T03:45:00.000Z","upToken":"15077139856872953317880998727512865166462080298312310515029814838773948327551","downToken":"38004952837074681417157262100480056387411407227691428732480096189482566043038","orderMinSize":5,"tickSize":"0.01"}
[2026-06-04T03:40:02.709Z] INFO Captured Chainlink opening tick. {"slug":"btc-updown-5m-1780544400","openingPrice":64407.57994506577,"tickTimestamp":"2026-06-04T03:40:00.000Z"}
[2026-06-04T03:40:02.718Z] INFO Captured Chainlink opening tick. {"slug":"eth-updown-5m-1780544400","openingPrice":1806.403525,"tickTimestamp":"2026-06-04T03:40:00.000Z"}
[2026-06-04T03:40:02.722Z] INFO Skipped trade. {"slug":"eth-updown-5m-1780544400","reason":"btc_distance_below_threshold","market":"ETH","minDistanceUsd":{"UP":1,"DOWN":1},"openingPrice":1806.403525,"currentPrice":1806.7144013872594}
[2026-06-04T03:40:02.726Z] INFO Captured Chainlink opening tick. {"slug":"doge-updown-5m-1780544400","openingPrice":0.091210654686608,"tickTimestamp":"2026-06-04T03:40:00.000Z"}
[2026-06-04T03:40:18.974Z] INFO Skipped trade. {"slug":"btc-updown-5m-1780544400","reason":"btc_distance_below_threshold","market":"BTC","minDistanceUsd":{"UP":10,"DOWN":10},"openingPrice":64407.57994506577,"currentPrice":64414.310039531774}
[2026-06-04T03:44:08.191Z] INFO Skipped trade. {"slug":"btc-updown-5m-1780544400","reason":"daily_spend_limit_reached","dailySpendUsd":1000,"amountUsd":1000,"dailySpendLimitUsd":1000}
[2026-06-04T03:44:08.440Z] INFO Skipped trade. {"slug":"eth-updown-5m-1780544400","reason":"daily_spend_limit_reached","dailySpendUsd":1000,"amountUsd":10,"dailySpendLimitUsd":1000}
[2026-06-04T03:45:01.390Z] INFO Tracking market. {"market":"BTC","slug":"btc-updown-5m-1780544700","title":"Bitcoin Up or Down - June 3, 11:45PM-11:50PM ET","end":"2026-06-04T03:50:00.000Z","upToken":"3153901185942223128486576319927712930278873180061050155231888508334116867449","downToken":"29892865485461661605976242483643902476270047151404232510716314651335748167848","orderMinSize":5,"tickSize":"0.01"}
[2026-06-04T03:45:01.393Z] INFO Captured Chainlink opening tick. {"slug":"btc-updown-5m-1780544700","openingPrice":64310.460143695884,"tickTimestamp":"2026-06-04T03:45:00.000Z"}
[2026-06-04T03:45:01.396Z] INFO Skipped trade. {"slug":"btc-updown-5m-1780544700","reason":"btc_distance_below_threshold","market":"BTC","minDistanceUsd":{"UP":10,"DOWN":10},"openingPrice":64310.460143695884,"currentPrice":64312.146772628694}
[2026-06-04T03:45:01.397Z] INFO Tracking market. {"market":"ETH","slug":"eth-updown-5m-1780544700","title":"Ethereum Up or Down - June 3, 11:45PM-11:50PM ET","end":"2026-06-04T03:50:00.000Z","upToken":"33576999433175186663503783508797454765577527867126766817813623544557900638081","downToken":"10137975218262757989457043659143107880108236120950348629055154317726056915179","orderMinSize":5,"tickSize":"0.01"}
[2026-06-04T03:45:01.397Z] INFO Skipped trade. {"slug":"eth-updown-5m-1780544700","reason":"missing_opening_chainlink_tick"}
[2026-06-04T03:45:01.397Z] INFO Tracking market. {"market":"DOGE","slug":"doge-updown-5m-1780544700","title":"Dogecoin Up or Down - June 3, 11:45PM-11:50PM ET","end":"2026-06-04T03:50:00.000Z","upToken":"10681584225450218858850857330754007097643283243189923250192859251132483949984","downToken":"6095601101696911418265659081373289493462651200858126015440643392084309529017","orderMinSize":5,"tickSize":"0.01"}
[2026-06-04T03:45:03.413Z] INFO Captured Chainlink opening tick. {"slug":"eth-updown-5m-1780544700","openingPrice":1806.50578,"tickTimestamp":"2026-06-04T03:45:00.000Z"}
[2026-06-04T03:45:03.416Z] INFO Skipped trade. {"slug":"eth-updown-5m-1780544700","reason":"btc_distance_below_threshold","market":"ETH","minDistanceUsd":{"UP":1,"DOWN":1},"openingPrice":1806.50578,"currentPrice":1806.4327902181874}
[2026-06-04T03:45:03.419Z] INFO Captured Chainlink opening tick. {"slug":"doge-updown-5m-1780544700","openingPrice":0.0913241667220254,"tickTimestamp":"2026-06-04T03:45:00.000Z"}
[2026-06-04T03:45:27.912Z] WARN RTDS websocket closed; reconnecting soon.
[2026-06-04T03:45:31.580Z] INFO Connected to Polymarket RTDS Chainlink feed.
[2026-06-04T03:49:07.690Z] INFO Skipped trade. {"slug":"btc-updown-5m-1780544700","reason":"daily_spend_limit_reached","dailySpendUsd":1000,"amountUsd":1000,"dailySpendLimitUsd":1000}
[2026-06-04T03:49:33.270Z] INFO Skipped trade. {"slug":"eth-updown-5m-1780544700","reason":"daily_spend_limit_reached","dailySpendUsd":1000,"amountUsd":10,"dailySpendLimitUsd":1000}
[2026-06-04T03:49:52.900Z] WARN Analytics sample recording failed; continuing. {"market":"ETH","slug":"eth-updown-5m-1780544700","error":"ENOENT: no such file or directory, rename 'C:\\DEV\\tests\\Workspace de Yarbis\\Polybot\\data\\analytics-active.json.tmp' -> 'C:\\DEV\\tests\\Workspace de Yarbis\\Polybot\\data\\analytics-active.json'"}
[2026-06-04T03:49:56.701Z] WARN Analytics sample recording failed; continuing. {"market":"BTC","slug":"btc-updown-5m-1780544700","error":"ENOENT: no such file or directory, rename 'C:\\DEV\\tests\\Workspace de Yarbis\\Polybot\\data\\analytics-active.json.tmp' -> 'C:\\DEV\\tests\\Workspace de Yarbis\\Polybot\\data\\analytics-active.json'"}
[2026-06-04T03:50:00.202Z] INFO Tracking market. {"market":"BTC","slug":"btc-updown-5m-1780545000","title":"Bitcoin Up or Down - June 3, 11:50PM-11:55PM ET","end":"2026-06-04T03:55:00.000Z","upToken":"111311791918907536086050906022230244485275418775065700527143447278811223861120","downToken":"82436227437090726010061881923440356685401730293708938155629351676062414613393","orderMinSize":5,"tickSize":"0.01"}
[2026-06-04T03:50:00.203Z] INFO Skipped trade. {"slug":"btc-updown-5m-1780545000","reason":"missing_opening_chainlink_tick"}
[2026-06-04T03:50:00.203Z] INFO Tracking market. {"market":"ETH","slug":"eth-updown-5m-1780545000","title":"Ethereum Up or Down - June 3, 11:50PM-11:55PM ET","end":"2026-06-04T03:55:00.000Z","upToken":"96004809747206991700075379403029854992741123567287066484556017442520724045411","downToken":"59740322443465622680133188129595011548449648320386469548236103888353146842867","orderMinSize":5,"tickSize":"0.01"}
[2026-06-04T03:50:00.203Z] INFO Skipped trade. {"slug":"eth-updown-5m-1780545000","reason":"missing_opening_chainlink_tick"}
[2026-06-04T03:50:00.203Z] INFO Tracking market. {"market":"DOGE","slug":"doge-updown-5m-1780545000","title":"Dogecoin Up or Down - June 3, 11:50PM-11:55PM ET","end":"2026-06-04T03:55:00.000Z","upToken":"65551373178246930809841881568329992793024449751622193652766478350997262342203","downToken":"25919920757056407839439151269177535983878644004362765681243356083371419940887","orderMinSize":5,"tickSize":"0.01"}
[2026-06-04T03:50:01.218Z] INFO Captured Chainlink opening tick. {"slug":"btc-updown-5m-1780545000","openingPrice":64299.64327491604,"tickTimestamp":"2026-06-04T03:50:00.000Z"}
[2026-06-04T03:50:01.225Z] INFO Skipped trade. {"slug":"btc-updown-5m-1780545000","reason":"btc_distance_below_threshold","market":"BTC","minDistanceUsd":{"UP":10,"DOWN":10},"openingPrice":64299.64327491604,"currentPrice":64299.64327491604}
[2026-06-04T03:50:03.245Z] INFO Captured Chainlink opening tick. {"slug":"eth-updown-5m-1780545000","openingPrice":1806.8355845174858,"tickTimestamp":"2026-06-04T03:50:00.000Z"}
[2026-06-04T03:50:03.248Z] INFO Skipped trade. {"slug":"eth-updown-5m-1780545000","reason":"btc_distance_below_threshold","market":"ETH","minDistanceUsd":{"UP":1,"DOWN":1},"openingPrice":1806.8355845174858,"currentPrice":1806.7603239633822}
[2026-06-04T03:50:03.250Z] INFO Captured Chainlink opening tick. {"slug":"doge-updown-5m-1780545000","openingPrice":0.091205,"tickTimestamp":"2026-06-04T03:50:00.000Z"}
[2026-06-04T03:54:23.372Z] INFO Skipped trade. {"slug":"btc-updown-5m-1780545000","reason":"daily_spend_limit_reached","dailySpendUsd":1000,"amountUsd":1000,"dailySpendLimitUsd":1000}
[2026-06-04T03:54:28.719Z] WARN Analytics sample recording failed; continuing. {"market":"ETH","slug":"eth-updown-5m-1780545000","error":"ENOENT: no such file or directory, rename 'C:\\DEV\\tests\\Workspace de Yarbis\\Polybot\\data\\analytics-active.json.tmp' -> 'C:\\DEV\\tests\\Workspace de Yarbis\\Polybot\\data\\analytics-active.json'"}
[2026-06-04T03:55:01.261Z] INFO Tracking market. {"market":"BTC","slug":"btc-updown-5m-1780545300","title":"Bitcoin Up or Down - June 3, 11:55PM-12:00AM ET","end":"2026-06-04T04:00:00.000Z","upToken":"29476533152696060630861841727565670937819968641122051326752808033940522988066","downToken":"28736680380381249274922370814389775825263189172746221194489522717335917984602","orderMinSize":5,"tickSize":"0.01"}
[2026-06-04T03:55:01.265Z] INFO Captured Chainlink opening tick. {"slug":"btc-updown-5m-1780545300","openingPrice":64319.60462,"tickTimestamp":"2026-06-04T03:55:00.000Z"}
[2026-06-04T03:55:01.268Z] INFO Skipped trade. {"slug":"btc-updown-5m-1780545300","reason":"btc_distance_below_threshold","market":"BTC","minDistanceUsd":{"UP":10,"DOWN":10},"openingPrice":64319.60462,"currentPrice":64319.60462}
[2026-06-04T03:55:01.268Z] INFO Tracking market. {"market":"ETH","slug":"eth-updown-5m-1780545300","title":"Ethereum Up or Down - June 3, 11:55PM-12:00AM ET","end":"2026-06-04T04:00:00.000Z","upToken":"7912471803383998510898507297904226857821571538340907247011791892882108721423","downToken":"72789249233849986709797225593168173938533618688478520290838679412623156341796","orderMinSize":5,"tickSize":"0.01"}
[2026-06-04T03:55:01.268Z] INFO Skipped trade. {"slug":"eth-updown-5m-1780545300","reason":"missing_opening_chainlink_tick"}
[2026-06-04T03:55:01.268Z] INFO Tracking market. {"market":"DOGE","slug":"doge-updown-5m-1780545300","title":"Dogecoin Up or Down - June 3, 11:55PM-12:00AM ET","end":"2026-06-04T04:00:00.000Z","upToken":"91642564222110514666454646683411454656832523486401391651307311901964653498992","downToken":"38722924719348943122424565507928730725119153241011790373669724228358346397550","orderMinSize":5,"tickSize":"0.01"}
[2026-06-04T03:55:03.309Z] INFO Captured Chainlink opening tick. {"slug":"eth-updown-5m-1780545300","openingPrice":1806.956330292982,"tickTimestamp":"2026-06-04T03:55:00.000Z"}
[2026-06-04T03:55:03.323Z] INFO Skipped trade. {"slug":"eth-updown-5m-1780545300","reason":"btc_distance_below_threshold","market":"ETH","minDistanceUsd":{"UP":1,"DOWN":1},"openingPrice":1806.956330292982,"currentPrice":1806.9136804478073}
[2026-06-04T03:55:03.334Z] INFO Captured Chainlink opening tick. {"slug":"doge-updown-5m-1780545300","openingPrice":0.0912180882499118,"tickTimestamp":"2026-06-04T03:55:00.000Z"}
[2026-06-04T03:59:07.211Z] INFO Skipped trade. {"slug":"btc-updown-5m-1780545300","reason":"daily_spend_limit_reached","dailySpendUsd":1000,"amountUsd":1000,"dailySpendLimitUsd":1000}
[2026-06-04T03:59:18.517Z] INFO Skipped trade. {"slug":"eth-updown-5m-1780545300","reason":"daily_spend_limit_reached","dailySpendUsd":1000,"amountUsd":10,"dailySpendLimitUsd":1000}
[2026-06-04T04:00:01.411Z] INFO Tracking market. {"market":"BTC","slug":"btc-updown-5m-1780545600","title":"Bitcoin Up or Down - June 4, 12:00AM-12:05AM ET","end":"2026-06-04T04:05:00.000Z","upToken":"28022873427741325106100693363296520729520477873209080606254687651905883637370","downToken":"98934080693835774939104617617328626354957412814564071886384396092924532698887","orderMinSize":5,"tickSize":"0.01"}
[2026-06-04T04:00:01.415Z] INFO Captured Chainlink opening tick. {"slug":"btc-updown-5m-1780545600","openingPrice":64289.15701908683,"tickTimestamp":"2026-06-04T04:00:00.000Z"}
[2026-06-04T04:00:01.419Z] INFO Skipped trade. {"slug":"btc-updown-5m-1780545600","reason":"btc_distance_below_threshold","market":"BTC","minDistanceUsd":{"UP":10,"DOWN":10},"openingPrice":64289.15701908683,"currentPrice":64289.15701908683}
[2026-06-04T04:00:01.419Z] INFO Tracking market. {"market":"ETH","slug":"eth-updown-5m-1780545600","title":"Ethereum Up or Down - June 4, 12:00AM-12:05AM ET","end":"2026-06-04T04:05:00.000Z","upToken":"29484063876510157581578345347688145052968141552658040195970697904434810750179","downToken":"35887301320612985383456792052538814485941180021927326650546241986953436319256","orderMinSize":5,"tickSize":"0.01"}
[2026-06-04T04:00:01.419Z] INFO Skipped trade. {"slug":"eth-updown-5m-1780545600","reason":"missing_opening_chainlink_tick"}
[2026-06-04T04:00:01.419Z] INFO Tracking market. {"market":"DOGE","slug":"doge-updown-5m-1780545600","title":"Dogecoin Up or Down - June 4, 12:00AM-12:05AM ET","end":"2026-06-04T04:05:00.000Z","upToken":"79076528803641284521655256137728801262189902615267844914808635195774155513478","downToken":"32149872560969004789823150108475292410968487000467887357591910234936397790799","orderMinSize":5,"tickSize":"0.01"}
[2026-06-04T04:00:03.427Z] INFO Captured Chainlink opening tick. {"slug":"eth-updown-5m-1780545600","openingPrice":1807.0306139249114,"tickTimestamp":"2026-06-04T04:00:00.000Z"}
[2026-06-04T04:00:03.431Z] INFO Skipped trade. {"slug":"eth-updown-5m-1780545600","reason":"btc_distance_below_threshold","market":"ETH","minDistanceUsd":{"UP":1,"DOWN":1},"openingPrice":1807.0306139249114,"currentPrice":1807.2480676289208}
[2026-06-04T04:00:03.434Z] INFO Captured Chainlink opening tick. {"slug":"doge-updown-5m-1780545600","openingPrice":0.0912248866059091,"tickTimestamp":"2026-06-04T04:00:00.000Z"}
[2026-06-04T04:04:08.425Z] INFO Skipped trade. {"slug":"btc-updown-5m-1780545600","reason":"daily_spend_limit_reached","dailySpendUsd":1000,"amountUsd":1000,"dailySpendLimitUsd":1000}
[2026-06-04T04:04:19.260Z] INFO Skipped trade. {"slug":"eth-updown-5m-1780545600","reason":"daily_spend_limit_reached","dailySpendUsd":1000,"amountUsd":10,"dailySpendLimitUsd":1000}
[2026-06-04T04:04:29.675Z] WARN Analytics sample recording failed; continuing. {"market":"DOGE","slug":"doge-updown-5m-1780545600","error":"ENOENT: no such file or directory, rename 'C:\\DEV\\tests\\Workspace de Yarbis\\Polybot\\data\\analytics-active.json.tmp' -> 'C:\\DEV\\tests\\Workspace de Yarbis\\Polybot\\data\\analytics-active.json'"}
[2026-06-04T04:05:00.555Z] INFO Tracking market. {"market":"BTC","slug":"btc-updown-5m-1780545900","title":"Bitcoin Up or Down - June 4, 12:05AM-12:10AM ET","end":"2026-06-04T04:10:00.000Z","upToken":"73238267200723187366419223432030665467770965493904338164007568733525392084378","downToken":"23974438521657750032614696723084143046375305661847060520322992139888146937553","orderMinSize":5,"tickSize":"0.01"}
[2026-06-04T04:05:00.556Z] INFO Skipped trade. {"slug":"btc-updown-5m-1780545900","reason":"missing_opening_chainlink_tick"}
[2026-06-04T04:05:00.556Z] INFO Tracking market. {"market":"ETH","slug":"eth-updown-5m-1780545900","title":"Ethereum Up or Down - June 4, 12:05AM-12:10AM ET","end":"2026-06-04T04:10:00.000Z","upToken":"110917882676331179972923884762118580360216353088403215663875011305892109887808","downToken":"87829609312955508661413837113834638469344552789583025406568163580213383574425","orderMinSize":5,"tickSize":"0.01"}
[2026-06-04T04:05:00.556Z] INFO Skipped trade. {"slug":"eth-updown-5m-1780545900","reason":"missing_opening_chainlink_tick"}
[2026-06-04T04:05:00.556Z] INFO Tracking market. {"market":"DOGE","slug":"doge-updown-5m-1780545900","title":"Dogecoin Up or Down - June 4, 12:05AM-12:10AM ET","end":"2026-06-04T04:10:00.000Z","upToken":"93815451008423529356562419659608413541776683390563663038169416019115647435376","downToken":"86633356138768142055257704527093736242376094842218812181315911638928218273841","orderMinSize":5,"tickSize":"0.01"}
[2026-06-04T04:05:01.561Z] INFO Captured Chainlink opening tick. {"slug":"btc-updown-5m-1780545900","openingPrice":64437.193275726546,"tickTimestamp":"2026-06-04T04:05:00.000Z"}
[2026-06-04T04:05:01.565Z] INFO Skipped trade. {"slug":"btc-updown-5m-1780545900","reason":"btc_distance_below_threshold","market":"BTC","minDistanceUsd":{"UP":10,"DOWN":10},"openingPrice":64437.193275726546,"currentPrice":64437.193275726546}
[2026-06-04T04:05:04.607Z] INFO Captured Chainlink opening tick. {"slug":"eth-updown-5m-1780545900","openingPrice":1810.5899231020048,"tickTimestamp":"2026-06-04T04:05:00.000Z"}
[2026-06-04T04:05:04.610Z] INFO Skipped trade. {"slug":"eth-updown-5m-1780545900","reason":"btc_distance_below_threshold","market":"ETH","minDistanceUsd":{"UP":1,"DOWN":1},"openingPrice":1810.5899231020048,"currentPrice":1810.5407851143718}
[2026-06-04T04:05:04.613Z] INFO Captured Chainlink opening tick. {"slug":"doge-updown-5m-1780545900","openingPrice":0.0914136101665033,"tickTimestamp":"2026-06-04T04:05:00.000Z"}
[2026-06-04T04:09:07.737Z] INFO Skipped trade. {"slug":"btc-updown-5m-1780545900","reason":"daily_spend_limit_reached","dailySpendUsd":1000,"amountUsd":1000,"dailySpendLimitUsd":1000}
[2026-06-04T04:09:08.081Z] INFO Skipped trade. {"slug":"eth-updown-5m-1780545900","reason":"daily_spend_limit_reached","dailySpendUsd":1000,"amountUsd":10,"dailySpendLimitUsd":1000}
[2026-06-04T04:10:00.564Z] INFO Tracking market. {"market":"BTC","slug":"btc-updown-5m-1780546200","title":"Bitcoin Up or Down - June 4, 12:10AM-12:15AM ET","end":"2026-06-04T04:15:00.000Z","upToken":"13114543001819660308838002008766868030062674355461022931154169672003238698476","downToken":"77815009681864925500187600863864039020557744407809713977649993030903485121913","orderMinSize":5,"tickSize":"0.01"}
[2026-06-04T04:10:00.578Z] INFO Captured Chainlink opening tick. {"slug":"btc-updown-5m-1780546200","openingPrice":64298.47626843128,"tickTimestamp":"2026-06-04T04:10:00.000Z"}
[2026-06-04T04:10:00.592Z] INFO Skipped trade. {"slug":"btc-updown-5m-1780546200","reason":"btc_distance_below_threshold","market":"BTC","minDistanceUsd":{"UP":10,"DOWN":10},"openingPrice":64298.47626843128,"currentPrice":64298.47626843128}
[2026-06-04T04:10:00.592Z] INFO Tracking market. {"market":"ETH","slug":"eth-updown-5m-1780546200","title":"Ethereum Up or Down - June 4, 12:10AM-12:15AM ET","end":"2026-06-04T04:15:00.000Z","upToken":"51013563979085720771807911974028807374945605318567668587395625087149452563545","downToken":"111805583964037721204260206561560118321446778696949360912755332489639472950587","orderMinSize":5,"tickSize":"0.01"}
[2026-06-04T04:10:00.592Z] INFO Skipped trade. {"slug":"eth-updown-5m-1780546200","reason":"missing_opening_chainlink_tick"}
[2026-06-04T04:10:00.592Z] INFO Tracking market. {"market":"DOGE","slug":"doge-updown-5m-1780546200","title":"Dogecoin Up or Down - June 4, 12:10AM-12:15AM ET","end":"2026-06-04T04:15:00.000Z","upToken":"64673764548390387030069257967247681370375767060579575340716690499475757262524","downToken":"22561787056215364502639929451799317106510960026862669032735381253028233383919","orderMinSize":5,"tickSize":"0.01"}
[2026-06-04T04:10:04.646Z] INFO Captured Chainlink opening tick. {"slug":"eth-updown-5m-1780546200","openingPrice":1806.3055799713056,"tickTimestamp":"2026-06-04T04:10:00.000Z"}
[2026-06-04T04:10:04.659Z] INFO Skipped trade. {"slug":"eth-updown-5m-1780546200","reason":"btc_distance_below_threshold","market":"ETH","minDistanceUsd":{"UP":1,"DOWN":1},"openingPrice":1806.3055799713056,"currentPrice":1806.6126811534205}
[2026-06-04T04:10:04.670Z] INFO Captured Chainlink opening tick. {"slug":"doge-updown-5m-1780546200","openingPrice":0.0912320178280173,"tickTimestamp":"2026-06-04T04:10:00.000Z"}
[2026-06-04T04:12:39.923Z] WARN RTDS websocket closed; reconnecting soon.
[2026-06-04T04:12:43.548Z] INFO Connected to Polymarket RTDS Chainlink feed.
[2026-06-04T04:14:07.728Z] INFO Skipped trade. {"slug":"btc-updown-5m-1780546200","reason":"daily_spend_limit_reached","dailySpendUsd":1000,"amountUsd":1000,"dailySpendLimitUsd":1000}
[2026-06-04T04:14:07.970Z] INFO Skipped trade. {"slug":"eth-updown-5m-1780546200","reason":"daily_spend_limit_reached","dailySpendUsd":1000,"amountUsd":10,"dailySpendLimitUsd":1000}
[2026-06-04T04:14:10.244Z] WARN Analytics sample recording failed; continuing. {"market":"DOGE","slug":"doge-updown-5m-1780546200","error":"ENOENT: no such file or directory, rename 'C:\\DEV\\tests\\Workspace de Yarbis\\Polybot\\data\\analytics-active.json.tmp' -> 'C:\\DEV\\tests\\Workspace de Yarbis\\Polybot\\data\\analytics-active.json'"}
[2026-06-04T04:15:00.447Z] INFO Tracking market. {"market":"BTC","slug":"btc-updown-5m-1780546500","title":"Bitcoin Up or Down - June 4, 12:15AM-12:20AM ET","end":"2026-06-04T04:20:00.000Z","upToken":"2623854122178395933004330916925514368770308620690531945067727168083086936145","downToken":"56682296986211555221447480533477774783192126250882366653119370390876256276597","orderMinSize":5,"tickSize":"0.01"}
[2026-06-04T04:15:00.451Z] INFO Captured Chainlink opening tick. {"slug":"btc-updown-5m-1780546500","openingPrice":64553.35388037421,"tickTimestamp":"2026-06-04T04:15:00.000Z"}
[2026-06-04T04:15:00.455Z] INFO Skipped trade. {"slug":"btc-updown-5m-1780546500","reason":"btc_distance_below_threshold","market":"BTC","minDistanceUsd":{"UP":10,"DOWN":10},"openingPrice":64553.35388037421,"currentPrice":64553.35388037421}
[2026-06-04T04:15:00.455Z] INFO Tracking market. {"market":"ETH","slug":"eth-updown-5m-1780546500","title":"Ethereum Up or Down - June 4, 12:15AM-12:20AM ET","end":"2026-06-04T04:20:00.000Z","upToken":"59169315796154559608635392440933786545159301540448776519053769978195098247274","downToken":"86065863567232515983080697476526777530877243386883671192797681904900973688223","orderMinSize":5,"tickSize":"0.01"}
[2026-06-04T04:15:00.455Z] INFO Skipped trade. {"slug":"eth-updown-5m-1780546500","reason":"missing_opening_chainlink_tick"}
[2026-06-04T04:15:00.455Z] INFO Tracking market. {"market":"DOGE","slug":"doge-updown-5m-1780546500","title":"Dogecoin Up or Down - June 4, 12:15AM-12:20AM ET","end":"2026-06-04T04:20:00.000Z","upToken":"46545623849287811732779568325626691101584074698357727002135742699976525645901","downToken":"17164749598197697160566640984751923219308190355384505312918505155162133678674","orderMinSize":5,"tickSize":"0.01"}
[2026-06-04T04:15:04.501Z] INFO Captured Chainlink opening tick. {"slug":"eth-updown-5m-1780546500","openingPrice":1811.77564,"tickTimestamp":"2026-06-04T04:15:00.000Z"}
[2026-06-04T04:15:04.511Z] INFO Skipped trade. {"slug":"eth-updown-5m-1780546500","reason":"btc_distance_below_threshold","market":"ETH","minDistanceUsd":{"UP":1,"DOWN":1},"openingPrice":1811.77564,"currentPrice":1811.32779}
[2026-06-04T04:15:04.521Z] INFO Captured Chainlink opening tick. {"slug":"doge-updown-5m-1780546500","openingPrice":0.091363889,"tickTimestamp":"2026-06-04T04:15:00.000Z"}
[2026-06-04T04:19:07.810Z] INFO Skipped trade. {"slug":"btc-updown-5m-1780546500","reason":"daily_spend_limit_reached","dailySpendUsd":1000,"amountUsd":1000,"dailySpendLimitUsd":1000}
[2026-06-04T04:19:19.665Z] INFO Skipped trade. {"slug":"eth-updown-5m-1780546500","reason":"daily_spend_limit_reached","dailySpendUsd":1000,"amountUsd":10,"dailySpendLimitUsd":1000}
[2026-06-04T04:20:00.382Z] INFO Tracking market. {"market":"BTC","slug":"btc-updown-5m-1780546800","title":"Bitcoin Up or Down - June 4, 12:20AM-12:25AM ET","end":"2026-06-04T04:25:00.000Z","upToken":"24875420121335215993324845808776992678109163437660220828716083897877203981395","downToken":"41489201647036293106184137304434361589077871649167881239294463906265794919241","orderMinSize":5,"tickSize":"0.01"}
[2026-06-04T04:20:00.383Z] INFO Skipped trade. {"slug":"btc-updown-5m-1780546800","reason":"missing_opening_chainlink_tick"}
[2026-06-04T04:20:00.383Z] INFO Tracking market. {"market":"ETH","slug":"eth-updown-5m-1780546800","title":"Ethereum Up or Down - June 4, 12:20AM-12:25AM ET","end":"2026-06-04T04:25:00.000Z","upToken":"43166210686690117222385851336114141112425668740169114952180567394768010363050","downToken":"43746386625943508139127113636860801181175317486615025473024327744670459094279","orderMinSize":5,"tickSize":"0.01"}
[2026-06-04T04:20:00.383Z] INFO Skipped trade. {"slug":"eth-updown-5m-1780546800","reason":"missing_opening_chainlink_tick"}
[2026-06-04T04:20:00.383Z] INFO Tracking market. {"market":"DOGE","slug":"doge-updown-5m-1780546800","title":"Dogecoin Up or Down - June 4, 12:20AM-12:25AM ET","end":"2026-06-04T04:25:00.000Z","upToken":"110212889589467777912931876655923706732049825872647308058053427930347583212576","downToken":"91964223373027429350794742137326308725809790198848677066757246779217733066907","orderMinSize":5,"tickSize":"0.01"}
[2026-06-04T04:20:01.396Z] INFO Captured Chainlink opening tick. {"slug":"btc-updown-5m-1780546800","openingPrice":64531.461905,"tickTimestamp":"2026-06-04T04:20:00.000Z"}
[2026-06-04T04:20:01.399Z] INFO Skipped trade. {"slug":"btc-updown-5m-1780546800","reason":"btc_distance_below_threshold","market":"BTC","minDistanceUsd":{"UP":10,"DOWN":10},"openingPrice":64531.461905,"currentPrice":64531.461905}
[2026-06-04T04:20:04.439Z] INFO Captured Chainlink opening tick. {"slug":"eth-updown-5m-1780546800","openingPrice":1810.732430677825,"tickTimestamp":"2026-06-04T04:20:00.000Z"}
[2026-06-04T04:20:04.451Z] INFO Skipped trade. {"slug":"eth-updown-5m-1780546800","reason":"btc_distance_below_threshold","market":"ETH","minDistanceUsd":{"UP":1,"DOWN":1},"openingPrice":1810.732430677825,"currentPrice":1811.0228143051536}
[2026-06-04T04:20:04.463Z] INFO Captured Chainlink opening tick. {"slug":"doge-updown-5m-1780546800","openingPrice":0.091224145,"tickTimestamp":"2026-06-04T04:20:00.000Z"}
