[31mWebSocket server error: Port 24678 is already in use[39m
[2026-06-14T10:12:46.587Z] INFO Polybot UI listening. {"url":"http://0.0.0.0:8788","host":"0.0.0.0","port":8788,"staticClient":false}
[2026-06-14T10:12:46.654Z] INFO Bot started. {"mode":"sim","enabledMarkets":["BTC","ETH","DOGE"],"minDistanceUsdByMarket":{"BTC":12,"ETH":2,"DOGE":0.0003},"minDistanceUsdByMarketOutcome":{"BTC":{"UP":12,"DOWN":12},"ETH":{"UP":2,"DOWN":2},"DOGE":{"UP":0.0003,"DOWN":0.0003}},"entryWindowSeconds":32,"entryWindowSecondsByMarket":{"BTC":32,"ETH":32,"DOGE":32},"entryWindowSecondsByMarketOutcome":{"BTC":{"UP":32,"DOWN":32},"ETH":{"UP":32,"DOWN":32},"DOGE":{"UP":32,"DOWN":32}},"maxAskPrice":0.75,"maxAskPriceByMarketOutcome":{"BTC":{"UP":0.75,"DOWN":0.75},"ETH":{"UP":0.75,"DOWN":0.75},"DOGE":{"UP":0.75,"DOWN":0.75}},"dailySpendLimitUsd":1000}
[2026-06-14T10:12:46.877Z] INFO Tracking market. {"market":"BTC","slug":"btc-updown-5m-1781431800","title":"Bitcoin Up or Down - June 14, 6:10AM-6:15AM ET","end":"2026-06-14T10:15:00.000Z","upToken":"36393814911547314100876784854682424933816280877023272569578551458030148729978","downToken":"104926965959794195338743505663005472407363271283260185754653931309156656910501","orderMinSize":5,"tickSize":"0.01"}
[2026-06-14T10:12:46.884Z] INFO Skipped trade. {"slug":"btc-updown-5m-1781431800","reason":"missing_opening_chainlink_tick"}
[2026-06-14T10:12:46.884Z] INFO Tracking market. {"market":"ETH","slug":"eth-updown-5m-1781431800","title":"Ethereum Up or Down - June 14, 6:10AM-6:15AM ET","end":"2026-06-14T10:15:00.000Z","upToken":"28160838931825570473141122256200445907507194892922791942113154472066907291026","downToken":"21640214450771571582082237815214180567839723980244123395932811978156433447968","orderMinSize":5,"tickSize":"0.01"}
[2026-06-14T10:12:46.885Z] INFO Skipped trade. {"slug":"eth-updown-5m-1781431800","reason":"missing_opening_chainlink_tick"}
[2026-06-14T10:12:46.885Z] INFO Tracking market. {"market":"DOGE","slug":"doge-updown-5m-1781431800","title":"Dogecoin Up or Down - June 14, 6:10AM-6:15AM ET","end":"2026-06-14T10:15:00.000Z","upToken":"11300447493123823346701353381433846634091941175058127795869980411980579696134","downToken":"63389717989606896724881049838918339519141026760861431805126442265474348787567","orderMinSize":5,"tickSize":"0.01"}
[2026-06-14T10:12:46.885Z] INFO Skipped trade. {"slug":"doge-updown-5m-1781431800","reason":"missing_opening_chainlink_tick"}
[2026-06-14T10:12:47.060Z] INFO Connected to Polymarket RTDS Chainlink feed.
[2026-06-14T10:12:47.223Z] INFO Connected to Polymarket RTDS Chainlink feed.
[2026-06-14T10:15:01.323Z] INFO Tracking market. {"market":"BTC","slug":"btc-updown-5m-1781432100","title":"Bitcoin Up or Down - June 14, 6:15AM-6:20AM ET","end":"2026-06-14T10:20:00.000Z","upToken":"24313116561962720657015095341330486222119957868109739249608170943138797875961","downToken":"101376893957776766536301241392036806180129865288297299252748554403398067216153","orderMinSize":5,"tickSize":"0.01"}
[2026-06-14T10:15:01.323Z] INFO Skipped trade. {"slug":"btc-updown-5m-1781432100","reason":"missing_opening_chainlink_tick"}
[2026-06-14T10:15:01.323Z] INFO Tracking market. {"market":"ETH","slug":"eth-updown-5m-1781432100","title":"Ethereum Up or Down - June 14, 6:15AM-6:20AM ET","end":"2026-06-14T10:20:00.000Z","upToken":"109144660926495517302779446216440469227844976498830041814538284180762844953870","downToken":"7220934457981348344800749944981363651928644115207486137428967556469006523944","orderMinSize":5,"tickSize":"0.01"}
[2026-06-14T10:15:01.324Z] INFO Skipped trade. {"slug":"eth-updown-5m-1781432100","reason":"missing_opening_chainlink_tick"}
[2026-06-14T10:15:01.324Z] INFO Tracking market. {"market":"DOGE","slug":"doge-updown-5m-1781432100","title":"Dogecoin Up or Down - June 14, 6:15AM-6:20AM ET","end":"2026-06-14T10:20:00.000Z","upToken":"9238912416511991917806636850589079806257699419144157452346022428356175260223","downToken":"13163383359727176688527350093056789245189357937826842800677149714919630310620","orderMinSize":5,"tickSize":"0.01"}
[2026-06-14T10:15:01.324Z] INFO Skipped trade. {"slug":"doge-updown-5m-1781432100","reason":"missing_opening_chainlink_tick"}
[2026-06-14T10:15:02.381Z] INFO Captured Chainlink opening tick. {"slug":"btc-updown-5m-1781432100","openingPrice":64492.53524,"tickTimestamp":"2026-06-14T10:15:00.000Z"}
[2026-06-14T10:15:02.386Z] INFO Skipped trade. {"slug":"btc-updown-5m-1781432100","reason":"btc_distance_below_threshold","market":"BTC","minDistanceUsd":{"UP":12,"DOWN":12},"openingPrice":64492.53524,"currentPrice":64492.53524}
[2026-06-14T10:15:03.450Z] INFO Captured Chainlink opening tick. {"slug":"eth-updown-5m-1781432100","openingPrice":1675.0025,"tickTimestamp":"2026-06-14T10:15:00.000Z"}
[2026-06-14T10:15:03.454Z] INFO Skipped trade. {"slug":"eth-updown-5m-1781432100","reason":"btc_distance_below_threshold","market":"ETH","minDistanceUsd":{"UP":2,"DOWN":2},"openingPrice":1675.0025,"currentPrice":1675.0025}
[2026-06-14T10:15:03.481Z] INFO Captured Chainlink opening tick. {"slug":"doge-updown-5m-1781432100","openingPrice":0.0872448,"tickTimestamp":"2026-06-14T10:15:00.000Z"}
[2026-06-14T10:15:03.487Z] INFO Skipped trade. {"slug":"doge-updown-5m-1781432100","reason":"btc_distance_below_threshold","market":"DOGE","minDistanceUsd":{"UP":0.0003,"DOWN":0.0003},"openingPrice":0.0872448,"currentPrice":0.0872448}
[2026-06-14T10:19:28.734Z] INFO Skipped trade. {"slug":"btc-updown-5m-1781432100","reason":"no_ask_liquidity_under_cap","outcome":"UP"}
[2026-06-14T10:20:01.604Z] INFO Tracking market. {"market":"BTC","slug":"btc-updown-5m-1781432400","title":"Bitcoin Up or Down - June 14, 6:20AM-6:25AM ET","end":"2026-06-14T10:25:00.000Z","upToken":"39739314658441730166616180729000324066893438095122997128360544208001398563914","downToken":"58289442181714604512222639635196246353726978039741895421121010651115661669662","orderMinSize":5,"tickSize":"0.01"}
[2026-06-14T10:20:01.605Z] INFO Skipped trade. {"slug":"btc-updown-5m-1781432400","reason":"missing_opening_chainlink_tick"}
[2026-06-14T10:20:01.605Z] INFO Tracking market. {"market":"ETH","slug":"eth-updown-5m-1781432400","title":"Ethereum Up or Down - June 14, 6:20AM-6:25AM ET","end":"2026-06-14T10:25:00.000Z","upToken":"86588762483610535078735130391783957604302007898009481077611791416057140505798","downToken":"15730154408656824036456445289374595353215588726738268061997943496977232192248","orderMinSize":5,"tickSize":"0.01"}
[2026-06-14T10:20:01.606Z] INFO Skipped trade. {"slug":"eth-updown-5m-1781432400","reason":"missing_opening_chainlink_tick"}
[2026-06-14T10:20:01.606Z] INFO Tracking market. {"market":"DOGE","slug":"doge-updown-5m-1781432400","title":"Dogecoin Up or Down - June 14, 6:20AM-6:25AM ET","end":"2026-06-14T10:25:00.000Z","upToken":"65365246222532823947447743675123535182653493736162574092978410683457767497865","downToken":"61159738286760676894143102987635896466018555996990054595424249967353391894577","orderMinSize":5,"tickSize":"0.01"}
[2026-06-14T10:20:01.606Z] INFO Skipped trade. {"slug":"doge-updown-5m-1781432400","reason":"missing_opening_chainlink_tick"}
[2026-06-14T10:20:02.696Z] INFO Captured Chainlink opening tick. {"slug":"btc-updown-5m-1781432400","openingPrice":64518.33012410706,"tickTimestamp":"2026-06-14T10:20:00.000Z"}
[2026-06-14T10:20:02.711Z] INFO Skipped trade. {"slug":"btc-updown-5m-1781432400","reason":"btc_distance_below_threshold","market":"BTC","minDistanceUsd":{"UP":12,"DOWN":12},"openingPrice":64518.33012410706,"currentPrice":64518.33012410706}
[2026-06-14T10:20:03.754Z] INFO Captured Chainlink opening tick. {"slug":"eth-updown-5m-1781432400","openingPrice":1675.4629262582912,"tickTimestamp":"2026-06-14T10:20:00.000Z"}
[2026-06-14T10:20:03.762Z] INFO Skipped trade. {"slug":"eth-updown-5m-1781432400","reason":"btc_distance_below_threshold","market":"ETH","minDistanceUsd":{"UP":2,"DOWN":2},"openingPrice":1675.4629262582912,"currentPrice":1675.3966224253081}
[2026-06-14T10:20:03.808Z] INFO Captured Chainlink opening tick. {"slug":"doge-updown-5m-1781432400","openingPrice":0.0873017073985309,"tickTimestamp":"2026-06-14T10:20:00.000Z"}
[2026-06-14T10:20:03.813Z] INFO Skipped trade. {"slug":"doge-updown-5m-1781432400","reason":"btc_distance_below_threshold","market":"DOGE","minDistanceUsd":{"UP":0.0003,"DOWN":0.0003},"openingPrice":0.0873017073985309,"currentPrice":0.0873017073985309}
[2026-06-14T10:24:28.591Z] INFO Skipped trade. {"slug":"btc-updown-5m-1781432400","reason":"no_ask_liquidity_under_cap","outcome":"UP"}
[2026-06-14T10:25:01.511Z] INFO Tracking market. {"market":"BTC","slug":"btc-updown-5m-1781432700","title":"Bitcoin Up or Down - June 14, 6:25AM-6:30AM ET","end":"2026-06-14T10:30:00.000Z","upToken":"88515685933341309455227339113205928846674908783047810017216388314862643817334","downToken":"31141795496186135536265986923485492445882831124731369152705431271294107033682","orderMinSize":5,"tickSize":"0.01"}
[2026-06-14T10:25:01.512Z] INFO Skipped trade. {"slug":"btc-updown-5m-1781432700","reason":"missing_opening_chainlink_tick"}
[2026-06-14T10:25:01.512Z] INFO Tracking market. {"market":"ETH","slug":"eth-updown-5m-1781432700","title":"Ethereum Up or Down - June 14, 6:25AM-6:30AM ET","end":"2026-06-14T10:30:00.000Z","upToken":"8561045024578480417552269243047021415944984304105888651392854535218591488655","downToken":"80519997546649925060636244964950736223165827921246224269929977964033218578976","orderMinSize":5,"tickSize":"0.01"}
[2026-06-14T10:25:01.512Z] INFO Skipped trade. {"slug":"eth-updown-5m-1781432700","reason":"missing_opening_chainlink_tick"}
[2026-06-14T10:25:01.512Z] INFO Tracking market. {"market":"DOGE","slug":"doge-updown-5m-1781432700","title":"Dogecoin Up or Down - June 14, 6:25AM-6:30AM ET","end":"2026-06-14T10:30:00.000Z","upToken":"80391638220169029654307855774589367617434934081608506116342066930881348589725","downToken":"50289921474776755282435813508829254274762898344748397497511641324960367411193","orderMinSize":5,"tickSize":"0.01"}
[2026-06-14T10:25:01.513Z] INFO Skipped trade. {"slug":"doge-updown-5m-1781432700","reason":"missing_opening_chainlink_tick"}
[2026-06-14T10:25:02.563Z] INFO Captured Chainlink opening tick. {"slug":"btc-updown-5m-1781432700","openingPrice":64595.32185002374,"tickTimestamp":"2026-06-14T10:25:00.000Z"}
[2026-06-14T10:25:02.570Z] INFO Skipped trade. {"slug":"btc-updown-5m-1781432700","reason":"btc_distance_below_threshold","market":"BTC","minDistanceUsd":{"UP":12,"DOWN":12},"openingPrice":64595.32185002374,"currentPrice":64595.32185002374}
[2026-06-14T10:25:03.612Z] INFO Captured Chainlink opening tick. {"slug":"eth-updown-5m-1781432700","openingPrice":1677.094119538467,"tickTimestamp":"2026-06-14T10:25:00.000Z"}
[2026-06-14T10:25:03.621Z] INFO Skipped trade. {"slug":"eth-updown-5m-1781432700","reason":"btc_distance_below_threshold","market":"ETH","minDistanceUsd":{"UP":2,"DOWN":2},"openingPrice":1677.094119538467,"currentPrice":1677.103284159258}
[2026-06-14T10:25:03.659Z] INFO Captured Chainlink opening tick. {"slug":"doge-updown-5m-1781432700","openingPrice":0.0873982172219679,"tickTimestamp":"2026-06-14T10:25:00.000Z"}
[2026-06-14T10:25:03.665Z] INFO Skipped trade. {"slug":"doge-updown-5m-1781432700","reason":"btc_distance_below_threshold","market":"DOGE","minDistanceUsd":{"UP":0.0003,"DOWN":0.0003},"openingPrice":0.0873982172219679,"currentPrice":0.0874027}
[2026-06-14T10:29:07.382Z] WARN Analytics sample recording failed; continuing. {"market":"DOGE","slug":"doge-updown-5m-1781432700","error":"ENOENT: no such file or directory, rename 'C:\\DEV\\tests\\Workspace de Yarbis\\Polybot\\data\\analytics-active.json.tmp' -> 'C:\\DEV\\tests\\Workspace de Yarbis\\Polybot\\data\\analytics-active.json'"}
[2026-06-14T10:29:29.994Z] INFO Skipped trade. {"slug":"btc-updown-5m-1781432700","reason":"no_ask_liquidity_under_cap","outcome":"DOWN"}
[2026-06-14T10:30:01.664Z] INFO Tracking market. {"market":"BTC","slug":"btc-updown-5m-1781433000","title":"Bitcoin Up or Down - June 14, 6:30AM-6:35AM ET","end":"2026-06-14T10:35:00.000Z","upToken":"18913177768146787685573884364353644523957181948084147311038684987959168409792","downToken":"100773974952703281171346588437315209908723492821153731838117481025798433626233","orderMinSize":5,"tickSize":"0.01"}
[2026-06-14T10:30:01.665Z] INFO Skipped trade. {"slug":"btc-updown-5m-1781433000","reason":"missing_opening_chainlink_tick"}
[2026-06-14T10:30:01.665Z] INFO Tracking market. {"market":"ETH","slug":"eth-updown-5m-1781433000","title":"Ethereum Up or Down - June 14, 6:30AM-6:35AM ET","end":"2026-06-14T10:35:00.000Z","upToken":"111221255073432284197124684304476251733482925655136686388685230343504272565893","downToken":"27006519464461718192816608682063463362917192157404550529720913597369051064092","orderMinSize":5,"tickSize":"0.01"}
[2026-06-14T10:30:01.666Z] INFO Skipped trade. {"slug":"eth-updown-5m-1781433000","reason":"missing_opening_chainlink_tick"}
[2026-06-14T10:30:01.666Z] INFO Tracking market. {"market":"DOGE","slug":"doge-updown-5m-1781433000","title":"Dogecoin Up or Down - June 14, 6:30AM-6:35AM ET","end":"2026-06-14T10:35:00.000Z","upToken":"99676810812580174306025078060057630213407485628789472989682694146250010584252","downToken":"53946831139527757283241446739595672276685115480025293179102059739350915409615","orderMinSize":5,"tickSize":"0.01"}
[2026-06-14T10:30:01.667Z] INFO Skipped trade. {"slug":"doge-updown-5m-1781433000","reason":"missing_opening_chainlink_tick"}
[2026-06-14T10:30:02.748Z] INFO Captured Chainlink opening tick. {"slug":"btc-updown-5m-1781433000","openingPrice":64560.9348264619,"tickTimestamp":"2026-06-14T10:30:00.000Z"}
[2026-06-14T10:30:02.758Z] INFO Skipped trade. {"slug":"btc-updown-5m-1781433000","reason":"btc_distance_below_threshold","market":"BTC","minDistanceUsd":{"UP":12,"DOWN":12},"openingPrice":64560.9348264619,"currentPrice":64560.9348264619}
[2026-06-14T10:30:04.840Z] INFO Captured Chainlink opening tick. {"slug":"eth-updown-5m-1781433000","openingPrice":1675.5937045126025,"tickTimestamp":"2026-06-14T10:30:00.000Z"}
[2026-06-14T10:30:04.849Z] INFO Skipped trade. {"slug":"eth-updown-5m-1781433000","reason":"btc_distance_below_threshold","market":"ETH","minDistanceUsd":{"UP":2,"DOWN":2},"openingPrice":1675.5937045126025,"currentPrice":1675.5408608652585}
[2026-06-14T10:30:04.899Z] INFO Captured Chainlink opening tick. {"slug":"doge-updown-5m-1781433000","openingPrice":0.0872942011631097,"tickTimestamp":"2026-06-14T10:30:00.000Z"}
[2026-06-14T10:30:04.907Z] INFO Skipped trade. {"slug":"doge-updown-5m-1781433000","reason":"btc_distance_below_threshold","market":"DOGE","minDistanceUsd":{"UP":0.0003,"DOWN":0.0003},"openingPrice":0.0872942011631097,"currentPrice":0.0872941620025568}
[2026-06-14T10:34:29.743Z] INFO Skipped trade. {"slug":"btc-updown-5m-1781433000","reason":"no_ask_liquidity_under_cap","outcome":"UP"}
[2026-06-14T10:35:01.243Z] INFO Tracking market. {"market":"BTC","slug":"btc-updown-5m-1781433300","title":"Bitcoin Up or Down - June 14, 6:35AM-6:40AM ET","end":"2026-06-14T10:40:00.000Z","upToken":"109612959809398308798557584532445723126377132854156435960501520542437096324301","downToken":"51594929332507630873593365322857413119874327117762646265269016730292406545351","orderMinSize":5,"tickSize":"0.01"}
[2026-06-14T10:35:01.244Z] INFO Skipped trade. {"slug":"btc-updown-5m-1781433300","reason":"missing_opening_chainlink_tick"}
[2026-06-14T10:35:01.244Z] INFO Tracking market. {"market":"ETH","slug":"eth-updown-5m-1781433300","title":"Ethereum Up or Down - June 14, 6:35AM-6:40AM ET","end":"2026-06-14T10:40:00.000Z","upToken":"93500169364776789629059924438614186299690272189968977319017953254241379320507","downToken":"112693663824966095229920383408777665084816509389883773418827175243300154469950","orderMinSize":5,"tickSize":"0.01"}
[2026-06-14T10:35:01.245Z] INFO Skipped trade. {"slug":"eth-updown-5m-1781433300","reason":"missing_opening_chainlink_tick"}
[2026-06-14T10:35:01.245Z] INFO Tracking market. {"market":"DOGE","slug":"doge-updown-5m-1781433300","title":"Dogecoin Up or Down - June 14, 6:35AM-6:40AM ET","end":"2026-06-14T10:40:00.000Z","upToken":"101386263024064882755611558711525452056346175310359088835040348950766767726939","downToken":"53794551865173262736249458273885550462073568732305812210273374037380957696885","orderMinSize":5,"tickSize":"0.01"}
[2026-06-14T10:35:01.245Z] INFO Skipped trade. {"slug":"doge-updown-5m-1781433300","reason":"missing_opening_chainlink_tick"}
[2026-06-14T10:35:02.329Z] INFO Captured Chainlink opening tick. {"slug":"btc-updown-5m-1781433300","openingPrice":64620.73197840112,"tickTimestamp":"2026-06-14T10:35:00.000Z"}
[2026-06-14T10:35:02.339Z] INFO Skipped trade. {"slug":"btc-updown-5m-1781433300","reason":"btc_distance_below_threshold","market":"BTC","minDistanceUsd":{"UP":12,"DOWN":12},"openingPrice":64620.73197840112,"currentPrice":64620.73197840112}
[2026-06-14T10:35:04.420Z] INFO Captured Chainlink opening tick. {"slug":"eth-updown-5m-1781433300","openingPrice":1676.619359888051,"tickTimestamp":"2026-06-14T10:35:00.000Z"}
[2026-06-14T10:35:04.434Z] INFO Skipped trade. {"slug":"eth-updown-5m-1781433300","reason":"btc_distance_below_threshold","market":"ETH","minDistanceUsd":{"UP":2,"DOWN":2},"openingPrice":1676.619359888051,"currentPrice":1676.611744318379}
[2026-06-14T10:35:04.485Z] INFO Captured Chainlink opening tick. {"slug":"doge-updown-5m-1781433300","openingPrice":0.0874032,"tickTimestamp":"2026-06-14T10:35:00.000Z"}
[2026-06-14T10:35:04.495Z] INFO Skipped trade. {"slug":"doge-updown-5m-1781433300","reason":"btc_distance_below_threshold","market":"DOGE","minDistanceUsd":{"UP":0.0003,"DOWN":0.0003},"openingPrice":0.0874032,"currentPrice":0.087402584}
[2026-06-14T10:38:50.392Z] INFO Skipped trade. {"slug":"eth-updown-5m-1781433300","reason":"stale_chainlink_tick","tickTimestamp":"2026-06-14T10:38:40.000Z"}
[2026-06-14T10:38:51.399Z] INFO Skipped trade. {"slug":"doge-updown-5m-1781433300","reason":"stale_chainlink_tick","tickTimestamp":"2026-06-14T10:38:41.000Z"}
[2026-06-14T10:39:29.176Z] INFO Skipped trade. {"slug":"btc-updown-5m-1781433300","reason":"no_ask_liquidity_under_cap","outcome":"DOWN"}
[2026-06-14T10:40:00.489Z] INFO Tracking market. {"market":"BTC","slug":"btc-updown-5m-1781433600","title":"Bitcoin Up or Down - June 14, 6:40AM-6:45AM ET","end":"2026-06-14T10:45:00.000Z","upToken":"11435041409428211652377773120146288886536872343977674687399610887834914103238","downToken":"26268175944808684764719753387645116082206730624787835761004568528191912190140","orderMinSize":5,"tickSize":"0.01"}
[2026-06-14T10:40:00.489Z] INFO Skipped trade. {"slug":"btc-updown-5m-1781433600","reason":"missing_opening_chainlink_tick"}
[2026-06-14T10:40:00.489Z] INFO Tracking market. {"market":"ETH","slug":"eth-updown-5m-1781433600","title":"Ethereum Up or Down - June 14, 6:40AM-6:45AM ET","end":"2026-06-14T10:45:00.000Z","upToken":"64578144240394593239485096625019656589781867687782064430064370828125383391639","downToken":"78177465944259112566976734879189315938324366219341211779080573802185488023118","orderMinSize":5,"tickSize":"0.01"}
[2026-06-14T10:40:00.490Z] INFO Skipped trade. {"slug":"eth-updown-5m-1781433600","reason":"missing_opening_chainlink_tick"}
[2026-06-14T10:40:00.490Z] INFO Tracking market. {"market":"DOGE","slug":"doge-updown-5m-1781433600","title":"Dogecoin Up or Down - June 14, 6:40AM-6:45AM ET","end":"2026-06-14T10:45:00.000Z","upToken":"91794578382406646336391451183784643400979090899714835783405189040808116080238","downToken":"75402408951894514467200665968889565892607022230624398266793192491267313527234","orderMinSize":5,"tickSize":"0.01"}
[2026-06-14T10:40:00.490Z] INFO Skipped trade. {"slug":"doge-updown-5m-1781433600","reason":"missing_opening_chainlink_tick"}
[2026-06-14T10:40:02.558Z] INFO Captured Chainlink opening tick. {"slug":"btc-updown-5m-1781433600","openingPrice":64597.25888652432,"tickTimestamp":"2026-06-14T10:40:00.000Z"}
[2026-06-14T10:40:02.565Z] INFO Skipped trade. {"slug":"btc-updown-5m-1781433600","reason":"btc_distance_below_threshold","market":"BTC","minDistanceUsd":{"UP":12,"DOWN":12},"openingPrice":64597.25888652432,"currentPrice":64597.25888652432}
[2026-06-14T10:40:05.727Z] INFO Captured Chainlink opening tick. {"slug":"eth-updown-5m-1781433600","openingPrice":1676.2506787314226,"tickTimestamp":"2026-06-14T10:40:00.000Z"}
[2026-06-14T10:40:05.740Z] INFO Skipped trade. {"slug":"eth-updown-5m-1781433600","reason":"btc_distance_below_threshold","market":"ETH","minDistanceUsd":{"UP":2,"DOWN":2},"openingPrice":1676.2506787314226,"currentPrice":1676.2472675846693}
[2026-06-14T10:40:05.775Z] INFO Captured Chainlink opening tick. {"slug":"doge-updown-5m-1781433600","openingPrice":0.087353,"tickTimestamp":"2026-06-14T10:40:00.000Z"}
[2026-06-14T10:40:05.785Z] INFO Skipped trade. {"slug":"doge-updown-5m-1781433600","reason":"btc_distance_below_threshold","market":"DOGE","minDistanceUsd":{"UP":0.0003,"DOWN":0.0003},"openingPrice":0.087353,"currentPrice":0.0873532899503797}
[2026-06-14T10:44:29.951Z] INFO Skipped trade. {"slug":"btc-updown-5m-1781433600","reason":"no_ask_liquidity_under_cap","outcome":"DOWN"}
[2026-06-14T10:45:01.158Z] INFO Tracking market. {"market":"BTC","slug":"btc-updown-5m-1781433900","title":"Bitcoin Up or Down - June 14, 6:45AM-6:50AM ET","end":"2026-06-14T10:50:00.000Z","upToken":"8895964966157090817540251240352436682034640618107603393892671946021649458104","downToken":"87788188360165212228678162062598430525924729765892807214531104447610636855310","orderMinSize":5,"tickSize":"0.01"}
[2026-06-14T10:45:01.159Z] INFO Skipped trade. {"slug":"btc-updown-5m-1781433900","reason":"missing_opening_chainlink_tick"}
[2026-06-14T10:45:01.159Z] INFO Tracking market. {"market":"ETH","slug":"eth-updown-5m-1781433900","title":"Ethereum Up or Down - June 14, 6:45AM-6:50AM ET","end":"2026-06-14T10:50:00.000Z","upToken":"97314816079388644145375439773616466931232375289316988332641142344813486694802","downToken":"18281765219020480140299297808989724639703650408232633545205973255123416370866","orderMinSize":5,"tickSize":"0.01"}
[2026-06-14T10:45:01.159Z] INFO Skipped trade. {"slug":"eth-updown-5m-1781433900","reason":"missing_opening_chainlink_tick"}
[2026-06-14T10:45:01.159Z] INFO Tracking market. {"market":"DOGE","slug":"doge-updown-5m-1781433900","title":"Dogecoin Up or Down - June 14, 6:45AM-6:50AM ET","end":"2026-06-14T10:50:00.000Z","upToken":"15269316235085654556693092203288729745829180039381589067873010240940122199583","downToken":"70504870361492278513978427019506686575246917932508604923438111086052448973779","orderMinSize":5,"tickSize":"0.01"}
[2026-06-14T10:45:01.159Z] INFO Skipped trade. {"slug":"doge-updown-5m-1781433900","reason":"missing_opening_chainlink_tick"}
[2026-06-14T10:45:02.211Z] INFO Captured Chainlink opening tick. {"slug":"btc-updown-5m-1781433900","openingPrice":64572.519531067985,"tickTimestamp":"2026-06-14T10:45:00.000Z"}
[2026-06-14T10:45:02.216Z] INFO Skipped trade. {"slug":"btc-updown-5m-1781433900","reason":"btc_distance_below_threshold","market":"BTC","minDistanceUsd":{"UP":12,"DOWN":12},"openingPrice":64572.519531067985,"currentPrice":64572.519531067985}
[2026-06-14T10:45:05.282Z] INFO Captured Chainlink opening tick. {"slug":"eth-updown-5m-1781433900","openingPrice":1675.2436508271924,"tickTimestamp":"2026-06-14T10:45:00.000Z"}
[2026-06-14T10:45:05.286Z] INFO Skipped trade. {"slug":"eth-updown-5m-1781433900","reason":"btc_distance_below_threshold","market":"ETH","minDistanceUsd":{"UP":2,"DOWN":2},"openingPrice":1675.2436508271924,"currentPrice":1675.248724622201}
[2026-06-14T10:45:05.314Z] INFO Captured Chainlink opening tick. {"slug":"doge-updown-5m-1781433900","openingPrice":0.0872835927297333,"tickTimestamp":"2026-06-14T10:45:00.000Z"}
[2026-06-14T10:45:05.319Z] INFO Skipped trade. {"slug":"doge-updown-5m-1781433900","reason":"btc_distance_below_threshold","market":"DOGE","minDistanceUsd":{"UP":0.0003,"DOWN":0.0003},"openingPrice":0.0872835927297333,"currentPrice":0.0872835925129422}
[2026-06-14T10:49:28.698Z] INFO Skipped trade. {"slug":"btc-updown-5m-1781433900","reason":"no_ask_liquidity_under_cap","outcome":"DOWN"}
[2026-06-14T10:49:36.637Z] INFO Skipped trade. {"slug":"eth-updown-5m-1781433900","reason":"no_ask_liquidity_under_cap","outcome":"DOWN"}
[2026-06-14T10:50:01.542Z] INFO Tracking market. {"market":"BTC","slug":"btc-updown-5m-1781434200","title":"Bitcoin Up or Down - June 14, 6:50AM-6:55AM ET","end":"2026-06-14T10:55:00.000Z","upToken":"50114972998555378738965462407677037949109618936479937910586202274056104297918","downToken":"20902826173493356069620011021015947702492913115651478331346710766263399383975","orderMinSize":5,"tickSize":"0.01"}
[2026-06-14T10:50:01.543Z] INFO Skipped trade. {"slug":"btc-updown-5m-1781434200","reason":"missing_opening_chainlink_tick"}
[2026-06-14T10:50:01.543Z] INFO Tracking market. {"market":"ETH","slug":"eth-updown-5m-1781434200","title":"Ethereum Up or Down - June 14, 6:50AM-6:55AM ET","end":"2026-06-14T10:55:00.000Z","upToken":"21635607560748127461179127383058318293673134336304587119465843153237222671288","downToken":"88008423060484404689545625886647553153370474749768712734614887125411430086739","orderMinSize":5,"tickSize":"0.01"}
[2026-06-14T10:50:01.544Z] INFO Skipped trade. {"slug":"eth-updown-5m-1781434200","reason":"missing_opening_chainlink_tick"}
[2026-06-14T10:50:01.544Z] INFO Tracking market. {"market":"DOGE","slug":"doge-updown-5m-1781434200","title":"Dogecoin Up or Down - June 14, 6:50AM-6:55AM ET","end":"2026-06-14T10:55:00.000Z","upToken":"95027447621054950282971112684989981055802335480755041512402296923802440935668","downToken":"87147703222033458706266588245465900899685625665110999379624877377153086096908","orderMinSize":5,"tickSize":"0.01"}
[2026-06-14T10:50:01.545Z] INFO Skipped trade. {"slug":"doge-updown-5m-1781434200","reason":"missing_opening_chainlink_tick"}
[2026-06-14T10:50:02.584Z] INFO Captured Chainlink opening tick. {"slug":"btc-updown-5m-1781434200","openingPrice":64506.20065053906,"tickTimestamp":"2026-06-14T10:50:00.000Z"}
[2026-06-14T10:50:02.590Z] INFO Skipped trade. {"slug":"btc-updown-5m-1781434200","reason":"btc_distance_below_threshold","market":"BTC","minDistanceUsd":{"UP":12,"DOWN":12},"openingPrice":64506.20065053906,"currentPrice":64506.20065053906}
[2026-06-14T10:50:06.752Z] INFO Captured Chainlink opening tick. {"slug":"eth-updown-5m-1781434200","openingPrice":1673.0742359665335,"tickTimestamp":"2026-06-14T10:50:00.000Z"}
[2026-06-14T10:50:06.757Z] INFO Skipped trade. {"slug":"eth-updown-5m-1781434200","reason":"btc_distance_below_threshold","market":"ETH","minDistanceUsd":{"UP":2,"DOWN":2},"openingPrice":1673.0742359665335,"currentPrice":1673.088555}
[2026-06-14T10:50:06.781Z] INFO Captured Chainlink opening tick. {"slug":"doge-updown-5m-1781434200","openingPrice":0.0871009,"tickTimestamp":"2026-06-14T10:50:00.000Z"}
[2026-06-14T10:50:06.785Z] INFO Skipped trade. {"slug":"doge-updown-5m-1781434200","reason":"btc_distance_below_threshold","market":"DOGE","minDistanceUsd":{"UP":0.0003,"DOWN":0.0003},"openingPrice":0.0871009,"currentPrice":0.0871009}
[2026-06-14T10:54:30.084Z] INFO Skipped trade. {"slug":"btc-updown-5m-1781434200","reason":"no_ask_liquidity_under_cap","outcome":"UP"}
[2026-06-14T10:55:01.237Z] INFO Tracking market. {"market":"BTC","slug":"btc-updown-5m-1781434500","title":"Bitcoin Up or Down - June 14, 6:55AM-7:00AM ET","end":"2026-06-14T11:00:00.000Z","upToken":"811634445027606369140041086212000865735767945166768028243108994695489844066","downToken":"36115592933527687039640901784743960174320798724752573217155929300818515706879","orderMinSize":5,"tickSize":"0.01"}
[2026-06-14T10:55:01.237Z] INFO Skipped trade. {"slug":"btc-updown-5m-1781434500","reason":"missing_opening_chainlink_tick"}
[2026-06-14T10:55:01.237Z] INFO Tracking market. {"market":"ETH","slug":"eth-updown-5m-1781434500","title":"Ethereum Up or Down - June 14, 6:55AM-7:00AM ET","end":"2026-06-14T11:00:00.000Z","upToken":"107985985033424524545563984220554410013038098650502477431495341922241137587897","downToken":"62902687422115661497601259396510025213361421325046218698875363399167018526758","orderMinSize":5,"tickSize":"0.01"}
[2026-06-14T10:55:01.237Z] INFO Skipped trade. {"slug":"eth-updown-5m-1781434500","reason":"missing_opening_chainlink_tick"}
[2026-06-14T10:55:01.237Z] INFO Tracking market. {"market":"DOGE","slug":"doge-updown-5m-1781434500","title":"Dogecoin Up or Down - June 14, 6:55AM-7:00AM ET","end":"2026-06-14T11:00:00.000Z","upToken":"67296210147141551462395785066658122817340526052213409335434618024660760751722","downToken":"65142594120282059551033283894356173549937173709696307731209197448840071354372","orderMinSize":5,"tickSize":"0.01"}
[2026-06-14T10:55:01.238Z] INFO Skipped trade. {"slug":"doge-updown-5m-1781434500","reason":"missing_opening_chainlink_tick"}
[2026-06-14T10:55:02.291Z] INFO Captured Chainlink opening tick. {"slug":"btc-updown-5m-1781434500","openingPrice":64522.65031010167,"tickTimestamp":"2026-06-14T10:55:00.000Z"}
[2026-06-14T10:55:02.296Z] INFO Skipped trade. {"slug":"btc-updown-5m-1781434500","reason":"btc_distance_below_threshold","market":"BTC","minDistanceUsd":{"UP":12,"DOWN":12},"openingPrice":64522.65031010167,"currentPrice":64522.65031010167}
[2026-06-14T10:55:06.464Z] INFO Captured Chainlink opening tick. {"slug":"eth-updown-5m-1781434500","openingPrice":1673.3743292608683,"tickTimestamp":"2026-06-14T10:55:00.000Z"}
[2026-06-14T10:55:06.468Z] INFO Skipped trade. {"slug":"eth-updown-5m-1781434500","reason":"btc_distance_below_threshold","market":"ETH","minDistanceUsd":{"UP":2,"DOWN":2},"openingPrice":1673.3743292608683,"currentPrice":1673.376127456232}
[2026-06-14T10:55:06.495Z] INFO Captured Chainlink opening tick. {"slug":"doge-updown-5m-1781434500","openingPrice":0.087144,"tickTimestamp":"2026-06-14T10:55:00.000Z"}
[2026-06-14T10:55:06.499Z] INFO Skipped trade. {"slug":"doge-updown-5m-1781434500","reason":"btc_distance_below_threshold","market":"DOGE","minDistanceUsd":{"UP":0.0003,"DOWN":0.0003},"openingPrice":0.087144,"currentPrice":0.0871424}
[2026-06-14T10:59:29.628Z] INFO Skipped trade. {"slug":"btc-updown-5m-1781434500","reason":"no_ask_liquidity_under_cap","outcome":"DOWN"}
[2026-06-14T11:00:01.033Z] INFO Tracking market. {"market":"BTC","slug":"btc-updown-5m-1781434800","title":"Bitcoin Up or Down - June 14, 7:00AM-7:05AM ET","end":"2026-06-14T11:05:00.000Z","upToken":"49858325342879774436945959606705985656927266458283531994582245230060342485485","downToken":"8402061798114945188561054914367930972954585840160041729973181097232726584501","orderMinSize":5,"tickSize":"0.01"}
[2026-06-14T11:00:01.034Z] INFO Skipped trade. {"slug":"btc-updown-5m-1781434800","reason":"missing_opening_chainlink_tick"}
[2026-06-14T11:00:01.034Z] INFO Tracking market. {"market":"ETH","slug":"eth-updown-5m-1781434800","title":"Ethereum Up or Down - June 14, 7:00AM-7:05AM ET","end":"2026-06-14T11:05:00.000Z","upToken":"11184316151040784991660614925520649134215868552410764449256117786988353554999","downToken":"104784452295901981586495832054945628247433641123819198127648367653679332586064","orderMinSize":5,"tickSize":"0.01"}
[2026-06-14T11:00:01.035Z] INFO Skipped trade. {"slug":"eth-updown-5m-1781434800","reason":"missing_opening_chainlink_tick"}
[2026-06-14T11:00:01.035Z] INFO Tracking market. {"market":"DOGE","slug":"doge-updown-5m-1781434800","title":"Dogecoin Up or Down - June 14, 7:00AM-7:05AM ET","end":"2026-06-14T11:05:00.000Z","upToken":"32956642272630751601514695389646116462551326029851387407533919401337905456250","downToken":"3533089740321300596105588228137664813808040433234354239020004374640771870647","orderMinSize":5,"tickSize":"0.01"}
[2026-06-14T11:00:01.035Z] INFO Skipped trade. {"slug":"doge-updown-5m-1781434800","reason":"missing_opening_chainlink_tick"}
[2026-06-14T11:00:03.080Z] INFO Captured Chainlink opening tick. {"slug":"btc-updown-5m-1781434800","openingPrice":64487.32272543591,"tickTimestamp":"2026-06-14T11:00:00.000Z"}
[2026-06-14T11:00:03.088Z] INFO Skipped trade. {"slug":"btc-updown-5m-1781434800","reason":"btc_distance_below_threshold","market":"BTC","minDistanceUsd":{"UP":12,"DOWN":12},"openingPrice":64487.32272543591,"currentPrice":64487.32269527065}
[2026-06-14T11:00:07.280Z] INFO Captured Chainlink opening tick. {"slug":"eth-updown-5m-1781434800","openingPrice":1672.2066121879172,"tickTimestamp":"2026-06-14T11:00:00.000Z"}
[2026-06-14T11:00:07.284Z] INFO Skipped trade. {"slug":"eth-updown-5m-1781434800","reason":"btc_distance_below_threshold","market":"ETH","minDistanceUsd":{"UP":2,"DOWN":2},"openingPrice":1672.2066121879172,"currentPrice":1672.2012073395517}
[2026-06-14T11:00:07.319Z] INFO Captured Chainlink opening tick. {"slug":"doge-updown-5m-1781434800","openingPrice":0.087072,"tickTimestamp":"2026-06-14T11:00:00.000Z"}
[2026-06-14T11:00:07.324Z] INFO Skipped trade. {"slug":"doge-updown-5m-1781434800","reason":"btc_distance_below_threshold","market":"DOGE","minDistanceUsd":{"UP":0.0003,"DOWN":0.0003},"openingPrice":0.087072,"currentPrice":0.0870698}
[2026-06-14T11:03:06.511Z] WARN Bot loop iteration failed; retrying. {"error":"fetch failed"}
[2026-06-14T11:03:07.534Z] WARN Bot loop iteration failed; retrying. {"error":"fetch failed"}
[2026-06-14T11:03:08.539Z] WARN Bot loop iteration failed; retrying. {"error":"fetch failed"}

> polybot-crypto-5m@0.1.0 bot
> tsx src/ui/index.ts --auto-start=sim

[2026-06-14T23:44:20.069Z] INFO Polybot UI listening. {"url":"http://0.0.0.0:8788","host":"0.0.0.0","port":8788,"staticClient":false}
[2026-06-14T23:44:20.165Z] INFO Bot started. {"mode":"sim","enabledMarkets":["BTC","ETH","DOGE"],"minDistanceUsdByMarket":{"BTC":12,"ETH":2,"DOGE":0.0003},"minDistanceUsdByMarketOutcome":{"BTC":{"UP":12,"DOWN":12},"ETH":{"UP":2,"DOWN":2},"DOGE":{"UP":0.0003,"DOWN":0.0003}},"entryWindowSeconds":32,"entryWindowSecondsByMarket":{"BTC":32,"ETH":32,"DOGE":32},"entryWindowSecondsByMarketOutcome":{"BTC":{"UP":32,"DOWN":32},"ETH":{"UP":32,"DOWN":32},"DOGE":{"UP":32,"DOWN":32}},"maxAskPrice":0.75,"maxAskPriceByMarketOutcome":{"BTC":{"UP":0.75,"DOWN":0.75},"ETH":{"UP":0.75,"DOWN":0.75},"DOGE":{"UP":0.75,"DOWN":0.75}},"dailySpendLimitUsd":1000}
[2026-06-14T23:44:20.501Z] INFO Connected to Polymarket RTDS Chainlink feed.
[2026-06-14T23:44:20.568Z] INFO Tracking market. {"market":"BTC","slug":"btc-updown-5m-1781480400","title":"Bitcoin Up or Down - June 14, 7:40PM-7:45PM ET","end":"2026-06-14T23:45:00.000Z","upToken":"46315241313286539994267971294248434324032810615842342109121042983666403315949","downToken":"107801273394078782201630658287889183060713423237467216909589349283052743258826","orderMinSize":5,"tickSize":"0.01"}
[2026-06-14T23:44:20.781Z] INFO Connected to Polymarket RTDS Chainlink feed.
[2026-06-14T23:44:20.841Z] INFO Skipped trade. {"slug":"btc-updown-5m-1781480400","reason":"missing_opening_chainlink_tick"}
[2026-06-14T23:44:20.842Z] INFO Tracking market. {"market":"ETH","slug":"eth-updown-5m-1781480400","title":"Ethereum Up or Down - June 14, 7:40PM-7:45PM ET","end":"2026-06-14T23:45:00.000Z","upToken":"94398928868546730032369397883527006625723745662650366503163352220753904236039","downToken":"12280910965166685308070254813269149415626800675125445547993682139505078931085","orderMinSize":5,"tickSize":"0.01"}
[2026-06-14T23:44:21.060Z] INFO Skipped trade. {"slug":"eth-updown-5m-1781480400","reason":"missing_opening_chainlink_tick"}
[2026-06-14T23:44:21.060Z] INFO Tracking market. {"market":"DOGE","slug":"doge-updown-5m-1781480400","title":"Dogecoin Up or Down - June 14, 7:40PM-7:45PM ET","end":"2026-06-14T23:45:00.000Z","upToken":"98862183788279429822225646389695442639949105223099430860562096673839285430232","downToken":"27160824104678286138888781127105342712580243852071577783925522671151669542711","orderMinSize":5,"tickSize":"0.01"}
[2026-06-14T23:44:21.357Z] INFO Skipped trade. {"slug":"doge-updown-5m-1781480400","reason":"missing_opening_chainlink_tick"}
[2026-06-14T23:45:01.450Z] INFO Tracking market. {"market":"BTC","slug":"btc-updown-5m-1781480700","title":"Bitcoin Up or Down - June 14, 7:45PM-7:50PM ET","end":"2026-06-14T23:50:00.000Z","upToken":"35929536132575567245963771389679000997714512738670111198516554399624798751029","downToken":"100563282859274498580237341669213143054792636362377925401553334889834067014274","orderMinSize":5,"tickSize":"0.01"}
[2026-06-14T23:45:01.518Z] INFO Captured Chainlink opening tick. {"slug":"btc-updown-5m-1781480700","openingPrice":65537.9913908855,"tickTimestamp":"2026-06-14T23:45:00.000Z"}
[2026-06-14T23:45:01.537Z] INFO Skipped trade. {"slug":"btc-updown-5m-1781480700","reason":"btc_distance_below_threshold","market":"BTC","minDistanceUsd":{"UP":12,"DOWN":12},"openingPrice":65537.9913908855,"currentPrice":65537.9913908855}
[2026-06-14T23:45:01.537Z] INFO Tracking market. {"market":"ETH","slug":"eth-updown-5m-1781480700","title":"Ethereum Up or Down - June 14, 7:45PM-7:50PM ET","end":"2026-06-14T23:50:00.000Z","upToken":"53872606771170041826052371799712600923960566594465600672895256197441948729215","downToken":"108410493351268658083470033132979106798152299769778772608223721848613328538861","orderMinSize":5,"tickSize":"0.01"}
[2026-06-14T23:45:01.576Z] INFO Captured Chainlink opening tick. {"slug":"eth-updown-5m-1781480700","openingPrice":1718.7871438319535,"tickTimestamp":"2026-06-14T23:45:00.000Z"}
[2026-06-14T23:45:01.581Z] INFO Skipped trade. {"slug":"eth-updown-5m-1781480700","reason":"btc_distance_below_threshold","market":"ETH","minDistanceUsd":{"UP":2,"DOWN":2},"openingPrice":1718.7871438319535,"currentPrice":1718.7871438319535}
[2026-06-14T23:45:01.581Z] INFO Tracking market. {"market":"DOGE","slug":"doge-updown-5m-1781480700","title":"Dogecoin Up or Down - June 14, 7:45PM-7:50PM ET","end":"2026-06-14T23:50:00.000Z","upToken":"5687397331256589979101604861474840219858593707755706190134367211047244888986","downToken":"64513961955593632780093403600324793423010435670754354524825446916108176015403","orderMinSize":5,"tickSize":"0.01"}
[2026-06-14T23:45:01.618Z] INFO Captured Chainlink opening tick. {"slug":"doge-updown-5m-1781480700","openingPrice":0.088508935,"tickTimestamp":"2026-06-14T23:45:00.000Z"}
[2026-06-14T23:45:01.625Z] INFO Skipped trade. {"slug":"doge-updown-5m-1781480700","reason":"btc_distance_below_threshold","market":"DOGE","minDistanceUsd":{"UP":0.0003,"DOWN":0.0003},"openingPrice":0.088508935,"currentPrice":0.088508935}
[2026-06-14T23:49:29.648Z] INFO Skipped trade. {"slug":"btc-updown-5m-1781480700","reason":"no_ask_liquidity_under_cap","outcome":"UP"}
[2026-06-14T23:49:29.649Z] INFO Skipped trade. {"slug":"eth-updown-5m-1781480700","reason":"no_ask_liquidity_under_cap","outcome":"UP"}
[2026-06-14T23:50:00.872Z] INFO Tracking market. {"market":"BTC","slug":"btc-updown-5m-1781481000","title":"Bitcoin Up or Down - June 14, 7:50PM-7:55PM ET","end":"2026-06-14T23:55:00.000Z","upToken":"58761159854175209117532194042427957547850404912967724366739700757440279694120","downToken":"91798171484090712436235525993379633033527544019272791322390371273854494692811","orderMinSize":5,"tickSize":"0.01"}
[2026-06-14T23:50:00.873Z] INFO Skipped trade. {"slug":"btc-updown-5m-1781481000","reason":"missing_opening_chainlink_tick"}
[2026-06-14T23:50:00.873Z] INFO Tracking market. {"market":"ETH","slug":"eth-updown-5m-1781481000","title":"Ethereum Up or Down - June 14, 7:50PM-7:55PM ET","end":"2026-06-14T23:55:00.000Z","upToken":"20226410487778627694326230980213497041638651114198518836693735112418867987987","downToken":"54376444081732303225513549713027446327948772014324342484246210366274854297049","orderMinSize":5,"tickSize":"0.01"}
[2026-06-14T23:50:00.873Z] INFO Skipped trade. {"slug":"eth-updown-5m-1781481000","reason":"missing_opening_chainlink_tick"}
[2026-06-14T23:50:00.873Z] INFO Tracking market. {"market":"DOGE","slug":"doge-updown-5m-1781481000","title":"Dogecoin Up or Down - June 14, 7:50PM-7:55PM ET","end":"2026-06-14T23:55:00.000Z","upToken":"75627377577531622774926164061846416095170483046451841282360838055458336307128","downToken":"110027252865790328243089254485957962993159590007382960108487027361828747830021","orderMinSize":5,"tickSize":"0.01"}
[2026-06-14T23:50:00.873Z] INFO Skipped trade. {"slug":"doge-updown-5m-1781481000","reason":"missing_opening_chainlink_tick"}
[2026-06-14T23:50:01.937Z] INFO Captured Chainlink opening tick. {"slug":"btc-updown-5m-1781481000","openingPrice":65653.4186558206,"tickTimestamp":"2026-06-14T23:50:00.000Z"}
[2026-06-14T23:50:01.959Z] INFO Skipped trade. {"slug":"btc-updown-5m-1781481000","reason":"btc_distance_below_threshold","market":"BTC","minDistanceUsd":{"UP":12,"DOWN":12},"openingPrice":65653.4186558206,"currentPrice":65653.4186558206}
[2026-06-14T23:50:02.032Z] INFO Captured Chainlink opening tick. {"slug":"eth-updown-5m-1781481000","openingPrice":1721.73121,"tickTimestamp":"2026-06-14T23:50:00.000Z"}
[2026-06-14T23:50:02.047Z] INFO Skipped trade. {"slug":"eth-updown-5m-1781481000","reason":"btc_distance_below_threshold","market":"ETH","minDistanceUsd":{"UP":2,"DOWN":2},"openingPrice":1721.73121,"currentPrice":1721.73121}
[2026-06-14T23:50:02.081Z] INFO Captured Chainlink opening tick. {"slug":"doge-updown-5m-1781481000","openingPrice":0.0887258,"tickTimestamp":"2026-06-14T23:50:00.000Z"}
[2026-06-14T23:50:02.091Z] INFO Skipped trade. {"slug":"doge-updown-5m-1781481000","reason":"btc_distance_below_threshold","market":"DOGE","minDistanceUsd":{"UP":0.0003,"DOWN":0.0003},"openingPrice":0.0887258,"currentPrice":0.0887258}
[2026-06-14T23:54:29.112Z] INFO Skipped trade. {"slug":"btc-updown-5m-1781481000","reason":"no_ask_liquidity_under_cap","outcome":"UP"}
[2026-06-14T23:54:29.112Z] INFO Skipped trade. {"slug":"eth-updown-5m-1781481000","reason":"no_ask_liquidity_under_cap","outcome":"UP"}
[2026-06-14T23:55:00.525Z] INFO Tracking market. {"market":"BTC","slug":"btc-updown-5m-1781481300","title":"Bitcoin Up or Down - June 14, 7:55PM-8:00PM ET","end":"2026-06-15T00:00:00.000Z","upToken":"14747797593238261891475539281765708156045465580851803478741825291988753691551","downToken":"23499853771485972919598380220476862145111992915152996428136611836046171026599","orderMinSize":5,"tickSize":"0.01"}
[2026-06-14T23:55:00.525Z] INFO Skipped trade. {"slug":"btc-updown-5m-1781481300","reason":"missing_opening_chainlink_tick"}
[2026-06-14T23:55:00.526Z] INFO Tracking market. {"market":"ETH","slug":"eth-updown-5m-1781481300","title":"Ethereum Up or Down - June 14, 7:55PM-8:00PM ET","end":"2026-06-15T00:00:00.000Z","upToken":"92669473487767240310454057831108717833199649690968836640112232160344199574170","downToken":"76447971113457258293051531410705226106651435078064514552391568666360091765719","orderMinSize":5,"tickSize":"0.01"}
[2026-06-14T23:55:00.526Z] INFO Skipped trade. {"slug":"eth-updown-5m-1781481300","reason":"missing_opening_chainlink_tick"}
[2026-06-14T23:55:00.526Z] INFO Tracking market. {"market":"DOGE","slug":"doge-updown-5m-1781481300","title":"Dogecoin Up or Down - June 14, 7:55PM-8:00PM ET","end":"2026-06-15T00:00:00.000Z","upToken":"59933979364005525633773685532353474634046800264524723509121535194144385474674","downToken":"63446327105365286085407975854296690167703390207701444447769197810701277185931","orderMinSize":5,"tickSize":"0.01"}
[2026-06-14T23:55:00.526Z] INFO Skipped trade. {"slug":"doge-updown-5m-1781481300","reason":"missing_opening_chainlink_tick"}
[2026-06-14T23:55:01.577Z] INFO Captured Chainlink opening tick. {"slug":"btc-updown-5m-1781481300","openingPrice":65728.30287445297,"tickTimestamp":"2026-06-14T23:55:00.000Z"}
[2026-06-14T23:55:01.584Z] INFO Skipped trade. {"slug":"btc-updown-5m-1781481300","reason":"btc_distance_below_threshold","market":"BTC","minDistanceUsd":{"UP":12,"DOWN":12},"openingPrice":65728.30287445297,"currentPrice":65728.30287445297}
[2026-06-14T23:55:02.628Z] INFO Captured Chainlink opening tick. {"slug":"eth-updown-5m-1781481300","openingPrice":1724.274330676131,"tickTimestamp":"2026-06-14T23:55:00.000Z"}
[2026-06-14T23:55:02.633Z] INFO Skipped trade. {"slug":"eth-updown-5m-1781481300","reason":"btc_distance_below_threshold","market":"ETH","minDistanceUsd":{"UP":2,"DOWN":2},"openingPrice":1724.274330676131,"currentPrice":1724.271992311092}
[2026-06-14T23:55:02.669Z] INFO Captured Chainlink opening tick. {"slug":"doge-updown-5m-1781481300","openingPrice":0.0887752006728428,"tickTimestamp":"2026-06-14T23:55:00.000Z"}
[2026-06-14T23:55:02.673Z] INFO Skipped trade. {"slug":"doge-updown-5m-1781481300","reason":"btc_distance_below_threshold","market":"DOGE","minDistanceUsd":{"UP":0.0003,"DOWN":0.0003},"openingPrice":0.0887752006728428,"currentPrice":0.0887723842133417}
[2026-06-15T00:00:02.634Z] INFO Tracking market. {"market":"BTC","slug":"btc-updown-5m-1781481600","title":"Bitcoin Up or Down - June 14, 8:00PM-8:05PM ET","end":"2026-06-15T00:05:00.000Z","upToken":"75621204821481401860837663430983400178992966448626391206732459455659096611963","downToken":"31939935087695314852959874499380208198331915455895377692935708016697408395490","orderMinSize":5,"tickSize":"0.01"}
[2026-06-15T00:00:02.676Z] INFO Captured Chainlink opening tick. {"slug":"btc-updown-5m-1781481600","openingPrice":65716.48081380935,"tickTimestamp":"2026-06-15T00:00:00.000Z"}
[2026-06-15T00:00:02.681Z] INFO Skipped trade. {"slug":"btc-updown-5m-1781481600","reason":"btc_distance_below_threshold","market":"BTC","minDistanceUsd":{"UP":12,"DOWN":12},"openingPrice":65716.48081380935,"currentPrice":65716.10390277074}
[2026-06-15T00:00:02.681Z] INFO Tracking market. {"market":"ETH","slug":"eth-updown-5m-1781481600","title":"Ethereum Up or Down - June 14, 8:00PM-8:05PM ET","end":"2026-06-15T00:05:00.000Z","upToken":"32263772835184231064280981218899304099369389194263662707709060085496075290667","downToken":"72596143116418084382342528437852328270533310358445259899725589529858980373891","orderMinSize":5,"tickSize":"0.01"}
[2026-06-15T00:00:02.715Z] INFO Captured Chainlink opening tick. {"slug":"eth-updown-5m-1781481600","openingPrice":1724.9465556263476,"tickTimestamp":"2026-06-15T00:00:00.000Z"}
[2026-06-15T00:00:02.723Z] INFO Skipped trade. {"slug":"eth-updown-5m-1781481600","reason":"btc_distance_below_threshold","market":"ETH","minDistanceUsd":{"UP":2,"DOWN":2},"openingPrice":1724.9465556263476,"currentPrice":1724.9692726292774}
[2026-06-15T00:00:02.724Z] INFO Tracking market. {"market":"DOGE","slug":"doge-updown-5m-1781481600","title":"Dogecoin Up or Down - June 14, 8:00PM-8:05PM ET","end":"2026-06-15T00:05:00.000Z","upToken":"52938610493691539938856691316097663535413632992493399314397791823984200078457","downToken":"91923039087598271966788063912435915585413213654261160819777650837039603176848","orderMinSize":5,"tickSize":"0.01"}
[2026-06-15T00:00:02.753Z] INFO Captured Chainlink opening tick. {"slug":"doge-updown-5m-1781481600","openingPrice":0.0888489731789102,"tickTimestamp":"2026-06-15T00:00:00.000Z"}
[2026-06-15T00:00:02.771Z] INFO Skipped trade. {"slug":"doge-updown-5m-1781481600","reason":"btc_distance_below_threshold","market":"DOGE","minDistanceUsd":{"UP":0.0003,"DOWN":0.0003},"openingPrice":0.0888489731789102,"currentPrice":0.0888515008151889}
[2026-06-15T00:03:01.369Z] INFO Skipped trade. {"slug":"doge-updown-5m-1781481600","reason":"stale_chainlink_tick","tickTimestamp":"2026-06-15T00:02:51.000Z"}
[2026-06-15T00:04:28.943Z] INFO Skipped trade. {"slug":"btc-updown-5m-1781481600","reason":"no_ask_liquidity_under_cap","outcome":"DOWN"}
[2026-06-15T00:05:00.830Z] INFO Tracking market. {"market":"BTC","slug":"btc-updown-5m-1781481900","title":"Bitcoin Up or Down - June 14, 8:05PM-8:10PM ET","end":"2026-06-15T00:10:00.000Z","upToken":"8665033795152136034120190527584157895723013104708657756362700189806263822335","downToken":"96156390244497102950794598935754666127118602520962843962319587011230820969119","orderMinSize":5,"tickSize":"0.01"}
[2026-06-15T00:05:00.831Z] INFO Skipped trade. {"slug":"btc-updown-5m-1781481900","reason":"missing_opening_chainlink_tick"}
[2026-06-15T00:05:00.831Z] INFO Tracking market. {"market":"ETH","slug":"eth-updown-5m-1781481900","title":"Ethereum Up or Down - June 14, 8:05PM-8:10PM ET","end":"2026-06-15T00:10:00.000Z","upToken":"12484318611313648555493430417231805862934352938958131848724697548001982843640","downToken":"61356372293097883291592389980289156089503083833492218064604938010208096241898","orderMinSize":5,"tickSize":"0.01"}
[2026-06-15T00:05:00.831Z] INFO Skipped trade. {"slug":"eth-updown-5m-1781481900","reason":"missing_opening_chainlink_tick"}
[2026-06-15T00:05:00.831Z] INFO Tracking market. {"market":"DOGE","slug":"doge-updown-5m-1781481900","title":"Dogecoin Up or Down - June 14, 8:05PM-8:10PM ET","end":"2026-06-15T00:10:00.000Z","upToken":"25063608451346594757161348628577253841534730113648589865342681810260159540386","downToken":"14019737973032939058885329860383838736009649645202734893216929233823946714692","orderMinSize":5,"tickSize":"0.01"}
[2026-06-15T00:05:00.831Z] INFO Skipped trade. {"slug":"doge-updown-5m-1781481900","reason":"missing_opening_chainlink_tick"}
[2026-06-15T00:05:01.897Z] INFO Captured Chainlink opening tick. {"slug":"btc-updown-5m-1781481900","openingPrice":65631.259395,"tickTimestamp":"2026-06-15T00:05:00.000Z"}
[2026-06-15T00:05:01.918Z] INFO Skipped trade. {"slug":"btc-updown-5m-1781481900","reason":"btc_distance_below_threshold","market":"BTC","minDistanceUsd":{"UP":12,"DOWN":12},"openingPrice":65631.259395,"currentPrice":65631.259395}
[2026-06-15T00:05:02.953Z] INFO Captured Chainlink opening tick. {"slug":"eth-updown-5m-1781481900","openingPrice":1725.1113870937697,"tickTimestamp":"2026-06-15T00:05:00.000Z"}
[2026-06-15T00:05:02.957Z] INFO Skipped trade. {"slug":"eth-updown-5m-1781481900","reason":"btc_distance_below_threshold","market":"ETH","minDistanceUsd":{"UP":2,"DOWN":2},"openingPrice":1725.1113870937697,"currentPrice":1725.100768013909}
[2026-06-15T00:05:02.984Z] INFO Captured Chainlink opening tick. {"slug":"doge-updown-5m-1781481900","openingPrice":0.0887293931351101,"tickTimestamp":"2026-06-15T00:05:00.000Z"}
[2026-06-15T00:05:02.989Z] INFO Skipped trade. {"slug":"doge-updown-5m-1781481900","reason":"btc_distance_below_threshold","market":"DOGE","minDistanceUsd":{"UP":0.0003,"DOWN":0.0003},"openingPrice":0.0887293931351101,"currentPrice":0.088727533}
[2026-06-15T00:09:29.131Z] INFO Skipped trade. {"slug":"btc-updown-5m-1781481900","reason":"no_ask_liquidity_under_cap","outcome":"UP"}
[2026-06-15T00:09:44.380Z] INFO Skipped trade. {"slug":"eth-updown-5m-1781481900","reason":"no_ask_liquidity_under_cap","outcome":"UP"}
[2026-06-15T00:10:01.038Z] INFO Tracking market. {"market":"BTC","slug":"btc-updown-5m-1781482200","title":"Bitcoin Up or Down - June 14, 8:10PM-8:15PM ET","end":"2026-06-15T00:15:00.000Z","upToken":"112357128350902069414348019063358456182456453589552203223734222924053631560175","downToken":"65949093684842290598997135808099763273541381107854751851632640244983343308668","orderMinSize":5,"tickSize":"0.01"}
[2026-06-15T00:10:01.105Z] INFO Captured Chainlink opening tick. {"slug":"btc-updown-5m-1781482200","openingPrice":65704.4627067812,"tickTimestamp":"2026-06-15T00:10:00.000Z"}
[2026-06-15T00:10:01.115Z] INFO Skipped trade. {"slug":"btc-updown-5m-1781482200","reason":"btc_distance_below_threshold","market":"BTC","minDistanceUsd":{"UP":12,"DOWN":12},"openingPrice":65704.4627067812,"currentPrice":65704.4627067812}
[2026-06-15T00:10:01.115Z] INFO Tracking market. {"market":"ETH","slug":"eth-updown-5m-1781482200","title":"Ethereum Up or Down - June 14, 8:10PM-8:15PM ET","end":"2026-06-15T00:15:00.000Z","upToken":"115084805779939293263669285439220022326178939753361088584437758762131220881768","downToken":"74352054261279908765454851755008730251410464976591530677748111834859047098378","orderMinSize":5,"tickSize":"0.01"}
[2026-06-15T00:10:01.116Z] INFO Skipped trade. {"slug":"eth-updown-5m-1781482200","reason":"missing_opening_chainlink_tick"}
[2026-06-15T00:10:01.116Z] INFO Tracking market. {"market":"DOGE","slug":"doge-updown-5m-1781482200","title":"Dogecoin Up or Down - June 14, 8:10PM-8:15PM ET","end":"2026-06-15T00:15:00.000Z","upToken":"74839191076742414564136347425686595922931170913328939032574093426422922569655","downToken":"103395979992602290170463374320981542053322071447591473637621773721806065996081","orderMinSize":5,"tickSize":"0.01"}
[2026-06-15T00:10:01.116Z] INFO Skipped trade. {"slug":"doge-updown-5m-1781482200","reason":"missing_opening_chainlink_tick"}
[2026-06-15T00:10:03.197Z] INFO Captured Chainlink opening tick. {"slug":"eth-updown-5m-1781482200","openingPrice":1726.9013968415404,"tickTimestamp":"2026-06-15T00:10:00.000Z"}
[2026-06-15T00:10:03.203Z] INFO Skipped trade. {"slug":"eth-updown-5m-1781482200","reason":"btc_distance_below_threshold","market":"ETH","minDistanceUsd":{"UP":2,"DOWN":2},"openingPrice":1726.9013968415404,"currentPrice":1727.0444449435695}
[2026-06-15T00:10:03.255Z] INFO Captured Chainlink opening tick. {"slug":"doge-updown-5m-1781482200","openingPrice":0.0888265748765984,"tickTimestamp":"2026-06-15T00:10:00.000Z"}
[2026-06-15T00:10:03.260Z] INFO Skipped trade. {"slug":"doge-updown-5m-1781482200","reason":"btc_distance_below_threshold","market":"DOGE","minDistanceUsd":{"UP":0.0003,"DOWN":0.0003},"openingPrice":0.0888265748765984,"currentPrice":0.088827511103424}
[2026-06-15T00:14:29.089Z] INFO Skipped trade. {"slug":"btc-updown-5m-1781482200","reason":"no_ask_liquidity_under_cap","outcome":"UP"}
[2026-06-15T00:14:54.234Z] INFO Skipped trade. {"slug":"eth-updown-5m-1781482200","reason":"no_ask_liquidity_under_cap","outcome":"UP"}
[2026-06-15T00:15:01.707Z] INFO Tracking market. {"market":"BTC","slug":"btc-updown-5m-1781482500","title":"Bitcoin Up or Down - June 14, 8:15PM-8:20PM ET","end":"2026-06-15T00:20:00.000Z","upToken":"13969240259093325995502407313095965905773627854843118836238223733768800457497","downToken":"72168920522627605021907085700421776965401012650278556632463862770386768136826","orderMinSize":5,"tickSize":"0.01"}
[2026-06-15T00:15:01.746Z] INFO Captured Chainlink opening tick. {"slug":"btc-updown-5m-1781482500","openingPrice":65844.777215,"tickTimestamp":"2026-06-15T00:15:00.000Z"}
[2026-06-15T00:15:01.752Z] INFO Skipped trade. {"slug":"btc-updown-5m-1781482500","reason":"btc_distance_below_threshold","market":"BTC","minDistanceUsd":{"UP":12,"DOWN":12},"openingPrice":65844.777215,"currentPrice":65844.777215}
[2026-06-15T00:15:01.752Z] INFO Tracking market. {"market":"ETH","slug":"eth-updown-5m-1781482500","title":"Ethereum Up or Down - June 14, 8:15PM-8:20PM ET","end":"2026-06-15T00:20:00.000Z","upToken":"40475669145634546516829367041827921624399387556716015796465854086374251376457","downToken":"25461132515591300065615783842978445462898245127053050548353566182674379888208","orderMinSize":5,"tickSize":"0.01"}
[2026-06-15T00:15:01.752Z] INFO Skipped trade. {"slug":"eth-updown-5m-1781482500","reason":"missing_opening_chainlink_tick"}
[2026-06-15T00:15:01.752Z] INFO Tracking market. {"market":"DOGE","slug":"doge-updown-5m-1781482500","title":"Dogecoin Up or Down - June 14, 8:15PM-8:20PM ET","end":"2026-06-15T00:20:00.000Z","upToken":"65733332651593949068522176869909399077295953583885473726764551451950198603208","downToken":"42350268341891055330675218875734689197464793266374930872151041257763304153490","orderMinSize":5,"tickSize":"0.01"}
[2026-06-15T00:15:01.752Z] INFO Skipped trade. {"slug":"doge-updown-5m-1781482500","reason":"missing_opening_chainlink_tick"}
[2026-06-15T00:15:03.798Z] INFO Captured Chainlink opening tick. {"slug":"eth-updown-5m-1781482500","openingPrice":1730.5266729163093,"tickTimestamp":"2026-06-15T00:15:00.000Z"}
[2026-06-15T00:15:03.802Z] INFO Skipped trade. {"slug":"eth-updown-5m-1781482500","reason":"btc_distance_below_threshold","market":"ETH","minDistanceUsd":{"UP":2,"DOWN":2},"openingPrice":1730.5266729163093,"currentPrice":1729.9712274015167}
[2026-06-15T00:15:03.831Z] INFO Captured Chainlink opening tick. {"slug":"doge-updown-5m-1781482500","openingPrice":0.0890833762606671,"tickTimestamp":"2026-06-15T00:15:00.000Z"}
[2026-06-15T00:15:03.837Z] INFO Skipped trade. {"slug":"doge-updown-5m-1781482500","reason":"btc_distance_below_threshold","market":"DOGE","minDistanceUsd":{"UP":0.0003,"DOWN":0.0003},"openingPrice":0.0890833762606671,"currentPrice":0.0890544271871485}
[2026-06-15T00:19:31.518Z] WARN Analytics sample recording failed; continuing. {"market":"DOGE","slug":"doge-updown-5m-1781482500","error":"ENOENT: no such file or directory, rename 'C:\\DEV\\tests\\Workspace de Yarbis\\Polybot\\data\\analytics-active.json.tmp' -> 'C:\\DEV\\tests\\Workspace de Yarbis\\Polybot\\data\\analytics-active.json'"}
[2026-06-15T00:19:31.518Z] INFO Skipped trade. {"slug":"btc-updown-5m-1781482500","reason":"no_ask_liquidity_under_cap","outcome":"DOWN"}
[2026-06-15T00:19:31.519Z] INFO Skipped trade. {"slug":"eth-updown-5m-1781482500","reason":"no_ask_liquidity_under_cap","outcome":"DOWN"}
[2026-06-15T00:20:01.106Z] INFO Tracking market. {"market":"BTC","slug":"btc-updown-5m-1781482800","title":"Bitcoin Up or Down - June 14, 8:20PM-8:25PM ET","end":"2026-06-15T00:25:00.000Z","upToken":"9554206564672553954343495927637636717717327130657236220705360898000459693549","downToken":"48519374156290361256033160858982835849647981765808979664420014145369472272369","orderMinSize":5,"tickSize":"0.01"}
[2026-06-15T00:20:01.156Z] INFO Captured Chainlink opening tick. {"slug":"btc-updown-5m-1781482800","openingPrice":65691.1618,"tickTimestamp":"2026-06-15T00:20:00.000Z"}
[2026-06-15T00:20:01.163Z] INFO Skipped trade. {"slug":"btc-updown-5m-1781482800","reason":"btc_distance_below_threshold","market":"BTC","minDistanceUsd":{"UP":12,"DOWN":12},"openingPrice":65691.1618,"currentPrice":65691.1618}
[2026-06-15T00:20:01.163Z] INFO Tracking market. {"market":"ETH","slug":"eth-updown-5m-1781482800","title":"Ethereum Up or Down - June 14, 8:20PM-8:25PM ET","end":"2026-06-15T00:25:00.000Z","upToken":"109487410606534645952598089435486438404401526101735249782189897780892076453978","downToken":"67395531359477444754433389654137899528362829057585229920123824611873730746721","orderMinSize":5,"tickSize":"0.01"}
[2026-06-15T00:20:01.164Z] INFO Skipped trade. {"slug":"eth-updown-5m-1781482800","reason":"missing_opening_chainlink_tick"}
[2026-06-15T00:20:01.164Z] INFO Tracking market. {"market":"DOGE","slug":"doge-updown-5m-1781482800","title":"Dogecoin Up or Down - June 14, 8:20PM-8:25PM ET","end":"2026-06-15T00:25:00.000Z","upToken":"81023157085354152815179374573436014360684488404182267351307855238451791574423","downToken":"42877338940216656559443995943310662361711168009777472908353898651111091502292","orderMinSize":5,"tickSize":"0.01"}
[2026-06-15T00:20:01.164Z] INFO Skipped trade. {"slug":"doge-updown-5m-1781482800","reason":"missing_opening_chainlink_tick"}
[2026-06-15T00:20:05.270Z] INFO Captured Chainlink opening tick. {"slug":"eth-updown-5m-1781482800","openingPrice":1724.9578268841958,"tickTimestamp":"2026-06-15T00:20:00.000Z"}
[2026-06-15T00:20:05.281Z] INFO Skipped trade. {"slug":"eth-updown-5m-1781482800","reason":"btc_distance_below_threshold","market":"ETH","minDistanceUsd":{"UP":2,"DOWN":2},"openingPrice":1724.9578268841958,"currentPrice":1725.2096720976044}
[2026-06-15T00:20:05.312Z] INFO Captured Chainlink opening tick. {"slug":"doge-updown-5m-1781482800","openingPrice":0.0888440129544797,"tickTimestamp":"2026-06-15T00:20:00.000Z"}
[2026-06-15T00:20:05.315Z] INFO Skipped trade. {"slug":"doge-updown-5m-1781482800","reason":"btc_distance_below_threshold","market":"DOGE","minDistanceUsd":{"UP":0.0003,"DOWN":0.0003},"openingPrice":0.0888440129544797,"currentPrice":0.088856011}
[2026-06-15T00:24:30.644Z] INFO Trade attempt recorded. {"mode":"sim","slug":"btc-updown-5m-1781482800","outcome":"DOWN","amountUsd":5,"bestAsk":0.71,"estimatedShares":7.042253521126761}
[2026-06-15T00:24:31.932Z] INFO Skipped trade. {"slug":"btc-updown-5m-1781482800","reason":"market_already_traded"}
[2026-06-15T00:25:02.059Z] INFO Resolved trade. {"mode":"sim","slug":"btc-updown-5m-1781482800","outcome":"DOWN","winningOutcome":"DOWN","won":true,"finalPrice":65662.918975}
[2026-06-15T00:25:02.255Z] INFO Tracking market. {"market":"BTC","slug":"btc-updown-5m-1781483100","title":"Bitcoin Up or Down - June 14, 8:25PM-8:30PM ET","end":"2026-06-15T00:30:00.000Z","upToken":"1120690499389714334527929410861793905250348471075516361570672125375231006115","downToken":"3786171589247441681654878335710487429838673436713176185073479156557198414066","orderMinSize":5,"tickSize":"0.01"}
[2026-06-15T00:25:02.292Z] INFO Captured Chainlink opening tick. {"slug":"btc-updown-5m-1781483100","openingPrice":65662.918975,"tickTimestamp":"2026-06-15T00:25:00.000Z"}
[2026-06-15T00:25:02.297Z] INFO Skipped trade. {"slug":"btc-updown-5m-1781483100","reason":"btc_distance_below_threshold","market":"BTC","minDistanceUsd":{"UP":12,"DOWN":12},"openingPrice":65662.918975,"currentPrice":65662.918975}
[2026-06-15T00:25:02.297Z] INFO Tracking market. {"market":"ETH","slug":"eth-updown-5m-1781483100","title":"Ethereum Up or Down - June 14, 8:25PM-8:30PM ET","end":"2026-06-15T00:30:00.000Z","upToken":"108319627841467631401569779122285498236365763743853873734584129307831107081330","downToken":"32302623246302949211682868405063540818436035490145235064854302839880648436447","orderMinSize":5,"tickSize":"0.01"}
[2026-06-15T00:25:02.298Z] INFO Skipped trade. {"slug":"eth-updown-5m-1781483100","reason":"missing_opening_chainlink_tick"}
[2026-06-15T00:25:02.298Z] INFO Tracking market. {"market":"DOGE","slug":"doge-updown-5m-1781483100","title":"Dogecoin Up or Down - June 14, 8:25PM-8:30PM ET","end":"2026-06-15T00:30:00.000Z","upToken":"12610861989071817580308439389495350776260119139713230453321511937840040039482","downToken":"14480983778851228897804679718871916704888725391402181219590064874455103462854","orderMinSize":5,"tickSize":"0.01"}
[2026-06-15T00:25:02.298Z] INFO Skipped trade. {"slug":"doge-updown-5m-1781483100","reason":"missing_opening_chainlink_tick"}
[2026-06-15T00:25:04.350Z] INFO Captured Chainlink opening tick. {"slug":"eth-updown-5m-1781483100","openingPrice":1724.0728708675863,"tickTimestamp":"2026-06-15T00:25:00.000Z"}
[2026-06-15T00:25:04.354Z] INFO Skipped trade. {"slug":"eth-updown-5m-1781483100","reason":"btc_distance_below_threshold","market":"ETH","minDistanceUsd":{"UP":2,"DOWN":2},"openingPrice":1724.0728708675863,"currentPrice":1724.29825}
[2026-06-15T00:25:04.381Z] INFO Captured Chainlink opening tick. {"slug":"doge-updown-5m-1781483100","openingPrice":0.088802966,"tickTimestamp":"2026-06-15T00:25:00.000Z"}
[2026-06-15T00:25:04.385Z] INFO Skipped trade. {"slug":"doge-updown-5m-1781483100","reason":"btc_distance_below_threshold","market":"DOGE","minDistanceUsd":{"UP":0.0003,"DOWN":0.0003},"openingPrice":0.088802966,"currentPrice":0.0888121}
[2026-06-15T00:29:31.282Z] INFO Skipped trade. {"slug":"btc-updown-5m-1781483100","reason":"no_ask_liquidity_under_cap","outcome":"UP"}
[2026-06-15T00:29:49.144Z] WARN Analytics sample recording failed; continuing. {"market":"DOGE","slug":"doge-updown-5m-1781483100","error":"ENOENT: no such file or directory, rename 'C:\\DEV\\tests\\Workspace de Yarbis\\Polybot\\data\\analytics-active.json.tmp' -> 'C:\\DEV\\tests\\Workspace de Yarbis\\Polybot\\data\\analytics-active.json'"}
[2026-06-15T00:30:01.383Z] INFO Tracking market. {"market":"BTC","slug":"btc-updown-5m-1781483400","title":"Bitcoin Up or Down - June 14, 8:30PM-8:35PM ET","end":"2026-06-15T00:35:00.000Z","upToken":"80169295065540558134882597237578099431041546841268669281010979269164865460680","downToken":"60943909735006967130058351559862494709370911143033342872071522115251411537880","orderMinSize":5,"tickSize":"0.01"}
[2026-06-15T00:30:01.451Z] INFO Captured Chainlink opening tick. {"slug":"btc-updown-5m-1781483400","openingPrice":65720.8820229527,"tickTimestamp":"2026-06-15T00:30:00.000Z"}
[2026-06-15T00:30:01.456Z] INFO Skipped trade. {"slug":"btc-updown-5m-1781483400","reason":"btc_distance_below_threshold","market":"BTC","minDistanceUsd":{"UP":12,"DOWN":12},"openingPrice":65720.8820229527,"currentPrice":65720.8820229527}
[2026-06-15T00:30:01.456Z] INFO Tracking market. {"market":"ETH","slug":"eth-updown-5m-1781483400","title":"Ethereum Up or Down - June 14, 8:30PM-8:35PM ET","end":"2026-06-15T00:35:00.000Z","upToken":"66802284646059503421413790639980131910949954980636917822203981435403709424202","downToken":"27037319614504429073255733373887855665120386133019076503844880307970389417086","orderMinSize":5,"tickSize":"0.01"}
[2026-06-15T00:30:01.456Z] INFO Skipped trade. {"slug":"eth-updown-5m-1781483400","reason":"missing_opening_chainlink_tick"}
[2026-06-15T00:30:01.456Z] INFO Tracking market. {"market":"DOGE","slug":"doge-updown-5m-1781483400","title":"Dogecoin Up or Down - June 14, 8:30PM-8:35PM ET","end":"2026-06-15T00:35:00.000Z","upToken":"2839508614644759854048424823885511315477127775998100125666078582105014731081","downToken":"51242184189072881476548958418104135679315699469272725588273442382731979735956","orderMinSize":5,"tickSize":"0.01"}
[2026-06-15T00:30:01.457Z] INFO Skipped trade. {"slug":"doge-updown-5m-1781483400","reason":"missing_opening_chainlink_tick"}
[2026-06-15T00:30:05.550Z] INFO Captured Chainlink opening tick. {"slug":"eth-updown-5m-1781483400","openingPrice":1724.676805,"tickTimestamp":"2026-06-15T00:30:00.000Z"}
[2026-06-15T00:30:05.555Z] INFO Skipped trade. {"slug":"eth-updown-5m-1781483400","reason":"btc_distance_below_threshold","market":"ETH","minDistanceUsd":{"UP":2,"DOWN":2},"openingPrice":1724.676805,"currentPrice":1724.2898}
[2026-06-15T00:30:05.592Z] INFO Captured Chainlink opening tick. {"slug":"doge-updown-5m-1781483400","openingPrice":0.088832,"tickTimestamp":"2026-06-15T00:30:00.000Z"}
[2026-06-15T00:30:05.640Z] INFO Skipped trade. {"slug":"doge-updown-5m-1781483400","reason":"btc_distance_below_threshold","market":"DOGE","minDistanceUsd":{"UP":0.0003,"DOWN":0.0003},"openingPrice":0.088832,"currentPrice":0.0888156949036524}
[2026-06-15T00:34:29.412Z] INFO Skipped trade. {"slug":"btc-updown-5m-1781483400","reason":"no_ask_liquidity_under_cap","outcome":"DOWN"}
[2026-06-15T00:34:41.824Z] INFO Skipped trade. {"slug":"eth-updown-5m-1781483400","reason":"no_ask_liquidity_under_cap","outcome":"DOWN"}
[2026-06-15T00:35:00.914Z] INFO Tracking market. {"market":"BTC","slug":"btc-updown-5m-1781483700","title":"Bitcoin Up or Down - June 14, 8:35PM-8:40PM ET","end":"2026-06-15T00:40:00.000Z","upToken":"80084306968870891690231789861553833369226157568717930600358394414493984651530","downToken":"67195260511506262454701955640105074473400976663745130405302083139183915018407","orderMinSize":5,"tickSize":"0.01"}
[2026-06-15T00:35:00.914Z] INFO Skipped trade. {"slug":"btc-updown-5m-1781483700","reason":"missing_opening_chainlink_tick"}
[2026-06-15T00:35:00.914Z] INFO Tracking market. {"market":"ETH","slug":"eth-updown-5m-1781483700","title":"Ethereum Up or Down - June 14, 8:35PM-8:40PM ET","end":"2026-06-15T00:40:00.000Z","upToken":"26561238774621561543305290413817868203595423526868418618022168156249544321925","downToken":"112494534716982721388542854448037126196662166866275271163643750168008006637926","orderMinSize":5,"tickSize":"0.01"}
[2026-06-15T00:35:00.914Z] INFO Skipped trade. {"slug":"eth-updown-5m-1781483700","reason":"missing_opening_chainlink_tick"}
[2026-06-15T00:35:00.914Z] INFO Tracking market. {"market":"DOGE","slug":"doge-updown-5m-1781483700","title":"Dogecoin Up or Down - June 14, 8:35PM-8:40PM ET","end":"2026-06-15T00:40:00.000Z","upToken":"81416147466402433759086652497046428889227446599902859245094239046175631515082","downToken":"84216007272216278840546511193062777645394160940137107712591302636363586320123","orderMinSize":5,"tickSize":"0.01"}
[2026-06-15T00:35:00.914Z] INFO Skipped trade. {"slug":"doge-updown-5m-1781483700","reason":"missing_opening_chainlink_tick"}
[2026-06-15T00:35:01.997Z] INFO Captured Chainlink opening tick. {"slug":"btc-updown-5m-1781483700","openingPrice":65578.40601376173,"tickTimestamp":"2026-06-15T00:35:00.000Z"}
[2026-06-15T00:35:02.003Z] INFO Skipped trade. {"slug":"btc-updown-5m-1781483700","reason":"btc_distance_below_threshold","market":"BTC","minDistanceUsd":{"UP":12,"DOWN":12},"openingPrice":65578.40601376173,"currentPrice":65578.06685176742}
[2026-06-15T00:35:06.800Z] INFO Captured Chainlink opening tick. {"slug":"eth-updown-5m-1781483700","openingPrice":1722.4785521547315,"tickTimestamp":"2026-06-15T00:35:00.000Z"}
[2026-06-15T00:35:06.803Z] INFO Skipped trade. {"slug":"eth-updown-5m-1781483700","reason":"btc_distance_below_threshold","market":"ETH","minDistanceUsd":{"UP":2,"DOWN":2},"openingPrice":1722.4785521547315,"currentPrice":1722.22409}
[2026-06-15T00:35:06.832Z] INFO Captured Chainlink opening tick. {"slug":"doge-updown-5m-1781483700","openingPrice":0.0886394,"tickTimestamp":"2026-06-15T00:35:00.000Z"}
[2026-06-15T00:35:06.836Z] INFO Skipped trade. {"slug":"doge-updown-5m-1781483700","reason":"btc_distance_below_threshold","market":"DOGE","minDistanceUsd":{"UP":0.0003,"DOWN":0.0003},"openingPrice":0.0886394,"currentPrice":0.0886284}
[2026-06-15T00:39:01.521Z] WARN Analytics sample recording failed; continuing. {"market":"ETH","slug":"eth-updown-5m-1781483700","error":"ENOENT: no such file or directory, rename 'C:\\DEV\\tests\\Workspace de Yarbis\\Polybot\\data\\analytics-active.json.tmp' -> 'C:\\DEV\\tests\\Workspace de Yarbis\\Polybot\\data\\analytics-active.json'"}
[2026-06-15T00:39:29.218Z] INFO Skipped trade. {"slug":"btc-updown-5m-1781483700","reason":"no_ask_liquidity_under_cap","outcome":"DOWN"}
[2026-06-15T00:39:31.593Z] INFO Skipped trade. {"slug":"eth-updown-5m-1781483700","reason":"no_ask_liquidity_under_cap","outcome":"DOWN"}
[2026-06-15T00:40:01.121Z] INFO Tracking market. {"market":"BTC","slug":"btc-updown-5m-1781484000","title":"Bitcoin Up or Down - June 14, 8:40PM-8:45PM ET","end":"2026-06-15T00:45:00.000Z","upToken":"49777667636965149394881742277442019375781361563876768690802606481377117165346","downToken":"67658253670763382970346249428815808588909801537329232890665229936361786373173","orderMinSize":5,"tickSize":"0.01"}
[2026-06-15T00:40:01.167Z] INFO Captured Chainlink opening tick. {"slug":"btc-updown-5m-1781484000","openingPrice":65499.96490301678,"tickTimestamp":"2026-06-15T00:40:00.000Z"}
[2026-06-15T00:40:01.172Z] INFO Skipped trade. {"slug":"btc-updown-5m-1781484000","reason":"btc_distance_below_threshold","market":"BTC","minDistanceUsd":{"UP":12,"DOWN":12},"openingPrice":65499.96490301678,"currentPrice":65499.96490301678}
[2026-06-15T00:40:01.172Z] INFO Tracking market. {"market":"ETH","slug":"eth-updown-5m-1781484000","title":"Ethereum Up or Down - June 14, 8:40PM-8:45PM ET","end":"2026-06-15T00:45:00.000Z","upToken":"20778249403257814685703322147654834387857626985238296146393288238502262838374","downToken":"103563465624646685022707403365783006150709582270905219994748486559451609463309","orderMinSize":5,"tickSize":"0.01"}
[2026-06-15T00:40:01.173Z] INFO Skipped trade. {"slug":"eth-updown-5m-1781484000","reason":"missing_opening_chainlink_tick"}
[2026-06-15T00:40:01.173Z] INFO Tracking market. {"market":"DOGE","slug":"doge-updown-5m-1781484000","title":"Dogecoin Up or Down - June 14, 8:40PM-8:45PM ET","end":"2026-06-15T00:45:00.000Z","upToken":"80008668052895422076778784826016135178272996504414453413363392950946006514917","downToken":"43170184195918328028112834441423074973259015233770139794685369417008500833141","orderMinSize":5,"tickSize":"0.01"}
[2026-06-15T00:40:01.173Z] INFO Skipped trade. {"slug":"doge-updown-5m-1781484000","reason":"missing_opening_chainlink_tick"}
[2026-06-15T00:40:06.551Z] INFO Captured Chainlink opening tick. {"slug":"eth-updown-5m-1781484000","openingPrice":1720.297476917655,"tickTimestamp":"2026-06-15T00:40:00.000Z"}
[2026-06-15T00:40:06.555Z] INFO Skipped trade. {"slug":"eth-updown-5m-1781484000","reason":"btc_distance_below_threshold","market":"ETH","minDistanceUsd":{"UP":2,"DOWN":2},"openingPrice":1720.297476917655,"currentPrice":1720.5144275179168}
[2026-06-15T00:40:06.582Z] INFO Captured Chainlink opening tick. {"slug":"doge-updown-5m-1781484000","openingPrice":0.0885999601020618,"tickTimestamp":"2026-06-15T00:40:00.000Z"}
[2026-06-15T00:40:06.585Z] INFO Skipped trade. {"slug":"doge-updown-5m-1781484000","reason":"btc_distance_below_threshold","market":"DOGE","minDistanceUsd":{"UP":0.0003,"DOWN":0.0003},"openingPrice":0.0885999601020618,"currentPrice":0.0886001777268232}
[2026-06-15T00:44:29.783Z] INFO Trade attempt recorded. {"mode":"sim","slug":"btc-updown-5m-1781484000","outcome":"DOWN","amountUsd":5,"bestAsk":0.74,"estimatedShares":6.756756756756757}
[2026-06-15T00:44:31.035Z] INFO Skipped trade. {"slug":"btc-updown-5m-1781484000","reason":"market_already_traded"}
[2026-06-15T00:45:01.039Z] INFO Tracking market. {"market":"BTC","slug":"btc-updown-5m-1781484300","title":"Bitcoin Up or Down - June 14, 8:45PM-8:50PM ET","end":"2026-06-15T00:50:00.000Z","upToken":"4063758290228110623951110167935065036296702685684787021915427646124089863637","downToken":"29345126918861986135579349821027419496674172753301423156829768538203876368900","orderMinSize":5,"tickSize":"0.01"}
[2026-06-15T00:45:01.040Z] INFO Skipped trade. {"slug":"btc-updown-5m-1781484300","reason":"missing_opening_chainlink_tick"}
[2026-06-15T00:45:01.040Z] INFO Tracking market. {"market":"ETH","slug":"eth-updown-5m-1781484300","title":"Ethereum Up or Down - June 14, 8:45PM-8:50PM ET","end":"2026-06-15T00:50:00.000Z","upToken":"59711165011039208739896183808875998434151572016483141833694189752237172697862","downToken":"29593022125161490460615260302627119667343803841575567126497493681740196371385","orderMinSize":5,"tickSize":"0.01"}
[2026-06-15T00:45:01.040Z] INFO Skipped trade. {"slug":"eth-updown-5m-1781484300","reason":"missing_opening_chainlink_tick"}
[2026-06-15T00:45:01.040Z] INFO Tracking market. {"market":"DOGE","slug":"doge-updown-5m-1781484300","title":"Dogecoin Up or Down - June 14, 8:45PM-8:50PM ET","end":"2026-06-15T00:50:00.000Z","upToken":"113047429681083614438110742617978209824171620136690044563229165116114467544769","downToken":"107567633489969875029605257591628834717235143152452568978451839174712145944990","orderMinSize":5,"tickSize":"0.01"}
[2026-06-15T00:45:01.040Z] INFO Skipped trade. {"slug":"doge-updown-5m-1781484300","reason":"missing_opening_chainlink_tick"}
[2026-06-15T00:45:02.125Z] INFO Resolved trade. {"mode":"sim","slug":"btc-updown-5m-1781484000","outcome":"DOWN","winningOutcome":"UP","won":false,"finalPrice":65505.216893852135}
[2026-06-15T00:45:02.160Z] INFO Captured Chainlink opening tick. {"slug":"btc-updown-5m-1781484300","openingPrice":65505.216893852135,"tickTimestamp":"2026-06-15T00:45:00.000Z"}
[2026-06-15T00:45:02.164Z] INFO Skipped trade. {"slug":"btc-updown-5m-1781484300","reason":"btc_distance_below_threshold","market":"BTC","minDistanceUsd":{"UP":12,"DOWN":12},"openingPrice":65505.216893852135,"currentPrice":65505.216893852135}
[2026-06-15T00:45:06.744Z] INFO Captured Chainlink opening tick. {"slug":"eth-updown-5m-1781484300","openingPrice":1720.0076680833615,"tickTimestamp":"2026-06-15T00:45:00.000Z"}
[2026-06-15T00:45:06.748Z] INFO Skipped trade. {"slug":"eth-updown-5m-1781484300","reason":"btc_distance_below_threshold","market":"ETH","minDistanceUsd":{"UP":2,"DOWN":2},"openingPrice":1720.0076680833615,"currentPrice":1720.1056100853787}
[2026-06-15T00:45:06.774Z] INFO Captured Chainlink opening tick. {"slug":"doge-updown-5m-1781484300","openingPrice":0.0885312,"tickTimestamp":"2026-06-15T00:45:00.000Z"}
[2026-06-15T00:45:06.778Z] INFO Skipped trade. {"slug":"doge-updown-5m-1781484300","reason":"btc_distance_below_threshold","market":"DOGE","minDistanceUsd":{"UP":0.0003,"DOWN":0.0003},"openingPrice":0.0885312,"currentPrice":0.088531}
[2026-06-15T00:49:29.752Z] INFO Trade attempt recorded. {"mode":"sim","slug":"btc-updown-5m-1781484300","outcome":"UP","amountUsd":5,"bestAsk":0.75,"estimatedShares":6.666666666666667}
[2026-06-15T00:49:31.038Z] INFO Skipped trade. {"slug":"btc-updown-5m-1781484300","reason":"market_already_traded"}
[2026-06-15T00:50:01.880Z] INFO Resolved trade. {"mode":"sim","slug":"btc-updown-5m-1781484300","outcome":"UP","winningOutcome":"UP","won":true,"finalPrice":65519.986684733}
[2026-06-15T00:50:02.333Z] INFO Tracking market. {"market":"BTC","slug":"btc-updown-5m-1781484600","title":"Bitcoin Up or Down - June 14, 8:50PM-8:55PM ET","end":"2026-06-15T00:55:00.000Z","upToken":"80210741478692219828821280497250670952929712545424024693092679984874136243099","downToken":"84004193989712061467978477203591594657569775094352122614530949433913265172764","orderMinSize":5,"tickSize":"0.01"}
[2026-06-15T00:50:02.398Z] INFO Captured Chainlink opening tick. {"slug":"btc-updown-5m-1781484600","openingPrice":65519.986684733,"tickTimestamp":"2026-06-15T00:50:00.000Z"}
[2026-06-15T00:50:02.410Z] INFO Skipped trade. {"slug":"btc-updown-5m-1781484600","reason":"btc_distance_below_threshold","market":"BTC","minDistanceUsd":{"UP":12,"DOWN":12},"openingPrice":65519.986684733,"currentPrice":65526.014455256}
[2026-06-15T00:50:02.410Z] INFO Tracking market. {"market":"ETH","slug":"eth-updown-5m-1781484600","title":"Ethereum Up or Down - June 14, 8:50PM-8:55PM ET","end":"2026-06-15T00:55:00.000Z","upToken":"31498450935842244576466549877027381821925237309271652242505387357436458729544","downToken":"53185672459349896331524715473725859164074451035972311630849102761948781569132","orderMinSize":5,"tickSize":"0.01"}
[2026-06-15T00:50:02.448Z] INFO Captured Chainlink opening tick. {"slug":"eth-updown-5m-1781484600","openingPrice":1719.9016720241052,"tickTimestamp":"2026-06-15T00:50:00.000Z"}
[2026-06-15T00:50:02.453Z] INFO Skipped trade. {"slug":"eth-updown-5m-1781484600","reason":"btc_distance_below_threshold","market":"ETH","minDistanceUsd":{"UP":2,"DOWN":2},"openingPrice":1719.9016720241052,"currentPrice":1719.9016720241052}
[2026-06-15T00:50:02.453Z] INFO Tracking market. {"market":"DOGE","slug":"doge-updown-5m-1781484600","title":"Dogecoin Up or Down - June 14, 8:50PM-8:55PM ET","end":"2026-06-15T00:55:00.000Z","upToken":"85527779679385832500751687913606567702913117489446569316603868048323832511589","downToken":"88906996906006333042221224259909782605337621423339277831671039779295918274848","orderMinSize":5,"tickSize":"0.01"}
[2026-06-15T00:50:02.481Z] INFO Captured Chainlink opening tick. {"slug":"doge-updown-5m-1781484600","openingPrice":0.0886747990855083,"tickTimestamp":"2026-06-15T00:50:00.000Z"}
[2026-06-15T00:50:02.484Z] INFO Skipped trade. {"slug":"doge-updown-5m-1781484600","reason":"btc_distance_below_threshold","market":"DOGE","minDistanceUsd":{"UP":0.0003,"DOWN":0.0003},"openingPrice":0.0886747990855083,"currentPrice":0.0886747990855083}
[2026-06-15T00:54:46.079Z] INFO Skipped trade. {"slug":"btc-updown-5m-1781484600","reason":"no_ask_liquidity_under_cap","outcome":"UP"}
[2026-06-15T00:54:55.615Z] WARN Analytics sample recording failed; continuing. {"market":"BTC","slug":"btc-updown-5m-1781484600","error":"ENOENT: no such file or directory, rename 'C:\\DEV\\tests\\Workspace de Yarbis\\Polybot\\data\\analytics-active.json.tmp' -> 'C:\\DEV\\tests\\Workspace de Yarbis\\Polybot\\data\\analytics-active.json'"}
[2026-06-15T00:55:01.512Z] INFO Tracking market. {"market":"BTC","slug":"btc-updown-5m-1781484900","title":"Bitcoin Up or Down - June 14, 8:55PM-9:00PM ET","end":"2026-06-15T01:00:00.000Z","upToken":"50470566165299927735471384390079993668736131758884404085224208002634451640613","downToken":"49710497332903994217965200352257024560476008128383406207476734097982446208254","orderMinSize":5,"tickSize":"0.01"}
[2026-06-15T00:55:01.552Z] INFO Captured Chainlink opening tick. {"slug":"btc-updown-5m-1781484900","openingPrice":65533.541755606624,"tickTimestamp":"2026-06-15T00:55:00.000Z"}
[2026-06-15T00:55:01.559Z] INFO Skipped trade. {"slug":"btc-updown-5m-1781484900","reason":"btc_distance_below_threshold","market":"BTC","minDistanceUsd":{"UP":12,"DOWN":12},"openingPrice":65533.541755606624,"currentPrice":65533.541755606624}
[2026-06-15T00:55:01.559Z] INFO Tracking market. {"market":"ETH","slug":"eth-updown-5m-1781484900","title":"Ethereum Up or Down - June 14, 8:55PM-9:00PM ET","end":"2026-06-15T01:00:00.000Z","upToken":"1351348802826289593234772463930678663648729268290793172330660912311791758216","downToken":"3101036506420951733312601000747182305266502837400071258958762012702446450667","orderMinSize":5,"tickSize":"0.01"}
[2026-06-15T00:55:01.560Z] INFO Skipped trade. {"slug":"eth-updown-5m-1781484900","reason":"missing_opening_chainlink_tick"}
[2026-06-15T00:55:01.560Z] INFO Tracking market. {"market":"DOGE","slug":"doge-updown-5m-1781484900","title":"Dogecoin Up or Down - June 14, 8:55PM-9:00PM ET","end":"2026-06-15T01:00:00.000Z","upToken":"97275760007569938520670292159857094528426429670650010559013477086885902574167","downToken":"58938929309506535029763378935117536541710854458769225453419965098684706208155","orderMinSize":5,"tickSize":"0.01"}
[2026-06-15T00:55:01.560Z] INFO Skipped trade. {"slug":"doge-updown-5m-1781484900","reason":"missing_opening_chainlink_tick"}
[2026-06-15T00:55:02.606Z] INFO Captured Chainlink opening tick. {"slug":"eth-updown-5m-1781484900","openingPrice":1719.6539696156544,"tickTimestamp":"2026-06-15T00:55:00.000Z"}
[2026-06-15T00:55:02.610Z] INFO Skipped trade. {"slug":"eth-updown-5m-1781484900","reason":"btc_distance_below_threshold","market":"ETH","minDistanceUsd":{"UP":2,"DOWN":2},"openingPrice":1719.6539696156544,"currentPrice":1719.6539696156544}
[2026-06-15T00:55:02.637Z] INFO Captured Chainlink opening tick. {"slug":"doge-updown-5m-1781484900","openingPrice":0.0887048530930925,"tickTimestamp":"2026-06-15T00:55:00.000Z"}
[2026-06-15T00:55:02.641Z] INFO Skipped trade. {"slug":"doge-updown-5m-1781484900","reason":"btc_distance_below_threshold","market":"DOGE","minDistanceUsd":{"UP":0.0003,"DOWN":0.0003},"openingPrice":0.0887048530930925,"currentPrice":0.0887048530930925}
[2026-06-15T00:59:29.702Z] INFO Skipped trade. {"slug":"btc-updown-5m-1781484900","reason":"no_ask_liquidity_under_cap","outcome":"UP"}
[2026-06-15T01:00:01.143Z] INFO Tracking market. {"market":"BTC","slug":"btc-updown-5m-1781485200","title":"Bitcoin Up or Down - June 14, 9:00PM-9:05PM ET","end":"2026-06-15T01:05:00.000Z","upToken":"34141338457053829064842839905711564586524340285802874594607008058939282683408","downToken":"55133492743910726858826365536933168898662844183036269404061278614599136633903","orderMinSize":5,"tickSize":"0.01"}
[2026-06-15T01:00:01.178Z] INFO Captured Chainlink opening tick. {"slug":"btc-updown-5m-1781485200","openingPrice":65585.4054400089,"tickTimestamp":"2026-06-15T01:00:00.000Z"}
[2026-06-15T01:00:01.183Z] INFO Skipped trade. {"slug":"btc-updown-5m-1781485200","reason":"btc_distance_below_threshold","market":"BTC","minDistanceUsd":{"UP":12,"DOWN":12},"openingPrice":65585.4054400089,"currentPrice":65585.4054400089}
[2026-06-15T01:00:01.183Z] INFO Tracking market. {"market":"ETH","slug":"eth-updown-5m-1781485200","title":"Ethereum Up or Down - June 14, 9:00PM-9:05PM ET","end":"2026-06-15T01:05:00.000Z","upToken":"26610249554235478495272861535172934170401868858988502682556749716113883433799","downToken":"32042197233511172530423443938739786542494712451278406404780073786404503099598","orderMinSize":5,"tickSize":"0.01"}
[2026-06-15T01:00:01.184Z] INFO Skipped trade. {"slug":"eth-updown-5m-1781485200","reason":"missing_opening_chainlink_tick"}
[2026-06-15T01:00:01.184Z] INFO Tracking market. {"market":"DOGE","slug":"doge-updown-5m-1781485200","title":"Dogecoin Up or Down - June 14, 9:00PM-9:05PM ET","end":"2026-06-15T01:05:00.000Z","upToken":"90657793712013650559169931343572764011037799783648945846393104753315114407823","downToken":"72213664004744202640060407945475664132068009746242689205529093459788247257228","orderMinSize":5,"tickSize":"0.01"}
[2026-06-15T01:00:01.184Z] INFO Skipped trade. {"slug":"doge-updown-5m-1781485200","reason":"missing_opening_chainlink_tick"}
[2026-06-15T01:00:03.251Z] INFO Captured Chainlink opening tick. {"slug":"eth-updown-5m-1781485200","openingPrice":1719.9750696480216,"tickTimestamp":"2026-06-15T01:00:00.000Z"}
[2026-06-15T01:00:03.259Z] INFO Skipped trade. {"slug":"eth-updown-5m-1781485200","reason":"btc_distance_below_threshold","market":"ETH","minDistanceUsd":{"UP":2,"DOWN":2},"openingPrice":1719.9750696480216,"currentPrice":1719.9636029100986}
[2026-06-15T01:00:03.302Z] INFO Captured Chainlink opening tick. {"slug":"doge-updown-5m-1781485200","openingPrice":0.0887589525349643,"tickTimestamp":"2026-06-15T01:00:00.000Z"}
[2026-06-15T01:00:03.306Z] INFO Skipped trade. {"slug":"doge-updown-5m-1781485200","reason":"btc_distance_below_threshold","market":"DOGE","minDistanceUsd":{"UP":0.0003,"DOWN":0.0003},"openingPrice":0.0887589525349643,"currentPrice":0.0887630788184398}
[2026-06-15T01:03:21.575Z] INFO Skipped trade. {"slug":"eth-updown-5m-1781485200","reason":"stale_chainlink_tick","tickTimestamp":"2026-06-15T01:03:11.000Z"}
[2026-06-15T01:03:21.575Z] INFO Skipped trade. {"slug":"doge-updown-5m-1781485200","reason":"stale_chainlink_tick","tickTimestamp":"2026-06-15T01:03:11.000Z"}
[2026-06-15T01:04:29.572Z] INFO Skipped trade. {"slug":"btc-updown-5m-1781485200","reason":"no_ask_liquidity_under_cap","outcome":"DOWN"}
[2026-06-15T01:04:29.572Z] INFO Skipped trade. {"slug":"eth-updown-5m-1781485200","reason":"no_ask_liquidity_under_cap","outcome":"DOWN"}
[2026-06-15T01:04:33.172Z] INFO Skipped trade. {"slug":"doge-updown-5m-1781485200","reason":"no_ask_liquidity_under_cap","outcome":"DOWN"}
[2026-06-15T01:05:00.690Z] INFO Tracking market. {"market":"BTC","slug":"btc-updown-5m-1781485500","title":"Bitcoin Up or Down - June 14, 9:05PM-9:10PM ET","end":"2026-06-15T01:10:00.000Z","upToken":"33539065548856167479200880629181547174850724971042342356780109072710952024272","downToken":"79785405659050954770543663357148681566396710892780481756753756662213281751708","orderMinSize":5,"tickSize":"0.01"}
[2026-06-15T01:05:00.691Z] INFO Skipped trade. {"slug":"btc-updown-5m-1781485500","reason":"missing_opening_chainlink_tick"}
[2026-06-15T01:05:00.691Z] INFO Tracking market. {"market":"ETH","slug":"eth-updown-5m-1781485500","title":"Ethereum Up or Down - June 14, 9:05PM-9:10PM ET","end":"2026-06-15T01:10:00.000Z","upToken":"24793413901205639396806993646735155394519446246208306626071507168251513244707","downToken":"109681139290285520355513614466664128448486840963483302339578893319408515961172","orderMinSize":5,"tickSize":"0.01"}
[2026-06-15T01:05:00.691Z] INFO Skipped trade. {"slug":"eth-updown-5m-1781485500","reason":"missing_opening_chainlink_tick"}
[2026-06-15T01:05:00.691Z] INFO Tracking market. {"market":"DOGE","slug":"doge-updown-5m-1781485500","title":"Dogecoin Up or Down - June 14, 9:05PM-9:10PM ET","end":"2026-06-15T01:10:00.000Z","upToken":"44629335095952124811587303528715222037102972260640645919151239053867886751391","downToken":"28276376912586109899730173174803535185859605300093947284321986843079468059270","orderMinSize":5,"tickSize":"0.01"}
[2026-06-15T01:05:00.691Z] INFO Skipped trade. {"slug":"doge-updown-5m-1781485500","reason":"missing_opening_chainlink_tick"}
[2026-06-15T01:05:01.775Z] INFO Captured Chainlink opening tick. {"slug":"btc-updown-5m-1781485500","openingPrice":65333.35289013436,"tickTimestamp":"2026-06-15T01:05:00.000Z"}
[2026-06-15T01:05:01.780Z] INFO Skipped trade. {"slug":"btc-updown-5m-1781485500","reason":"btc_distance_below_threshold","market":"BTC","minDistanceUsd":{"UP":12,"DOWN":12},"openingPrice":65333.35289013436,"currentPrice":65333.35289013436}
[2026-06-15T01:05:02.819Z] INFO Captured Chainlink opening tick. {"slug":"eth-updown-5m-1781485500","openingPrice":1711.8962297953194,"tickTimestamp":"2026-06-15T01:05:00.000Z"}
[2026-06-15T01:05:02.822Z] INFO Skipped trade. {"slug":"eth-updown-5m-1781485500","reason":"btc_distance_below_threshold","market":"ETH","minDistanceUsd":{"UP":2,"DOWN":2},"openingPrice":1711.8962297953194,"currentPrice":1711.9100858582792}
[2026-06-15T01:05:02.847Z] INFO Captured Chainlink opening tick. {"slug":"doge-updown-5m-1781485500","openingPrice":0.0883758622606261,"tickTimestamp":"2026-06-15T01:05:00.000Z"}
[2026-06-15T01:05:02.850Z] INFO Skipped trade. {"slug":"doge-updown-5m-1781485500","reason":"btc_distance_below_threshold","market":"DOGE","minDistanceUsd":{"UP":0.0003,"DOWN":0.0003},"openingPrice":0.0883758622606261,"currentPrice":0.0883825594347831}
[2026-06-15T01:09:29.605Z] INFO Skipped trade. {"slug":"btc-updown-5m-1781485500","reason":"no_ask_liquidity_under_cap","outcome":"UP"}
[2026-06-15T01:09:29.606Z] INFO Skipped trade. {"slug":"eth-updown-5m-1781485500","reason":"no_ask_liquidity_under_cap","outcome":"UP"}
[2026-06-15T01:10:00.943Z] INFO Tracking market. {"market":"BTC","slug":"btc-updown-5m-1781485800","title":"Bitcoin Up or Down - June 14, 9:10PM-9:15PM ET","end":"2026-06-15T01:15:00.000Z","upToken":"37090802358890553328237116538798621946268621931993584311962512122104869561110","downToken":"111355689370009693617102154615183318466316414833900208884757273733551586627021","orderMinSize":5,"tickSize":"0.01"}
[2026-06-15T01:10:00.944Z] INFO Skipped trade. {"slug":"btc-updown-5m-1781485800","reason":"missing_opening_chainlink_tick"}
[2026-06-15T01:10:00.944Z] INFO Tracking market. {"market":"ETH","slug":"eth-updown-5m-1781485800","title":"Ethereum Up or Down - June 14, 9:10PM-9:15PM ET","end":"2026-06-15T01:15:00.000Z","upToken":"25959132119813192916259736574896689271327282594867363780748835112290023112648","downToken":"63832671426222610380336853708306812778020102862525651047370931247529160996323","orderMinSize":5,"tickSize":"0.01"}
[2026-06-15T01:10:00.945Z] INFO Skipped trade. {"slug":"eth-updown-5m-1781485800","reason":"missing_opening_chainlink_tick"}
[2026-06-15T01:10:00.945Z] INFO Tracking market. {"market":"DOGE","slug":"doge-updown-5m-1781485800","title":"Dogecoin Up or Down - June 14, 9:10PM-9:15PM ET","end":"2026-06-15T01:15:00.000Z","upToken":"40803129698827332201750860493630969726732812562351892503859421036676111352185","downToken":"5844988516035811397576074183730023527165579253157428354760369402119591941490","orderMinSize":5,"tickSize":"0.01"}
[2026-06-15T01:10:00.946Z] INFO Skipped trade. {"slug":"doge-updown-5m-1781485800","reason":"missing_opening_chainlink_tick"}
[2026-06-15T01:10:01.984Z] INFO Captured Chainlink opening tick. {"slug":"btc-updown-5m-1781485800","openingPrice":65425.053890348274,"tickTimestamp":"2026-06-15T01:10:00.000Z"}
[2026-06-15T01:10:01.996Z] INFO Skipped trade. {"slug":"btc-updown-5m-1781485800","reason":"btc_distance_below_threshold","market":"BTC","minDistanceUsd":{"UP":12,"DOWN":12},"openingPrice":65425.053890348274,"currentPrice":65425.32673682301}
[2026-06-15T01:10:04.039Z] INFO Captured Chainlink opening tick. {"slug":"eth-updown-5m-1781485800","openingPrice":1715.5218139935887,"tickTimestamp":"2026-06-15T01:10:00.000Z"}
[2026-06-15T01:10:04.043Z] INFO Skipped trade. {"slug":"eth-updown-5m-1781485800","reason":"btc_distance_below_threshold","market":"ETH","minDistanceUsd":{"UP":2,"DOWN":2},"openingPrice":1715.5218139935887,"currentPrice":1715.7403}
[2026-06-15T01:10:04.070Z] INFO Captured Chainlink opening tick. {"slug":"doge-updown-5m-1781485800","openingPrice":0.088587,"tickTimestamp":"2026-06-15T01:10:00.000Z"}
[2026-06-15T01:10:04.074Z] INFO Skipped trade. {"slug":"doge-updown-5m-1781485800","reason":"btc_distance_below_threshold","market":"DOGE","minDistanceUsd":{"UP":0.0003,"DOWN":0.0003},"openingPrice":0.088587,"currentPrice":0.08861}
[2026-06-15T01:14:28.924Z] INFO Skipped trade. {"slug":"btc-updown-5m-1781485800","reason":"no_ask_liquidity_under_cap","outcome":"UP"}
[2026-06-15T01:15:01.425Z] INFO Tracking market. {"market":"BTC","slug":"btc-updown-5m-1781486100","title":"Bitcoin Up or Down - June 14, 9:15PM-9:20PM ET","end":"2026-06-15T01:20:00.000Z","upToken":"109076746614535302402923616582709455349384012028774319982872899790204559613660","downToken":"41399867209153080597052573109466951693310932121858837726647574141345457804046","orderMinSize":5,"tickSize":"0.01"}
[2026-06-15T01:15:01.491Z] INFO Captured Chainlink opening tick. {"slug":"btc-updown-5m-1781486100","openingPrice":65469.65585777715,"tickTimestamp":"2026-06-15T01:15:00.000Z"}
[2026-06-15T01:15:01.496Z] INFO Skipped trade. {"slug":"btc-updown-5m-1781486100","reason":"btc_distance_below_threshold","market":"BTC","minDistanceUsd":{"UP":12,"DOWN":12},"openingPrice":65469.65585777715,"currentPrice":65469.65585777715}
[2026-06-15T01:15:01.497Z] INFO Tracking market. {"market":"ETH","slug":"eth-updown-5m-1781486100","title":"Ethereum Up or Down - June 14, 9:15PM-9:20PM ET","end":"2026-06-15T01:20:00.000Z","upToken":"111531789997155341100883693028267264721072260401672042966056008222709914520014","downToken":"37560385403221475926878491037251835303651297553937949142004080798414181876810","orderMinSize":5,"tickSize":"0.01"}
[2026-06-15T01:15:01.497Z] INFO Skipped trade. {"slug":"eth-updown-5m-1781486100","reason":"missing_opening_chainlink_tick"}
[2026-06-15T01:15:01.497Z] INFO Tracking market. {"market":"DOGE","slug":"doge-updown-5m-1781486100","title":"Dogecoin Up or Down - June 14, 9:15PM-9:20PM ET","end":"2026-06-15T01:20:00.000Z","upToken":"86119978907930464542940171889256424206560924923800748445383186144994655087440","downToken":"55609053670988712953052265271125069946852117595158843171350221611185252725193","orderMinSize":5,"tickSize":"0.01"}
[2026-06-15T01:15:01.497Z] INFO Skipped trade. {"slug":"doge-updown-5m-1781486100","reason":"missing_opening_chainlink_tick"}
[2026-06-15T01:15:04.580Z] INFO Captured Chainlink opening tick. {"slug":"eth-updown-5m-1781486100","openingPrice":1716.6159731848684,"tickTimestamp":"2026-06-15T01:15:00.000Z"}
[2026-06-15T01:15:04.585Z] INFO Skipped trade. {"slug":"eth-updown-5m-1781486100","reason":"btc_distance_below_threshold","market":"ETH","minDistanceUsd":{"UP":2,"DOWN":2},"openingPrice":1716.6159731848684,"currentPrice":1716.545753540012}
[2026-06-15T01:15:04.609Z] INFO Captured Chainlink opening tick. {"slug":"doge-updown-5m-1781486100","openingPrice":0.088732168,"tickTimestamp":"2026-06-15T01:15:00.000Z"}
[2026-06-15T01:15:04.612Z] INFO Skipped trade. {"slug":"doge-updown-5m-1781486100","reason":"btc_distance_below_threshold","market":"DOGE","minDistanceUsd":{"UP":0.0003,"DOWN":0.0003},"openingPrice":0.088732168,"currentPrice":0.088733935}
[2026-06-15T01:15:45.121Z] INFO Skipped trade. {"slug":"eth-updown-5m-1781486100","reason":"stale_chainlink_tick","tickTimestamp":"2026-06-15T01:15:35.000Z"}
[2026-06-15T01:15:46.138Z] INFO Skipped trade. {"slug":"doge-updown-5m-1781486100","reason":"stale_chainlink_tick","tickTimestamp":"2026-06-15T01:15:36.000Z"}
[2026-06-15T01:19:38.231Z] INFO Skipped trade. {"slug":"btc-updown-5m-1781486100","reason":"no_ask_liquidity_under_cap","outcome":"DOWN"}
[2026-06-15T01:19:39.876Z] INFO Skipped trade. {"slug":"eth-updown-5m-1781486100","reason":"no_ask_liquidity_under_cap","outcome":"DOWN"}
[2026-06-15T01:20:00.599Z] INFO Tracking market. {"market":"BTC","slug":"btc-updown-5m-1781486400","title":"Bitcoin Up or Down - June 14, 9:20PM-9:25PM ET","end":"2026-06-15T01:25:00.000Z","upToken":"80301394268222650732499570098749974521301419804550928725641130789383257760423","downToken":"63963712825717101349728015728535027841815112984667890081328789092080599969412","orderMinSize":5,"tickSize":"0.01"}
[2026-06-15T01:20:00.600Z] INFO Skipped trade. {"slug":"btc-updown-5m-1781486400","reason":"missing_opening_chainlink_tick"}
[2026-06-15T01:20:00.600Z] INFO Tracking market. {"market":"ETH","slug":"eth-updown-5m-1781486400","title":"Ethereum Up or Down - June 14, 9:20PM-9:25PM ET","end":"2026-06-15T01:25:00.000Z","upToken":"91161627868929057902728050750891419360429568736505762942108454358306654320637","downToken":"4643390744757116380452591387545118603744423812539290105199468475465107711434","orderMinSize":5,"tickSize":"0.01"}
[2026-06-15T01:20:00.600Z] INFO Skipped trade. {"slug":"eth-updown-5m-1781486400","reason":"missing_opening_chainlink_tick"}
[2026-06-15T01:20:00.600Z] INFO Tracking market. {"market":"DOGE","slug":"doge-updown-5m-1781486400","title":"Dogecoin Up or Down - June 14, 9:20PM-9:25PM ET","end":"2026-06-15T01:25:00.000Z","upToken":"95648357066315827497951092385437838233103561725469252268890333764903492752271","downToken":"15269848657729082479314931865419863727919986088669034318989067710397931982214","orderMinSize":5,"tickSize":"0.01"}
[2026-06-15T01:20:00.600Z] INFO Skipped trade. {"slug":"doge-updown-5m-1781486400","reason":"missing_opening_chainlink_tick"}
[2026-06-15T01:20:01.643Z] INFO Captured Chainlink opening tick. {"slug":"btc-updown-5m-1781486400","openingPrice":65450.14889586893,"tickTimestamp":"2026-06-15T01:20:00.000Z"}
[2026-06-15T01:20:01.648Z] INFO Skipped trade. {"slug":"btc-updown-5m-1781486400","reason":"btc_distance_below_threshold","market":"BTC","minDistanceUsd":{"UP":12,"DOWN":12},"openingPrice":65450.14889586893,"currentPrice":65451.73771542453}
[2026-06-15T01:20:04.703Z] INFO Captured Chainlink opening tick. {"slug":"eth-updown-5m-1781486400","openingPrice":1714.6792829902552,"tickTimestamp":"2026-06-15T01:20:00.000Z"}
[2026-06-15T01:20:04.707Z] INFO Skipped trade. {"slug":"eth-updown-5m-1781486400","reason":"btc_distance_below_threshold","market":"ETH","minDistanceUsd":{"UP":2,"DOWN":2},"openingPrice":1714.6792829902552,"currentPrice":1714.66735}
[2026-06-15T01:20:04.732Z] INFO Captured Chainlink opening tick. {"slug":"doge-updown-5m-1781486400","openingPrice":0.0886713,"tickTimestamp":"2026-06-15T01:20:00.000Z"}
[2026-06-15T01:20:04.737Z] INFO Skipped trade. {"slug":"doge-updown-5m-1781486400","reason":"btc_distance_below_threshold","market":"DOGE","minDistanceUsd":{"UP":0.0003,"DOWN":0.0003},"openingPrice":0.0886713,"currentPrice":0.088673765}
[2026-06-15T01:24:28.773Z] INFO Skipped trade. {"slug":"btc-updown-5m-1781486400","reason":"no_ask_liquidity_under_cap","outcome":"DOWN"}
[2026-06-15T01:24:28.774Z] INFO Skipped trade. {"slug":"eth-updown-5m-1781486400","reason":"no_ask_liquidity_under_cap","outcome":"DOWN"}
[2026-06-15T01:25:00.973Z] INFO Tracking market. {"market":"BTC","slug":"btc-updown-5m-1781486700","title":"Bitcoin Up or Down - June 14, 9:25PM-9:30PM ET","end":"2026-06-15T01:30:00.000Z","upToken":"28928973871006483711066648390861708429996080582063564163978858100868630992251","downToken":"42411407141248958569580867847722317165746136229917746647525692744987661746166","orderMinSize":5,"tickSize":"0.01"}
[2026-06-15T01:25:01.007Z] INFO Captured Chainlink opening tick. {"slug":"btc-updown-5m-1781486700","openingPrice":65399.796342446265,"tickTimestamp":"2026-06-15T01:25:00.000Z"}
[2026-06-15T01:25:01.012Z] INFO Skipped trade. {"slug":"btc-updown-5m-1781486700","reason":"btc_distance_below_threshold","market":"BTC","minDistanceUsd":{"UP":12,"DOWN":12},"openingPrice":65399.796342446265,"currentPrice":65399.796342446265}
[2026-06-15T01:25:01.012Z] INFO Tracking market. {"market":"ETH","slug":"eth-updown-5m-1781486700","title":"Ethereum Up or Down - June 14, 9:25PM-9:30PM ET","end":"2026-06-15T01:30:00.000Z","upToken":"29009238646418645070982520580819966020926582898245203540005530750405883419403","downToken":"37185424425984013512071975129131146513411097126595253765870138266826202939597","orderMinSize":5,"tickSize":"0.01"}
[2026-06-15T01:25:01.012Z] INFO Skipped trade. {"slug":"eth-updown-5m-1781486700","reason":"missing_opening_chainlink_tick"}
[2026-06-15T01:25:01.012Z] INFO Tracking market. {"market":"DOGE","slug":"doge-updown-5m-1781486700","title":"Dogecoin Up or Down - June 14, 9:25PM-9:30PM ET","end":"2026-06-15T01:30:00.000Z","upToken":"57936348174414197240445930534171478285507766502370900592779348256021220988074","downToken":"79122131898271520931464088046586630729399810417437853698094147491574417489317","orderMinSize":5,"tickSize":"0.01"}
[2026-06-15T01:25:01.013Z] INFO Skipped trade. {"slug":"doge-updown-5m-1781486700","reason":"missing_opening_chainlink_tick"}
[2026-06-15T01:25:05.085Z] INFO Captured Chainlink opening tick. {"slug":"eth-updown-5m-1781486700","openingPrice":1712.1006,"tickTimestamp":"2026-06-15T01:25:00.000Z"}
[2026-06-15T01:25:05.089Z] INFO Skipped trade. {"slug":"eth-updown-5m-1781486700","reason":"btc_distance_below_threshold","market":"ETH","minDistanceUsd":{"UP":2,"DOWN":2},"openingPrice":1712.1006,"currentPrice":1712.033501799326}
[2026-06-15T01:25:05.121Z] INFO Captured Chainlink opening tick. {"slug":"doge-updown-5m-1781486700","openingPrice":0.08852,"tickTimestamp":"2026-06-15T01:25:00.000Z"}
[2026-06-15T01:25:05.125Z] INFO Skipped trade. {"slug":"doge-updown-5m-1781486700","reason":"btc_distance_below_threshold","market":"DOGE","minDistanceUsd":{"UP":0.0003,"DOWN":0.0003},"openingPrice":0.08852,"currentPrice":0.0885100076924642}
[2026-06-15T01:29:29.910Z] INFO Skipped trade. {"slug":"btc-updown-5m-1781486700","reason":"no_ask_liquidity_under_cap","outcome":"DOWN"}
[2026-06-15T01:30:00.496Z] INFO Tracking market. {"market":"BTC","slug":"btc-updown-5m-1781487000","title":"Bitcoin Up or Down - June 14, 9:30PM-9:35PM ET","end":"2026-06-15T01:35:00.000Z","upToken":"80696235690222741655343784807009184943897581063396340713577872948394362178158","downToken":"12924620818339172952695699812736747796980478990216671309530530349907776024552","orderMinSize":5,"tickSize":"0.01"}
[2026-06-15T01:30:00.496Z] INFO Skipped trade. {"slug":"btc-updown-5m-1781487000","reason":"missing_opening_chainlink_tick"}
[2026-06-15T01:30:00.496Z] INFO Tracking market. {"market":"ETH","slug":"eth-updown-5m-1781487000","title":"Ethereum Up or Down - June 14, 9:30PM-9:35PM ET","end":"2026-06-15T01:35:00.000Z","upToken":"40671969152525019351851095994524528423498211545277689759679814430445075104612","downToken":"103061979909450232133016190313747736423002090856529707319515468549542735153891","orderMinSize":5,"tickSize":"0.01"}
[2026-06-15T01:30:00.497Z] INFO Skipped trade. {"slug":"eth-updown-5m-1781487000","reason":"missing_opening_chainlink_tick"}
[2026-06-15T01:30:00.497Z] INFO Tracking market. {"market":"DOGE","slug":"doge-updown-5m-1781487000","title":"Dogecoin Up or Down - June 14, 9:30PM-9:35PM ET","end":"2026-06-15T01:35:00.000Z","upToken":"60321647924607030671405053472764302582049015576681052094195589124083491190883","downToken":"23718036079359864970693047649424037929607281357531073256089484756744513360686","orderMinSize":5,"tickSize":"0.01"}
[2026-06-15T01:30:00.497Z] INFO Skipped trade. {"slug":"doge-updown-5m-1781487000","reason":"missing_opening_chainlink_tick"}
[2026-06-15T01:30:01.547Z] INFO Captured Chainlink opening tick. {"slug":"btc-updown-5m-1781487000","openingPrice":65363.678850650955,"tickTimestamp":"2026-06-15T01:30:00.000Z"}
[2026-06-15T01:30:01.551Z] INFO Skipped trade. {"slug":"btc-updown-5m-1781487000","reason":"btc_distance_below_threshold","market":"BTC","minDistanceUsd":{"UP":12,"DOWN":12},"openingPrice":65363.678850650955,"currentPrice":65363.678850650955}
[2026-06-15T01:30:05.742Z] INFO Captured Chainlink opening tick. {"slug":"eth-updown-5m-1781487000","openingPrice":1710.8876543567958,"tickTimestamp":"2026-06-15T01:30:00.000Z"}
[2026-06-15T01:30:05.746Z] INFO Skipped trade. {"slug":"eth-updown-5m-1781487000","reason":"btc_distance_below_threshold","market":"ETH","minDistanceUsd":{"UP":2,"DOWN":2},"openingPrice":1710.8876543567958,"currentPrice":1711.1868694079265}
[2026-06-15T01:30:05.760Z] WARN Bot loop iteration failed; retrying. {"error":"ENOENT: no such file or directory, rename 'C:\\DEV\\tests\\Workspace de Yarbis\\Polybot\\data\\state.json.tmp' -> 'C:\\DEV\\tests\\Workspace de Yarbis\\Polybot\\data\\state.json'"}
[2026-06-15T01:30:06.773Z] INFO Skipped trade. {"slug":"doge-updown-5m-1781487000","reason":"btc_distance_below_threshold","market":"DOGE","minDistanceUsd":{"UP":0.0003,"DOWN":0.0003},"openingPrice":0.0883073,"currentPrice":0.088346}
[2026-06-15T01:34:05.875Z] WARN Analytics sample recording failed; continuing. {"market":"ETH","slug":"eth-updown-5m-1781487000","error":"ENOENT: no such file or directory, rename 'C:\\DEV\\tests\\Workspace de Yarbis\\Polybot\\data\\analytics-active.json.tmp' -> 'C:\\DEV\\tests\\Workspace de Yarbis\\Polybot\\data\\analytics-active.json'"}
[2026-06-15T01:34:28.745Z] INFO Skipped trade. {"slug":"btc-updown-5m-1781487000","reason":"no_ask_liquidity_under_cap","outcome":"UP"}
[2026-06-15T01:34:41.287Z] WARN Analytics sample recording failed; continuing. {"market":"BTC","slug":"btc-updown-5m-1781487000","error":"ENOENT: no such file or directory, rename 'C:\\DEV\\tests\\Workspace de Yarbis\\Polybot\\data\\analytics-active.json.tmp' -> 'C:\\DEV\\tests\\Workspace de Yarbis\\Polybot\\data\\analytics-active.json'"}
[2026-06-15T01:35:00.668Z] INFO Tracking market. {"market":"BTC","slug":"btc-updown-5m-1781487300","title":"Bitcoin Up or Down - June 14, 9:35PM-9:40PM ET","end":"2026-06-15T01:40:00.000Z","upToken":"104024549679958556587124849632147405893755637911227677637069802863811341492247","downToken":"100228261777105277375562002859545046201362706427768261017119720233577373176505","orderMinSize":5,"tickSize":"0.01"}
[2026-06-15T01:35:00.668Z] INFO Skipped trade. {"slug":"btc-updown-5m-1781487300","reason":"missing_opening_chainlink_tick"}
[2026-06-15T01:35:00.668Z] INFO Tracking market. {"market":"ETH","slug":"eth-updown-5m-1781487300","title":"Ethereum Up or Down - June 14, 9:35PM-9:40PM ET","end":"2026-06-15T01:40:00.000Z","upToken":"70725262930413838472521905754985596430314419089898395370267537493980856880641","downToken":"17590411830602649795171070734414782103784538517285364854423754096642214918962","orderMinSize":5,"tickSize":"0.01"}
[2026-06-15T01:35:00.669Z] INFO Skipped trade. {"slug":"eth-updown-5m-1781487300","reason":"missing_opening_chainlink_tick"}
[2026-06-15T01:35:00.669Z] INFO Tracking market. {"market":"DOGE","slug":"doge-updown-5m-1781487300","title":"Dogecoin Up or Down - June 14, 9:35PM-9:40PM ET","end":"2026-06-15T01:40:00.000Z","upToken":"99894579777324675983189569058098119398196934618282047466244800219733484694845","downToken":"21754405356102675338751607110986050979718784560639070495617378499728408407372","orderMinSize":5,"tickSize":"0.01"}
[2026-06-15T01:35:00.669Z] INFO Skipped trade. {"slug":"doge-updown-5m-1781487300","reason":"missing_opening_chainlink_tick"}
[2026-06-15T01:35:02.734Z] INFO Captured Chainlink opening tick. {"slug":"btc-updown-5m-1781487300","openingPrice":65427.55263177582,"tickTimestamp":"2026-06-15T01:35:00.000Z"}
[2026-06-15T01:35:02.751Z] INFO Skipped trade. {"slug":"btc-updown-5m-1781487300","reason":"btc_distance_below_threshold","market":"BTC","minDistanceUsd":{"UP":12,"DOWN":12},"openingPrice":65427.55263177582,"currentPrice":65427.55263177582}
[2026-06-15T01:35:05.935Z] INFO Captured Chainlink opening tick. {"slug":"eth-updown-5m-1781487300","openingPrice":1712.3730660159513,"tickTimestamp":"2026-06-15T01:35:00.000Z"}
[2026-06-15T01:35:05.940Z] INFO Skipped trade. {"slug":"eth-updown-5m-1781487300","reason":"btc_distance_below_threshold","market":"ETH","minDistanceUsd":{"UP":2,"DOWN":2},"openingPrice":1712.3730660159513,"currentPrice":1712.8423605367104}
[2026-06-15T01:35:05.967Z] INFO Captured Chainlink opening tick. {"slug":"doge-updown-5m-1781487300","openingPrice":0.088332507,"tickTimestamp":"2026-06-15T01:35:00.000Z"}
[2026-06-15T01:35:05.971Z] INFO Skipped trade. {"slug":"doge-updown-5m-1781487300","reason":"btc_distance_below_threshold","market":"DOGE","minDistanceUsd":{"UP":0.0003,"DOWN":0.0003},"openingPrice":0.088332507,"currentPrice":0.0883616}
[2026-06-15T01:39:28.978Z] INFO Skipped trade. {"slug":"btc-updown-5m-1781487300","reason":"no_ask_liquidity_under_cap","outcome":"UP"}
[2026-06-15T01:39:28.979Z] INFO Skipped trade. {"slug":"eth-updown-5m-1781487300","reason":"no_ask_liquidity_under_cap","outcome":"UP"}
[2026-06-15T01:39:41.993Z] INFO Skipped trade. {"slug":"doge-updown-5m-1781487300","reason":"no_ask_liquidity_under_cap","outcome":"UP"}
[2026-06-15T01:40:01.100Z] INFO Tracking market. {"market":"BTC","slug":"btc-updown-5m-1781487600","title":"Bitcoin Up or Down - June 14, 9:40PM-9:45PM ET","end":"2026-06-15T01:45:00.000Z","upToken":"7605763604563446206551467199204903524022843945276027373046774153091614204264","downToken":"114954618206920232193937276650101967982223527417093330219142606120857577862511","orderMinSize":5,"tickSize":"0.01"}
[2026-06-15T01:40:01.101Z] INFO Skipped trade. {"slug":"btc-updown-5m-1781487600","reason":"missing_opening_chainlink_tick"}
[2026-06-15T01:40:01.101Z] INFO Tracking market. {"market":"ETH","slug":"eth-updown-5m-1781487600","title":"Ethereum Up or Down - June 14, 9:40PM-9:45PM ET","end":"2026-06-15T01:45:00.000Z","upToken":"35930749713733881579867986845507937152630813246109662668425395727302162235158","downToken":"76025442835350834087859065563889954793060372938242698156989393063301766865586","orderMinSize":5,"tickSize":"0.01"}
[2026-06-15T01:40:01.102Z] INFO Skipped trade. {"slug":"eth-updown-5m-1781487600","reason":"missing_opening_chainlink_tick"}
[2026-06-15T01:40:01.102Z] INFO Tracking market. {"market":"DOGE","slug":"doge-updown-5m-1781487600","title":"Dogecoin Up or Down - June 14, 9:40PM-9:45PM ET","end":"2026-06-15T01:45:00.000Z","upToken":"47586339968953244721219775592538891513667946417045504456942990797536801932050","downToken":"60125274899202119843838276955055324943552084664705432872195144226209413527666","orderMinSize":5,"tickSize":"0.01"}
[2026-06-15T01:40:01.102Z] INFO Skipped trade. {"slug":"doge-updown-5m-1781487600","reason":"missing_opening_chainlink_tick"}
[2026-06-15T01:40:02.159Z] INFO Captured Chainlink opening tick. {"slug":"btc-updown-5m-1781487600","openingPrice":65664.2448748873,"tickTimestamp":"2026-06-15T01:40:00.000Z"}
[2026-06-15T01:40:02.163Z] INFO Skipped trade. {"slug":"btc-updown-5m-1781487600","reason":"btc_distance_below_threshold","market":"BTC","minDistanceUsd":{"UP":12,"DOWN":12},"openingPrice":65664.2448748873,"currentPrice":65664.2448748873}
[2026-06-15T01:40:06.329Z] INFO Captured Chainlink opening tick. {"slug":"eth-updown-5m-1781487600","openingPrice":1720.333735,"tickTimestamp":"2026-06-15T01:40:00.000Z"}
[2026-06-15T01:40:06.333Z] INFO Skipped trade. {"slug":"eth-updown-5m-1781487600","reason":"btc_distance_below_threshold","market":"ETH","minDistanceUsd":{"UP":2,"DOWN":2},"openingPrice":1720.333735,"currentPrice":1720.0714085585828}
[2026-06-15T01:40:06.379Z] INFO Captured Chainlink opening tick. {"slug":"doge-updown-5m-1781487600","openingPrice":0.0887290924188402,"tickTimestamp":"2026-06-15T01:40:00.000Z"}
[2026-06-15T01:40:06.383Z] INFO Skipped trade. {"slug":"doge-updown-5m-1781487600","reason":"btc_distance_below_threshold","market":"DOGE","minDistanceUsd":{"UP":0.0003,"DOWN":0.0003},"openingPrice":0.0887290924188402,"currentPrice":0.0887078542034213}
[2026-06-15T01:44:20.566Z] WARN RTDS websocket closed; reconnecting soon.
[2026-06-15T01:44:20.838Z] WARN RTDS websocket closed; reconnecting soon.
[2026-06-15T01:44:24.172Z] INFO Connected to Polymarket RTDS Chainlink feed.
[2026-06-15T01:44:24.405Z] INFO Connected to Polymarket RTDS Chainlink feed.
[2026-06-15T01:44:28.664Z] INFO Skipped trade. {"slug":"btc-updown-5m-1781487600","reason":"no_ask_liquidity_under_cap","outcome":"DOWN"}
[2026-06-15T01:44:33.829Z] INFO Trade attempt recorded. {"mode":"sim","slug":"btc-updown-5m-1781487600","outcome":"DOWN","amountUsd":5,"bestAsk":0.35,"estimatedShares":14.285714285714286}
[2026-06-15T01:44:35.037Z] INFO Skipped trade. {"slug":"btc-updown-5m-1781487600","reason":"market_already_traded"}
[2026-06-15T01:45:01.163Z] INFO Resolved trade. {"mode":"sim","slug":"btc-updown-5m-1781487600","outcome":"DOWN","winningOutcome":"UP","won":false,"finalPrice":65671.35996584395}
[2026-06-15T01:45:01.262Z] INFO Tracking market. {"market":"BTC","slug":"btc-updown-5m-1781487900","title":"Bitcoin Up or Down - June 14, 9:45PM-9:50PM ET","end":"2026-06-15T01:50:00.000Z","upToken":"79237034085192536753863503603363454687125367325515754579854279282062113278708","downToken":"105525914288474846160601173965866005949324456548601793975342814164699454548527","orderMinSize":5,"tickSize":"0.01"}
[2026-06-15T01:45:01.294Z] INFO Captured Chainlink opening tick. {"slug":"btc-updown-5m-1781487900","openingPrice":65671.35996584395,"tickTimestamp":"2026-06-15T01:45:00.000Z"}
[2026-06-15T01:45:01.297Z] WARN Analytics sample recording failed; continuing. {"market":"BTC","slug":"btc-updown-5m-1781487900","error":"ENOENT: no such file or directory, rename 'C:\\DEV\\tests\\Workspace de Yarbis\\Polybot\\data\\analytics-active.json.tmp' -> 'C:\\DEV\\tests\\Workspace de Yarbis\\Polybot\\data\\analytics-active.json'"}
[2026-06-15T01:45:01.297Z] INFO Skipped trade. {"slug":"btc-updown-5m-1781487900","reason":"btc_distance_below_threshold","market":"BTC","minDistanceUsd":{"UP":12,"DOWN":12},"openingPrice":65671.35996584395,"currentPrice":65671.35996584395}
[2026-06-15T01:45:01.298Z] INFO Tracking market. {"market":"ETH","slug":"eth-updown-5m-1781487900","title":"Ethereum Up or Down - June 14, 9:45PM-9:50PM ET","end":"2026-06-15T01:50:00.000Z","upToken":"33248310165117714739343248509128662635464974370139655877151033938845210351505","downToken":"51617309382740805691864768031479301054993533408600981928462299145951483736305","orderMinSize":5,"tickSize":"0.01"}
[2026-06-15T01:45:01.298Z] INFO Skipped trade. {"slug":"eth-updown-5m-1781487900","reason":"missing_opening_chainlink_tick"}
[2026-06-15T01:45:01.298Z] INFO Tracking market. {"market":"DOGE","slug":"doge-updown-5m-1781487900","title":"Dogecoin Up or Down - June 14, 9:45PM-9:50PM ET","end":"2026-06-15T01:50:00.000Z","upToken":"21089191644587858798375140122026044161873560730776369725100881711642604968543","downToken":"32255707890935206288943045347914721130888246542319742456292413065659415729755","orderMinSize":5,"tickSize":"0.01"}
[2026-06-15T01:45:01.298Z] INFO Skipped trade. {"slug":"doge-updown-5m-1781487900","reason":"missing_opening_chainlink_tick"}
[2026-06-15T01:45:05.367Z] INFO Captured Chainlink opening tick. {"slug":"eth-updown-5m-1781487900","openingPrice":1720.4952210720053,"tickTimestamp":"2026-06-15T01:45:00.000Z"}
[2026-06-15T01:45:05.374Z] INFO Skipped trade. {"slug":"eth-updown-5m-1781487900","reason":"btc_distance_below_threshold","market":"ETH","minDistanceUsd":{"UP":2,"DOWN":2},"openingPrice":1720.4952210720053,"currentPrice":1720.5376797976644}
[2026-06-15T01:45:05.408Z] INFO Captured Chainlink opening tick. {"slug":"doge-updown-5m-1781487900","openingPrice":0.0888104,"tickTimestamp":"2026-06-15T01:45:00.000Z"}
[2026-06-15T01:45:05.412Z] INFO Skipped trade. {"slug":"doge-updown-5m-1781487900","reason":"btc_distance_below_threshold","market":"DOGE","minDistanceUsd":{"UP":0.0003,"DOWN":0.0003},"openingPrice":0.0888104,"currentPrice":0.0888085732956295}
[2026-06-15T01:49:28.767Z] INFO Skipped trade. {"slug":"btc-updown-5m-1781487900","reason":"no_ask_liquidity_under_cap","outcome":"DOWN"}
[2026-06-15T01:49:37.010Z] INFO Skipped trade. {"slug":"eth-updown-5m-1781487900","reason":"no_ask_liquidity_under_cap","outcome":"DOWN"}
[2026-06-15T01:50:01.071Z] INFO Tracking market. {"market":"BTC","slug":"btc-updown-5m-1781488200","title":"Bitcoin Up or Down - June 14, 9:50PM-9:55PM ET","end":"2026-06-15T01:55:00.000Z","upToken":"10682429153899078347683705698423092834668672630617378349407014001568912662426","downToken":"68691995456920526199598815277532658573424139321021065543577455660326820598151","orderMinSize":5,"tickSize":"0.01"}
[2026-06-15T01:50:01.119Z] INFO Captured Chainlink opening tick. {"slug":"btc-updown-5m-1781488200","openingPrice":65586.82023917323,"tickTimestamp":"2026-06-15T01:50:00.000Z"}
[2026-06-15T01:50:01.126Z] INFO Skipped trade. {"slug":"btc-updown-5m-1781488200","reason":"btc_distance_below_threshold","market":"BTC","minDistanceUsd":{"UP":12,"DOWN":12},"openingPrice":65586.82023917323,"currentPrice":65586.82023917323}
[2026-06-15T01:50:01.126Z] INFO Tracking market. {"market":"ETH","slug":"eth-updown-5m-1781488200","title":"Ethereum Up or Down - June 14, 9:50PM-9:55PM ET","end":"2026-06-15T01:55:00.000Z","upToken":"79571950806698952315639045757688206860151664567310501159290792800443521311613","downToken":"53746334006521135965135434415487030458002147438686143537985266869924707967183","orderMinSize":5,"tickSize":"0.01"}
[2026-06-15T01:50:01.127Z] INFO Skipped trade. {"slug":"eth-updown-5m-1781488200","reason":"missing_opening_chainlink_tick"}
[2026-06-15T01:50:01.127Z] INFO Tracking market. {"market":"DOGE","slug":"doge-updown-5m-1781488200","title":"Dogecoin Up or Down - June 14, 9:50PM-9:55PM ET","end":"2026-06-15T01:55:00.000Z","upToken":"26129273316307400497929651328442611212000163514039518650647037567516872659728","downToken":"97800599632473623703956018732320155903107951906401259710071682240801397711892","orderMinSize":5,"tickSize":"0.01"}
[2026-06-15T01:50:01.127Z] INFO Skipped trade. {"slug":"doge-updown-5m-1781488200","reason":"missing_opening_chainlink_tick"}
[2026-06-15T01:50:05.191Z] INFO Captured Chainlink opening tick. {"slug":"eth-updown-5m-1781488200","openingPrice":1718.283025,"tickTimestamp":"2026-06-15T01:50:00.000Z"}
[2026-06-15T01:50:05.201Z] INFO Skipped trade. {"slug":"eth-updown-5m-1781488200","reason":"btc_distance_below_threshold","market":"ETH","minDistanceUsd":{"UP":2,"DOWN":2},"openingPrice":1718.283025,"currentPrice":1718.324930836783}
[2026-06-15T01:50:05.228Z] INFO Captured Chainlink opening tick. {"slug":"doge-updown-5m-1781488200","openingPrice":0.0887588906032794,"tickTimestamp":"2026-06-15T01:50:00.000Z"}
[2026-06-15T01:50:05.232Z] INFO Skipped trade. {"slug":"doge-updown-5m-1781488200","reason":"btc_distance_below_threshold","market":"DOGE","minDistanceUsd":{"UP":0.0003,"DOWN":0.0003},"openingPrice":0.0887588906032794,"currentPrice":0.088764438}
[2026-06-15T01:54:29.365Z] INFO Skipped trade. {"slug":"btc-updown-5m-1781488200","reason":"no_ask_liquidity_under_cap","outcome":"DOWN"}
[2026-06-15T01:54:40.849Z] INFO Skipped trade. {"slug":"eth-updown-5m-1781488200","reason":"no_ask_liquidity_under_cap","outcome":"DOWN"}
[2026-06-15T01:55:01.503Z] INFO Tracking market. {"market":"BTC","slug":"btc-updown-5m-1781488500","title":"Bitcoin Up or Down - June 14, 9:55PM-10:00PM ET","end":"2026-06-15T02:00:00.000Z","upToken":"23912061312037575595567195671701782553106091081215547192367005479817335741692","downToken":"80183520282675470291170825522948820749193354317117200837556318434635042998526","orderMinSize":5,"tickSize":"0.01"}
[2026-06-15T01:55:01.503Z] INFO Skipped trade. {"slug":"btc-updown-5m-1781488500","reason":"missing_opening_chainlink_tick"}
[2026-06-15T01:55:01.503Z] INFO Tracking market. {"market":"ETH","slug":"eth-updown-5m-1781488500","title":"Ethereum Up or Down - June 14, 9:55PM-10:00PM ET","end":"2026-06-15T02:00:00.000Z","upToken":"41356036542154279392561780499897349250849645373017650930297187465909753744223","downToken":"38506847767077655426551390471053324789842049009570562301103729326972253016775","orderMinSize":5,"tickSize":"0.01"}
[2026-06-15T01:55:01.503Z] INFO Skipped trade. {"slug":"eth-updown-5m-1781488500","reason":"missing_opening_chainlink_tick"}
[2026-06-15T01:55:01.503Z] INFO Tracking market. {"market":"DOGE","slug":"doge-updown-5m-1781488500","title":"Dogecoin Up or Down - June 14, 9:55PM-10:00PM ET","end":"2026-06-15T02:00:00.000Z","upToken":"13081621518417421477272907586467313694155416824829410836961272382604274544064","downToken":"42021873738498874221468011706732712555627884175393211535552557526371405446056","orderMinSize":5,"tickSize":"0.01"}
[2026-06-15T01:55:01.503Z] INFO Skipped trade. {"slug":"doge-updown-5m-1781488500","reason":"missing_opening_chainlink_tick"}
[2026-06-15T01:55:02.551Z] INFO Captured Chainlink opening tick. {"slug":"btc-updown-5m-1781488500","openingPrice":65475.51598287309,"tickTimestamp":"2026-06-15T01:55:00.000Z"}
[2026-06-15T01:55:02.558Z] INFO Skipped trade. {"slug":"btc-updown-5m-1781488500","reason":"btc_distance_below_threshold","market":"BTC","minDistanceUsd":{"UP":12,"DOWN":12},"openingPrice":65475.51598287309,"currentPrice":65475.50781287309}
[2026-06-15T01:55:05.636Z] INFO Captured Chainlink opening tick. {"slug":"eth-updown-5m-1781488500","openingPrice":1716.271529187872,"tickTimestamp":"2026-06-15T01:55:00.000Z"}
[2026-06-15T01:55:05.645Z] INFO Skipped trade. {"slug":"eth-updown-5m-1781488500","reason":"btc_distance_below_threshold","market":"ETH","minDistanceUsd":{"UP":2,"DOWN":2},"openingPrice":1716.271529187872,"currentPrice":1716.140084089667}
[2026-06-15T01:55:05.696Z] INFO Captured Chainlink opening tick. {"slug":"doge-updown-5m-1781488500","openingPrice":0.0885455,"tickTimestamp":"2026-06-15T01:55:00.000Z"}
[2026-06-15T01:55:05.700Z] INFO Skipped trade. {"slug":"doge-updown-5m-1781488500","reason":"btc_distance_below_threshold","market":"DOGE","minDistanceUsd":{"UP":0.0003,"DOWN":0.0003},"openingPrice":0.0885455,"currentPrice":0.0885421}
[2026-06-15T01:59:05.646Z] WARN Analytics sample recording failed; continuing. {"market":"BTC","slug":"btc-updown-5m-1781488500","error":"ENOENT: no such file or directory, rename 'C:\\DEV\\tests\\Workspace de Yarbis\\Polybot\\data\\analytics-active.json.tmp' -> 'C:\\DEV\\tests\\Workspace de Yarbis\\Polybot\\data\\analytics-active.json'"}
[2026-06-15T01:59:30.302Z] INFO Skipped trade. {"slug":"btc-updown-5m-1781488500","reason":"no_ask_liquidity_under_cap","outcome":"DOWN"}
[2026-06-15T01:59:32.091Z] INFO Trade attempt recorded. {"mode":"sim","slug":"btc-updown-5m-1781488500","outcome":"DOWN","amountUsd":5,"bestAsk":0.35,"estimatedShares":14.285714285714286}
[2026-06-15T01:59:33.539Z] INFO Skipped trade. {"slug":"btc-updown-5m-1781488500","reason":"market_already_traded"}
[2026-06-15T02:00:01.811Z] INFO Resolved trade. {"mode":"sim","slug":"btc-updown-5m-1781488500","outcome":"DOWN","winningOutcome":"UP","won":false,"finalPrice":65480.937167531956}
[2026-06-15T02:00:01.912Z] INFO Tracking market. {"market":"BTC","slug":"btc-updown-5m-1781488800","title":"Bitcoin Up or Down - June 14, 10:00PM-10:05PM ET","end":"2026-06-15T02:05:00.000Z","upToken":"109171343607432964004450884050529844512229357935121732554880012156648107502119","downToken":"88256416301846053381758534971299907079053312094170066854518631289204205235741","orderMinSize":5,"tickSize":"0.01"}
[2026-06-15T02:00:01.939Z] INFO Captured Chainlink opening tick. {"slug":"btc-updown-5m-1781488800","openingPrice":65480.937167531956,"tickTimestamp":"2026-06-15T02:00:00.000Z"}
[2026-06-15T02:00:01.942Z] INFO Skipped trade. {"slug":"btc-updown-5m-1781488800","reason":"btc_distance_below_threshold","market":"BTC","minDistanceUsd":{"UP":12,"DOWN":12},"openingPrice":65480.937167531956,"currentPrice":65480.937167531956}
[2026-06-15T02:00:01.943Z] INFO Tracking market. {"market":"ETH","slug":"eth-updown-5m-1781488800","title":"Ethereum Up or Down - June 14, 10:00PM-10:05PM ET","end":"2026-06-15T02:05:00.000Z","upToken":"64045820856495619793678804502334557699064905253923968457501230556191790533952","downToken":"82238103656029664908232937007009330722509285991170360555881630168832996951475","orderMinSize":5,"tickSize":"0.01"}
[2026-06-15T02:00:01.943Z] INFO Skipped trade. {"slug":"eth-updown-5m-1781488800","reason":"missing_opening_chainlink_tick"}
[2026-06-15T02:00:01.943Z] INFO Tracking market. {"market":"DOGE","slug":"doge-updown-5m-1781488800","title":"Dogecoin Up or Down - June 14, 10:00PM-10:05PM ET","end":"2026-06-15T02:05:00.000Z","upToken":"51735198782259601293110547631469062307890871549789902149368890443460067371693","downToken":"50978140690414664270672305083616380068321157999587766709875891205317735714308","orderMinSize":5,"tickSize":"0.01"}
[2026-06-15T02:00:01.943Z] INFO Skipped trade. {"slug":"doge-updown-5m-1781488800","reason":"missing_opening_chainlink_tick"}
[2026-06-15T02:00:06.016Z] INFO Captured Chainlink opening tick. {"slug":"eth-updown-5m-1781488800","openingPrice":1715.0289,"tickTimestamp":"2026-06-15T02:00:00.000Z"}
[2026-06-15T02:00:06.021Z] INFO Skipped trade. {"slug":"eth-updown-5m-1781488800","reason":"btc_distance_below_threshold","market":"ETH","minDistanceUsd":{"UP":2,"DOWN":2},"openingPrice":1715.0289,"currentPrice":1715.0881474846917}
[2026-06-15T02:00:06.047Z] INFO Captured Chainlink opening tick. {"slug":"doge-updown-5m-1781488800","openingPrice":0.0883702,"tickTimestamp":"2026-06-15T02:00:00.000Z"}
[2026-06-15T02:00:06.050Z] INFO Skipped trade. {"slug":"doge-updown-5m-1781488800","reason":"btc_distance_below_threshold","market":"DOGE","minDistanceUsd":{"UP":0.0003,"DOWN":0.0003},"openingPrice":0.0883702,"currentPrice":0.0883582}
[2026-06-15T02:00:35.594Z] INFO Skipped trade. {"slug":"eth-updown-5m-1781488800","reason":"stale_chainlink_tick","tickTimestamp":"2026-06-15T02:00:25.000Z"}
[2026-06-15T02:04:30.453Z] INFO Skipped trade. {"slug":"btc-updown-5m-1781488800","reason":"no_ask_liquidity_under_cap","outcome":"DOWN"}
[2026-06-15T02:04:43.477Z] INFO Trade attempt recorded. {"mode":"sim","slug":"btc-updown-5m-1781488800","outcome":"DOWN","amountUsd":5,"bestAsk":0.66,"estimatedShares":7.53731343283582}
[2026-06-15T02:04:44.791Z] INFO Skipped trade. {"slug":"btc-updown-5m-1781488800","reason":"market_already_traded"}
[2026-06-15T02:04:51.303Z] WARN Analytics sample recording failed; continuing. {"market":"BTC","slug":"btc-updown-5m-1781488800","error":"ENOENT: no such file or directory, rename 'C:\\DEV\\tests\\Workspace de Yarbis\\Polybot\\data\\analytics-active.json.tmp' -> 'C:\\DEV\\tests\\Workspace de Yarbis\\Polybot\\data\\analytics-active.json'"}
[2026-06-15T02:05:00.823Z] INFO Tracking market. {"market":"BTC","slug":"btc-updown-5m-1781489100","title":"Bitcoin Up or Down - June 14, 10:05PM-10:10PM ET","end":"2026-06-15T02:10:00.000Z","upToken":"386695016181893469528602974063528060114899624751702850455426934752851656649","downToken":"93525948392010447747559280438293956368189162346411122177825976482666246710997","orderMinSize":5,"tickSize":"0.01"}
[2026-06-15T02:05:00.824Z] INFO Skipped trade. {"slug":"btc-updown-5m-1781489100","reason":"missing_opening_chainlink_tick"}
[2026-06-15T02:05:00.824Z] INFO Tracking market. {"market":"ETH","slug":"eth-updown-5m-1781489100","title":"Ethereum Up or Down - June 14, 10:05PM-10:10PM ET","end":"2026-06-15T02:10:00.000Z","upToken":"79138612572976527694305050624669212876402288515846295841520560735548639657288","downToken":"87131790065802161219898508981379416044215608745077751341016801245121805219950","orderMinSize":5,"tickSize":"0.01"}
[2026-06-15T02:05:00.824Z] INFO Skipped trade. {"slug":"eth-updown-5m-1781489100","reason":"missing_opening_chainlink_tick"}
[2026-06-15T02:05:00.824Z] INFO Tracking market. {"market":"DOGE","slug":"doge-updown-5m-1781489100","title":"Dogecoin Up or Down - June 14, 10:05PM-10:10PM ET","end":"2026-06-15T02:10:00.000Z","upToken":"37320055397183198957421354992164338640670735425237285226659493732059129879160","downToken":"50440425801385447795833194884988883977772868731635207563912980407209759309451","orderMinSize":5,"tickSize":"0.01"}
[2026-06-15T02:05:00.824Z] INFO Skipped trade. {"slug":"doge-updown-5m-1781489100","reason":"missing_opening_chainlink_tick"}
[2026-06-15T02:05:02.863Z] INFO Resolved trade. {"mode":"sim","slug":"btc-updown-5m-1781488800","outcome":"DOWN","winningOutcome":"UP","won":false,"finalPrice":65506.84906080923}
[2026-06-15T02:05:02.892Z] INFO Captured Chainlink opening tick. {"slug":"btc-updown-5m-1781489100","openingPrice":65506.84906080923,"tickTimestamp":"2026-06-15T02:05:01.000Z"}
[2026-06-15T02:05:02.896Z] INFO Skipped trade. {"slug":"btc-updown-5m-1781489100","reason":"btc_distance_below_threshold","market":"BTC","minDistanceUsd":{"UP":12,"DOWN":12},"openingPrice":65506.84906080923,"currentPrice":65506.84906080923}
[2026-06-15T02:05:07.056Z] INFO Captured Chainlink opening tick. {"slug":"eth-updown-5m-1781489100","openingPrice":1715.7465866018254,"tickTimestamp":"2026-06-15T02:05:00.000Z"}
[2026-06-15T02:05:07.059Z] INFO Skipped trade. {"slug":"eth-updown-5m-1781489100","reason":"btc_distance_below_threshold","market":"ETH","minDistanceUsd":{"UP":2,"DOWN":2},"openingPrice":1715.7465866018254,"currentPrice":1715.4112040030693}
[2026-06-15T02:05:07.089Z] INFO Captured Chainlink opening tick. {"slug":"doge-updown-5m-1781489100","openingPrice":0.0885707,"tickTimestamp":"2026-06-15T02:05:00.000Z"}
[2026-06-15T02:05:07.093Z] INFO Skipped trade. {"slug":"doge-updown-5m-1781489100","reason":"btc_distance_below_threshold","market":"DOGE","minDistanceUsd":{"UP":0.0003,"DOWN":0.0003},"openingPrice":0.0885707,"currentPrice":0.088546}
[2026-06-15T02:09:29.100Z] INFO Skipped trade. {"slug":"btc-updown-5m-1781489100","reason":"no_ask_liquidity_under_cap","outcome":"UP"}
[2026-06-15T02:09:29.100Z] INFO Skipped trade. {"slug":"eth-updown-5m-1781489100","reason":"no_ask_liquidity_under_cap","outcome":"UP"}
[2026-06-15T02:10:00.887Z] INFO Tracking market. {"market":"BTC","slug":"btc-updown-5m-1781489400","title":"Bitcoin Up or Down - June 14, 10:10PM-10:15PM ET","end":"2026-06-15T02:15:00.000Z","upToken":"101346511129114651368744708333115639895815372288136995397773218391179371224296","downToken":"111402278602526654365476489156136919772465654072626294700610263659542292807673","orderMinSize":5,"tickSize":"0.01"}
[2026-06-15T02:10:00.887Z] INFO Skipped trade. {"slug":"btc-updown-5m-1781489400","reason":"missing_opening_chainlink_tick"}
[2026-06-15T02:10:00.887Z] INFO Tracking market. {"market":"ETH","slug":"eth-updown-5m-1781489400","title":"Ethereum Up or Down - June 14, 10:10PM-10:15PM ET","end":"2026-06-15T02:15:00.000Z","upToken":"80016038604480357005299154936423511781246735155729017202265791764720865681675","downToken":"47522215155921458455166142104639890457863298561226101789485660668401688053312","orderMinSize":5,"tickSize":"0.01"}
[2026-06-15T02:10:00.888Z] INFO Skipped trade. {"slug":"eth-updown-5m-1781489400","reason":"missing_opening_chainlink_tick"}
[2026-06-15T02:10:00.888Z] INFO Tracking market. {"market":"DOGE","slug":"doge-updown-5m-1781489400","title":"Dogecoin Up or Down - June 14, 10:10PM-10:15PM ET","end":"2026-06-15T02:15:00.000Z","upToken":"99519849124630106809793231827852947929669832997963985537795060411916053699732","downToken":"107657614365915459211976222292642027413412728991395105345728841026146378777317","orderMinSize":5,"tickSize":"0.01"}
[2026-06-15T02:10:00.888Z] INFO Skipped trade. {"slug":"doge-updown-5m-1781489400","reason":"missing_opening_chainlink_tick"}
[2026-06-15T02:10:01.945Z] INFO Captured Chainlink opening tick. {"slug":"btc-updown-5m-1781489400","openingPrice":65576.89257079487,"tickTimestamp":"2026-06-15T02:10:00.000Z"}
[2026-06-15T02:10:01.952Z] INFO Skipped trade. {"slug":"btc-updown-5m-1781489400","reason":"btc_distance_below_threshold","market":"BTC","minDistanceUsd":{"UP":12,"DOWN":12},"openingPrice":65576.89257079487,"currentPrice":65576.89257079487}
[2026-06-15T02:10:02.019Z] INFO Captured Chainlink opening tick. {"slug":"eth-updown-5m-1781489400","openingPrice":1718.908795,"tickTimestamp":"2026-06-15T02:10:00.000Z"}
[2026-06-15T02:10:02.025Z] INFO Skipped trade. {"slug":"eth-updown-5m-1781489400","reason":"btc_distance_below_threshold","market":"ETH","minDistanceUsd":{"UP":2,"DOWN":2},"openingPrice":1718.908795,"currentPrice":1718.908795}
[2026-06-15T02:10:02.063Z] INFO Captured Chainlink opening tick. {"slug":"doge-updown-5m-1781489400","openingPrice":0.0887509648855958,"tickTimestamp":"2026-06-15T02:10:00.000Z"}
[2026-06-15T02:10:02.077Z] INFO Skipped trade. {"slug":"doge-updown-5m-1781489400","reason":"btc_distance_below_threshold","market":"DOGE","minDistanceUsd":{"UP":0.0003,"DOWN":0.0003},"openingPrice":0.0887509648855958,"currentPrice":0.0887509648855958}
[2026-06-15T02:14:29.893Z] INFO Skipped trade. {"slug":"btc-updown-5m-1781489400","reason":"no_ask_liquidity_under_cap","outcome":"UP"}
[2026-06-15T02:15:01.458Z] INFO Tracking market. {"market":"BTC","slug":"btc-updown-5m-1781489700","title":"Bitcoin Up or Down - June 14, 10:15PM-10:20PM ET","end":"2026-06-15T02:20:00.000Z","upToken":"97080946641702042372442499740745092671104139341092229339774446126562014812335","downToken":"20385428491938414411359567548149640103520304448550361303330392901349840635892","orderMinSize":5,"tickSize":"0.01"}
[2026-06-15T02:15:01.503Z] INFO Captured Chainlink opening tick. {"slug":"btc-updown-5m-1781489700","openingPrice":65616.20405365128,"tickTimestamp":"2026-06-15T02:15:00.000Z"}
[2026-06-15T02:15:01.508Z] INFO Skipped trade. {"slug":"btc-updown-5m-1781489700","reason":"btc_distance_below_threshold","market":"BTC","minDistanceUsd":{"UP":12,"DOWN":12},"openingPrice":65616.20405365128,"currentPrice":65616.20405365128}
[2026-06-15T02:15:01.508Z] INFO Tracking market. {"market":"ETH","slug":"eth-updown-5m-1781489700","title":"Ethereum Up or Down - June 14, 10:15PM-10:20PM ET","end":"2026-06-15T02:20:00.000Z","upToken":"57146918571634025709258921374042430364325463703060899960251780813418927751503","downToken":"25954774489081385549045798845419495991648130234198846008830846916082771915106","orderMinSize":5,"tickSize":"0.01"}
[2026-06-15T02:15:01.508Z] INFO Skipped trade. {"slug":"eth-updown-5m-1781489700","reason":"missing_opening_chainlink_tick"}
[2026-06-15T02:15:01.508Z] INFO Tracking market. {"market":"DOGE","slug":"doge-updown-5m-1781489700","title":"Dogecoin Up or Down - June 14, 10:15PM-10:20PM ET","end":"2026-06-15T02:20:00.000Z","upToken":"80892739212440093735195437847295436081336944207999965087920270326057424989451","downToken":"72192046325165642913327868413456994491774788688034234808413310847325501839560","orderMinSize":5,"tickSize":"0.01"}
[2026-06-15T02:15:01.509Z] INFO Skipped trade. {"slug":"doge-updown-5m-1781489700","reason":"missing_opening_chainlink_tick"}
[2026-06-15T02:15:02.551Z] INFO Captured Chainlink opening tick. {"slug":"eth-updown-5m-1781489700","openingPrice":1719.8163691868149,"tickTimestamp":"2026-06-15T02:15:00.000Z"}
[2026-06-15T02:15:02.556Z] INFO Skipped trade. {"slug":"eth-updown-5m-1781489700","reason":"btc_distance_below_threshold","market":"ETH","minDistanceUsd":{"UP":2,"DOWN":2},"openingPrice":1719.8163691868149,"currentPrice":1719.7963581680278}
[2026-06-15T02:15:02.584Z] INFO Captured Chainlink opening tick. {"slug":"doge-updown-5m-1781489700","openingPrice":0.0888463919635913,"tickTimestamp":"2026-06-15T02:15:00.000Z"}
[2026-06-15T02:15:02.589Z] INFO Skipped trade. {"slug":"doge-updown-5m-1781489700","reason":"btc_distance_below_threshold","market":"DOGE","minDistanceUsd":{"UP":0.0003,"DOWN":0.0003},"openingPrice":0.0888463919635913,"currentPrice":0.0888463921570137}
[2026-06-15T02:19:06.243Z] INFO Skipped trade. {"slug":"eth-updown-5m-1781489700","reason":"stale_chainlink_tick","tickTimestamp":"2026-06-15T02:18:55.000Z"}
[2026-06-15T02:19:29.339Z] INFO Skipped trade. {"slug":"btc-updown-5m-1781489700","reason":"no_ask_liquidity_under_cap","outcome":"UP"}
[2026-06-15T02:19:29.339Z] INFO Skipped trade. {"slug":"eth-updown-5m-1781489700","reason":"no_ask_liquidity_under_cap","outcome":"UP"}
[2026-06-15T02:20:01.698Z] INFO Tracking market. {"market":"BTC","slug":"btc-updown-5m-1781490000","title":"Bitcoin Up or Down - June 14, 10:20PM-10:25PM ET","end":"2026-06-15T02:25:00.000Z","upToken":"16695135461240036867103430597151905705025972879521795486620445754499011750440","downToken":"66158676347717467621945097632135161661800552332037375939725160178665481638411","orderMinSize":5,"tickSize":"0.01"}
[2026-06-15T02:20:01.737Z] INFO Captured Chainlink opening tick. {"slug":"btc-updown-5m-1781490000","openingPrice":65659.37353184792,"tickTimestamp":"2026-06-15T02:20:00.000Z"}
[2026-06-15T02:20:01.742Z] INFO Skipped trade. {"slug":"btc-updown-5m-1781490000","reason":"btc_distance_below_threshold","market":"BTC","minDistanceUsd":{"UP":12,"DOWN":12},"openingPrice":65659.37353184792,"currentPrice":65659.37353184792}
[2026-06-15T02:20:01.742Z] INFO Tracking market. {"market":"ETH","slug":"eth-updown-5m-1781490000","title":"Ethereum Up or Down - June 14, 10:20PM-10:25PM ET","end":"2026-06-15T02:25:00.000Z","upToken":"43244867948241698716210305978522081490331755749135206507102812605421508971573","downToken":"27181910770088103940855911705464187479107703011927187634116665147416487249110","orderMinSize":5,"tickSize":"0.01"}
[2026-06-15T02:20:01.742Z] INFO Skipped trade. {"slug":"eth-updown-5m-1781490000","reason":"missing_opening_chainlink_tick"}
[2026-06-15T02:20:01.742Z] INFO Tracking market. {"market":"DOGE","slug":"doge-updown-5m-1781490000","title":"Dogecoin Up or Down - June 14, 10:20PM-10:25PM ET","end":"2026-06-15T02:25:00.000Z","upToken":"109048799843849608244444635440079929213524228737648048786231365435712799083804","downToken":"65947816591912852665282143319257463564325234539205068832724918597048133830153","orderMinSize":5,"tickSize":"0.01"}
[2026-06-15T02:20:01.743Z] INFO Skipped trade. {"slug":"doge-updown-5m-1781490000","reason":"missing_opening_chainlink_tick"}
[2026-06-15T02:20:02.774Z] INFO Captured Chainlink opening tick. {"slug":"eth-updown-5m-1781490000","openingPrice":1723.0388856040065,"tickTimestamp":"2026-06-15T02:20:00.000Z"}
[2026-06-15T02:20:02.780Z] INFO Skipped trade. {"slug":"eth-updown-5m-1781490000","reason":"btc_distance_below_threshold","market":"ETH","minDistanceUsd":{"UP":2,"DOWN":2},"openingPrice":1723.0388856040065,"currentPrice":1723.0134879633954}
[2026-06-15T02:20:02.805Z] INFO Captured Chainlink opening tick. {"slug":"doge-updown-5m-1781490000","openingPrice":0.0890332,"tickTimestamp":"2026-06-15T02:20:00.000Z"}
[2026-06-15T02:20:02.809Z] INFO Skipped trade. {"slug":"doge-updown-5m-1781490000","reason":"btc_distance_below_threshold","market":"DOGE","minDistanceUsd":{"UP":0.0003,"DOWN":0.0003},"openingPrice":0.0890332,"currentPrice":0.0890332}
[2026-06-15T02:24:29.170Z] INFO Trade attempt recorded. {"mode":"sim","slug":"btc-updown-5m-1781490000","outcome":"DOWN","amountUsd":5,"bestAsk":0.67,"estimatedShares":7.462686567164178}
[2026-06-15T02:24:30.560Z] INFO Skipped trade. {"slug":"btc-updown-5m-1781490000","reason":"market_already_traded"}
[2026-06-15T02:24:57.328Z] WARN Analytics sample recording failed; continuing. {"market":"ETH","slug":"eth-updown-5m-1781490000","error":"ENOENT: no such file or directory, rename 'C:\\DEV\\tests\\Workspace de Yarbis\\Polybot\\data\\analytics-active.json.tmp' -> 'C:\\DEV\\tests\\Workspace de Yarbis\\Polybot\\data\\analytics-active.json'"}
[2026-06-15T02:25:00.449Z] INFO Tracking market. {"market":"BTC","slug":"btc-updown-5m-1781490300","title":"Bitcoin Up or Down - June 14, 10:25PM-10:30PM ET","end":"2026-06-15T02:30:00.000Z","upToken":"107034792709845848639102272499631731036665712935051856239546851973521270962696","downToken":"82648865506829763810774876968862703789964186192539476212784788392857948212263","orderMinSize":5,"tickSize":"0.01"}
[2026-06-15T02:25:00.449Z] INFO Skipped trade. {"slug":"btc-updown-5m-1781490300","reason":"missing_opening_chainlink_tick"}
[2026-06-15T02:25:00.449Z] INFO Tracking market. {"market":"ETH","slug":"eth-updown-5m-1781490300","title":"Ethereum Up or Down - June 14, 10:25PM-10:30PM ET","end":"2026-06-15T02:30:00.000Z","upToken":"102989081755798705772262760621922910540956987328638557943599744798091008246143","downToken":"67461066842288982499236012193483559717134479379815870836896928227076792839789","orderMinSize":5,"tickSize":"0.01"}
[2026-06-15T02:25:00.449Z] INFO Skipped trade. {"slug":"eth-updown-5m-1781490300","reason":"missing_opening_chainlink_tick"}
[2026-06-15T02:25:00.449Z] INFO Tracking market. {"market":"DOGE","slug":"doge-updown-5m-1781490300","title":"Dogecoin Up or Down - June 14, 10:25PM-10:30PM ET","end":"2026-06-15T02:30:00.000Z","upToken":"45470423052798562334267890859228022616696419921732333133116081205795013866421","downToken":"68868677492928701229636268083970885818568216393884356279301433109256186158320","orderMinSize":5,"tickSize":"0.01"}
[2026-06-15T02:25:00.450Z] INFO Skipped trade. {"slug":"doge-updown-5m-1781490300","reason":"missing_opening_chainlink_tick"}
[2026-06-15T02:25:01.500Z] INFO Resolved trade. {"mode":"sim","slug":"btc-updown-5m-1781490000","outcome":"DOWN","winningOutcome":"UP","won":false,"finalPrice":65672.30756460245}
[2026-06-15T02:25:01.537Z] INFO Captured Chainlink opening tick. {"slug":"btc-updown-5m-1781490300","openingPrice":65672.30756460245,"tickTimestamp":"2026-06-15T02:25:00.000Z"}
[2026-06-15T02:25:01.549Z] INFO Skipped trade. {"slug":"btc-updown-5m-1781490300","reason":"btc_distance_below_threshold","market":"BTC","minDistanceUsd":{"UP":12,"DOWN":12},"openingPrice":65672.30756460245,"currentPrice":65672.30756460245}
[2026-06-15T02:25:03.602Z] INFO Captured Chainlink opening tick. {"slug":"eth-updown-5m-1781490300","openingPrice":1722.4942506447353,"tickTimestamp":"2026-06-15T02:25:00.000Z"}
[2026-06-15T02:25:03.607Z] INFO Skipped trade. {"slug":"eth-updown-5m-1781490300","reason":"btc_distance_below_threshold","market":"ETH","minDistanceUsd":{"UP":2,"DOWN":2},"openingPrice":1722.4942506447353,"currentPrice":1722.486050598295}
[2026-06-15T02:25:03.644Z] INFO Captured Chainlink opening tick. {"slug":"doge-updown-5m-1781490300","openingPrice":0.0889743,"tickTimestamp":"2026-06-15T02:25:00.000Z"}
[2026-06-15T02:25:03.648Z] INFO Skipped trade. {"slug":"doge-updown-5m-1781490300","reason":"btc_distance_below_threshold","market":"DOGE","minDistanceUsd":{"UP":0.0003,"DOWN":0.0003},"openingPrice":0.0889743,"currentPrice":0.0889745}
[2026-06-15T02:29:29.108Z] INFO Skipped trade. {"slug":"btc-updown-5m-1781490300","reason":"no_ask_liquidity_under_cap","outcome":"DOWN"}
[2026-06-15T02:29:29.108Z] INFO Skipped trade. {"slug":"eth-updown-5m-1781490300","reason":"no_ask_liquidity_under_cap","outcome":"DOWN"}
[2026-06-15T02:30:00.513Z] INFO Tracking market. {"market":"BTC","slug":"btc-updown-5m-1781490600","title":"Bitcoin Up or Down - June 14, 10:30PM-10:35PM ET","end":"2026-06-15T02:35:00.000Z","upToken":"75984476026038013299741626103072067392290692782845236443883847226197627095465","downToken":"95756417059596981075704080614423774628817346388540303925323091243153203955521","orderMinSize":5,"tickSize":"0.01"}
[2026-06-15T02:30:00.513Z] INFO Skipped trade. {"slug":"btc-updown-5m-1781490600","reason":"missing_opening_chainlink_tick"}
[2026-06-15T02:30:00.513Z] INFO Tracking market. {"market":"ETH","slug":"eth-updown-5m-1781490600","title":"Ethereum Up or Down - June 14, 10:30PM-10:35PM ET","end":"2026-06-15T02:35:00.000Z","upToken":"45596682727169333975610044463841427788739582032654955326201988133003954487850","downToken":"31431518291508538184514464186826024521533352094609277008266226005523832202932","orderMinSize":5,"tickSize":"0.01"}
[2026-06-15T02:30:00.513Z] INFO Skipped trade. {"slug":"eth-updown-5m-1781490600","reason":"missing_opening_chainlink_tick"}
[2026-06-15T02:30:00.514Z] INFO Tracking market. {"market":"DOGE","slug":"doge-updown-5m-1781490600","title":"Dogecoin Up or Down - June 14, 10:30PM-10:35PM ET","end":"2026-06-15T02:35:00.000Z","upToken":"21876335803077223296055257683432007991262225900627224211252867249125251055704","downToken":"70845934510872864608001238141856308097240294716644600680806391319476039945820","orderMinSize":5,"tickSize":"0.01"}
[2026-06-15T02:30:00.514Z] INFO Skipped trade. {"slug":"doge-updown-5m-1781490600","reason":"missing_opening_chainlink_tick"}
[2026-06-15T02:30:02.574Z] INFO Captured Chainlink opening tick. {"slug":"btc-updown-5m-1781490600","openingPrice":65605.12433182189,"tickTimestamp":"2026-06-15T02:30:00.000Z"}
[2026-06-15T02:30:02.578Z] INFO Skipped trade. {"slug":"btc-updown-5m-1781490600","reason":"btc_distance_below_threshold","market":"BTC","minDistanceUsd":{"UP":12,"DOWN":12},"openingPrice":65605.12433182189,"currentPrice":65602.46683610092}
[2026-06-15T02:30:03.614Z] INFO Captured Chainlink opening tick. {"slug":"eth-updown-5m-1781490600","openingPrice":1719.9400107774636,"tickTimestamp":"2026-06-15T02:30:00.000Z"}
[2026-06-15T02:30:03.619Z] INFO Skipped trade. {"slug":"eth-updown-5m-1781490600","reason":"btc_distance_below_threshold","market":"ETH","minDistanceUsd":{"UP":2,"DOWN":2},"openingPrice":1719.9400107774636,"currentPrice":1719.807315023331}
[2026-06-15T02:30:03.666Z] INFO Captured Chainlink opening tick. {"slug":"doge-updown-5m-1781490600","openingPrice":0.0888031,"tickTimestamp":"2026-06-15T02:30:00.000Z"}
[2026-06-15T02:30:03.670Z] INFO Skipped trade. {"slug":"doge-updown-5m-1781490600","reason":"btc_distance_below_threshold","market":"DOGE","minDistanceUsd":{"UP":0.0003,"DOWN":0.0003},"openingPrice":0.0888031,"currentPrice":0.088797369}
[2026-06-15T02:34:30.555Z] INFO Skipped trade. {"slug":"btc-updown-5m-1781490600","reason":"no_ask_liquidity_under_cap","outcome":"DOWN"}
[2026-06-15T02:35:01.401Z] INFO Tracking market. {"market":"BTC","slug":"btc-updown-5m-1781490900","title":"Bitcoin Up or Down - June 14, 10:35PM-10:40PM ET","end":"2026-06-15T02:40:00.000Z","upToken":"36105625353916388499429484397667710160999881047060825469179109288861917689179","downToken":"62681916922459231571475487848412313713425691146546694809869308519942381454866","orderMinSize":5,"tickSize":"0.01"}
[2026-06-15T02:35:01.403Z] INFO Skipped trade. {"slug":"btc-updown-5m-1781490900","reason":"missing_opening_chainlink_tick"}
[2026-06-15T02:35:01.403Z] INFO Tracking market. {"market":"ETH","slug":"eth-updown-5m-1781490900","title":"Ethereum Up or Down - June 14, 10:35PM-10:40PM ET","end":"2026-06-15T02:40:00.000Z","upToken":"65367329245184076131088383558290033373265491006203873850278389002431783194093","downToken":"41484100032407117031964996782811408648228107805044908043274446875277896887148","orderMinSize":5,"tickSize":"0.01"}
[2026-06-15T02:35:01.403Z] INFO Skipped trade. {"slug":"eth-updown-5m-1781490900","reason":"missing_opening_chainlink_tick"}
[2026-06-15T02:35:01.404Z] INFO Tracking market. {"market":"DOGE","slug":"doge-updown-5m-1781490900","title":"Dogecoin Up or Down - June 14, 10:35PM-10:40PM ET","end":"2026-06-15T02:40:00.000Z","upToken":"106358085610265625322747872410012400877836688118716819097876899072274473040613","downToken":"6563723946230874658666497625731682834387593239906238358193443611916654392620","orderMinSize":5,"tickSize":"0.01"}
[2026-06-15T02:35:01.404Z] INFO Skipped trade. {"slug":"doge-updown-5m-1781490900","reason":"missing_opening_chainlink_tick"}
[2026-06-15T02:35:02.455Z] INFO Captured Chainlink opening tick. {"slug":"btc-updown-5m-1781490900","openingPrice":65548.15815,"tickTimestamp":"2026-06-15T02:35:00.000Z"}
[2026-06-15T02:35:02.459Z] INFO Skipped trade. {"slug":"btc-updown-5m-1781490900","reason":"btc_distance_below_threshold","market":"BTC","minDistanceUsd":{"UP":12,"DOWN":12},"openingPrice":65548.15815,"currentPrice":65549.667765}
[2026-06-15T02:35:04.492Z] INFO Captured Chainlink opening tick. {"slug":"eth-updown-5m-1781490900","openingPrice":1719.0132,"tickTimestamp":"2026-06-15T02:35:00.000Z"}
[2026-06-15T02:35:04.496Z] INFO Skipped trade. {"slug":"eth-updown-5m-1781490900","reason":"btc_distance_below_threshold","market":"ETH","minDistanceUsd":{"UP":2,"DOWN":2},"openingPrice":1719.0132,"currentPrice":1719.09105}
[2026-06-15T02:35:04.522Z] INFO Captured Chainlink opening tick. {"slug":"doge-updown-5m-1781490900","openingPrice":0.0887392,"tickTimestamp":"2026-06-15T02:35:00.000Z"}
[2026-06-15T02:35:04.526Z] INFO Skipped trade. {"slug":"doge-updown-5m-1781490900","reason":"btc_distance_below_threshold","market":"DOGE","minDistanceUsd":{"UP":0.0003,"DOWN":0.0003},"openingPrice":0.0887392,"currentPrice":0.088754584}
[2026-06-15T02:39:29.440Z] INFO Skipped trade. {"slug":"btc-updown-5m-1781490900","reason":"no_ask_liquidity_under_cap","outcome":"UP"}
[2026-06-15T02:39:41.054Z] INFO Skipped trade. {"slug":"eth-updown-5m-1781490900","reason":"no_ask_liquidity_under_cap","outcome":"UP"}
[2026-06-15T02:39:55.997Z] WARN Analytics sample recording failed; continuing. {"market":"DOGE","slug":"doge-updown-5m-1781490900","error":"ENOENT: no such file or directory, rename 'C:\\DEV\\tests\\Workspace de Yarbis\\Polybot\\data\\analytics-active.json.tmp' -> 'C:\\DEV\\tests\\Workspace de Yarbis\\Polybot\\data\\analytics-active.json'"}
[2026-06-15T02:40:00.290Z] INFO Tracking market. {"market":"BTC","slug":"btc-updown-5m-1781491200","title":"Bitcoin Up or Down - June 14, 10:40PM-10:45PM ET","end":"2026-06-15T02:45:00.000Z","upToken":"55900634163634662348509350955981621495118550351699473617760727009199079155878","downToken":"87844505387503300214021541554888535596811387649982489905660954973931852402516","orderMinSize":5,"tickSize":"0.01"}
[2026-06-15T02:40:00.291Z] INFO Skipped trade. {"slug":"btc-updown-5m-1781491200","reason":"missing_opening_chainlink_tick"}
[2026-06-15T02:40:00.291Z] INFO Tracking market. {"market":"ETH","slug":"eth-updown-5m-1781491200","title":"Ethereum Up or Down - June 14, 10:40PM-10:45PM ET","end":"2026-06-15T02:45:00.000Z","upToken":"86587627002418793542174054552381673586089779845438360958738514922113989443450","downToken":"95587513931129512484918227371042846074439669604533204963558436519508812030998","orderMinSize":5,"tickSize":"0.01"}
[2026-06-15T02:40:00.291Z] INFO Skipped trade. {"slug":"eth-updown-5m-1781491200","reason":"missing_opening_chainlink_tick"}
[2026-06-15T02:40:00.291Z] INFO Tracking market. {"market":"DOGE","slug":"doge-updown-5m-1781491200","title":"Dogecoin Up or Down - June 14, 10:40PM-10:45PM ET","end":"2026-06-15T02:45:00.000Z","upToken":"71027909906593242567559812174886194949643515404563689887021840238375499570165","downToken":"54867353065860298187365442298867803168057544369896049846851711037009624958465","orderMinSize":5,"tickSize":"0.01"}
[2026-06-15T02:40:00.291Z] INFO Skipped trade. {"slug":"doge-updown-5m-1781491200","reason":"missing_opening_chainlink_tick"}
[2026-06-15T02:40:01.328Z] INFO Captured Chainlink opening tick. {"slug":"btc-updown-5m-1781491200","openingPrice":65606.71727778355,"tickTimestamp":"2026-06-15T02:40:00.000Z"}
[2026-06-15T02:40:01.333Z] INFO Skipped trade. {"slug":"btc-updown-5m-1781491200","reason":"btc_distance_below_threshold","market":"BTC","minDistanceUsd":{"UP":12,"DOWN":12},"openingPrice":65606.71727778355,"currentPrice":65606.71727778355}
[2026-06-15T02:40:04.442Z] INFO Captured Chainlink opening tick. {"slug":"eth-updown-5m-1781491200","openingPrice":1721.052395,"tickTimestamp":"2026-06-15T02:40:00.000Z"}
[2026-06-15T02:40:04.446Z] INFO Skipped trade. {"slug":"eth-updown-5m-1781491200","reason":"btc_distance_below_threshold","market":"ETH","minDistanceUsd":{"UP":2,"DOWN":2},"openingPrice":1721.052395,"currentPrice":1720.967735}
[2026-06-15T02:40:04.471Z] INFO Captured Chainlink opening tick. {"slug":"doge-updown-5m-1781491200","openingPrice":0.088891836,"tickTimestamp":"2026-06-15T02:40:00.000Z"}
[2026-06-15T02:40:04.475Z] INFO Skipped trade. {"slug":"doge-updown-5m-1781491200","reason":"btc_distance_below_threshold","market":"DOGE","minDistanceUsd":{"UP":0.0003,"DOWN":0.0003},"openingPrice":0.088891836,"currentPrice":0.088886}
[2026-06-15T02:41:39.155Z] INFO Skipped trade. {"slug":"eth-updown-5m-1781491200","reason":"stale_chainlink_tick","tickTimestamp":"2026-06-15T02:41:29.000Z"}
[2026-06-15T02:43:58.137Z] INFO Skipped trade. {"slug":"doge-updown-5m-1781491200","reason":"stale_chainlink_tick","tickTimestamp":"2026-06-15T02:43:48.000Z"}
[2026-06-15T02:44:00.812Z] WARN Analytics sample recording failed; continuing. {"market":"ETH","slug":"eth-updown-5m-1781491200","error":"ENOENT: no such file or directory, rename 'C:\\DEV\\tests\\Workspace de Yarbis\\Polybot\\data\\analytics-active.json.tmp' -> 'C:\\DEV\\tests\\Workspace de Yarbis\\Polybot\\data\\analytics-active.json'"}
[2026-06-15T02:44:02.227Z] WARN Analytics sample recording failed; continuing. {"market":"BTC","slug":"btc-updown-5m-1781491200","error":"ENOENT: no such file or directory, rename 'C:\\DEV\\tests\\Workspace de Yarbis\\Polybot\\data\\analytics-active.json.tmp' -> 'C:\\DEV\\tests\\Workspace de Yarbis\\Polybot\\data\\analytics-active.json'"}
[2026-06-15T02:44:19.205Z] WARN Analytics sample recording failed; continuing. {"market":"ETH","slug":"eth-updown-5m-1781491200","error":"ENOENT: no such file or directory, rename 'C:\\DEV\\tests\\Workspace de Yarbis\\Polybot\\data\\analytics-active.json.tmp' -> 'C:\\DEV\\tests\\Workspace de Yarbis\\Polybot\\data\\analytics-active.json'"}
[2026-06-15T02:44:29.578Z] INFO Skipped trade. {"slug":"btc-updown-5m-1781491200","reason":"no_ask_liquidity_under_cap","outcome":"DOWN"}
[2026-06-15T02:45:01.001Z] INFO Tracking market. {"market":"BTC","slug":"btc-updown-5m-1781491500","title":"Bitcoin Up or Down - June 14, 10:45PM-10:50PM ET","end":"2026-06-15T02:50:00.000Z","upToken":"84751951803731368565899145897612204341921696460046774671429608291808718648687","downToken":"83929917346027455474572694644664028284597723341055439958018580258827365707542","orderMinSize":5,"tickSize":"0.01"}
[2026-06-15T02:45:01.042Z] INFO Captured Chainlink opening tick. {"slug":"btc-updown-5m-1781491500","openingPrice":65530.26997658902,"tickTimestamp":"2026-06-15T02:45:00.000Z"}
[2026-06-15T02:45:01.047Z] INFO Skipped trade. {"slug":"btc-updown-5m-1781491500","reason":"btc_distance_below_threshold","market":"BTC","minDistanceUsd":{"UP":12,"DOWN":12},"openingPrice":65530.26997658902,"currentPrice":65530.26997658902}
[2026-06-15T02:45:01.047Z] INFO Tracking market. {"market":"ETH","slug":"eth-updown-5m-1781491500","title":"Ethereum Up or Down - June 14, 10:45PM-10:50PM ET","end":"2026-06-15T02:50:00.000Z","upToken":"83774774663056327525373119622237613235954556547655045957368685926918876168997","downToken":"58525737718769573611642231040309618259519242887399246270159668600353825809870","orderMinSize":5,"tickSize":"0.01"}
[2026-06-15T02:45:01.047Z] INFO Skipped trade. {"slug":"eth-updown-5m-1781491500","reason":"missing_opening_chainlink_tick"}
[2026-06-15T02:45:01.048Z] INFO Tracking market. {"market":"DOGE","slug":"doge-updown-5m-1781491500","title":"Dogecoin Up or Down - June 14, 10:45PM-10:50PM ET","end":"2026-06-15T02:50:00.000Z","upToken":"102398485980711897868112508482112320591150016777297529994547796532895458813049","downToken":"97679805770813185051699764383546494495935474826714330877587191803946975134757","orderMinSize":5,"tickSize":"0.01"}
[2026-06-15T02:45:01.048Z] INFO Skipped trade. {"slug":"doge-updown-5m-1781491500","reason":"missing_opening_chainlink_tick"}
[2026-06-15T02:45:05.107Z] INFO Captured Chainlink opening tick. {"slug":"eth-updown-5m-1781491500","openingPrice":1719.0251571134975,"tickTimestamp":"2026-06-15T02:45:00.000Z"}
[2026-06-15T02:45:05.111Z] INFO Skipped trade. {"slug":"eth-updown-5m-1781491500","reason":"btc_distance_below_threshold","market":"ETH","minDistanceUsd":{"UP":2,"DOWN":2},"openingPrice":1719.0251571134975,"currentPrice":1718.79568}
[2026-06-15T02:45:05.136Z] INFO Captured Chainlink opening tick. {"slug":"doge-updown-5m-1781491500","openingPrice":0.0888449,"tickTimestamp":"2026-06-15T02:45:00.000Z"}
[2026-06-15T02:45:05.140Z] INFO Skipped trade. {"slug":"doge-updown-5m-1781491500","reason":"btc_distance_below_threshold","market":"DOGE","minDistanceUsd":{"UP":0.0003,"DOWN":0.0003},"openingPrice":0.0888449,"currentPrice":0.088833}
[2026-06-15T02:49:16.551Z] WARN Analytics sample recording failed; continuing. {"market":"ETH","slug":"eth-updown-5m-1781491500","error":"ENOENT: no such file or directory, rename 'C:\\DEV\\tests\\Workspace de Yarbis\\Polybot\\data\\analytics-active.json.tmp' -> 'C:\\DEV\\tests\\Workspace de Yarbis\\Polybot\\data\\analytics-active.json'"}
[2026-06-15T02:49:28.942Z] INFO Skipped trade. {"slug":"btc-updown-5m-1781491500","reason":"no_ask_liquidity_under_cap","outcome":"DOWN"}
[2026-06-15T02:49:28.942Z] INFO Skipped trade. {"slug":"eth-updown-5m-1781491500","reason":"no_ask_liquidity_under_cap","outcome":"DOWN"}
[2026-06-15T02:50:00.994Z] INFO Tracking market. {"market":"BTC","slug":"btc-updown-5m-1781491800","title":"Bitcoin Up or Down - June 14, 10:50PM-10:55PM ET","end":"2026-06-15T02:55:00.000Z","upToken":"26867112957307534685728038049039913816398386542265484958803591486608163671098","downToken":"60468028942927066279149537402478963529955625368971717921310556934836628571956","orderMinSize":5,"tickSize":"0.01"}
[2026-06-15T02:50:00.994Z] INFO Skipped trade. {"slug":"btc-updown-5m-1781491800","reason":"missing_opening_chainlink_tick"}
[2026-06-15T02:50:00.994Z] INFO Tracking market. {"market":"ETH","slug":"eth-updown-5m-1781491800","title":"Ethereum Up or Down - June 14, 10:50PM-10:55PM ET","end":"2026-06-15T02:55:00.000Z","upToken":"18672737877666536949368823845872881168281835905842392084846556523966887557264","downToken":"51809432409972516614253658196935515717992698623806152650035087958539757590290","orderMinSize":5,"tickSize":"0.01"}
[2026-06-15T02:50:00.994Z] INFO Skipped trade. {"slug":"eth-updown-5m-1781491800","reason":"missing_opening_chainlink_tick"}
[2026-06-15T02:50:00.994Z] INFO Tracking market. {"market":"DOGE","slug":"doge-updown-5m-1781491800","title":"Dogecoin Up or Down - June 14, 10:50PM-10:55PM ET","end":"2026-06-15T02:55:00.000Z","upToken":"3656174300846216522516613069816406334550658274054484514182237840694300091799","downToken":"107867185263408345082408376253013864660656914007012898637409353459013898414013","orderMinSize":5,"tickSize":"0.01"}
[2026-06-15T02:50:00.994Z] INFO Skipped trade. {"slug":"doge-updown-5m-1781491800","reason":"missing_opening_chainlink_tick"}
[2026-06-15T02:50:02.032Z] INFO Captured Chainlink opening tick. {"slug":"btc-updown-5m-1781491800","openingPrice":65462.54695467598,"tickTimestamp":"2026-06-15T02:50:00.000Z"}
[2026-06-15T02:50:02.036Z] INFO Skipped trade. {"slug":"btc-updown-5m-1781491800","reason":"btc_distance_below_threshold","market":"BTC","minDistanceUsd":{"UP":12,"DOWN":12},"openingPrice":65462.54695467598,"currentPrice":65462.54695467598}
[2026-06-15T02:50:06.209Z] INFO Captured Chainlink opening tick. {"slug":"eth-updown-5m-1781491800","openingPrice":1716.953431572856,"tickTimestamp":"2026-06-15T02:50:00.000Z"}
[2026-06-15T02:50:06.214Z] INFO Skipped trade. {"slug":"eth-updown-5m-1781491800","reason":"btc_distance_below_threshold","market":"ETH","minDistanceUsd":{"UP":2,"DOWN":2},"openingPrice":1716.953431572856,"currentPrice":1717.2641521399555}
[2026-06-15T02:50:06.246Z] INFO Captured Chainlink opening tick. {"slug":"doge-updown-5m-1781491800","openingPrice":0.0887557,"tickTimestamp":"2026-06-15T02:50:00.000Z"}
[2026-06-15T02:50:06.263Z] INFO Skipped trade. {"slug":"doge-updown-5m-1781491800","reason":"btc_distance_below_threshold","market":"DOGE","minDistanceUsd":{"UP":0.0003,"DOWN":0.0003},"openingPrice":0.0887557,"currentPrice":0.088782}
[2026-06-15T02:54:29.744Z] INFO Skipped trade. {"slug":"btc-updown-5m-1781491800","reason":"no_ask_liquidity_under_cap","outcome":"DOWN"}
[2026-06-15T02:55:01.111Z] INFO Tracking market. {"market":"BTC","slug":"btc-updown-5m-1781492100","title":"Bitcoin Up or Down - June 14, 10:55PM-11:00PM ET","end":"2026-06-15T03:00:00.000Z","upToken":"49916070660343431521804506179250225660916764078503275252999772733166182155886","downToken":"20684020477570204474094752017936581627697107403179726937798833624772899706049","orderMinSize":5,"tickSize":"0.01"}
[2026-06-15T02:55:01.111Z] INFO Skipped trade. {"slug":"btc-updown-5m-1781492100","reason":"missing_opening_chainlink_tick"}
[2026-06-15T02:55:01.112Z] INFO Tracking market. {"market":"ETH","slug":"eth-updown-5m-1781492100","title":"Ethereum Up or Down - June 14, 10:55PM-11:00PM ET","end":"2026-06-15T03:00:00.000Z","upToken":"20161242123139502794731025144167926762409340474748029545719318095465601299617","downToken":"57635429150289593078758660306563118237318800375676279057525499792369413706305","orderMinSize":5,"tickSize":"0.01"}
[2026-06-15T02:55:01.112Z] INFO Skipped trade. {"slug":"eth-updown-5m-1781492100","reason":"missing_opening_chainlink_tick"}
[2026-06-15T02:55:01.112Z] INFO Tracking market. {"market":"DOGE","slug":"doge-updown-5m-1781492100","title":"Dogecoin Up or Down - June 14, 10:55PM-11:00PM ET","end":"2026-06-15T03:00:00.000Z","upToken":"97608631654954244338650048354397126188362683873905793297461556517793802882082","downToken":"94242484947730881015293625019986600000818278155568787544104248647698231123110","orderMinSize":5,"tickSize":"0.01"}
[2026-06-15T02:55:01.112Z] INFO Skipped trade. {"slug":"doge-updown-5m-1781492100","reason":"missing_opening_chainlink_tick"}
[2026-06-15T02:55:02.181Z] INFO Captured Chainlink opening tick. {"slug":"btc-updown-5m-1781492100","openingPrice":65428.39390144115,"tickTimestamp":"2026-06-15T02:55:00.000Z"}
[2026-06-15T02:55:02.188Z] INFO Skipped trade. {"slug":"btc-updown-5m-1781492100","reason":"btc_distance_below_threshold","market":"BTC","minDistanceUsd":{"UP":12,"DOWN":12},"openingPrice":65428.39390144115,"currentPrice":65428.58932035828}
[2026-06-15T02:55:06.393Z] INFO Captured Chainlink opening tick. {"slug":"eth-updown-5m-1781492100","openingPrice":1716.563097811183,"tickTimestamp":"2026-06-15T02:55:00.000Z"}
[2026-06-15T02:55:06.396Z] INFO Skipped trade. {"slug":"eth-updown-5m-1781492100","reason":"btc_distance_below_threshold","market":"ETH","minDistanceUsd":{"UP":2,"DOWN":2},"openingPrice":1716.563097811183,"currentPrice":1716.5793695378306}
[2026-06-15T02:55:06.422Z] INFO Captured Chainlink opening tick. {"slug":"doge-updown-5m-1781492100","openingPrice":0.0888,"tickTimestamp":"2026-06-15T02:55:00.000Z"}
[2026-06-15T02:55:06.425Z] INFO Skipped trade. {"slug":"doge-updown-5m-1781492100","reason":"btc_distance_below_threshold","market":"DOGE","minDistanceUsd":{"UP":0.0003,"DOWN":0.0003},"openingPrice":0.0888,"currentPrice":0.0887973}
[2026-06-15T02:59:29.332Z] INFO Skipped trade. {"slug":"btc-updown-5m-1781492100","reason":"no_ask_liquidity_under_cap","outcome":"DOWN"}
[2026-06-15T02:59:31.021Z] INFO Trade attempt recorded. {"mode":"sim","slug":"btc-updown-5m-1781492100","outcome":"DOWN","amountUsd":5,"bestAsk":0.75,"estimatedShares":6.666666666666667}
[2026-06-15T02:59:32.333Z] INFO Skipped trade. {"slug":"btc-updown-5m-1781492100","reason":"market_already_traded"}
[2026-06-15T03:00:01.345Z] INFO Tracking market. {"market":"BTC","slug":"btc-updown-5m-1781492400","title":"Bitcoin Up or Down - June 14, 11:00PM-11:05PM ET","end":"2026-06-15T03:05:00.000Z","upToken":"105575752684337106534741603403046824333449593967663139503742633491420251204888","downToken":"6603268802201456306984672749624503074868748448120560933685171154844077621231","orderMinSize":5,"tickSize":"0.01"}
[2026-06-15T03:00:01.345Z] INFO Skipped trade. {"slug":"btc-updown-5m-1781492400","reason":"missing_opening_chainlink_tick"}
[2026-06-15T03:00:01.345Z] INFO Tracking market. {"market":"ETH","slug":"eth-updown-5m-1781492400","title":"Ethereum Up or Down - June 14, 11:00PM-11:05PM ET","end":"2026-06-15T03:05:00.000Z","upToken":"66558105128171834899341980632671664004635803723188799373116406435525762894420","downToken":"26094786217067041454365665914605679653524635500067542251393745961101849166426","orderMinSize":5,"tickSize":"0.01"}
[2026-06-15T03:00:01.345Z] INFO Skipped trade. {"slug":"eth-updown-5m-1781492400","reason":"missing_opening_chainlink_tick"}
[2026-06-15T03:00:01.345Z] INFO Tracking market. {"market":"DOGE","slug":"doge-updown-5m-1781492400","title":"Dogecoin Up or Down - June 14, 11:00PM-11:05PM ET","end":"2026-06-15T03:05:00.000Z","upToken":"29510261415937561524807822552714910715921432918485445985284979429867458736431","downToken":"55019357052507399959094216116226668171983946335106433015724629377964626960119","orderMinSize":5,"tickSize":"0.01"}
[2026-06-15T03:00:01.345Z] INFO Skipped trade. {"slug":"doge-updown-5m-1781492400","reason":"missing_opening_chainlink_tick"}
[2026-06-15T03:00:02.457Z] INFO Resolved trade. {"mode":"sim","slug":"btc-updown-5m-1781492100","outcome":"DOWN","winningOutcome":"DOWN","won":true,"finalPrice":65427.36697081146}
[2026-06-15T03:00:02.485Z] INFO Captured Chainlink opening tick. {"slug":"btc-updown-5m-1781492400","openingPrice":65427.36697081146,"tickTimestamp":"2026-06-15T03:00:01.000Z"}
[2026-06-15T03:00:02.488Z] INFO Skipped trade. {"slug":"btc-updown-5m-1781492400","reason":"btc_distance_below_threshold","market":"BTC","minDistanceUsd":{"UP":12,"DOWN":12},"openingPrice":65427.36697081146,"currentPrice":65427.36697081146}
[2026-06-15T03:00:06.685Z] INFO Captured Chainlink opening tick. {"slug":"eth-updown-5m-1781492400","openingPrice":1715.7928126459897,"tickTimestamp":"2026-06-15T03:00:01.000Z"}
[2026-06-15T03:00:06.689Z] INFO Skipped trade. {"slug":"eth-updown-5m-1781492400","reason":"btc_distance_below_threshold","market":"ETH","minDistanceUsd":{"UP":2,"DOWN":2},"openingPrice":1715.7928126459897,"currentPrice":1715.863606302723}
[2026-06-15T03:00:06.717Z] INFO Captured Chainlink opening tick. {"slug":"doge-updown-5m-1781492400","openingPrice":0.0887,"tickTimestamp":"2026-06-15T03:00:01.000Z"}
[2026-06-15T03:00:06.733Z] INFO Skipped trade. {"slug":"doge-updown-5m-1781492400","reason":"btc_distance_below_threshold","market":"DOGE","minDistanceUsd":{"UP":0.0003,"DOWN":0.0003},"openingPrice":0.0887,"currentPrice":0.088709122}
[2026-06-15T03:04:08.852Z] WARN Analytics sample recording failed; continuing. {"market":"BTC","slug":"btc-updown-5m-1781492400","error":"ENOENT: no such file or directory, rename 'C:\\DEV\\tests\\Workspace de Yarbis\\Polybot\\data\\analytics-active.json.tmp' -> 'C:\\DEV\\tests\\Workspace de Yarbis\\Polybot\\data\\analytics-active.json'"}
[2026-06-15T03:04:30.066Z] INFO Skipped trade. {"slug":"btc-updown-5m-1781492400","reason":"no_ask_liquidity_under_cap","outcome":"UP"}
[2026-06-15T03:04:43.387Z] WARN Analytics sample recording failed; continuing. {"market":"ETH","slug":"eth-updown-5m-1781492400","error":"ENOENT: no such file or directory, rename 'C:\\DEV\\tests\\Workspace de Yarbis\\Polybot\\data\\analytics-active.json.tmp' -> 'C:\\DEV\\tests\\Workspace de Yarbis\\Polybot\\data\\analytics-active.json'"}
[2026-06-15T03:05:01.348Z] INFO Tracking market. {"market":"BTC","slug":"btc-updown-5m-1781492700","title":"Bitcoin Up or Down - June 14, 11:05PM-11:10PM ET","end":"2026-06-15T03:10:00.000Z","upToken":"45261834773823785028207006793832489430298075901959196068460894357003234497186","downToken":"389920238144152394993032122977845829650819321879894051568017197339282822289","orderMinSize":5,"tickSize":"0.01"}
[2026-06-15T03:05:01.380Z] INFO Captured Chainlink opening tick. {"slug":"btc-updown-5m-1781492700","openingPrice":65515.047963777,"tickTimestamp":"2026-06-15T03:05:00.000Z"}
[2026-06-15T03:05:01.386Z] INFO Skipped trade. {"slug":"btc-updown-5m-1781492700","reason":"btc_distance_below_threshold","market":"BTC","minDistanceUsd":{"UP":12,"DOWN":12},"openingPrice":65515.047963777,"currentPrice":65515.047963777}
[2026-06-15T03:05:01.386Z] INFO Tracking market. {"market":"ETH","slug":"eth-updown-5m-1781492700","title":"Ethereum Up or Down - June 14, 11:05PM-11:10PM ET","end":"2026-06-15T03:10:00.000Z","upToken":"13678746725432505764798760385948416014624707578312936197765518399730434283185","downToken":"56877713042194180126317261142659915716987885919220758756027085762255140150346","orderMinSize":5,"tickSize":"0.01"}
[2026-06-15T03:05:01.387Z] INFO Skipped trade. {"slug":"eth-updown-5m-1781492700","reason":"missing_opening_chainlink_tick"}
[2026-06-15T03:05:01.387Z] INFO Tracking market. {"market":"DOGE","slug":"doge-updown-5m-1781492700","title":"Dogecoin Up or Down - June 14, 11:05PM-11:10PM ET","end":"2026-06-15T03:10:00.000Z","upToken":"85673436883069395912167706738529712022180636890564952508198610957694170873743","downToken":"82999807690447599158010042154705954059989945926527859424370803705393180852571","orderMinSize":5,"tickSize":"0.01"}
[2026-06-15T03:05:01.387Z] INFO Skipped trade. {"slug":"doge-updown-5m-1781492700","reason":"missing_opening_chainlink_tick"}
[2026-06-15T03:05:02.434Z] INFO Captured Chainlink opening tick. {"slug":"eth-updown-5m-1781492700","openingPrice":1717.226324807459,"tickTimestamp":"2026-06-15T03:05:00.000Z"}
[2026-06-15T03:05:02.438Z] INFO Skipped trade. {"slug":"eth-updown-5m-1781492700","reason":"btc_distance_below_threshold","market":"ETH","minDistanceUsd":{"UP":2,"DOWN":2},"openingPrice":1717.226324807459,"currentPrice":1717.226324807459}
[2026-06-15T03:05:02.474Z] INFO Captured Chainlink opening tick. {"slug":"doge-updown-5m-1781492700","openingPrice":0.0888027,"tickTimestamp":"2026-06-15T03:05:00.000Z"}
[2026-06-15T03:05:02.480Z] INFO Skipped trade. {"slug":"doge-updown-5m-1781492700","reason":"btc_distance_below_threshold","market":"DOGE","minDistanceUsd":{"UP":0.0003,"DOWN":0.0003},"openingPrice":0.0888027,"currentPrice":0.0888027}
[2026-06-15T03:09:48.714Z] INFO Skipped trade. {"slug":"btc-updown-5m-1781492700","reason":"no_ask_liquidity_under_cap","outcome":"UP"}
[2026-06-15T03:10:00.906Z] INFO Tracking market. {"market":"BTC","slug":"btc-updown-5m-1781493000","title":"Bitcoin Up or Down - June 14, 11:10PM-11:15PM ET","end":"2026-06-15T03:15:00.000Z","upToken":"73009637695494329781890234888554571155738737352722607259329612027052969053754","downToken":"81336690314260306799156205084593248930226036184036816785124124686832897399407","orderMinSize":5,"tickSize":"0.01"}
[2026-06-15T03:10:00.907Z] INFO Skipped trade. {"slug":"btc-updown-5m-1781493000","reason":"missing_opening_chainlink_tick"}
[2026-06-15T03:10:00.907Z] INFO Tracking market. {"market":"ETH","slug":"eth-updown-5m-1781493000","title":"Ethereum Up or Down - June 14, 11:10PM-11:15PM ET","end":"2026-06-15T03:15:00.000Z","upToken":"37567866449257501092737081864128648983943989751610970387930117189836503039573","downToken":"63451595000530072919047027137643956640012971658808992512793131721422820194670","orderMinSize":5,"tickSize":"0.01"}
[2026-06-15T03:10:00.908Z] INFO Skipped trade. {"slug":"eth-updown-5m-1781493000","reason":"missing_opening_chainlink_tick"}
[2026-06-15T03:10:00.908Z] INFO Tracking market. {"market":"DOGE","slug":"doge-updown-5m-1781493000","title":"Dogecoin Up or Down - June 14, 11:10PM-11:15PM ET","end":"2026-06-15T03:15:00.000Z","upToken":"66110757215727877257039998362803325767790100651300778005928740779775087527679","downToken":"46307878583499337268196467205521918119071786262231566956063147615863423402210","orderMinSize":5,"tickSize":"0.01"}
[2026-06-15T03:10:00.909Z] INFO Skipped trade. {"slug":"doge-updown-5m-1781493000","reason":"missing_opening_chainlink_tick"}
[2026-06-15T03:10:02.038Z] INFO Captured Chainlink opening tick. {"slug":"btc-updown-5m-1781493000","openingPrice":65537.99900939484,"tickTimestamp":"2026-06-15T03:10:00.000Z"}
[2026-06-15T03:10:02.042Z] INFO Skipped trade. {"slug":"btc-updown-5m-1781493000","reason":"btc_distance_below_threshold","market":"BTC","minDistanceUsd":{"UP":12,"DOWN":12},"openingPrice":65537.99900939484,"currentPrice":65537.99900939484}
[2026-06-15T03:10:02.072Z] INFO Captured Chainlink opening tick. {"slug":"eth-updown-5m-1781493000","openingPrice":1718.1500528947602,"tickTimestamp":"2026-06-15T03:10:00.000Z"}
[2026-06-15T03:10:02.078Z] INFO Skipped trade. {"slug":"eth-updown-5m-1781493000","reason":"btc_distance_below_threshold","market":"ETH","minDistanceUsd":{"UP":2,"DOWN":2},"openingPrice":1718.1500528947602,"currentPrice":1718.1839}
[2026-06-15T03:10:02.111Z] INFO Captured Chainlink opening tick. {"slug":"doge-updown-5m-1781493000","openingPrice":0.0887877,"tickTimestamp":"2026-06-15T03:10:00.000Z"}
[2026-06-15T03:10:02.115Z] INFO Skipped trade. {"slug":"doge-updown-5m-1781493000","reason":"btc_distance_below_threshold","market":"DOGE","minDistanceUsd":{"UP":0.0003,"DOWN":0.0003},"openingPrice":0.0887877,"currentPrice":0.0887907}
[2026-06-15T03:14:30.292Z] INFO Skipped trade. {"slug":"btc-updown-5m-1781493000","reason":"no_ask_liquidity_under_cap","outcome":"UP"}
[2026-06-15T03:14:30.292Z] INFO Skipped trade. {"slug":"eth-updown-5m-1781493000","reason":"no_ask_liquidity_under_cap","outcome":"UP"}
[2026-06-15T03:15:01.319Z] INFO Tracking market. {"market":"BTC","slug":"btc-updown-5m-1781493300","title":"Bitcoin Up or Down - June 14, 11:15PM-11:20PM ET","end":"2026-06-15T03:20:00.000Z","upToken":"107728293899284236899529769868769192515860383204458481265535364682906224661592","downToken":"37948569910019531820102008347487368998466432821191058283061730054177799968614","orderMinSize":5,"tickSize":"0.01"}
[2026-06-15T03:15:01.358Z] INFO Captured Chainlink opening tick. {"slug":"btc-updown-5m-1781493300","openingPrice":65685.79177030284,"tickTimestamp":"2026-06-15T03:15:00.000Z"}
[2026-06-15T03:15:01.362Z] INFO Skipped trade. {"slug":"btc-updown-5m-1781493300","reason":"btc_distance_below_threshold","market":"BTC","minDistanceUsd":{"UP":12,"DOWN":12},"openingPrice":65685.79177030284,"currentPrice":65685.79177030284}
[2026-06-15T03:15:01.362Z] INFO Tracking market. {"market":"ETH","slug":"eth-updown-5m-1781493300","title":"Ethereum Up or Down - June 14, 11:15PM-11:20PM ET","end":"2026-06-15T03:20:00.000Z","upToken":"15530459293228773343425167178019450680639368952035743164541893427215536899821","downToken":"35734895924923250464830284743126544042387189453226716852244357725061114832765","orderMinSize":5,"tickSize":"0.01"}
[2026-06-15T03:15:01.362Z] INFO Skipped trade. {"slug":"eth-updown-5m-1781493300","reason":"missing_opening_chainlink_tick"}
[2026-06-15T03:15:01.362Z] INFO Tracking market. {"market":"DOGE","slug":"doge-updown-5m-1781493300","title":"Dogecoin Up or Down - June 14, 11:15PM-11:20PM ET","end":"2026-06-15T03:20:00.000Z","upToken":"53941239038079711236748585571818485969107343041817016567568979089598231609561","downToken":"9468927944042020044539915241262241680124329815603053166215146646687705952548","orderMinSize":5,"tickSize":"0.01"}
[2026-06-15T03:15:01.362Z] INFO Skipped trade. {"slug":"doge-updown-5m-1781493300","reason":"missing_opening_chainlink_tick"}
[2026-06-15T03:15:02.402Z] INFO Captured Chainlink opening tick. {"slug":"eth-updown-5m-1781493300","openingPrice":1721.8206,"tickTimestamp":"2026-06-15T03:15:00.000Z"}
[2026-06-15T03:15:02.407Z] INFO Skipped trade. {"slug":"eth-updown-5m-1781493300","reason":"btc_distance_below_threshold","market":"ETH","minDistanceUsd":{"UP":2,"DOWN":2},"openingPrice":1721.8206,"currentPrice":1722.0508}
[2026-06-15T03:15:02.439Z] INFO Captured Chainlink opening tick. {"slug":"doge-updown-5m-1781493300","openingPrice":0.0890020381710778,"tickTimestamp":"2026-06-15T03:15:00.000Z"}
[2026-06-15T03:15:02.446Z] INFO Skipped trade. {"slug":"doge-updown-5m-1781493300","reason":"btc_distance_below_threshold","market":"DOGE","minDistanceUsd":{"UP":0.0003,"DOWN":0.0003},"openingPrice":0.0890020381710778,"currentPrice":0.089022}
[2026-06-15T03:19:30.072Z] INFO Skipped trade. {"slug":"btc-updown-5m-1781493300","reason":"no_ask_liquidity_under_cap","outcome":"DOWN"}
[2026-06-15T03:20:08.014Z] INFO Tracking market. {"market":"BTC","slug":"btc-updown-5m-1781493600","title":"Bitcoin Up or Down - June 14, 11:20PM-11:25PM ET","end":"2026-06-15T03:25:00.000Z","upToken":"59134930088802438743005721336466098513222513455468019747397002513560885961586","downToken":"42156985880396757164587160605325864564568419829984842015997736870045979603092","orderMinSize":5,"tickSize":"0.01"}
[2026-06-15T03:20:08.080Z] INFO Captured Chainlink opening tick. {"slug":"btc-updown-5m-1781493600","openingPrice":65669.37717852808,"tickTimestamp":"2026-06-15T03:20:00.000Z"}
[2026-06-15T03:20:08.084Z] INFO Tracking market. {"market":"ETH","slug":"eth-updown-5m-1781493600","title":"Ethereum Up or Down - June 14, 11:20PM-11:25PM ET","end":"2026-06-15T03:25:00.000Z","upToken":"38039165366823310322138479129171914215073493989288237497307781979929549333011","downToken":"75938360918580926671713723636060644359251021329714434329184727714599339013490","orderMinSize":5,"tickSize":"0.01"}
[2026-06-15T03:20:08.118Z] INFO Captured Chainlink opening tick. {"slug":"eth-updown-5m-1781493600","openingPrice":1720.6469,"tickTimestamp":"2026-06-15T03:20:00.000Z"}
[2026-06-15T03:20:08.123Z] INFO Skipped trade. {"slug":"eth-updown-5m-1781493600","reason":"btc_distance_below_threshold","market":"ETH","minDistanceUsd":{"UP":2,"DOWN":2},"openingPrice":1720.6469,"currentPrice":1720.73725}
[2026-06-15T03:20:08.123Z] INFO Tracking market. {"market":"DOGE","slug":"doge-updown-5m-1781493600","title":"Dogecoin Up or Down - June 14, 11:20PM-11:25PM ET","end":"2026-06-15T03:25:00.000Z","upToken":"42882920926226862798829917587872029465974925884728561173433811069151027593673","downToken":"92805357483158364064619238048515165526965457237843011255988232897661892267695","orderMinSize":5,"tickSize":"0.01"}
[2026-06-15T03:20:08.155Z] INFO Captured Chainlink opening tick. {"slug":"doge-updown-5m-1781493600","openingPrice":0.0890072,"tickTimestamp":"2026-06-15T03:20:00.000Z"}
[2026-06-15T03:20:08.158Z] INFO Skipped trade. {"slug":"doge-updown-5m-1781493600","reason":"btc_distance_below_threshold","market":"DOGE","minDistanceUsd":{"UP":0.0003,"DOWN":0.0003},"openingPrice":0.0890072,"currentPrice":0.08901}
[2026-06-15T03:21:09.268Z] INFO Skipped trade. {"slug":"btc-updown-5m-1781493600","reason":"btc_distance_below_threshold","market":"BTC","minDistanceUsd":{"UP":12,"DOWN":12},"openingPrice":65669.37717852808,"currentPrice":65678.947}
[2026-06-15T03:24:12.785Z] WARN Analytics sample recording failed; continuing. {"market":"DOGE","slug":"doge-updown-5m-1781493600","error":"ENOENT: no such file or directory, rename 'C:\\DEV\\tests\\Workspace de Yarbis\\Polybot\\data\\analytics-active.json.tmp' -> 'C:\\DEV\\tests\\Workspace de Yarbis\\Polybot\\data\\analytics-active.json'"}
[2026-06-15T03:24:45.475Z] INFO Skipped trade. {"slug":"btc-updown-5m-1781493600","reason":"no_ask_liquidity_under_cap","outcome":"DOWN"}
[2026-06-15T03:25:01.191Z] INFO Tracking market. {"market":"BTC","slug":"btc-updown-5m-1781493900","title":"Bitcoin Up or Down - June 14, 11:25PM-11:30PM ET","end":"2026-06-15T03:30:00.000Z","upToken":"90187649934085919659038541820375852110402162473161052087407172181733596331389","downToken":"50405153356235778653823364397454037050859561892615827960601742964837366398679","orderMinSize":5,"tickSize":"0.01"}
[2026-06-15T03:25:01.227Z] INFO Captured Chainlink opening tick. {"slug":"btc-updown-5m-1781493900","openingPrice":65658.25845533353,"tickTimestamp":"2026-06-15T03:25:00.000Z"}
[2026-06-15T03:25:01.231Z] INFO Skipped trade. {"slug":"btc-updown-5m-1781493900","reason":"btc_distance_below_threshold","market":"BTC","minDistanceUsd":{"UP":12,"DOWN":12},"openingPrice":65658.25845533353,"currentPrice":65658.25845533353}
[2026-06-15T03:25:01.231Z] INFO Tracking market. {"market":"ETH","slug":"eth-updown-5m-1781493900","title":"Ethereum Up or Down - June 14, 11:25PM-11:30PM ET","end":"2026-06-15T03:30:00.000Z","upToken":"88973297233961073305941204226975619003353514537763046551872813422869254178475","downToken":"26336388425073350941518575005375206425479277496082681316054641886524618157513","orderMinSize":5,"tickSize":"0.01"}
[2026-06-15T03:25:01.231Z] INFO Skipped trade. {"slug":"eth-updown-5m-1781493900","reason":"missing_opening_chainlink_tick"}
[2026-06-15T03:25:01.231Z] INFO Tracking market. {"market":"DOGE","slug":"doge-updown-5m-1781493900","title":"Dogecoin Up or Down - June 14, 11:25PM-11:30PM ET","end":"2026-06-15T03:30:00.000Z","upToken":"76402138426656566052134570982168633520914259479331737880720628802290776885702","downToken":"87759112734902626403215374196586136721674016779551094396581358611331767770387","orderMinSize":5,"tickSize":"0.01"}
[2026-06-15T03:25:01.231Z] INFO Skipped trade. {"slug":"doge-updown-5m-1781493900","reason":"missing_opening_chainlink_tick"}
[2026-06-15T03:25:04.294Z] INFO Captured Chainlink opening tick. {"slug":"eth-updown-5m-1781493900","openingPrice":1719.644432975521,"tickTimestamp":"2026-06-15T03:25:00.000Z"}
[2026-06-15T03:25:04.298Z] INFO Skipped trade. {"slug":"eth-updown-5m-1781493900","reason":"btc_distance_below_threshold","market":"ETH","minDistanceUsd":{"UP":2,"DOWN":2},"openingPrice":1719.644432975521,"currentPrice":1719.667899907718}
[2026-06-15T03:25:04.326Z] INFO Captured Chainlink opening tick. {"slug":"doge-updown-5m-1781493900","openingPrice":0.088932821,"tickTimestamp":"2026-06-15T03:25:00.000Z"}
[2026-06-15T03:25:04.330Z] INFO Skipped trade. {"slug":"doge-updown-5m-1781493900","reason":"btc_distance_below_threshold","market":"DOGE","minDistanceUsd":{"UP":0.0003,"DOWN":0.0003},"openingPrice":0.088932821,"currentPrice":0.08894}
[2026-06-15T03:29:29.052Z] INFO Skipped trade. {"slug":"btc-updown-5m-1781493900","reason":"no_ask_liquidity_under_cap","outcome":"UP"}
[2026-06-15T03:30:01.391Z] INFO Tracking market. {"market":"BTC","slug":"btc-updown-5m-1781494200","title":"Bitcoin Up or Down - June 14, 11:30PM-11:35PM ET","end":"2026-06-15T03:35:00.000Z","upToken":"21051678515053785369496796055575820226670602515042301893919329020996911576022","downToken":"59851898570453792780561948997474254674073594846558844903814532131174004128310","orderMinSize":5,"tickSize":"0.01"}
[2026-06-15T03:30:01.422Z] INFO Captured Chainlink opening tick. {"slug":"btc-updown-5m-1781494200","openingPrice":65688.14522767175,"tickTimestamp":"2026-06-15T03:30:00.000Z"}
[2026-06-15T03:30:01.426Z] INFO Skipped trade. {"slug":"btc-updown-5m-1781494200","reason":"btc_distance_below_threshold","market":"BTC","minDistanceUsd":{"UP":12,"DOWN":12},"openingPrice":65688.14522767175,"currentPrice":65688.14522767175}
[2026-06-15T03:30:01.426Z] INFO Tracking market. {"market":"ETH","slug":"eth-updown-5m-1781494200","title":"Ethereum Up or Down - June 14, 11:30PM-11:35PM ET","end":"2026-06-15T03:35:00.000Z","upToken":"60879450753745408301226422683096942395054655542366589053358480595538098877742","downToken":"41357417888417341431265267618178839406312427400494986289789062230659052369323","orderMinSize":5,"tickSize":"0.01"}
[2026-06-15T03:30:01.426Z] INFO Skipped trade. {"slug":"eth-updown-5m-1781494200","reason":"missing_opening_chainlink_tick"}
[2026-06-15T03:30:01.426Z] INFO Tracking market. {"market":"DOGE","slug":"doge-updown-5m-1781494200","title":"Dogecoin Up or Down - June 14, 11:30PM-11:35PM ET","end":"2026-06-15T03:35:00.000Z","upToken":"32853345304759760697162050783685554809680075641129013225105865204294206446084","downToken":"81600885518195027216436998437645064615989705471550372304534555595189320797594","orderMinSize":5,"tickSize":"0.01"}
[2026-06-15T03:30:01.427Z] INFO Skipped trade. {"slug":"doge-updown-5m-1781494200","reason":"missing_opening_chainlink_tick"}
[2026-06-15T03:30:04.484Z] INFO Captured Chainlink opening tick. {"slug":"eth-updown-5m-1781494200","openingPrice":1720.15125,"tickTimestamp":"2026-06-15T03:30:00.000Z"}
[2026-06-15T03:30:04.489Z] INFO Skipped trade. {"slug":"eth-updown-5m-1781494200","reason":"btc_distance_below_threshold","market":"ETH","minDistanceUsd":{"UP":2,"DOWN":2},"openingPrice":1720.15125,"currentPrice":1720.1662}
[2026-06-15T03:30:04.516Z] INFO Captured Chainlink opening tick. {"slug":"doge-updown-5m-1781494200","openingPrice":0.088975787,"tickTimestamp":"2026-06-15T03:30:00.000Z"}
[2026-06-15T03:30:04.523Z] INFO Skipped trade. {"slug":"doge-updown-5m-1781494200","reason":"btc_distance_below_threshold","market":"DOGE","minDistanceUsd":{"UP":0.0003,"DOWN":0.0003},"openingPrice":0.088975787,"currentPrice":0.088975784}
[2026-06-15T03:34:23.903Z] WARN Analytics sample recording failed; continuing. {"market":"BTC","slug":"btc-updown-5m-1781494200","error":"ENOENT: no such file or directory, rename 'C:\\DEV\\tests\\Workspace de Yarbis\\Polybot\\data\\analytics-active.json.tmp' -> 'C:\\DEV\\tests\\Workspace de Yarbis\\Polybot\\data\\analytics-active.json'"}
[2026-06-15T03:34:31.645Z] INFO Skipped trade. {"slug":"btc-updown-5m-1781494200","reason":"no_ask_liquidity_under_cap","outcome":"UP"}
[2026-06-15T03:34:56.375Z] INFO Trade attempt recorded. {"mode":"sim","slug":"btc-updown-5m-1781494200","outcome":"UP","amountUsd":5,"bestAsk":0.73,"estimatedShares":6.8493150684931505}
[2026-06-15T03:34:57.704Z] INFO Skipped trade. {"slug":"btc-updown-5m-1781494200","reason":"market_already_traded"}
[2026-06-15T03:35:01.777Z] INFO Resolved trade. {"mode":"sim","slug":"btc-updown-5m-1781494200","outcome":"UP","winningOutcome":"UP","won":true,"finalPrice":65692.93873730779}
[2026-06-15T03:35:01.920Z] INFO Tracking market. {"market":"BTC","slug":"btc-updown-5m-1781494500","title":"Bitcoin Up or Down - June 14, 11:35PM-11:40PM ET","end":"2026-06-15T03:40:00.000Z","upToken":"112922393418276558110672576486967157472506076765171853321049802034422746042693","downToken":"110797610790282050274036848503858896182329466085208275631014069584521900232974","orderMinSize":5,"tickSize":"0.01"}
[2026-06-15T03:35:01.957Z] INFO Captured Chainlink opening tick. {"slug":"btc-updown-5m-1781494500","openingPrice":65692.93873730779,"tickTimestamp":"2026-06-15T03:35:00.000Z"}
[2026-06-15T03:35:01.961Z] INFO Skipped trade. {"slug":"btc-updown-5m-1781494500","reason":"btc_distance_below_threshold","market":"BTC","minDistanceUsd":{"UP":12,"DOWN":12},"openingPrice":65692.93873730779,"currentPrice":65692.93873730779}
[2026-06-15T03:35:01.961Z] INFO Tracking market. {"market":"ETH","slug":"eth-updown-5m-1781494500","title":"Ethereum Up or Down - June 14, 11:35PM-11:40PM ET","end":"2026-06-15T03:40:00.000Z","upToken":"22980988219652221518492444269468430847500035453678202145622121487523828633083","downToken":"101580527904360271955882227079209478825538120702579758759675483237064343073622","orderMinSize":5,"tickSize":"0.01"}
[2026-06-15T03:35:01.961Z] INFO Skipped trade. {"slug":"eth-updown-5m-1781494500","reason":"missing_opening_chainlink_tick"}
[2026-06-15T03:35:01.962Z] INFO Tracking market. {"market":"DOGE","slug":"doge-updown-5m-1781494500","title":"Dogecoin Up or Down - June 14, 11:35PM-11:40PM ET","end":"2026-06-15T03:40:00.000Z","upToken":"93383756166228820792481458898479834985157918336203196456792747325131602938995","downToken":"44824591285335796872682155620300295783612029905906778361814864479005933210959","orderMinSize":5,"tickSize":"0.01"}
[2026-06-15T03:35:01.962Z] INFO Skipped trade. {"slug":"doge-updown-5m-1781494500","reason":"missing_opening_chainlink_tick"}
[2026-06-15T03:35:05.029Z] INFO Captured Chainlink opening tick. {"slug":"eth-updown-5m-1781494500","openingPrice":1719.738,"tickTimestamp":"2026-06-15T03:35:00.000Z"}
[2026-06-15T03:35:05.037Z] INFO Skipped trade. {"slug":"eth-updown-5m-1781494500","reason":"btc_distance_below_threshold","market":"ETH","minDistanceUsd":{"UP":2,"DOWN":2},"openingPrice":1719.738,"currentPrice":1719.762151933065}
[2026-06-15T03:35:05.082Z] INFO Captured Chainlink opening tick. {"slug":"doge-updown-5m-1781494500","openingPrice":0.0888669,"tickTimestamp":"2026-06-15T03:35:00.000Z"}
[2026-06-15T03:35:05.088Z] INFO Skipped trade. {"slug":"doge-updown-5m-1781494500","reason":"btc_distance_below_threshold","market":"DOGE","minDistanceUsd":{"UP":0.0003,"DOWN":0.0003},"openingPrice":0.0888669,"currentPrice":0.0888761}
[2026-06-15T03:39:30.635Z] INFO Skipped trade. {"slug":"btc-updown-5m-1781494500","reason":"no_ask_liquidity_under_cap","outcome":"DOWN"}
[2026-06-15T03:40:02.310Z] INFO Tracking market. {"market":"BTC","slug":"btc-updown-5m-1781494800","title":"Bitcoin Up or Down - June 14, 11:40PM-11:45PM ET","end":"2026-06-15T03:45:00.000Z","upToken":"16133870304701601660704631137619629715797894052457843403302897507758818198575","downToken":"25699904677383987132771151521860917942703955276916048166679536514452852927608","orderMinSize":5,"tickSize":"0.01"}
[2026-06-15T03:40:02.346Z] INFO Captured Chainlink opening tick. {"slug":"btc-updown-5m-1781494800","openingPrice":65684.32298827096,"tickTimestamp":"2026-06-15T03:40:00.000Z"}
[2026-06-15T03:40:02.351Z] INFO Skipped trade. {"slug":"btc-updown-5m-1781494800","reason":"btc_distance_below_threshold","market":"BTC","minDistanceUsd":{"UP":12,"DOWN":12},"openingPrice":65684.32298827096,"currentPrice":65684.32298827096}
[2026-06-15T03:40:02.351Z] INFO Tracking market. {"market":"ETH","slug":"eth-updown-5m-1781494800","title":"Ethereum Up or Down - June 14, 11:40PM-11:45PM ET","end":"2026-06-15T03:45:00.000Z","upToken":"7160699454600090982380267152092560543779418409054665757505102980847761368624","downToken":"85196827217853515109272532523114783169823951719367234632817623144269412753365","orderMinSize":5,"tickSize":"0.01"}
[2026-06-15T03:40:02.352Z] INFO Skipped trade. {"slug":"eth-updown-5m-1781494800","reason":"missing_opening_chainlink_tick"}
[2026-06-15T03:40:02.352Z] INFO Tracking market. {"market":"DOGE","slug":"doge-updown-5m-1781494800","title":"Dogecoin Up or Down - June 14, 11:40PM-11:45PM ET","end":"2026-06-15T03:45:00.000Z","upToken":"80784572426401898081538750672111470464786929766074096201551949603418577699222","downToken":"85783401112016969866937805818486615614775606879071757149151412997826889673777","orderMinSize":5,"tickSize":"0.01"}
[2026-06-15T03:40:02.352Z] INFO Skipped trade. {"slug":"doge-updown-5m-1781494800","reason":"missing_opening_chainlink_tick"}
[2026-06-15T03:40:05.420Z] INFO Captured Chainlink opening tick. {"slug":"eth-updown-5m-1781494800","openingPrice":1719.481462665436,"tickTimestamp":"2026-06-15T03:40:00.000Z"}
[2026-06-15T03:40:05.424Z] INFO Skipped trade. {"slug":"eth-updown-5m-1781494800","reason":"btc_distance_below_threshold","market":"ETH","minDistanceUsd":{"UP":2,"DOWN":2},"openingPrice":1719.481462665436,"currentPrice":1719.48275}
[2026-06-15T03:40:05.455Z] INFO Captured Chainlink opening tick. {"slug":"doge-updown-5m-1781494800","openingPrice":0.088808567,"tickTimestamp":"2026-06-15T03:40:00.000Z"}
[2026-06-15T03:40:05.461Z] INFO Skipped trade. {"slug":"doge-updown-5m-1781494800","reason":"btc_distance_below_threshold","market":"DOGE","minDistanceUsd":{"UP":0.0003,"DOWN":0.0003},"openingPrice":0.088808567,"currentPrice":0.088809196}
[2026-06-15T03:41:29.454Z] INFO Skipped trade. {"slug":"eth-updown-5m-1781494800","reason":"stale_chainlink_tick","tickTimestamp":"2026-06-15T03:41:19.000Z"}
[2026-06-15T03:41:29.454Z] INFO Skipped trade. {"slug":"doge-updown-5m-1781494800","reason":"stale_chainlink_tick","tickTimestamp":"2026-06-15T03:41:19.000Z"}
[2026-06-15T03:44:24.261Z] WARN RTDS websocket closed; reconnecting soon.
[2026-06-15T03:44:24.547Z] WARN RTDS websocket closed; reconnecting soon.
[2026-06-15T03:44:28.053Z] INFO Connected to Polymarket RTDS Chainlink feed.
[2026-06-15T03:44:28.470Z] INFO Connected to Polymarket RTDS Chainlink feed.
[2026-06-15T03:44:30.590Z] INFO Skipped trade. {"slug":"btc-updown-5m-1781494800","reason":"no_ask_liquidity_under_cap","outcome":"UP"}
[2026-06-15T03:44:30.590Z] INFO Skipped trade. {"slug":"eth-updown-5m-1781494800","reason":"no_ask_liquidity_under_cap","outcome":"UP"}
[2026-06-15T03:44:43.624Z] WARN Analytics sample recording failed; continuing. {"market":"ETH","slug":"eth-updown-5m-1781494800","error":"ENOENT: no such file or directory, rename 'C:\\DEV\\tests\\Workspace de Yarbis\\Polybot\\data\\analytics-active.json.tmp' -> 'C:\\DEV\\tests\\Workspace de Yarbis\\Polybot\\data\\analytics-active.json'"}
[2026-06-15T03:45:00.969Z] INFO Tracking market. {"market":"BTC","slug":"btc-updown-5m-1781495100","title":"Bitcoin Up or Down - June 14, 11:45PM-11:50PM ET","end":"2026-06-15T03:50:00.000Z","upToken":"19719242735262701685326428412199109190374717034045914242507472314008124837601","downToken":"28265146508161648418086642579212837740048868931224924764847098979746855543835","orderMinSize":5,"tickSize":"0.01"}
[2026-06-15T03:45:00.969Z] INFO Skipped trade. {"slug":"btc-updown-5m-1781495100","reason":"missing_opening_chainlink_tick"}
[2026-06-15T03:45:00.970Z] INFO Tracking market. {"market":"ETH","slug":"eth-updown-5m-1781495100","title":"Ethereum Up or Down - June 14, 11:45PM-11:50PM ET","end":"2026-06-15T03:50:00.000Z","upToken":"108898633684051509864430779691881957946818533926036403491238191495553992761829","downToken":"89898400542558811151498820209691755057853099051092966651848850136081550007523","orderMinSize":5,"tickSize":"0.01"}
[2026-06-15T03:45:00.970Z] INFO Skipped trade. {"slug":"eth-updown-5m-1781495100","reason":"missing_opening_chainlink_tick"}
[2026-06-15T03:45:00.970Z] INFO Tracking market. {"market":"DOGE","slug":"doge-updown-5m-1781495100","title":"Dogecoin Up or Down - June 14, 11:45PM-11:50PM ET","end":"2026-06-15T03:50:00.000Z","upToken":"12434622707754845405504630075762869364750573158457163875479712756737286695712","downToken":"17614583591298738171284488716918851697177562412987757571210560529478410296735","orderMinSize":5,"tickSize":"0.01"}
[2026-06-15T03:45:00.970Z] INFO Skipped trade. {"slug":"doge-updown-5m-1781495100","reason":"missing_opening_chainlink_tick"}
[2026-06-15T03:45:02.013Z] INFO Captured Chainlink opening tick. {"slug":"btc-updown-5m-1781495100","openingPrice":65865.89551790805,"tickTimestamp":"2026-06-15T03:45:00.000Z"}
[2026-06-15T03:45:02.017Z] INFO Skipped trade. {"slug":"btc-updown-5m-1781495100","reason":"btc_distance_below_threshold","market":"BTC","minDistanceUsd":{"UP":12,"DOWN":12},"openingPrice":65865.89551790805,"currentPrice":65865.89551790805}
[2026-06-15T03:45:04.089Z] INFO Captured Chainlink opening tick. {"slug":"eth-updown-5m-1781495100","openingPrice":1722.0280815392957,"tickTimestamp":"2026-06-15T03:45:00.000Z"}
[2026-06-15T03:45:04.093Z] INFO Skipped trade. {"slug":"eth-updown-5m-1781495100","reason":"btc_distance_below_threshold","market":"ETH","minDistanceUsd":{"UP":2,"DOWN":2},"openingPrice":1722.0280815392957,"currentPrice":1722.0066526398566}
[2026-06-15T03:45:04.122Z] INFO Captured Chainlink opening tick. {"slug":"doge-updown-5m-1781495100","openingPrice":0.089042,"tickTimestamp":"2026-06-15T03:45:00.000Z"}
[2026-06-15T03:45:04.126Z] INFO Skipped trade. {"slug":"doge-updown-5m-1781495100","reason":"btc_distance_below_threshold","market":"DOGE","minDistanceUsd":{"UP":0.0003,"DOWN":0.0003},"openingPrice":0.089042,"currentPrice":0.089036277}
[2026-06-15T03:49:30.095Z] INFO Skipped trade. {"slug":"btc-updown-5m-1781495100","reason":"no_ask_liquidity_under_cap","outcome":"UP"}
[2026-06-15T03:49:46.096Z] INFO Trade attempt recorded. {"mode":"sim","slug":"btc-updown-5m-1781495100","outcome":"UP","amountUsd":5,"bestAsk":0.71,"estimatedShares":7.042253521126761}
[2026-06-15T03:49:47.356Z] INFO Skipped trade. {"slug":"btc-updown-5m-1781495100","reason":"market_already_traded"}
[2026-06-15T03:50:01.546Z] INFO Resolved trade. {"mode":"sim","slug":"btc-updown-5m-1781495100","outcome":"UP","winningOutcome":"UP","won":true,"finalPrice":65890.49369576982}
[2026-06-15T03:50:01.625Z] INFO Tracking market. {"market":"BTC","slug":"btc-updown-5m-1781495400","title":"Bitcoin Up or Down - June 14, 11:50PM-11:55PM ET","end":"2026-06-15T03:55:00.000Z","upToken":"30448626851984599833529274136038989442047081685556451427826918701284275433109","downToken":"38045532786562264344797914758269942266934644006675199060720369539709923103333","orderMinSize":5,"tickSize":"0.01"}
[2026-06-15T03:50:01.683Z] INFO Captured Chainlink opening tick. {"slug":"btc-updown-5m-1781495400","openingPrice":65890.49369576982,"tickTimestamp":"2026-06-15T03:50:00.000Z"}
[2026-06-15T03:50:01.687Z] INFO Skipped trade. {"slug":"btc-updown-5m-1781495400","reason":"btc_distance_below_threshold","market":"BTC","minDistanceUsd":{"UP":12,"DOWN":12},"openingPrice":65890.49369576982,"currentPrice":65890.49369576982}
[2026-06-15T03:50:01.687Z] INFO Tracking market. {"market":"ETH","slug":"eth-updown-5m-1781495400","title":"Ethereum Up or Down - June 14, 11:50PM-11:55PM ET","end":"2026-06-15T03:55:00.000Z","upToken":"5585346172979783111385595959040783925696828508802729279940438287548866137627","downToken":"10194649722558434748830908832327149536288994767466897209029028025183168005411","orderMinSize":5,"tickSize":"0.01"}
[2026-06-15T03:50:01.687Z] INFO Skipped trade. {"slug":"eth-updown-5m-1781495400","reason":"missing_opening_chainlink_tick"}
[2026-06-15T03:50:01.687Z] INFO Tracking market. {"market":"DOGE","slug":"doge-updown-5m-1781495400","title":"Dogecoin Up or Down - June 14, 11:50PM-11:55PM ET","end":"2026-06-15T03:55:00.000Z","upToken":"67526443616621955982262638245399007046951835690115582534157799397095993886197","downToken":"59779788641812133727204983871374687410277336542625321645301084519419149847677","orderMinSize":5,"tickSize":"0.01"}
[2026-06-15T03:50:01.687Z] INFO Skipped trade. {"slug":"doge-updown-5m-1781495400","reason":"missing_opening_chainlink_tick"}
[2026-06-15T03:50:04.757Z] INFO Captured Chainlink opening tick. {"slug":"eth-updown-5m-1781495400","openingPrice":1721.0495059758316,"tickTimestamp":"2026-06-15T03:50:00.000Z"}
[2026-06-15T03:50:04.762Z] INFO Skipped trade. {"slug":"eth-updown-5m-1781495400","reason":"btc_distance_below_threshold","market":"ETH","minDistanceUsd":{"UP":2,"DOWN":2},"openingPrice":1721.0495059758316,"currentPrice":1721.2785925655166}
[2026-06-15T03:50:04.797Z] INFO Captured Chainlink opening tick. {"slug":"doge-updown-5m-1781495400","openingPrice":0.0889701,"tickTimestamp":"2026-06-15T03:50:00.000Z"}
[2026-06-15T03:50:04.803Z] INFO Skipped trade. {"slug":"doge-updown-5m-1781495400","reason":"btc_distance_below_threshold","market":"DOGE","minDistanceUsd":{"UP":0.0003,"DOWN":0.0003},"openingPrice":0.0889701,"currentPrice":0.0889713}
[2026-06-15T03:54:45.280Z] INFO Skipped trade. {"slug":"btc-updown-5m-1781495400","reason":"no_ask_liquidity_under_cap","outcome":"UP"}
[2026-06-15T03:55:00.543Z] INFO Tracking market. {"market":"BTC","slug":"btc-updown-5m-1781495700","title":"Bitcoin Up or Down - June 14, 11:55PM-12:00AM ET","end":"2026-06-15T04:00:00.000Z","upToken":"99218034911338055194469453802485284227736999840296251295890496552934034433426","downToken":"20978975341334773659076769505386172642278552808068044814168339537473527954776","orderMinSize":5,"tickSize":"0.01"}
[2026-06-15T03:55:00.543Z] INFO Skipped trade. {"slug":"btc-updown-5m-1781495700","reason":"missing_opening_chainlink_tick"}
[2026-06-15T03:55:00.543Z] INFO Tracking market. {"market":"ETH","slug":"eth-updown-5m-1781495700","title":"Ethereum Up or Down - June 14, 11:55PM-12:00AM ET","end":"2026-06-15T04:00:00.000Z","upToken":"85869606501118468816150412120018245180374955475431358764104958032448250341278","downToken":"72341558637731208719378443275077886010374857965641236648288664078566448772870","orderMinSize":5,"tickSize":"0.01"}
[2026-06-15T03:55:00.543Z] INFO Skipped trade. {"slug":"eth-updown-5m-1781495700","reason":"missing_opening_chainlink_tick"}
[2026-06-15T03:55:00.543Z] INFO Tracking market. {"market":"DOGE","slug":"doge-updown-5m-1781495700","title":"Dogecoin Up or Down - June 14, 11:55PM-12:00AM ET","end":"2026-06-15T04:00:00.000Z","upToken":"53876356764603090336442069578914761961435524258646420968440861466515782594503","downToken":"111536035553575135053854757884744752042490853808305613046280474106089899972856","orderMinSize":5,"tickSize":"0.01"}
[2026-06-15T03:55:00.544Z] INFO Skipped trade. {"slug":"doge-updown-5m-1781495700","reason":"missing_opening_chainlink_tick"}
[2026-06-15T03:55:01.599Z] INFO Captured Chainlink opening tick. {"slug":"btc-updown-5m-1781495700","openingPrice":65913.58710127753,"tickTimestamp":"2026-06-15T03:55:00.000Z"}
[2026-06-15T03:55:01.606Z] INFO Skipped trade. {"slug":"btc-updown-5m-1781495700","reason":"btc_distance_below_threshold","market":"BTC","minDistanceUsd":{"UP":12,"DOWN":12},"openingPrice":65913.58710127753,"currentPrice":65913.58710127753}
[2026-06-15T03:55:06.124Z] INFO Captured Chainlink opening tick. {"slug":"eth-updown-5m-1781495700","openingPrice":1721.17005,"tickTimestamp":"2026-06-15T03:55:00.000Z"}
[2026-06-15T03:55:06.133Z] INFO Skipped trade. {"slug":"eth-updown-5m-1781495700","reason":"btc_distance_below_threshold","market":"ETH","minDistanceUsd":{"UP":2,"DOWN":2},"openingPrice":1721.17005,"currentPrice":1720.761220767556}
[2026-06-15T03:55:06.160Z] INFO Captured Chainlink opening tick. {"slug":"doge-updown-5m-1781495700","openingPrice":0.088969948,"tickTimestamp":"2026-06-15T03:55:00.000Z"}
[2026-06-15T03:55:06.164Z] INFO Skipped trade. {"slug":"doge-updown-5m-1781495700","reason":"btc_distance_below_threshold","market":"DOGE","minDistanceUsd":{"UP":0.0003,"DOWN":0.0003},"openingPrice":0.088969948,"currentPrice":0.088941}
[2026-06-15T03:59:29.697Z] INFO Skipped trade. {"slug":"btc-updown-5m-1781495700","reason":"no_ask_liquidity_under_cap","outcome":"DOWN"}
[2026-06-15T04:00:02.850Z] WARN Analytics sample recording failed; continuing. {"market":"DOGE","slug":"doge-updown-5m-1781495700","error":"ENOENT: no such file or directory, rename 'C:\\DEV\\tests\\Workspace de Yarbis\\Polybot\\data\\analytics-active.json.tmp' -> 'C:\\DEV\\tests\\Workspace de Yarbis\\Polybot\\data\\analytics-active.json'"}
[2026-06-15T04:00:04.046Z] INFO Tracking market. {"market":"BTC","slug":"btc-updown-5m-1781496000","title":"Bitcoin Up or Down - June 15, 12:00AM-12:05AM ET","end":"2026-06-15T04:05:00.000Z","upToken":"59217937315448523032259101137394469592398955856264234918532522006642213835241","downToken":"74235862423844983484219760245204911165358297709388451614315357397973207347560","orderMinSize":5,"tickSize":"0.01"}
[2026-06-15T04:00:04.250Z] INFO Captured Chainlink opening tick. {"slug":"btc-updown-5m-1781496000","openingPrice":65886.37631555904,"tickTimestamp":"2026-06-15T04:00:00.000Z"}
[2026-06-15T04:00:04.254Z] INFO Skipped trade. {"slug":"btc-updown-5m-1781496000","reason":"btc_distance_below_threshold","market":"BTC","minDistanceUsd":{"UP":12,"DOWN":12},"openingPrice":65886.37631555904,"currentPrice":65881.833975}
[2026-06-15T04:00:04.254Z] INFO Tracking market. {"market":"ETH","slug":"eth-updown-5m-1781496000","title":"Ethereum Up or Down - June 15, 12:00AM-12:05AM ET","end":"2026-06-15T04:05:00.000Z","upToken":"35669323950213595161551157187364772370906330318614350203239947797995010689249","downToken":"109410289966028650521464738076234305906479113298888428464066724443842426089644","orderMinSize":5,"tickSize":"0.01"}
[2026-06-15T04:00:04.254Z] INFO Skipped trade. {"slug":"eth-updown-5m-1781496000","reason":"missing_opening_chainlink_tick"}
[2026-06-15T04:00:04.254Z] INFO Tracking market. {"market":"DOGE","slug":"doge-updown-5m-1781496000","title":"Dogecoin Up or Down - June 15, 12:00AM-12:05AM ET","end":"2026-06-15T04:05:00.000Z","upToken":"8718374798375817630608186443394060041158989294920136852802969592078662709362","downToken":"107099618174934481624497937193325679577368029826878893719184402751321923579138","orderMinSize":5,"tickSize":"0.01"}
[2026-06-15T04:00:04.254Z] INFO Skipped trade. {"slug":"doge-updown-5m-1781496000","reason":"missing_opening_chainlink_tick"}
[2026-06-15T04:00:06.304Z] INFO Captured Chainlink opening tick. {"slug":"eth-updown-5m-1781496000","openingPrice":1719.82295,"tickTimestamp":"2026-06-15T04:00:00.000Z"}
[2026-06-15T04:00:06.308Z] INFO Skipped trade. {"slug":"eth-updown-5m-1781496000","reason":"btc_distance_below_threshold","market":"ETH","minDistanceUsd":{"UP":2,"DOWN":2},"openingPrice":1719.82295,"currentPrice":1719.51362}
[2026-06-15T04:00:06.337Z] INFO Captured Chainlink opening tick. {"slug":"doge-updown-5m-1781496000","openingPrice":0.08891,"tickTimestamp":"2026-06-15T04:00:00.000Z"}
[2026-06-15T04:00:06.341Z] INFO Skipped trade. {"slug":"doge-updown-5m-1781496000","reason":"btc_distance_below_threshold","market":"DOGE","minDistanceUsd":{"UP":0.0003,"DOWN":0.0003},"openingPrice":0.08891,"currentPrice":0.0889}
[2026-06-15T04:04:30.560Z] INFO Skipped trade. {"slug":"btc-updown-5m-1781496000","reason":"no_ask_liquidity_under_cap","outcome":"DOWN"}
[2026-06-15T04:04:30.560Z] INFO Skipped trade. {"slug":"eth-updown-5m-1781496000","reason":"no_ask_liquidity_under_cap","outcome":"DOWN"}
[2026-06-15T04:05:01.667Z] INFO Tracking market. {"market":"BTC","slug":"btc-updown-5m-1781496300","title":"Bitcoin Up or Down - June 15, 12:05AM-12:10AM ET","end":"2026-06-15T04:10:00.000Z","upToken":"48065598064338162199584159017081641998402517608005265750551465377659218592145","downToken":"62116307031031149579751285627979979161429802391798570458584671012349335057155","orderMinSize":5,"tickSize":"0.01"}
[2026-06-15T04:05:01.709Z] INFO Captured Chainlink opening tick. {"slug":"btc-updown-5m-1781496300","openingPrice":65769.97504623863,"tickTimestamp":"2026-06-15T04:05:00.000Z"}
[2026-06-15T04:05:01.713Z] INFO Skipped trade. {"slug":"btc-updown-5m-1781496300","reason":"btc_distance_below_threshold","market":"BTC","minDistanceUsd":{"UP":12,"DOWN":12},"openingPrice":65769.97504623863,"currentPrice":65769.97504623863}
[2026-06-15T04:05:01.713Z] INFO Tracking market. {"market":"ETH","slug":"eth-updown-5m-1781496300","title":"Ethereum Up or Down - June 15, 12:05AM-12:10AM ET","end":"2026-06-15T04:10:00.000Z","upToken":"55493895843422277655538645114705152540776244562686498706979150467204873882890","downToken":"52392073355632175096023850327265583366750523503328679148791803805553103741476","orderMinSize":5,"tickSize":"0.01"}
[2026-06-15T04:05:01.714Z] INFO Skipped trade. {"slug":"eth-updown-5m-1781496300","reason":"missing_opening_chainlink_tick"}
[2026-06-15T04:05:01.714Z] INFO Tracking market. {"market":"DOGE","slug":"doge-updown-5m-1781496300","title":"Dogecoin Up or Down - June 15, 12:05AM-12:10AM ET","end":"2026-06-15T04:10:00.000Z","upToken":"20097022441059107765609245847338583092906115257792050555007560462751887261511","downToken":"23641489824539250756743283133001105222078721764447145890420518071524710006160","orderMinSize":5,"tickSize":"0.01"}
[2026-06-15T04:05:01.714Z] INFO Skipped trade. {"slug":"doge-updown-5m-1781496300","reason":"missing_opening_chainlink_tick"}
[2026-06-15T04:05:05.779Z] INFO Captured Chainlink opening tick. {"slug":"eth-updown-5m-1781496300","openingPrice":1717.463550076961,"tickTimestamp":"2026-06-15T04:05:00.000Z"}
[2026-06-15T04:05:05.784Z] INFO Skipped trade. {"slug":"eth-updown-5m-1781496300","reason":"btc_distance_below_threshold","market":"ETH","minDistanceUsd":{"UP":2,"DOWN":2},"openingPrice":1717.463550076961,"currentPrice":1717.3214}
[2026-06-15T04:05:05.815Z] INFO Captured Chainlink opening tick. {"slug":"doge-updown-5m-1781496300","openingPrice":0.0887869730027427,"tickTimestamp":"2026-06-15T04:05:00.000Z"}
[2026-06-15T04:05:05.820Z] INFO Skipped trade. {"slug":"doge-updown-5m-1781496300","reason":"btc_distance_below_threshold","market":"DOGE","minDistanceUsd":{"UP":0.0003,"DOWN":0.0003},"openingPrice":0.0887869730027427,"currentPrice":0.088771}
[2026-06-15T04:09:32.128Z] INFO Skipped trade. {"slug":"btc-updown-5m-1781496300","reason":"no_ask_liquidity_under_cap","outcome":"DOWN"}
[2026-06-15T04:10:00.816Z] INFO Tracking market. {"market":"BTC","slug":"btc-updown-5m-1781496600","title":"Bitcoin Up or Down - June 15, 12:10AM-12:15AM ET","end":"2026-06-15T04:15:00.000Z","upToken":"49095513100784100208665718184811774592215561397432047140612769523137677334437","downToken":"47189606845276211159206032631817748889162938334024345727473624472077856462959","orderMinSize":5,"tickSize":"0.01"}
[2026-06-15T04:10:00.816Z] INFO Skipped trade. {"slug":"btc-updown-5m-1781496600","reason":"missing_opening_chainlink_tick"}
[2026-06-15T04:10:00.816Z] INFO Tracking market. {"market":"ETH","slug":"eth-updown-5m-1781496600","title":"Ethereum Up or Down - June 15, 12:10AM-12:15AM ET","end":"2026-06-15T04:15:00.000Z","upToken":"18929107254687744104839806557074783894026730260990374646970013926594607468825","downToken":"87461215970738510231591091739208127791046129017698648632365781443964167951982","orderMinSize":5,"tickSize":"0.01"}
[2026-06-15T04:10:00.816Z] INFO Skipped trade. {"slug":"eth-updown-5m-1781496600","reason":"missing_opening_chainlink_tick"}
[2026-06-15T04:10:00.817Z] INFO Tracking market. {"market":"DOGE","slug":"doge-updown-5m-1781496600","title":"Dogecoin Up or Down - June 15, 12:10AM-12:15AM ET","end":"2026-06-15T04:15:00.000Z","upToken":"32676377534516093301198138890701053542680909992211195228253030938518229898116","downToken":"75416200452726106602997452811085900898916754716048385526394993827587616243463","orderMinSize":5,"tickSize":"0.01"}
[2026-06-15T04:10:00.817Z] INFO Skipped trade. {"slug":"doge-updown-5m-1781496600","reason":"missing_opening_chainlink_tick"}
[2026-06-15T04:10:01.859Z] INFO Captured Chainlink opening tick. {"slug":"btc-updown-5m-1781496600","openingPrice":65759.31364247954,"tickTimestamp":"2026-06-15T04:10:00.000Z"}
[2026-06-15T04:10:01.863Z] INFO Skipped trade. {"slug":"btc-updown-5m-1781496600","reason":"btc_distance_below_threshold","market":"BTC","minDistanceUsd":{"UP":12,"DOWN":12},"openingPrice":65759.31364247954,"currentPrice":65759.31364247954}
[2026-06-15T04:10:01.888Z] INFO Captured Chainlink opening tick. {"slug":"eth-updown-5m-1781496600","openingPrice":1719.36385,"tickTimestamp":"2026-06-15T04:10:00.000Z"}
[2026-06-15T04:10:01.892Z] INFO Skipped trade. {"slug":"eth-updown-5m-1781496600","reason":"btc_distance_below_threshold","market":"ETH","minDistanceUsd":{"UP":2,"DOWN":2},"openingPrice":1719.36385,"currentPrice":1719.36385}
[2026-06-15T04:10:01.919Z] INFO Captured Chainlink opening tick. {"slug":"doge-updown-5m-1781496600","openingPrice":0.088867841,"tickTimestamp":"2026-06-15T04:10:00.000Z"}
[2026-06-15T04:10:01.923Z] INFO Skipped trade. {"slug":"doge-updown-5m-1781496600","reason":"btc_distance_below_threshold","market":"DOGE","minDistanceUsd":{"UP":0.0003,"DOWN":0.0003},"openingPrice":0.088867841,"currentPrice":0.088867841}
[2026-06-15T04:14:30.077Z] INFO Skipped trade. {"slug":"btc-updown-5m-1781496600","reason":"no_ask_liquidity_under_cap","outcome":"DOWN"}
[2026-06-15T04:14:39.611Z] WARN Analytics sample recording failed; continuing. {"market":"BTC","slug":"btc-updown-5m-1781496600","error":"ENOENT: no such file or directory, rename 'C:\\DEV\\tests\\Workspace de Yarbis\\Polybot\\data\\analytics-active.json.tmp' -> 'C:\\DEV\\tests\\Workspace de Yarbis\\Polybot\\data\\analytics-active.json'"}
[2026-06-15T04:15:00.721Z] INFO Tracking market. {"market":"BTC","slug":"btc-updown-5m-1781496900","title":"Bitcoin Up or Down - June 15, 12:15AM-12:20AM ET","end":"2026-06-15T04:20:00.000Z","upToken":"206873309551158252556660303923114654245094764760028673843453871113585945930","downToken":"35074969867042808467445285629456526599508304193324798478208393455315230503956","orderMinSize":5,"tickSize":"0.01"}
[2026-06-15T04:15:00.721Z] INFO Skipped trade. {"slug":"btc-updown-5m-1781496900","reason":"missing_opening_chainlink_tick"}
[2026-06-15T04:15:00.722Z] INFO Tracking market. {"market":"ETH","slug":"eth-updown-5m-1781496900","title":"Ethereum Up or Down - June 15, 12:15AM-12:20AM ET","end":"2026-06-15T04:20:00.000Z","upToken":"72504074067910872925389247025145273372177365955022232599747039115077915264188","downToken":"86507387064180747389206887288947750452218476230284556980971479174775439046509","orderMinSize":5,"tickSize":"0.01"}
[2026-06-15T04:15:00.722Z] INFO Skipped trade. {"slug":"eth-updown-5m-1781496900","reason":"missing_opening_chainlink_tick"}
[2026-06-15T04:15:00.722Z] INFO Tracking market. {"market":"DOGE","slug":"doge-updown-5m-1781496900","title":"Dogecoin Up or Down - June 15, 12:15AM-12:20AM ET","end":"2026-06-15T04:20:00.000Z","upToken":"50466383623568822543346536352160494113639854578628085527695546684900295095352","downToken":"66090548681128017241165566691829672748638928257638749087495973387766702808936","orderMinSize":5,"tickSize":"0.01"}
[2026-06-15T04:15:00.723Z] INFO Skipped trade. {"slug":"doge-updown-5m-1781496900","reason":"missing_opening_chainlink_tick"}
[2026-06-15T04:15:01.771Z] INFO Captured Chainlink opening tick. {"slug":"btc-updown-5m-1781496900","openingPrice":65683.048385,"tickTimestamp":"2026-06-15T04:15:00.000Z"}
[2026-06-15T04:15:01.775Z] INFO Skipped trade. {"slug":"btc-updown-5m-1781496900","reason":"btc_distance_below_threshold","market":"BTC","minDistanceUsd":{"UP":12,"DOWN":12},"openingPrice":65683.048385,"currentPrice":65683.048385}
[2026-06-15T04:15:01.801Z] INFO Captured Chainlink opening tick. {"slug":"eth-updown-5m-1781496900","openingPrice":1717.7205,"tickTimestamp":"2026-06-15T04:15:00.000Z"}
[2026-06-15T04:15:01.806Z] INFO Skipped trade. {"slug":"eth-updown-5m-1781496900","reason":"btc_distance_below_threshold","market":"ETH","minDistanceUsd":{"UP":2,"DOWN":2},"openingPrice":1717.7205,"currentPrice":1717.7205}
[2026-06-15T04:15:01.833Z] INFO Captured Chainlink opening tick. {"slug":"doge-updown-5m-1781496900","openingPrice":0.0888731,"tickTimestamp":"2026-06-15T04:15:00.000Z"}
[2026-06-15T04:15:01.837Z] INFO Skipped trade. {"slug":"doge-updown-5m-1781496900","reason":"btc_distance_below_threshold","market":"DOGE","minDistanceUsd":{"UP":0.0003,"DOWN":0.0003},"openingPrice":0.0888731,"currentPrice":0.0888731}
[2026-06-15T04:19:30.322Z] INFO Skipped trade. {"slug":"btc-updown-5m-1781496900","reason":"no_ask_liquidity_under_cap","outcome":"UP"}
[2026-06-15T04:20:00.867Z] INFO Tracking market. {"market":"BTC","slug":"btc-updown-5m-1781497200","title":"Bitcoin Up or Down - June 15, 12:20AM-12:25AM ET","end":"2026-06-15T04:25:00.000Z","upToken":"103534131651384605514941825681262700217893734307920766133208273711206775806740","downToken":"66864244931502542274679521033573947669946891681036535294761053803300770129495","orderMinSize":5,"tickSize":"0.01"}
[2026-06-15T04:20:00.902Z] INFO Captured Chainlink opening tick. {"slug":"btc-updown-5m-1781497200","openingPrice":65733.53050777632,"tickTimestamp":"2026-06-15T04:20:00.000Z"}
[2026-06-15T04:20:00.907Z] INFO Skipped trade. {"slug":"btc-updown-5m-1781497200","reason":"btc_distance_below_threshold","market":"BTC","minDistanceUsd":{"UP":12,"DOWN":12},"openingPrice":65733.53050777632,"currentPrice":65733.53050777632}
[2026-06-15T04:20:00.907Z] INFO Tracking market. {"market":"ETH","slug":"eth-updown-5m-1781497200","title":"Ethereum Up or Down - June 15, 12:20AM-12:25AM ET","end":"2026-06-15T04:25:00.000Z","upToken":"67653525982026868617873501937278893275769435309755835054512869209493073533276","downToken":"65745915882593868020515816013269051371930082419749360350408753862602032739105","orderMinSize":5,"tickSize":"0.01"}
[2026-06-15T04:20:00.907Z] INFO Skipped trade. {"slug":"eth-updown-5m-1781497200","reason":"missing_opening_chainlink_tick"}
[2026-06-15T04:20:00.907Z] INFO Tracking market. {"market":"DOGE","slug":"doge-updown-5m-1781497200","title":"Dogecoin Up or Down - June 15, 12:20AM-12:25AM ET","end":"2026-06-15T04:25:00.000Z","upToken":"4703755015370193343172405668024446932047751919126319348605786893831599897374","downToken":"4287656817156473086268591751516809395254927764893139763298278920941764366435","orderMinSize":5,"tickSize":"0.01"}
[2026-06-15T04:20:00.908Z] INFO Skipped trade. {"slug":"doge-updown-5m-1781497200","reason":"missing_opening_chainlink_tick"}
[2026-06-15T04:20:02.964Z] INFO Captured Chainlink opening tick. {"slug":"eth-updown-5m-1781497200","openingPrice":1718.84245,"tickTimestamp":"2026-06-15T04:20:00.000Z"}
[2026-06-15T04:20:02.971Z] INFO Skipped trade. {"slug":"eth-updown-5m-1781497200","reason":"btc_distance_below_threshold","market":"ETH","minDistanceUsd":{"UP":2,"DOWN":2},"openingPrice":1718.84245,"currentPrice":1718.83605}
[2026-06-15T04:20:03.020Z] INFO Captured Chainlink opening tick. {"slug":"doge-updown-5m-1781497200","openingPrice":0.088946317,"tickTimestamp":"2026-06-15T04:20:00.000Z"}
[2026-06-15T04:20:03.024Z] INFO Skipped trade. {"slug":"doge-updown-5m-1781497200","reason":"btc_distance_below_threshold","market":"DOGE","minDistanceUsd":{"UP":0.0003,"DOWN":0.0003},"openingPrice":0.088946317,"currentPrice":0.088945603}
[2026-06-15T04:24:31.284Z] INFO Skipped trade. {"slug":"btc-updown-5m-1781497200","reason":"no_ask_liquidity_under_cap","outcome":"DOWN"}
[2026-06-15T04:25:06.334Z] INFO Tracking market. {"market":"BTC","slug":"btc-updown-5m-1781497500","title":"Bitcoin Up or Down - June 15, 12:25AM-12:30AM ET","end":"2026-06-15T04:30:00.000Z","upToken":"26600498473557664398685561997031359268850129681736938451846595497704399331279","downToken":"58009045919057099312866688104226816854054898080192317683375823085087812403523","orderMinSize":5,"tickSize":"0.01"}
[2026-06-15T04:25:06.385Z] INFO Captured Chainlink opening tick. {"slug":"btc-updown-5m-1781497500","openingPrice":65717.35501685813,"tickTimestamp":"2026-06-15T04:25:00.000Z"}
[2026-06-15T04:25:06.398Z] INFO Skipped trade. {"slug":"btc-updown-5m-1781497500","reason":"btc_distance_below_threshold","market":"BTC","minDistanceUsd":{"UP":12,"DOWN":12},"openingPrice":65717.35501685813,"currentPrice":65708.10649}
[2026-06-15T04:25:06.398Z] INFO Tracking market. {"market":"ETH","slug":"eth-updown-5m-1781497500","title":"Ethereum Up or Down - June 15, 12:25AM-12:30AM ET","end":"2026-06-15T04:30:00.000Z","upToken":"86066235718854543797468420646621140902044153614302625212005876421858978327790","downToken":"35343902670224078425597976897926387517544916199401714805534470870005104950733","orderMinSize":5,"tickSize":"0.01"}
[2026-06-15T04:25:06.426Z] INFO Captured Chainlink opening tick. {"slug":"eth-updown-5m-1781497500","openingPrice":1718.3237075235875,"tickTimestamp":"2026-06-15T04:25:00.000Z"}
[2026-06-15T04:25:06.430Z] INFO Skipped trade. {"slug":"eth-updown-5m-1781497500","reason":"btc_distance_below_threshold","market":"ETH","minDistanceUsd":{"UP":2,"DOWN":2},"openingPrice":1718.3237075235875,"currentPrice":1718.34386}
[2026-06-15T04:25:06.431Z] INFO Tracking market. {"market":"DOGE","slug":"doge-updown-5m-1781497500","title":"Dogecoin Up or Down - June 15, 12:25AM-12:30AM ET","end":"2026-06-15T04:30:00.000Z","upToken":"52454595165427782101734067988400704767208027212783137268368733893023664046034","downToken":"101242255300590015172455326105201298138606028647524199859614970624408673971657","orderMinSize":5,"tickSize":"0.01"}
[2026-06-15T04:25:06.470Z] INFO Captured Chainlink opening tick. {"slug":"doge-updown-5m-1781497500","openingPrice":0.088906,"tickTimestamp":"2026-06-15T04:25:00.000Z"}
[2026-06-15T04:25:06.472Z] INFO Skipped trade. {"slug":"doge-updown-5m-1781497500","reason":"btc_distance_below_threshold","market":"DOGE","minDistanceUsd":{"UP":0.0003,"DOWN":0.0003},"openingPrice":0.088906,"currentPrice":0.088906}
[2026-06-15T04:29:29.459Z] INFO Skipped trade. {"slug":"btc-updown-5m-1781497500","reason":"no_ask_liquidity_under_cap","outcome":"DOWN"}
[2026-06-15T04:30:00.423Z] INFO Tracking market. {"market":"BTC","slug":"btc-updown-5m-1781497800","title":"Bitcoin Up or Down - June 15, 12:30AM-12:35AM ET","end":"2026-06-15T04:35:00.000Z","upToken":"23831911096180079379374992194037320055333814840504867435890571979938519514268","downToken":"88471302019744557034117794557776052564469958988494380994565244514788067971366","orderMinSize":5,"tickSize":"0.01"}
[2026-06-15T04:30:00.423Z] INFO Skipped trade. {"slug":"btc-updown-5m-1781497800","reason":"missing_opening_chainlink_tick"}
[2026-06-15T04:30:00.423Z] INFO Tracking market. {"market":"ETH","slug":"eth-updown-5m-1781497800","title":"Ethereum Up or Down - June 15, 12:30AM-12:35AM ET","end":"2026-06-15T04:35:00.000Z","upToken":"3536227161013710195950429168406178864424866178298942646213031806575719491789","downToken":"20098999390182889749711903845641872958007890919471323398833345892883234339605","orderMinSize":5,"tickSize":"0.01"}
[2026-06-15T04:30:00.424Z] INFO Skipped trade. {"slug":"eth-updown-5m-1781497800","reason":"missing_opening_chainlink_tick"}
[2026-06-15T04:30:00.424Z] INFO Tracking market. {"market":"DOGE","slug":"doge-updown-5m-1781497800","title":"Dogecoin Up or Down - June 15, 12:30AM-12:35AM ET","end":"2026-06-15T04:35:00.000Z","upToken":"46634002966388353449022960885339508303014170589742491541424377896066496007275","downToken":"111579225196094986469488052392635067865071453474371807021427133779681672905958","orderMinSize":5,"tickSize":"0.01"}
[2026-06-15T04:30:00.424Z] INFO Skipped trade. {"slug":"doge-updown-5m-1781497800","reason":"missing_opening_chainlink_tick"}
[2026-06-15T04:30:01.481Z] INFO Captured Chainlink opening tick. {"slug":"btc-updown-5m-1781497800","openingPrice":65683.43759073332,"tickTimestamp":"2026-06-15T04:30:00.000Z"}
[2026-06-15T04:30:01.486Z] INFO Skipped trade. {"slug":"btc-updown-5m-1781497800","reason":"btc_distance_below_threshold","market":"BTC","minDistanceUsd":{"UP":12,"DOWN":12},"openingPrice":65683.43759073332,"currentPrice":65683.43759073332}
[2026-06-15T04:30:03.549Z] INFO Captured Chainlink opening tick. {"slug":"eth-updown-5m-1781497800","openingPrice":1717.93355,"tickTimestamp":"2026-06-15T04:30:00.000Z"}
[2026-06-15T04:30:03.554Z] INFO Skipped trade. {"slug":"eth-updown-5m-1781497800","reason":"btc_distance_below_threshold","market":"ETH","minDistanceUsd":{"UP":2,"DOWN":2},"openingPrice":1717.93355,"currentPrice":1717.93715}
[2026-06-15T04:30:03.585Z] INFO Captured Chainlink opening tick. {"slug":"doge-updown-5m-1781497800","openingPrice":0.088769,"tickTimestamp":"2026-06-15T04:30:00.000Z"}
[2026-06-15T04:30:03.590Z] INFO Skipped trade. {"slug":"doge-updown-5m-1781497800","reason":"btc_distance_below_threshold","market":"DOGE","minDistanceUsd":{"UP":0.0003,"DOWN":0.0003},"openingPrice":0.088769,"currentPrice":0.0887675}
[2026-06-15T04:31:58.083Z] INFO Skipped trade. {"slug":"btc-updown-5m-1781497800","reason":"stale_chainlink_tick","tickTimestamp":"2026-06-15T04:31:48.000Z"}
[2026-06-15T04:31:58.084Z] INFO Skipped trade. {"slug":"eth-updown-5m-1781497800","reason":"stale_chainlink_tick","tickTimestamp":"2026-06-15T04:31:48.000Z"}
[2026-06-15T04:31:59.113Z] INFO Skipped trade. {"slug":"doge-updown-5m-1781497800","reason":"stale_chainlink_tick","tickTimestamp":"2026-06-15T04:31:49.000Z"}
[2026-06-15T04:35:01.260Z] INFO Tracking market. {"market":"BTC","slug":"btc-updown-5m-1781498100","title":"Bitcoin Up or Down - June 15, 12:35AM-12:40AM ET","end":"2026-06-15T04:40:00.000Z","upToken":"56124819171284756334117560833226588232984631547732180664397560582413133162952","downToken":"18291234293144147955440318168680942964439800016085147428374538748635434721557","orderMinSize":5,"tickSize":"0.01"}
[2026-06-15T04:35:01.261Z] INFO Skipped trade. {"slug":"btc-updown-5m-1781498100","reason":"missing_opening_chainlink_tick"}
[2026-06-15T04:35:01.261Z] INFO Tracking market. {"market":"ETH","slug":"eth-updown-5m-1781498100","title":"Ethereum Up or Down - June 15, 12:35AM-12:40AM ET","end":"2026-06-15T04:40:00.000Z","upToken":"79502515552577338511726596262413983260882318759941645121908499345904945095836","downToken":"85577622004961616002743928392134074562355453266110264657393337837417236061538","orderMinSize":5,"tickSize":"0.01"}
[2026-06-15T04:35:01.261Z] INFO Skipped trade. {"slug":"eth-updown-5m-1781498100","reason":"missing_opening_chainlink_tick"}
[2026-06-15T04:35:01.261Z] INFO Tracking market. {"market":"DOGE","slug":"doge-updown-5m-1781498100","title":"Dogecoin Up or Down - June 15, 12:35AM-12:40AM ET","end":"2026-06-15T04:40:00.000Z","upToken":"33952899474846823864620170210516048573772145829589734970563982557642592713068","downToken":"76335836018908010249995329287939233245031005416048959253774648873851823731219","orderMinSize":5,"tickSize":"0.01"}
[2026-06-15T04:35:01.262Z] INFO Skipped trade. {"slug":"doge-updown-5m-1781498100","reason":"missing_opening_chainlink_tick"}
[2026-06-15T04:35:02.299Z] INFO Captured Chainlink opening tick. {"slug":"btc-updown-5m-1781498100","openingPrice":65684.76267732723,"tickTimestamp":"2026-06-15T04:35:00.000Z"}
[2026-06-15T04:35:02.305Z] INFO Skipped trade. {"slug":"btc-updown-5m-1781498100","reason":"btc_distance_below_threshold","market":"BTC","minDistanceUsd":{"UP":12,"DOWN":12},"openingPrice":65684.76267732723,"currentPrice":65684.58924}
[2026-06-15T04:35:04.373Z] INFO Captured Chainlink opening tick. {"slug":"eth-updown-5m-1781498100","openingPrice":1717.3361321954526,"tickTimestamp":"2026-06-15T04:35:00.000Z"}
[2026-06-15T04:35:04.377Z] INFO Skipped trade. {"slug":"eth-updown-5m-1781498100","reason":"btc_distance_below_threshold","market":"ETH","minDistanceUsd":{"UP":2,"DOWN":2},"openingPrice":1717.3361321954526,"currentPrice":1717.3359322068525}
[2026-06-15T04:35:04.403Z] INFO Captured Chainlink opening tick. {"slug":"doge-updown-5m-1781498100","openingPrice":0.0887047,"tickTimestamp":"2026-06-15T04:35:00.000Z"}
[2026-06-15T04:35:04.412Z] INFO Skipped trade. {"slug":"doge-updown-5m-1781498100","reason":"btc_distance_below_threshold","market":"DOGE","minDistanceUsd":{"UP":0.0003,"DOWN":0.0003},"openingPrice":0.0887047,"currentPrice":0.0887047}
[2026-06-15T04:39:28.897Z] INFO Skipped trade. {"slug":"btc-updown-5m-1781498100","reason":"no_ask_liquidity_under_cap","outcome":"DOWN"}
[2026-06-15T04:40:00.987Z] INFO Tracking market. {"market":"BTC","slug":"btc-updown-5m-1781498400","title":"Bitcoin Up or Down - June 15, 12:40AM-12:45AM ET","end":"2026-06-15T04:45:00.000Z","upToken":"75741625339068133444201376048247164230995506438088924648229592111661246511114","downToken":"61387984770076490860943426618216353652434828413206565218458105337315583472474","orderMinSize":5,"tickSize":"0.01"}
[2026-06-15T04:40:00.987Z] INFO Skipped trade. {"slug":"btc-updown-5m-1781498400","reason":"missing_opening_chainlink_tick"}
[2026-06-15T04:40:00.987Z] INFO Tracking market. {"market":"ETH","slug":"eth-updown-5m-1781498400","title":"Ethereum Up or Down - June 15, 12:40AM-12:45AM ET","end":"2026-06-15T04:45:00.000Z","upToken":"100744158095589304951318462548623664951078398319630974368129329052081262468121","downToken":"5234371248937119966055321001947660641380826966751187972648287431307588700857","orderMinSize":5,"tickSize":"0.01"}
[2026-06-15T04:40:00.987Z] INFO Skipped trade. {"slug":"eth-updown-5m-1781498400","reason":"missing_opening_chainlink_tick"}
[2026-06-15T04:40:00.987Z] INFO Tracking market. {"market":"DOGE","slug":"doge-updown-5m-1781498400","title":"Dogecoin Up or Down - June 15, 12:40AM-12:45AM ET","end":"2026-06-15T04:45:00.000Z","upToken":"56884947851121562735307712577068692294361669994863873565112161106325457449124","downToken":"52156532611728272069831505140170137706289685381689047799287901262788372632319","orderMinSize":5,"tickSize":"0.01"}
[2026-06-15T04:40:00.987Z] INFO Skipped trade. {"slug":"doge-updown-5m-1781498400","reason":"missing_opening_chainlink_tick"}
[2026-06-15T04:40:02.034Z] INFO Captured Chainlink opening tick. {"slug":"btc-updown-5m-1781498400","openingPrice":65648.14373610009,"tickTimestamp":"2026-06-15T04:40:00.000Z"}
[2026-06-15T04:40:02.038Z] INFO Skipped trade. {"slug":"btc-updown-5m-1781498400","reason":"btc_distance_below_threshold","market":"BTC","minDistanceUsd":{"UP":12,"DOWN":12},"openingPrice":65648.14373610009,"currentPrice":65648.14373610009}
[2026-06-15T04:40:04.076Z] INFO Captured Chainlink opening tick. {"slug":"eth-updown-5m-1781498400","openingPrice":1716.4172946994609,"tickTimestamp":"2026-06-15T04:40:00.000Z"}
[2026-06-15T04:40:04.097Z] INFO Skipped trade. {"slug":"eth-updown-5m-1781498400","reason":"btc_distance_below_threshold","market":"ETH","minDistanceUsd":{"UP":2,"DOWN":2},"openingPrice":1716.4172946994609,"currentPrice":1716.4248647946717}
[2026-06-15T04:40:05.143Z] INFO Captured Chainlink opening tick. {"slug":"doge-updown-5m-1781498400","openingPrice":0.0886315803786707,"tickTimestamp":"2026-06-15T04:40:00.000Z"}
[2026-06-15T04:40:05.147Z] INFO Skipped trade. {"slug":"doge-updown-5m-1781498400","reason":"btc_distance_below_threshold","market":"DOGE","minDistanceUsd":{"UP":0.0003,"DOWN":0.0003},"openingPrice":0.0886315803786707,"currentPrice":0.0886315498989694}
[2026-06-15T04:44:29.543Z] INFO Trade attempt recorded. {"mode":"sim","slug":"btc-updown-5m-1781498400","outcome":"DOWN","amountUsd":5,"bestAsk":0.71,"estimatedShares":7.042253521126761}
[2026-06-15T04:44:30.861Z] INFO Skipped trade. {"slug":"btc-updown-5m-1781498400","reason":"market_already_traded"}
[2026-06-15T04:44:43.885Z] WARN Analytics sample recording failed; continuing. {"market":"ETH","slug":"eth-updown-5m-1781498400","error":"ENOENT: no such file or directory, rename 'C:\\DEV\\tests\\Workspace de Yarbis\\Polybot\\data\\analytics-active.json.tmp' -> 'C:\\DEV\\tests\\Workspace de Yarbis\\Polybot\\data\\analytics-active.json'"}
[2026-06-15T04:45:01.084Z] INFO Tracking market. {"market":"BTC","slug":"btc-updown-5m-1781498700","title":"Bitcoin Up or Down - June 15, 12:45AM-12:50AM ET","end":"2026-06-15T04:50:00.000Z","upToken":"107013314764960242161856025146568406215970222183213198230904596369957410161403","downToken":"71752608836810548163428985648251909559259016920328644588046932507805929431000","orderMinSize":5,"tickSize":"0.01"}
[2026-06-15T04:45:01.084Z] INFO Skipped trade. {"slug":"btc-updown-5m-1781498700","reason":"missing_opening_chainlink_tick"}
[2026-06-15T04:45:01.084Z] INFO Tracking market. {"market":"ETH","slug":"eth-updown-5m-1781498700","title":"Ethereum Up or Down - June 15, 12:45AM-12:50AM ET","end":"2026-06-15T04:50:00.000Z","upToken":"47564096250033304537457334631660307823623873297668169459935328466337732085483","downToken":"42133872729657328042683810950850255513624838847590592546294891646953131445708","orderMinSize":5,"tickSize":"0.01"}
[2026-06-15T04:45:01.085Z] INFO Skipped trade. {"slug":"eth-updown-5m-1781498700","reason":"missing_opening_chainlink_tick"}
[2026-06-15T04:45:01.085Z] INFO Tracking market. {"market":"DOGE","slug":"doge-updown-5m-1781498700","title":"Dogecoin Up or Down - June 15, 12:45AM-12:50AM ET","end":"2026-06-15T04:50:00.000Z","upToken":"115619420793415500677699066969860474741506954428546383209370165042335236268058","downToken":"69281569628860014115467304654654350922363855164475779103071957494298191362100","orderMinSize":5,"tickSize":"0.01"}
[2026-06-15T04:45:01.085Z] INFO Skipped trade. {"slug":"doge-updown-5m-1781498700","reason":"missing_opening_chainlink_tick"}
[2026-06-15T04:45:05.157Z] INFO Resolved trade. {"mode":"sim","slug":"btc-updown-5m-1781498400","outcome":"DOWN","winningOutcome":"DOWN","won":true,"finalPrice":65641.95783561961}
[2026-06-15T04:45:05.187Z] INFO Captured Chainlink opening tick. {"slug":"btc-updown-5m-1781498700","openingPrice":65646.57377182151,"tickTimestamp":"2026-06-15T04:45:00.000Z"}
[2026-06-15T04:45:05.191Z] INFO Skipped trade. {"slug":"btc-updown-5m-1781498700","reason":"btc_distance_below_threshold","market":"BTC","minDistanceUsd":{"UP":12,"DOWN":12},"openingPrice":65646.57377182151,"currentPrice":65641.95783561961}
[2026-06-15T04:45:05.218Z] INFO Captured Chainlink opening tick. {"slug":"eth-updown-5m-1781498700","openingPrice":1716.2007974711744,"tickTimestamp":"2026-06-15T04:45:00.000Z"}
[2026-06-15T04:45:05.225Z] INFO Skipped trade. {"slug":"eth-updown-5m-1781498700","reason":"btc_distance_below_threshold","market":"ETH","minDistanceUsd":{"UP":2,"DOWN":2},"openingPrice":1716.2007974711744,"currentPrice":1716.1911853415697}
[2026-06-15T04:45:05.254Z] INFO Captured Chainlink opening tick. {"slug":"doge-updown-5m-1781498700","openingPrice":0.0885829386706154,"tickTimestamp":"2026-06-15T04:45:00.000Z"}
[2026-06-15T04:45:05.267Z] INFO Skipped trade. {"slug":"doge-updown-5m-1781498700","reason":"btc_distance_below_threshold","market":"DOGE","minDistanceUsd":{"UP":0.0003,"DOWN":0.0003},"openingPrice":0.0885829386706154,"currentPrice":0.088583518}
[2026-06-15T04:45:58.155Z] INFO Skipped trade. {"slug":"eth-updown-5m-1781498700","reason":"stale_chainlink_tick","tickTimestamp":"2026-06-15T04:45:48.000Z"}
[2026-06-15T04:45:58.155Z] INFO Skipped trade. {"slug":"doge-updown-5m-1781498700","reason":"stale_chainlink_tick","tickTimestamp":"2026-06-15T04:45:48.000Z"}
[2026-06-15T04:49:28.651Z] INFO Trade attempt recorded. {"mode":"sim","slug":"btc-updown-5m-1781498700","outcome":"UP","amountUsd":5,"bestAsk":0.43,"estimatedShares":11.627906976744185}
[2026-06-15T04:49:29.835Z] INFO Skipped trade. {"slug":"btc-updown-5m-1781498700","reason":"market_already_traded"}
[2026-06-15T04:50:00.866Z] INFO Tracking market. {"market":"BTC","slug":"btc-updown-5m-1781499000","title":"Bitcoin Up or Down - June 15, 12:50AM-12:55AM ET","end":"2026-06-15T04:55:00.000Z","upToken":"95961363284590126694103462660948347134332270499120237052154120345839744157348","downToken":"18103610629326558480722405388288569324582339813471741369378007447853468364363","orderMinSize":5,"tickSize":"0.01"}
[2026-06-15T04:50:00.866Z] INFO Skipped trade. {"slug":"btc-updown-5m-1781499000","reason":"missing_opening_chainlink_tick"}
[2026-06-15T04:50:00.866Z] INFO Tracking market. {"market":"ETH","slug":"eth-updown-5m-1781499000","title":"Ethereum Up or Down - June 15, 12:50AM-12:55AM ET","end":"2026-06-15T04:55:00.000Z","upToken":"105837497816746233148060406237004382578606670888647104432615944032451475552991","downToken":"73669900045800334852278536630829260816963433228183020725818391914942355837123","orderMinSize":5,"tickSize":"0.01"}
[2026-06-15T04:50:00.866Z] INFO Skipped trade. {"slug":"eth-updown-5m-1781499000","reason":"missing_opening_chainlink_tick"}
[2026-06-15T04:50:00.867Z] INFO Tracking market. {"market":"DOGE","slug":"doge-updown-5m-1781499000","title":"Dogecoin Up or Down - June 15, 12:50AM-12:55AM ET","end":"2026-06-15T04:55:00.000Z","upToken":"16465928079482465149027967198583303283837705496278083694988695687665258321403","downToken":"98280882387245918805910025686045342911073461628234902828138834572880432731028","orderMinSize":5,"tickSize":"0.01"}
[2026-06-15T04:50:00.867Z] INFO Skipped trade. {"slug":"doge-updown-5m-1781499000","reason":"missing_opening_chainlink_tick"}
[2026-06-15T04:50:01.908Z] INFO Resolved trade. {"mode":"sim","slug":"btc-updown-5m-1781498700","outcome":"UP","winningOutcome":"DOWN","won":false,"finalPrice":65640.80428020383}
[2026-06-15T04:50:01.943Z] INFO Captured Chainlink opening tick. {"slug":"btc-updown-5m-1781499000","openingPrice":65640.50625975041,"tickTimestamp":"2026-06-15T04:50:00.000Z"}
[2026-06-15T04:50:01.950Z] INFO Skipped trade. {"slug":"btc-updown-5m-1781499000","reason":"btc_distance_below_threshold","market":"BTC","minDistanceUsd":{"UP":12,"DOWN":12},"openingPrice":65640.50625975041,"currentPrice":65640.80428020383}
[2026-06-15T04:50:05.021Z] INFO Captured Chainlink opening tick. {"slug":"eth-updown-5m-1781499000","openingPrice":1717.5981,"tickTimestamp":"2026-06-15T04:50:00.000Z"}
[2026-06-15T04:50:05.024Z] INFO Skipped trade. {"slug":"eth-updown-5m-1781499000","reason":"btc_distance_below_threshold","market":"ETH","minDistanceUsd":{"UP":2,"DOWN":2},"openingPrice":1717.5981,"currentPrice":1717.6586}
[2026-06-15T04:50:05.058Z] INFO Captured Chainlink opening tick. {"slug":"doge-updown-5m-1781499000","openingPrice":0.088706,"tickTimestamp":"2026-06-15T04:50:00.000Z"}
[2026-06-15T04:50:05.066Z] INFO Skipped trade. {"slug":"doge-updown-5m-1781499000","reason":"btc_distance_below_threshold","market":"DOGE","minDistanceUsd":{"UP":0.0003,"DOWN":0.0003},"openingPrice":0.088706,"currentPrice":0.088707}
[2026-06-15T04:52:41.458Z] WARN Bot loop iteration failed; retrying. {"error":"fetch failed"}
[2026-06-15T04:54:49.834Z] INFO Trade attempt recorded. {"mode":"sim","slug":"btc-updown-5m-1781499000","outcome":"UP","amountUsd":5,"bestAsk":0.22,"estimatedShares":21.655}
[2026-06-15T04:54:51.155Z] INFO Skipped trade. {"slug":"btc-updown-5m-1781499000","reason":"market_already_traded"}
[2026-06-15T04:55:03.370Z] INFO Resolved trade. {"mode":"sim","slug":"btc-updown-5m-1781499000","outcome":"UP","winningOutcome":"DOWN","won":false,"finalPrice":65627.861105}
[2026-06-15T04:55:03.540Z] INFO Tracking market. {"market":"BTC","slug":"btc-updown-5m-1781499300","title":"Bitcoin Up or Down - June 15, 12:55AM-1:00AM ET","end":"2026-06-15T05:00:00.000Z","upToken":"47489687799521603595149379657486329489444784499904488215730763577909644725880","downToken":"87854738315781757980837545921581173139998839919435241772457835366774116227942","orderMinSize":5,"tickSize":"0.01"}
[2026-06-15T04:55:03.567Z] INFO Captured Chainlink opening tick. {"slug":"btc-updown-5m-1781499300","openingPrice":65627.935445,"tickTimestamp":"2026-06-15T04:55:00.000Z"}
[2026-06-15T04:55:03.571Z] INFO Skipped trade. {"slug":"btc-updown-5m-1781499300","reason":"btc_distance_below_threshold","market":"BTC","minDistanceUsd":{"UP":12,"DOWN":12},"openingPrice":65627.935445,"currentPrice":65627.861105}
[2026-06-15T04:55:03.571Z] INFO Tracking market. {"market":"ETH","slug":"eth-updown-5m-1781499300","title":"Ethereum Up or Down - June 15, 12:55AM-1:00AM ET","end":"2026-06-15T05:00:00.000Z","upToken":"19078420175547771658221463709200836958340070109266059203484980608680328722231","downToken":"9972944361455486596956834401428871617864324594010212867030929364794136287991","orderMinSize":5,"tickSize":"0.01"}
[2026-06-15T04:55:03.571Z] INFO Skipped trade. {"slug":"eth-updown-5m-1781499300","reason":"missing_opening_chainlink_tick"}
[2026-06-15T04:55:03.571Z] INFO Tracking market. {"market":"DOGE","slug":"doge-updown-5m-1781499300","title":"Dogecoin Up or Down - June 15, 12:55AM-1:00AM ET","end":"2026-06-15T05:00:00.000Z","upToken":"109764438780062477383574133470304354860463626971060369944864887678936188307238","downToken":"62300606453142330314558129831989703343692996485555396067517350506069175153047","orderMinSize":5,"tickSize":"0.01"}
[2026-06-15T04:55:03.572Z] INFO Skipped trade. {"slug":"doge-updown-5m-1781499300","reason":"missing_opening_chainlink_tick"}
[2026-06-15T04:55:05.623Z] INFO Captured Chainlink opening tick. {"slug":"eth-updown-5m-1781499300","openingPrice":1717.24197,"tickTimestamp":"2026-06-15T04:55:00.000Z"}
[2026-06-15T04:55:05.628Z] INFO Skipped trade. {"slug":"eth-updown-5m-1781499300","reason":"btc_distance_below_threshold","market":"ETH","minDistanceUsd":{"UP":2,"DOWN":2},"openingPrice":1717.24197,"currentPrice":1716.4446587901812}
[2026-06-15T04:55:05.667Z] INFO Captured Chainlink opening tick. {"slug":"doge-updown-5m-1781499300","openingPrice":0.0886252,"tickTimestamp":"2026-06-15T04:55:00.000Z"}
[2026-06-15T04:55:05.671Z] INFO Skipped trade. {"slug":"doge-updown-5m-1781499300","reason":"btc_distance_below_threshold","market":"DOGE","minDistanceUsd":{"UP":0.0003,"DOWN":0.0003},"openingPrice":0.0886252,"currentPrice":0.088591}
[2026-06-15T04:55:58.623Z] INFO Skipped trade. {"slug":"eth-updown-5m-1781499300","reason":"stale_chainlink_tick","tickTimestamp":"2026-06-15T04:55:48.000Z"}
[2026-06-15T04:55:58.624Z] INFO Skipped trade. {"slug":"doge-updown-5m-1781499300","reason":"stale_chainlink_tick","tickTimestamp":"2026-06-15T04:55:48.000Z"}
[2026-06-15T04:59:57.135Z] INFO Skipped trade. {"slug":"btc-updown-5m-1781499300","reason":"no_ask_liquidity_under_cap","outcome":"DOWN"}
[2026-06-15T05:00:01.104Z] INFO Tracking market. {"market":"BTC","slug":"btc-updown-5m-1781499600","title":"Bitcoin Up or Down - June 15, 1:00AM-1:05AM ET","end":"2026-06-15T05:05:00.000Z","upToken":"82536221986802778716328442293450855951121597695612253310184727508198890713987","downToken":"29061543213904398826386618281643155472259701427089056018395521857627817342347","orderMinSize":5,"tickSize":"0.01"}
[2026-06-15T05:00:01.104Z] INFO Skipped trade. {"slug":"btc-updown-5m-1781499600","reason":"missing_opening_chainlink_tick"}
[2026-06-15T05:00:01.104Z] INFO Tracking market. {"market":"ETH","slug":"eth-updown-5m-1781499600","title":"Ethereum Up or Down - June 15, 1:00AM-1:05AM ET","end":"2026-06-15T05:05:00.000Z","upToken":"76272840799247618878815497495199324862752499296057784946636788303619148298489","downToken":"99690310494771367053798089056463726276739365606736696032913652671465533401660","orderMinSize":5,"tickSize":"0.01"}
[2026-06-15T05:00:01.104Z] INFO Skipped trade. {"slug":"eth-updown-5m-1781499600","reason":"missing_opening_chainlink_tick"}
[2026-06-15T05:00:01.104Z] INFO Tracking market. {"market":"DOGE","slug":"doge-updown-5m-1781499600","title":"Dogecoin Up or Down - June 15, 1:00AM-1:05AM ET","end":"2026-06-15T05:05:00.000Z","upToken":"83123900661307296329268191909900704332121355403162939576167173060870117899295","downToken":"56553586667794376782952881435968618641176313194995239030057338411831016298511","orderMinSize":5,"tickSize":"0.01"}
[2026-06-15T05:00:01.105Z] INFO Skipped trade. {"slug":"doge-updown-5m-1781499600","reason":"missing_opening_chainlink_tick"}
[2026-06-15T05:00:02.145Z] INFO Captured Chainlink opening tick. {"slug":"btc-updown-5m-1781499600","openingPrice":65604.55256229294,"tickTimestamp":"2026-06-15T05:00:00.000Z"}
[2026-06-15T05:00:02.151Z] INFO Skipped trade. {"slug":"btc-updown-5m-1781499600","reason":"btc_distance_below_threshold","market":"BTC","minDistanceUsd":{"UP":12,"DOWN":12},"openingPrice":65604.55256229294,"currentPrice":65604.55256229294}
[2026-06-15T05:00:06.817Z] INFO Captured Chainlink opening tick. {"slug":"eth-updown-5m-1781499600","openingPrice":1716.1455851129203,"tickTimestamp":"2026-06-15T05:00:00.000Z"}
[2026-06-15T05:00:06.820Z] INFO Skipped trade. {"slug":"eth-updown-5m-1781499600","reason":"btc_distance_below_threshold","market":"ETH","minDistanceUsd":{"UP":2,"DOWN":2},"openingPrice":1716.1455851129203,"currentPrice":1716.020105}
[2026-06-15T05:00:06.854Z] INFO Captured Chainlink opening tick. {"slug":"doge-updown-5m-1781499600","openingPrice":0.0885192,"tickTimestamp":"2026-06-15T05:00:00.000Z"}
[2026-06-15T05:00:06.857Z] INFO Skipped trade. {"slug":"doge-updown-5m-1781499600","reason":"btc_distance_below_threshold","market":"DOGE","minDistanceUsd":{"UP":0.0003,"DOWN":0.0003},"openingPrice":0.0885192,"currentPrice":0.08851}
[2026-06-15T05:04:31.018Z] INFO Skipped trade. {"slug":"btc-updown-5m-1781499600","reason":"no_ask_liquidity_under_cap","outcome":"DOWN"}
[2026-06-15T05:05:00.953Z] INFO Tracking market. {"market":"BTC","slug":"btc-updown-5m-1781499900","title":"Bitcoin Up or Down - June 15, 1:05AM-1:10AM ET","end":"2026-06-15T05:10:00.000Z","upToken":"104837575837117086707241591961937579007957838191322854035151267419221400253541","downToken":"32684904881968073985998797679672218912976758454650837604810474011435393690861","orderMinSize":5,"tickSize":"0.01"}
[2026-06-15T05:05:00.953Z] INFO Skipped trade. {"slug":"btc-updown-5m-1781499900","reason":"missing_opening_chainlink_tick"}
[2026-06-15T05:05:00.953Z] INFO Tracking market. {"market":"ETH","slug":"eth-updown-5m-1781499900","title":"Ethereum Up or Down - June 15, 1:05AM-1:10AM ET","end":"2026-06-15T05:10:00.000Z","upToken":"45880931985612740804460104341500073779473534813962910158992977738899057919660","downToken":"69073407463601881373655081362339210341206065046082936133230199037734222117098","orderMinSize":5,"tickSize":"0.01"}
[2026-06-15T05:05:00.954Z] INFO Skipped trade. {"slug":"eth-updown-5m-1781499900","reason":"missing_opening_chainlink_tick"}
[2026-06-15T05:05:00.954Z] INFO Tracking market. {"market":"DOGE","slug":"doge-updown-5m-1781499900","title":"Dogecoin Up or Down - June 15, 1:05AM-1:10AM ET","end":"2026-06-15T05:10:00.000Z","upToken":"23789019344361116105457550126213073964126943574684988931089956822571230122096","downToken":"85387553540712138478990927741164380176579516121258957000847261269956711061828","orderMinSize":5,"tickSize":"0.01"}
[2026-06-15T05:05:00.954Z] INFO Skipped trade. {"slug":"doge-updown-5m-1781499900","reason":"missing_opening_chainlink_tick"}
[2026-06-15T05:05:02.000Z] INFO Captured Chainlink opening tick. {"slug":"btc-updown-5m-1781499900","openingPrice":65586.83023543138,"tickTimestamp":"2026-06-15T05:05:00.000Z"}
[2026-06-15T05:05:02.004Z] INFO Skipped trade. {"slug":"btc-updown-5m-1781499900","reason":"btc_distance_below_threshold","market":"BTC","minDistanceUsd":{"UP":12,"DOWN":12},"openingPrice":65586.83023543138,"currentPrice":65586.83023543138}
[2026-06-15T05:05:06.593Z] INFO Captured Chainlink opening tick. {"slug":"eth-updown-5m-1781499900","openingPrice":1715.361305,"tickTimestamp":"2026-06-15T05:05:00.000Z"}
[2026-06-15T05:05:06.597Z] INFO Skipped trade. {"slug":"eth-updown-5m-1781499900","reason":"btc_distance_below_threshold","market":"ETH","minDistanceUsd":{"UP":2,"DOWN":2},"openingPrice":1715.361305,"currentPrice":1715.33955}
[2026-06-15T05:05:06.621Z] INFO Captured Chainlink opening tick. {"slug":"doge-updown-5m-1781499900","openingPrice":0.0884916633212107,"tickTimestamp":"2026-06-15T05:05:00.000Z"}
[2026-06-15T05:05:06.625Z] INFO Skipped trade. {"slug":"doge-updown-5m-1781499900","reason":"btc_distance_below_threshold","market":"DOGE","minDistanceUsd":{"UP":0.0003,"DOWN":0.0003},"openingPrice":0.0884916633212107,"currentPrice":0.088492}
[2026-06-15T05:09:32.786Z] INFO Skipped trade. {"slug":"btc-updown-5m-1781499900","reason":"no_ask_liquidity_under_cap","outcome":"UP"}
[2026-06-15T05:09:58.673Z] INFO Trade attempt recorded. {"mode":"sim","slug":"btc-updown-5m-1781499900","outcome":"UP","amountUsd":5,"bestAsk":0.75,"estimatedShares":6.666666666666667}
[2026-06-15T05:10:00.096Z] INFO Skipped trade. {"slug":"btc-updown-5m-1781499900","reason":"market_already_traded"}
[2026-06-15T05:10:01.726Z] INFO Resolved trade. {"mode":"sim","slug":"btc-updown-5m-1781499900","outcome":"UP","winningOutcome":"UP","won":true,"finalPrice":65594.690815}
[2026-06-15T05:10:01.760Z] INFO Tracking market. {"market":"BTC","slug":"btc-updown-5m-1781500200","title":"Bitcoin Up or Down - June 15, 1:10AM-1:15AM ET","end":"2026-06-15T05:15:00.000Z","upToken":"82748050314250279316300337083619337763123177958493633949374219255103246912326","downToken":"75924376803284793252579959717193845270918138237444902600318442541809988741095","orderMinSize":5,"tickSize":"0.01"}
[2026-06-15T05:10:01.786Z] INFO Captured Chainlink opening tick. {"slug":"btc-updown-5m-1781500200","openingPrice":65594.690815,"tickTimestamp":"2026-06-15T05:10:00.000Z"}
[2026-06-15T05:10:01.790Z] INFO Skipped trade. {"slug":"btc-updown-5m-1781500200","reason":"btc_distance_below_threshold","market":"BTC","minDistanceUsd":{"UP":12,"DOWN":12},"openingPrice":65594.690815,"currentPrice":65594.690815}
[2026-06-15T05:10:01.791Z] INFO Tracking market. {"market":"ETH","slug":"eth-updown-5m-1781500200","title":"Ethereum Up or Down - June 15, 1:10AM-1:15AM ET","end":"2026-06-15T05:15:00.000Z","upToken":"46889524851643878308835369305637097450360581962413110409032513864578053989347","downToken":"72199536911641636475786093604114934487482588938966682242885455431287990672782","orderMinSize":5,"tickSize":"0.01"}
[2026-06-15T05:10:01.822Z] INFO Captured Chainlink opening tick. {"slug":"eth-updown-5m-1781500200","openingPrice":1715.660755,"tickTimestamp":"2026-06-15T05:10:00.000Z"}
[2026-06-15T05:10:01.827Z] INFO Skipped trade. {"slug":"eth-updown-5m-1781500200","reason":"btc_distance_below_threshold","market":"ETH","minDistanceUsd":{"UP":2,"DOWN":2},"openingPrice":1715.660755,"currentPrice":1715.660755}
[2026-06-15T05:10:01.827Z] INFO Tracking market. {"market":"DOGE","slug":"doge-updown-5m-1781500200","title":"Dogecoin Up or Down - June 15, 1:10AM-1:15AM ET","end":"2026-06-15T05:15:00.000Z","upToken":"71869052656385619867104701279559072393791217211069367417884710190968400357251","downToken":"27129384152659976179437327496792836897313816180713748078288643177803915675692","orderMinSize":5,"tickSize":"0.01"}
[2026-06-15T05:10:01.857Z] INFO Captured Chainlink opening tick. {"slug":"doge-updown-5m-1781500200","openingPrice":0.088467,"tickTimestamp":"2026-06-15T05:10:00.000Z"}
[2026-06-15T05:10:01.861Z] INFO Skipped trade. {"slug":"doge-updown-5m-1781500200","reason":"btc_distance_below_threshold","market":"DOGE","minDistanceUsd":{"UP":0.0003,"DOWN":0.0003},"openingPrice":0.088467,"currentPrice":0.088467}
[2026-06-15T05:14:30.102Z] INFO Skipped trade. {"slug":"btc-updown-5m-1781500200","reason":"no_ask_liquidity_under_cap","outcome":"UP"}
[2026-06-15T05:14:55.732Z] WARN Analytics sample recording failed; continuing. {"market":"BTC","slug":"btc-updown-5m-1781500200","error":"ENOENT: no such file or directory, rename 'C:\\DEV\\tests\\Workspace de Yarbis\\Polybot\\data\\analytics-active.json.tmp' -> 'C:\\DEV\\tests\\Workspace de Yarbis\\Polybot\\data\\analytics-active.json'"}
[2026-06-15T05:15:01.938Z] INFO Tracking market. {"market":"BTC","slug":"btc-updown-5m-1781500500","title":"Bitcoin Up or Down - June 15, 1:15AM-1:20AM ET","end":"2026-06-15T05:20:00.000Z","upToken":"60401024582050679382222530660203201266646806377955286133200735048277450057423","downToken":"19609490085634727059171571074093051881611313937936563747255802443145031688057","orderMinSize":5,"tickSize":"0.01"}
[2026-06-15T05:15:01.970Z] INFO Captured Chainlink opening tick. {"slug":"btc-updown-5m-1781500500","openingPrice":65650.45473959755,"tickTimestamp":"2026-06-15T05:15:00.000Z"}
[2026-06-15T05:15:01.974Z] INFO Skipped trade. {"slug":"btc-updown-5m-1781500500","reason":"btc_distance_below_threshold","market":"BTC","minDistanceUsd":{"UP":12,"DOWN":12},"openingPrice":65650.45473959755,"currentPrice":65650.45473959755}
[2026-06-15T05:15:01.974Z] INFO Tracking market. {"market":"ETH","slug":"eth-updown-5m-1781500500","title":"Ethereum Up or Down - June 15, 1:15AM-1:20AM ET","end":"2026-06-15T05:20:00.000Z","upToken":"54391704000629323849987464399064447128520467815593668970448673854102377402589","downToken":"113588183573953525744297740340852340019002067767191748666948608960715823851673","orderMinSize":5,"tickSize":"0.01"}
[2026-06-15T05:15:02.005Z] INFO Captured Chainlink opening tick. {"slug":"eth-updown-5m-1781500500","openingPrice":1716.7735630241636,"tickTimestamp":"2026-06-15T05:15:00.000Z"}
[2026-06-15T05:15:02.010Z] INFO Skipped trade. {"slug":"eth-updown-5m-1781500500","reason":"btc_distance_below_threshold","market":"ETH","minDistanceUsd":{"UP":2,"DOWN":2},"openingPrice":1716.7735630241636,"currentPrice":1716.7735630241636}
[2026-06-15T05:15:02.010Z] INFO Tracking market. {"market":"DOGE","slug":"doge-updown-5m-1781500500","title":"Dogecoin Up or Down - June 15, 1:15AM-1:20AM ET","end":"2026-06-15T05:20:00.000Z","upToken":"41543956395488467448036751530877384598439891763263982729317934296987052550484","downToken":"56178703779915380186645737111350343562124301886337564645905911042171163170089","orderMinSize":5,"tickSize":"0.01"}
[2026-06-15T05:15:02.041Z] INFO Captured Chainlink opening tick. {"slug":"doge-updown-5m-1781500500","openingPrice":0.088527888,"tickTimestamp":"2026-06-15T05:15:00.000Z"}
[2026-06-15T05:15:02.045Z] INFO Skipped trade. {"slug":"doge-updown-5m-1781500500","reason":"btc_distance_below_threshold","market":"DOGE","minDistanceUsd":{"UP":0.0003,"DOWN":0.0003},"openingPrice":0.088527888,"currentPrice":0.088527888}
[2026-06-15T05:19:30.851Z] INFO Skipped trade. {"slug":"btc-updown-5m-1781500500","reason":"no_ask_liquidity_under_cap","outcome":"UP"}
[2026-06-15T05:20:01.200Z] INFO Tracking market. {"market":"BTC","slug":"btc-updown-5m-1781500800","title":"Bitcoin Up or Down - June 15, 1:20AM-1:25AM ET","end":"2026-06-15T05:25:00.000Z","upToken":"100738466009564137378985002061748252974332792993009194552994508913375621823272","downToken":"10893723880892593701755231161423169628380215435121712664121289409860922398148","orderMinSize":5,"tickSize":"0.01"}
[2026-06-15T05:20:01.201Z] INFO Skipped trade. {"slug":"btc-updown-5m-1781500800","reason":"missing_opening_chainlink_tick"}
[2026-06-15T05:20:01.201Z] INFO Tracking market. {"market":"ETH","slug":"eth-updown-5m-1781500800","title":"Ethereum Up or Down - June 15, 1:20AM-1:25AM ET","end":"2026-06-15T05:25:00.000Z","upToken":"92286657850297952948417195712651306041403306732623502211817444749018121492816","downToken":"106898487980677565051164377626593217958350114913719149397574323473132675190816","orderMinSize":5,"tickSize":"0.01"}
[2026-06-15T05:20:01.202Z] INFO Skipped trade. {"slug":"eth-updown-5m-1781500800","reason":"missing_opening_chainlink_tick"}
[2026-06-15T05:20:01.202Z] INFO Tracking market. {"market":"DOGE","slug":"doge-updown-5m-1781500800","title":"Dogecoin Up or Down - June 15, 1:20AM-1:25AM ET","end":"2026-06-15T05:25:00.000Z","upToken":"2826004515251455517182649557545428715081804633901308940906702906713899916537","downToken":"105877474422371076933057945425151469495626009023451733295100546343858651345441","orderMinSize":5,"tickSize":"0.01"}
[2026-06-15T05:20:01.202Z] INFO Skipped trade. {"slug":"doge-updown-5m-1781500800","reason":"missing_opening_chainlink_tick"}
[2026-06-15T05:20:02.277Z] INFO Captured Chainlink opening tick. {"slug":"btc-updown-5m-1781500800","openingPrice":65679.67727914921,"tickTimestamp":"2026-06-15T05:20:00.000Z"}
[2026-06-15T05:20:02.281Z] INFO Skipped trade. {"slug":"btc-updown-5m-1781500800","reason":"btc_distance_below_threshold","market":"BTC","minDistanceUsd":{"UP":12,"DOWN":12},"openingPrice":65679.67727914921,"currentPrice":65679.67727914921}
[2026-06-15T05:20:02.308Z] INFO Captured Chainlink opening tick. {"slug":"eth-updown-5m-1781500800","openingPrice":1717.9106522900927,"tickTimestamp":"2026-06-15T05:20:00.000Z"}
[2026-06-15T05:20:02.312Z] INFO Skipped trade. {"slug":"eth-updown-5m-1781500800","reason":"btc_distance_below_threshold","market":"ETH","minDistanceUsd":{"UP":2,"DOWN":2},"openingPrice":1717.9106522900927,"currentPrice":1717.917247827543}
[2026-06-15T05:20:02.339Z] INFO Captured Chainlink opening tick. {"slug":"doge-updown-5m-1781500800","openingPrice":0.088541,"tickTimestamp":"2026-06-15T05:20:00.000Z"}
[2026-06-15T05:20:02.343Z] INFO Skipped trade. {"slug":"doge-updown-5m-1781500800","reason":"btc_distance_below_threshold","market":"DOGE","minDistanceUsd":{"UP":0.0003,"DOWN":0.0003},"openingPrice":0.088541,"currentPrice":0.088541}
[2026-06-15T05:21:40.639Z] WARN Bot loop iteration failed; retrying. {"error":"fetch failed"}
[2026-06-15T05:24:30.449Z] INFO Skipped trade. {"slug":"btc-updown-5m-1781500800","reason":"no_ask_liquidity_under_cap","outcome":"UP"}
[2026-06-15T05:24:30.449Z] INFO Skipped trade. {"slug":"eth-updown-5m-1781500800","reason":"no_ask_liquidity_under_cap","outcome":"UP"}
[2026-06-15T05:25:02.475Z] INFO Tracking market. {"market":"BTC","slug":"btc-updown-5m-1781501100","title":"Bitcoin Up or Down - June 15, 1:25AM-1:30AM ET","end":"2026-06-15T05:30:00.000Z","upToken":"81452899560128700065661369608372827753735793567894527340178505466523657404361","downToken":"51742446689536152695018192077915248666470896262979868259946522791610468780519","orderMinSize":5,"tickSize":"0.01"}
[2026-06-15T05:25:02.521Z] INFO Captured Chainlink opening tick. {"slug":"btc-updown-5m-1781501100","openingPrice":65786.65201095861,"tickTimestamp":"2026-06-15T05:25:00.000Z"}
[2026-06-15T05:25:02.527Z] INFO Skipped trade. {"slug":"btc-updown-5m-1781501100","reason":"btc_distance_below_threshold","market":"BTC","minDistanceUsd":{"UP":12,"DOWN":12},"openingPrice":65786.65201095861,"currentPrice":65787.03244598952}
[2026-06-15T05:25:02.527Z] INFO Tracking market. {"market":"ETH","slug":"eth-updown-5m-1781501100","title":"Ethereum Up or Down - June 15, 1:25AM-1:30AM ET","end":"2026-06-15T05:30:00.000Z","upToken":"6947737013197095258927299181660525931954400241478666365029194712570402148010","downToken":"36161619309754309677829296578761332274312285082627577710795638739044669816781","orderMinSize":5,"tickSize":"0.01"}
[2026-06-15T05:25:02.528Z] INFO Skipped trade. {"slug":"eth-updown-5m-1781501100","reason":"missing_opening_chainlink_tick"}
[2026-06-15T05:25:02.528Z] INFO Tracking market. {"market":"DOGE","slug":"doge-updown-5m-1781501100","title":"Dogecoin Up or Down - June 15, 1:25AM-1:30AM ET","end":"2026-06-15T05:30:00.000Z","upToken":"45817096157751332329985854410244086615664619565769150928277278066306304995809","downToken":"6605716384457443373877342954639371269339682557791995564722128440344129766117","orderMinSize":5,"tickSize":"0.01"}
[2026-06-15T05:25:02.528Z] INFO Skipped trade. {"slug":"doge-updown-5m-1781501100","reason":"missing_opening_chainlink_tick"}
[2026-06-15T05:25:03.575Z] INFO Captured Chainlink opening tick. {"slug":"eth-updown-5m-1781501100","openingPrice":1720.198628631534,"tickTimestamp":"2026-06-15T05:25:00.000Z"}
[2026-06-15T05:25:03.581Z] INFO Skipped trade. {"slug":"eth-updown-5m-1781501100","reason":"btc_distance_below_threshold","market":"ETH","minDistanceUsd":{"UP":2,"DOWN":2},"openingPrice":1720.198628631534,"currentPrice":1720.2026529992734}
[2026-06-15T05:25:03.609Z] INFO Captured Chainlink opening tick. {"slug":"doge-updown-5m-1781501100","openingPrice":0.0887259709993494,"tickTimestamp":"2026-06-15T05:25:00.000Z"}
[2026-06-15T05:25:03.613Z] INFO Skipped trade. {"slug":"doge-updown-5m-1781501100","reason":"btc_distance_below_threshold","market":"DOGE","minDistanceUsd":{"UP":0.0003,"DOWN":0.0003},"openingPrice":0.0887259709993494,"currentPrice":0.0887266020380767}
[2026-06-15T05:30:02.727Z] INFO Tracking market. {"market":"BTC","slug":"btc-updown-5m-1781501400","title":"Bitcoin Up or Down - June 15, 1:30AM-1:35AM ET","end":"2026-06-15T05:35:00.000Z","upToken":"185196104937622509330579160992025199103481147595661028294090443288198412244","downToken":"49210453783623845911413234016560820533607140419138069565374465715419321741602","orderMinSize":5,"tickSize":"0.01"}
[2026-06-15T05:30:02.819Z] INFO Captured Chainlink opening tick. {"slug":"btc-updown-5m-1781501400","openingPrice":65789.26349327312,"tickTimestamp":"2026-06-15T05:30:00.000Z"}
[2026-06-15T05:30:02.827Z] INFO Skipped trade. {"slug":"btc-updown-5m-1781501400","reason":"btc_distance_below_threshold","market":"BTC","minDistanceUsd":{"UP":12,"DOWN":12},"openingPrice":65789.26349327312,"currentPrice":65789.2998089534}
[2026-06-15T05:30:02.827Z] INFO Tracking market. {"market":"ETH","slug":"eth-updown-5m-1781501400","title":"Ethereum Up or Down - June 15, 1:30AM-1:35AM ET","end":"2026-06-15T05:35:00.000Z","upToken":"7771616734082012159572572364553523074812929189526136304107487003139822731441","downToken":"78826495938951854730794143429279142079374630422291578854364140036549990885131","orderMinSize":5,"tickSize":"0.01"}
[2026-06-15T05:30:02.827Z] INFO Skipped trade. {"slug":"eth-updown-5m-1781501400","reason":"missing_opening_chainlink_tick"}
[2026-06-15T05:30:02.827Z] INFO Tracking market. {"market":"DOGE","slug":"doge-updown-5m-1781501400","title":"Dogecoin Up or Down - June 15, 1:30AM-1:35AM ET","end":"2026-06-15T05:35:00.000Z","upToken":"26127448858350383045422594474471995047101627932370470424761086295945739960134","downToken":"29254254830182590537579494758680567514403507682983152165202126612618935211559","orderMinSize":5,"tickSize":"0.01"}
[2026-06-15T05:30:02.828Z] INFO Skipped trade. {"slug":"doge-updown-5m-1781501400","reason":"missing_opening_chainlink_tick"}
[2026-06-15T05:30:03.866Z] INFO Captured Chainlink opening tick. {"slug":"eth-updown-5m-1781501400","openingPrice":1720.0879541128456,"tickTimestamp":"2026-06-15T05:30:00.000Z"}
[2026-06-15T05:30:03.870Z] INFO Skipped trade. {"slug":"eth-updown-5m-1781501400","reason":"btc_distance_below_threshold","market":"ETH","minDistanceUsd":{"UP":2,"DOWN":2},"openingPrice":1720.0879541128456,"currentPrice":1720.0875941128456}
[2026-06-15T05:30:03.901Z] INFO Captured Chainlink opening tick. {"slug":"doge-updown-5m-1781501400","openingPrice":0.0888697,"tickTimestamp":"2026-06-15T05:30:00.000Z"}
[2026-06-15T05:30:03.906Z] INFO Skipped trade. {"slug":"doge-updown-5m-1781501400","reason":"btc_distance_below_threshold","market":"DOGE","minDistanceUsd":{"UP":0.0003,"DOWN":0.0003},"openingPrice":0.0888697,"currentPrice":0.08886927991365}
[2026-06-15T05:34:14.977Z] WARN Analytics sample recording failed; continuing. {"market":"DOGE","slug":"doge-updown-5m-1781501400","error":"ENOENT: no such file or directory, rename 'C:\\DEV\\tests\\Workspace de Yarbis\\Polybot\\data\\analytics-active.json.tmp' -> 'C:\\DEV\\tests\\Workspace de Yarbis\\Polybot\\data\\analytics-active.json'"}
[2026-06-15T05:34:30.166Z] INFO Skipped trade. {"slug":"btc-updown-5m-1781501400","reason":"no_ask_liquidity_under_cap","outcome":"DOWN"}
[2026-06-15T05:34:30.166Z] INFO Skipped trade. {"slug":"eth-updown-5m-1781501400","reason":"no_ask_liquidity_under_cap","outcome":"DOWN"}
[2026-06-15T05:35:01.735Z] INFO Tracking market. {"market":"BTC","slug":"btc-updown-5m-1781501700","title":"Bitcoin Up or Down - June 15, 1:35AM-1:40AM ET","end":"2026-06-15T05:40:00.000Z","upToken":"103606407588057284123306891952212175679981229812208673333124205850421473981983","downToken":"74426203376317772529892929930565361299906330921203875413802702228110295492568","orderMinSize":5,"tickSize":"0.01"}
[2026-06-15T05:35:01.775Z] INFO Captured Chainlink opening tick. {"slug":"btc-updown-5m-1781501700","openingPrice":65746.09007308463,"tickTimestamp":"2026-06-15T05:35:00.000Z"}
[2026-06-15T05:35:01.779Z] INFO Skipped trade. {"slug":"btc-updown-5m-1781501700","reason":"btc_distance_below_threshold","market":"BTC","minDistanceUsd":{"UP":12,"DOWN":12},"openingPrice":65746.09007308463,"currentPrice":65746.09007308463}
[2026-06-15T05:35:01.779Z] INFO Tracking market. {"market":"ETH","slug":"eth-updown-5m-1781501700","title":"Ethereum Up or Down - June 15, 1:35AM-1:40AM ET","end":"2026-06-15T05:40:00.000Z","upToken":"110778893692071808233000639160087792435754415406022922477370969323577314439716","downToken":"5786217312854750220936069769912446953696957942121082120057079466463079110680","orderMinSize":5,"tickSize":"0.01"}
[2026-06-15T05:35:01.779Z] INFO Skipped trade. {"slug":"eth-updown-5m-1781501700","reason":"missing_opening_chainlink_tick"}
[2026-06-15T05:35:01.779Z] INFO Tracking market. {"market":"DOGE","slug":"doge-updown-5m-1781501700","title":"Dogecoin Up or Down - June 15, 1:35AM-1:40AM ET","end":"2026-06-15T05:40:00.000Z","upToken":"103075832007278159449157544098081825539766278781495241494327125743491124497664","downToken":"78744372296858407571238402093316014651585168460978415367402927630476476147430","orderMinSize":5,"tickSize":"0.01"}
[2026-06-15T05:35:01.780Z] INFO Skipped trade. {"slug":"doge-updown-5m-1781501700","reason":"missing_opening_chainlink_tick"}
[2026-06-15T05:35:03.835Z] INFO Captured Chainlink opening tick. {"slug":"eth-updown-5m-1781501700","openingPrice":1718.173296716875,"tickTimestamp":"2026-06-15T05:35:00.000Z"}
[2026-06-15T05:35:03.842Z] INFO Skipped trade. {"slug":"eth-updown-5m-1781501700","reason":"btc_distance_below_threshold","market":"ETH","minDistanceUsd":{"UP":2,"DOWN":2},"openingPrice":1718.173296716875,"currentPrice":1718.1846051458142}
[2026-06-15T05:35:03.872Z] INFO Captured Chainlink opening tick. {"slug":"doge-updown-5m-1781501700","openingPrice":0.0887597999731128,"tickTimestamp":"2026-06-15T05:35:00.000Z"}
[2026-06-15T05:35:03.876Z] INFO Skipped trade. {"slug":"doge-updown-5m-1781501700","reason":"btc_distance_below_threshold","market":"DOGE","minDistanceUsd":{"UP":0.0003,"DOWN":0.0003},"openingPrice":0.0887597999731128,"currentPrice":0.0887674}
[2026-06-15T05:38:08.156Z] WARN Bot loop iteration failed; retrying. {"error":"fetch failed"}
[2026-06-15T05:39:30.911Z] INFO Skipped trade. {"slug":"btc-updown-5m-1781501700","reason":"no_ask_liquidity_under_cap","outcome":"DOWN"}
[2026-06-15T05:40:00.926Z] INFO Tracking market. {"market":"BTC","slug":"btc-updown-5m-1781502000","title":"Bitcoin Up or Down - June 15, 1:40AM-1:45AM ET","end":"2026-06-15T05:45:00.000Z","upToken":"106789761507664098528147295652615684238955608285504582484981137282021498963445","downToken":"66462112794207541810949811280513455851930119240760620250331121245540386317744","orderMinSize":5,"tickSize":"0.01"}
[2026-06-15T05:40:00.926Z] INFO Skipped trade. {"slug":"btc-updown-5m-1781502000","reason":"missing_opening_chainlink_tick"}
[2026-06-15T05:40:00.926Z] INFO Tracking market. {"market":"ETH","slug":"eth-updown-5m-1781502000","title":"Ethereum Up or Down - June 15, 1:40AM-1:45AM ET","end":"2026-06-15T05:45:00.000Z","upToken":"115170524884084408442141755139352898427945898204498253588286679189387032104831","downToken":"56086644577823541789895280746420097717958183657824756703822390403483329075188","orderMinSize":5,"tickSize":"0.01"}
[2026-06-15T05:40:00.926Z] INFO Skipped trade. {"slug":"eth-updown-5m-1781502000","reason":"missing_opening_chainlink_tick"}
[2026-06-15T05:40:00.926Z] INFO Tracking market. {"market":"DOGE","slug":"doge-updown-5m-1781502000","title":"Dogecoin Up or Down - June 15, 1:40AM-1:45AM ET","end":"2026-06-15T05:45:00.000Z","upToken":"100218167895512006679147914052193486760511419446402738255114027665876299703077","downToken":"54382173851076286947333423063759732641181718892811145150800206523469949207083","orderMinSize":5,"tickSize":"0.01"}
[2026-06-15T05:40:00.927Z] INFO Skipped trade. {"slug":"doge-updown-5m-1781502000","reason":"missing_opening_chainlink_tick"}
[2026-06-15T05:40:01.983Z] INFO Captured Chainlink opening tick. {"slug":"btc-updown-5m-1781502000","openingPrice":65689.95923010551,"tickTimestamp":"2026-06-15T05:40:00.000Z"}
[2026-06-15T05:40:01.987Z] INFO Skipped trade. {"slug":"btc-updown-5m-1781502000","reason":"btc_distance_below_threshold","market":"BTC","minDistanceUsd":{"UP":12,"DOWN":12},"openingPrice":65689.95923010551,"currentPrice":65689.95923010551}
[2026-06-15T05:40:05.076Z] INFO Captured Chainlink opening tick. {"slug":"eth-updown-5m-1781502000","openingPrice":1716.4985377053831,"tickTimestamp":"2026-06-15T05:40:00.000Z"}
[2026-06-15T05:40:05.083Z] INFO Skipped trade. {"slug":"eth-updown-5m-1781502000","reason":"btc_distance_below_threshold","market":"ETH","minDistanceUsd":{"UP":2,"DOWN":2},"openingPrice":1716.4985377053831,"currentPrice":1716.3471384060924}
[2026-06-15T05:40:05.117Z] INFO Captured Chainlink opening tick. {"slug":"doge-updown-5m-1781502000","openingPrice":0.088638,"tickTimestamp":"2026-06-15T05:40:00.000Z"}
[2026-06-15T05:40:05.128Z] INFO Skipped trade. {"slug":"doge-updown-5m-1781502000","reason":"btc_distance_below_threshold","market":"DOGE","minDistanceUsd":{"UP":0.0003,"DOWN":0.0003},"openingPrice":0.088638,"currentPrice":0.0886516215656836}
[2026-06-15T05:44:28.180Z] WARN RTDS websocket closed; reconnecting soon.
[2026-06-15T05:44:28.569Z] WARN RTDS websocket closed; reconnecting soon.
[2026-06-15T05:44:31.815Z] INFO Connected to Polymarket RTDS Chainlink feed.
[2026-06-15T05:44:32.518Z] INFO Connected to Polymarket RTDS Chainlink feed.
[2026-06-15T05:45:02.864Z] INFO Tracking market. {"market":"BTC","slug":"btc-updown-5m-1781502300","title":"Bitcoin Up or Down - June 15, 1:45AM-1:50AM ET","end":"2026-06-15T05:50:00.000Z","upToken":"26727667136848970697401915045991028338260912298222662941005331206503553015606","downToken":"8775937161618665134788703627141400054616446631860628074670068498340731771715","orderMinSize":5,"tickSize":"0.01"}
[2026-06-15T05:45:02.897Z] INFO Captured Chainlink opening tick. {"slug":"btc-updown-5m-1781502300","openingPrice":65684.77196734502,"tickTimestamp":"2026-06-15T05:45:00.000Z"}
[2026-06-15T05:45:02.905Z] INFO Skipped trade. {"slug":"btc-updown-5m-1781502300","reason":"btc_distance_below_threshold","market":"BTC","minDistanceUsd":{"UP":12,"DOWN":12},"openingPrice":65684.77196734502,"currentPrice":65684.61543601945}
[2026-06-15T05:45:02.905Z] INFO Tracking market. {"market":"ETH","slug":"eth-updown-5m-1781502300","title":"Ethereum Up or Down - June 15, 1:45AM-1:50AM ET","end":"2026-06-15T05:50:00.000Z","upToken":"40912546011256432218069818624018920385519437335408088206699452918330142232371","downToken":"49585292775941873092562199897875017093793051227229655279777142508667212562300","orderMinSize":5,"tickSize":"0.01"}
[2026-06-15T05:45:02.931Z] INFO Captured Chainlink opening tick. {"slug":"eth-updown-5m-1781502300","openingPrice":1716.1680626535808,"tickTimestamp":"2026-06-15T05:45:00.000Z"}
[2026-06-15T05:45:02.936Z] INFO Skipped trade. {"slug":"eth-updown-5m-1781502300","reason":"btc_distance_below_threshold","market":"ETH","minDistanceUsd":{"UP":2,"DOWN":2},"openingPrice":1716.1680626535808,"currentPrice":1716.3535289496951}
[2026-06-15T05:45:02.936Z] INFO Tracking market. {"market":"DOGE","slug":"doge-updown-5m-1781502300","title":"Dogecoin Up or Down - June 15, 1:45AM-1:50AM ET","end":"2026-06-15T05:50:00.000Z","upToken":"76867701939697233389835191879134552643856010921564293441199192654227101898953","downToken":"34630380013820781703509042827980780209266694581195716367059980173826210481861","orderMinSize":5,"tickSize":"0.01"}
[2026-06-15T05:45:02.966Z] INFO Captured Chainlink opening tick. {"slug":"doge-updown-5m-1781502300","openingPrice":0.088592,"tickTimestamp":"2026-06-15T05:45:00.000Z"}
[2026-06-15T05:45:02.970Z] INFO Skipped trade. {"slug":"doge-updown-5m-1781502300","reason":"btc_distance_below_threshold","market":"DOGE","minDistanceUsd":{"UP":0.0003,"DOWN":0.0003},"openingPrice":0.088592,"currentPrice":0.088595}
[2026-06-15T05:49:29.729Z] INFO Skipped trade. {"slug":"btc-updown-5m-1781502300","reason":"no_ask_liquidity_under_cap","outcome":"UP"}
[2026-06-15T05:50:02.031Z] INFO Tracking market. {"market":"BTC","slug":"btc-updown-5m-1781502600","title":"Bitcoin Up or Down - June 15, 1:50AM-1:55AM ET","end":"2026-06-15T05:55:00.000Z","upToken":"44811951253409739385574498301923397917776761246690880230745239771263114802650","downToken":"101855336387091425086901299761105911108115328788789425091349979717433036040610","orderMinSize":5,"tickSize":"0.01"}
[2026-06-15T05:50:02.067Z] INFO Captured Chainlink opening tick. {"slug":"btc-updown-5m-1781502600","openingPrice":65721.67894470139,"tickTimestamp":"2026-06-15T05:50:01.000Z"}
[2026-06-15T05:50:02.072Z] INFO Skipped trade. {"slug":"btc-updown-5m-1781502600","reason":"btc_distance_below_threshold","market":"BTC","minDistanceUsd":{"UP":12,"DOWN":12},"openingPrice":65721.67894470139,"currentPrice":65721.67894470139}
[2026-06-15T05:50:02.072Z] INFO Tracking market. {"market":"ETH","slug":"eth-updown-5m-1781502600","title":"Ethereum Up or Down - June 15, 1:50AM-1:55AM ET","end":"2026-06-15T05:55:00.000Z","upToken":"17637775351210976031539062346570979886992299065040978085329453416862847151987","downToken":"94936349177470178908088885642159361795602992525818185804235628158979545262550","orderMinSize":5,"tickSize":"0.01"}
[2026-06-15T05:50:02.072Z] INFO Skipped trade. {"slug":"eth-updown-5m-1781502600","reason":"missing_opening_chainlink_tick"}
[2026-06-15T05:50:02.072Z] INFO Tracking market. {"market":"DOGE","slug":"doge-updown-5m-1781502600","title":"Dogecoin Up or Down - June 15, 1:50AM-1:55AM ET","end":"2026-06-15T05:55:00.000Z","upToken":"77479771239099496995285849901286103129086517729245242235119767791233417551225","downToken":"58023298899721188671144396709558754749653728358563665549860600839203350398000","orderMinSize":5,"tickSize":"0.01"}
[2026-06-15T05:50:02.072Z] INFO Skipped trade. {"slug":"doge-updown-5m-1781502600","reason":"missing_opening_chainlink_tick"}
[2026-06-15T05:50:04.106Z] INFO Captured Chainlink opening tick. {"slug":"eth-updown-5m-1781502600","openingPrice":1717.3782191184666,"tickTimestamp":"2026-06-15T05:50:01.000Z"}
[2026-06-15T05:50:04.110Z] INFO Skipped trade. {"slug":"eth-updown-5m-1781502600","reason":"btc_distance_below_threshold","market":"ETH","minDistanceUsd":{"UP":2,"DOWN":2},"openingPrice":1717.3782191184666,"currentPrice":1717.3058828105525}
[2026-06-15T05:50:04.136Z] INFO Captured Chainlink opening tick. {"slug":"doge-updown-5m-1781502600","openingPrice":0.0886201534801462,"tickTimestamp":"2026-06-15T05:50:01.000Z"}
[2026-06-15T05:50:04.140Z] INFO Skipped trade. {"slug":"doge-updown-5m-1781502600","reason":"btc_distance_below_threshold","market":"DOGE","minDistanceUsd":{"UP":0.0003,"DOWN":0.0003},"openingPrice":0.0886201534801462,"currentPrice":0.088639}
[2026-06-15T05:54:29.921Z] INFO Skipped trade. {"slug":"btc-updown-5m-1781502600","reason":"no_ask_liquidity_under_cap","outcome":"UP"}
[2026-06-15T05:55:01.381Z] INFO Tracking market. {"market":"BTC","slug":"btc-updown-5m-1781502900","title":"Bitcoin Up or Down - June 15, 1:55AM-2:00AM ET","end":"2026-06-15T06:00:00.000Z","upToken":"106392576404007616389222997544178081187942904357885405291835017428640102880539","downToken":"69274775036682342069244592277854720181842145260523212745001346105335665088042","orderMinSize":5,"tickSize":"0.01"}
[2026-06-15T05:55:01.413Z] INFO Captured Chainlink opening tick. {"slug":"btc-updown-5m-1781502900","openingPrice":65798.44882417386,"tickTimestamp":"2026-06-15T05:55:00.000Z"}
[2026-06-15T05:55:01.424Z] INFO Skipped trade. {"slug":"btc-updown-5m-1781502900","reason":"btc_distance_below_threshold","market":"BTC","minDistanceUsd":{"UP":12,"DOWN":12},"openingPrice":65798.44882417386,"currentPrice":65798.44882417386}
[2026-06-15T05:55:01.424Z] INFO Tracking market. {"market":"ETH","slug":"eth-updown-5m-1781502900","title":"Ethereum Up or Down - June 15, 1:55AM-2:00AM ET","end":"2026-06-15T06:00:00.000Z","upToken":"69218632702051634526431804660498855139691143358024970682100682561376475606762","downToken":"18647781111473975248874241293961277368410187233482092899010308049029856539888","orderMinSize":5,"tickSize":"0.01"}
[2026-06-15T05:55:01.424Z] INFO Skipped trade. {"slug":"eth-updown-5m-1781502900","reason":"missing_opening_chainlink_tick"}
[2026-06-15T05:55:01.424Z] INFO Tracking market. {"market":"DOGE","slug":"doge-updown-5m-1781502900","title":"Dogecoin Up or Down - June 15, 1:55AM-2:00AM ET","end":"2026-06-15T06:00:00.000Z","upToken":"51406771504894516620570089954146178590213190243504625699709775699370157203955","downToken":"32879489783848254774000324120835441522878374888420224176194083668592928556683","orderMinSize":5,"tickSize":"0.01"}
[2026-06-15T05:55:01.424Z] INFO Skipped trade. {"slug":"doge-updown-5m-1781502900","reason":"missing_opening_chainlink_tick"}
[2026-06-15T05:55:04.482Z] INFO Captured Chainlink opening tick. {"slug":"eth-updown-5m-1781502900","openingPrice":1718.77558,"tickTimestamp":"2026-06-15T05:55:00.000Z"}
[2026-06-15T05:55:04.486Z] INFO Skipped trade. {"slug":"eth-updown-5m-1781502900","reason":"btc_distance_below_threshold","market":"ETH","minDistanceUsd":{"UP":2,"DOWN":2},"openingPrice":1718.77558,"currentPrice":1718.80384}
[2026-06-15T05:55:04.514Z] INFO Captured Chainlink opening tick. {"slug":"doge-updown-5m-1781502900","openingPrice":0.088726,"tickTimestamp":"2026-06-15T05:55:00.000Z"}
[2026-06-15T05:55:04.518Z] INFO Skipped trade. {"slug":"doge-updown-5m-1781502900","reason":"btc_distance_below_threshold","market":"DOGE","minDistanceUsd":{"UP":0.0003,"DOWN":0.0003},"openingPrice":0.088726,"currentPrice":0.088726}
[2026-06-15T05:59:29.995Z] INFO Skipped trade. {"slug":"btc-updown-5m-1781502900","reason":"no_ask_liquidity_under_cap","outcome":"UP"}
[2026-06-15T06:00:02.415Z] INFO Tracking market. {"market":"BTC","slug":"btc-updown-5m-1781503200","title":"Bitcoin Up or Down - June 15, 2:00AM-2:05AM ET","end":"2026-06-15T06:05:00.000Z","upToken":"6190935659974657276567086645679498683150387164711856557694631390947496567700","downToken":"87665118137343415735691745078426890898486899745252978594463342100984134621562","orderMinSize":5,"tickSize":"0.01"}
[2026-06-15T06:00:02.453Z] INFO Captured Chainlink opening tick. {"slug":"btc-updown-5m-1781503200","openingPrice":65817.58372,"tickTimestamp":"2026-06-15T06:00:00.000Z"}
[2026-06-15T06:00:02.460Z] INFO Skipped trade. {"slug":"btc-updown-5m-1781503200","reason":"btc_distance_below_threshold","market":"BTC","minDistanceUsd":{"UP":12,"DOWN":12},"openingPrice":65817.58372,"currentPrice":65817.57377}
[2026-06-15T06:00:02.461Z] INFO Tracking market. {"market":"ETH","slug":"eth-updown-5m-1781503200","title":"Ethereum Up or Down - June 15, 2:00AM-2:05AM ET","end":"2026-06-15T06:05:00.000Z","upToken":"78691922820346742419493085835581690605379967839452020800506549189420460540799","downToken":"39285624913042558657036320920562053217334707386415920467449013844055759934223","orderMinSize":5,"tickSize":"0.01"}
[2026-06-15T06:00:02.461Z] INFO Skipped trade. {"slug":"eth-updown-5m-1781503200","reason":"missing_opening_chainlink_tick"}
[2026-06-15T06:00:02.461Z] INFO Tracking market. {"market":"DOGE","slug":"doge-updown-5m-1781503200","title":"Dogecoin Up or Down - June 15, 2:00AM-2:05AM ET","end":"2026-06-15T06:05:00.000Z","upToken":"5085569927660455442689261112473095840165602007832311702064225322676669006662","downToken":"105215265688305991787471555436877782363707379336118366660653832298592449981466","orderMinSize":5,"tickSize":"0.01"}
[2026-06-15T06:00:02.462Z] INFO Skipped trade. {"slug":"doge-updown-5m-1781503200","reason":"missing_opening_chainlink_tick"}
[2026-06-15T06:00:04.573Z] INFO Captured Chainlink opening tick. {"slug":"eth-updown-5m-1781503200","openingPrice":1719.572635,"tickTimestamp":"2026-06-15T06:00:00.000Z"}
[2026-06-15T06:00:04.580Z] INFO Skipped trade. {"slug":"eth-updown-5m-1781503200","reason":"btc_distance_below_threshold","market":"ETH","minDistanceUsd":{"UP":2,"DOWN":2},"openingPrice":1719.572635,"currentPrice":1719.652765}
[2026-06-15T06:00:04.606Z] INFO Captured Chainlink opening tick. {"slug":"doge-updown-5m-1781503200","openingPrice":0.088676,"tickTimestamp":"2026-06-15T06:00:00.000Z"}
[2026-06-15T06:00:04.609Z] INFO Skipped trade. {"slug":"doge-updown-5m-1781503200","reason":"btc_distance_below_threshold","market":"DOGE","minDistanceUsd":{"UP":0.0003,"DOWN":0.0003},"openingPrice":0.088676,"currentPrice":0.088675}
[2026-06-15T06:04:31.332Z] INFO Skipped trade. {"slug":"btc-updown-5m-1781503200","reason":"no_ask_liquidity_under_cap","outcome":"DOWN"}
[2026-06-15T06:04:35.738Z] INFO Trade attempt recorded. {"mode":"sim","slug":"btc-updown-5m-1781503200","outcome":"DOWN","amountUsd":5,"bestAsk":0.13,"estimatedShares":38.46153846153846}
[2026-06-15T06:04:36.931Z] INFO Skipped trade. {"slug":"btc-updown-5m-1781503200","reason":"market_already_traded"}
[2026-06-15T06:05:01.031Z] INFO Tracking market. {"market":"BTC","slug":"btc-updown-5m-1781503500","title":"Bitcoin Up or Down - June 15, 2:05AM-2:10AM ET","end":"2026-06-15T06:10:00.000Z","upToken":"59749405207614445994980716521798299713843493540412854129380849860522088638695","downToken":"35126643475501333079023138987361540958043572441305215491553289138308974385551","orderMinSize":5,"tickSize":"0.01"}
[2026-06-15T06:05:01.032Z] INFO Skipped trade. {"slug":"btc-updown-5m-1781503500","reason":"missing_opening_chainlink_tick"}
[2026-06-15T06:05:01.032Z] INFO Tracking market. {"market":"ETH","slug":"eth-updown-5m-1781503500","title":"Ethereum Up or Down - June 15, 2:05AM-2:10AM ET","end":"2026-06-15T06:10:00.000Z","upToken":"64525257718616142334711810896955535099987226007630493766292444140934606272292","downToken":"88523038110942363909919044062704498388222568062639586110753131255588010193388","orderMinSize":5,"tickSize":"0.01"}
[2026-06-15T06:05:01.032Z] INFO Skipped trade. {"slug":"eth-updown-5m-1781503500","reason":"missing_opening_chainlink_tick"}
[2026-06-15T06:05:01.032Z] INFO Tracking market. {"market":"DOGE","slug":"doge-updown-5m-1781503500","title":"Dogecoin Up or Down - June 15, 2:05AM-2:10AM ET","end":"2026-06-15T06:10:00.000Z","upToken":"90313639805223310103187233330055375050150720440365579196294411831342645473922","downToken":"80725708637662183234556708216097878793929975823321631334222842418249184873717","orderMinSize":5,"tickSize":"0.01"}
[2026-06-15T06:05:01.032Z] INFO Skipped trade. {"slug":"doge-updown-5m-1781503500","reason":"missing_opening_chainlink_tick"}
[2026-06-15T06:05:02.093Z] INFO Resolved trade. {"mode":"sim","slug":"btc-updown-5m-1781503200","outcome":"DOWN","winningOutcome":"UP","won":false,"finalPrice":65822.04755500803}
[2026-06-15T06:05:02.125Z] INFO Captured Chainlink opening tick. {"slug":"btc-updown-5m-1781503500","openingPrice":65822.04755500803,"tickTimestamp":"2026-06-15T06:05:00.000Z"}
[2026-06-15T06:05:02.130Z] INFO Skipped trade. {"slug":"btc-updown-5m-1781503500","reason":"btc_distance_below_threshold","market":"BTC","minDistanceUsd":{"UP":12,"DOWN":12},"openingPrice":65822.04755500803,"currentPrice":65822.04755500803}
[2026-06-15T06:05:06.707Z] INFO Captured Chainlink opening tick. {"slug":"eth-updown-5m-1781503500","openingPrice":1720.0113842465837,"tickTimestamp":"2026-06-15T06:05:00.000Z"}
[2026-06-15T06:05:06.711Z] INFO Skipped trade. {"slug":"eth-updown-5m-1781503500","reason":"btc_distance_below_threshold","market":"ETH","minDistanceUsd":{"UP":2,"DOWN":2},"openingPrice":1720.0113842465837,"currentPrice":1720.35265}
[2026-06-15T06:05:06.740Z] INFO Captured Chainlink opening tick. {"slug":"doge-updown-5m-1781503500","openingPrice":0.0886882,"tickTimestamp":"2026-06-15T06:05:00.000Z"}
[2026-06-15T06:05:06.744Z] INFO Skipped trade. {"slug":"doge-updown-5m-1781503500","reason":"btc_distance_below_threshold","market":"DOGE","minDistanceUsd":{"UP":0.0003,"DOWN":0.0003},"openingPrice":0.0886882,"currentPrice":0.0887164}
[2026-06-15T06:06:36.092Z] INFO Skipped trade. {"slug":"eth-updown-5m-1781503500","reason":"stale_chainlink_tick","tickTimestamp":"2026-06-15T06:06:26.000Z"}
[2026-06-15T06:06:36.093Z] INFO Skipped trade. {"slug":"doge-updown-5m-1781503500","reason":"stale_chainlink_tick","tickTimestamp":"2026-06-15T06:06:26.000Z"}
[2026-06-15T06:09:29.693Z] INFO Trade attempt recorded. {"mode":"sim","slug":"btc-updown-5m-1781503500","outcome":"UP","amountUsd":5,"bestAsk":0.45,"estimatedShares":11.11111111111111}
[2026-06-15T06:09:31.115Z] INFO Skipped trade. {"slug":"btc-updown-5m-1781503500","reason":"market_already_traded"}
[2026-06-15T06:09:33.907Z] WARN Analytics sample recording failed; continuing. {"market":"DOGE","slug":"doge-updown-5m-1781503500","error":"ENOENT: no such file or directory, rename 'C:\\DEV\\tests\\Workspace de Yarbis\\Polybot\\data\\analytics-active.json.tmp' -> 'C:\\DEV\\tests\\Workspace de Yarbis\\Polybot\\data\\analytics-active.json'"}
[2026-06-15T06:10:00.737Z] INFO Tracking market. {"market":"BTC","slug":"btc-updown-5m-1781503800","title":"Bitcoin Up or Down - June 15, 2:10AM-2:15AM ET","end":"2026-06-15T06:15:00.000Z","upToken":"84978599729696067427686628250393213492221017206824124097054587211517253403851","downToken":"115739322568816917032876291405643357558604929910244296458683712657322591630169","orderMinSize":5,"tickSize":"0.01"}
[2026-06-15T06:10:00.737Z] INFO Skipped trade. {"slug":"btc-updown-5m-1781503800","reason":"missing_opening_chainlink_tick"}
[2026-06-15T06:10:00.737Z] INFO Tracking market. {"market":"ETH","slug":"eth-updown-5m-1781503800","title":"Ethereum Up or Down - June 15, 2:10AM-2:15AM ET","end":"2026-06-15T06:15:00.000Z","upToken":"16695478953680814232498783272966775633443375134121940071209468588642448180607","downToken":"70980151669709228957119544863927133245218112884722214650733305087802251563659","orderMinSize":5,"tickSize":"0.01"}
[2026-06-15T06:10:00.738Z] INFO Skipped trade. {"slug":"eth-updown-5m-1781503800","reason":"missing_opening_chainlink_tick"}
[2026-06-15T06:10:00.738Z] INFO Tracking market. {"market":"DOGE","slug":"doge-updown-5m-1781503800","title":"Dogecoin Up or Down - June 15, 2:10AM-2:15AM ET","end":"2026-06-15T06:15:00.000Z","upToken":"103751132346170725637200973550038658943784118584313351351507068660469721212227","downToken":"92160472362430433407831082739792409999503508727173758725707235460393277920834","orderMinSize":5,"tickSize":"0.01"}
[2026-06-15T06:10:00.738Z] INFO Skipped trade. {"slug":"doge-updown-5m-1781503800","reason":"missing_opening_chainlink_tick"}
[2026-06-15T06:10:01.822Z] INFO Resolved trade. {"mode":"sim","slug":"btc-updown-5m-1781503500","outcome":"UP","winningOutcome":"UP","won":true,"finalPrice":65822.18758336203}
[2026-06-15T06:10:01.852Z] INFO Captured Chainlink opening tick. {"slug":"btc-updown-5m-1781503800","openingPrice":65822.18758336203,"tickTimestamp":"2026-06-15T06:10:00.000Z"}
[2026-06-15T06:10:01.856Z] INFO Skipped trade. {"slug":"btc-updown-5m-1781503800","reason":"btc_distance_below_threshold","market":"BTC","minDistanceUsd":{"UP":12,"DOWN":12},"openingPrice":65822.18758336203,"currentPrice":65822.18758336203}
[2026-06-15T06:10:06.644Z] INFO Captured Chainlink opening tick. {"slug":"eth-updown-5m-1781503800","openingPrice":1720.2118312371124,"tickTimestamp":"2026-06-15T06:10:00.000Z"}
[2026-06-15T06:10:06.648Z] INFO Skipped trade. {"slug":"eth-updown-5m-1781503800","reason":"btc_distance_below_threshold","market":"ETH","minDistanceUsd":{"UP":2,"DOWN":2},"openingPrice":1720.2118312371124,"currentPrice":1720.1598507350236}
[2026-06-15T06:10:06.674Z] INFO Captured Chainlink opening tick. {"slug":"doge-updown-5m-1781503800","openingPrice":0.088732853,"tickTimestamp":"2026-06-15T06:10:00.000Z"}
[2026-06-15T06:10:06.678Z] INFO Skipped trade. {"slug":"doge-updown-5m-1781503800","reason":"btc_distance_below_threshold","market":"DOGE","minDistanceUsd":{"UP":0.0003,"DOWN":0.0003},"openingPrice":0.088732853,"currentPrice":0.088731253}
[2026-06-15T06:14:30.224Z] INFO Skipped trade. {"slug":"btc-updown-5m-1781503800","reason":"no_ask_liquidity_under_cap","outcome":"UP"}
[2026-06-15T06:14:55.991Z] WARN Analytics sample recording failed; continuing. {"market":"DOGE","slug":"doge-updown-5m-1781503800","error":"ENOENT: no such file or directory, rename 'C:\\DEV\\tests\\Workspace de Yarbis\\Polybot\\data\\analytics-active.json.tmp' -> 'C:\\DEV\\tests\\Workspace de Yarbis\\Polybot\\data\\analytics-active.json'"}
[2026-06-15T06:15:01.464Z] INFO Tracking market. {"market":"BTC","slug":"btc-updown-5m-1781504100","title":"Bitcoin Up or Down - June 15, 2:15AM-2:20AM ET","end":"2026-06-15T06:20:00.000Z","upToken":"51047974144071901411706517277475178556205234971740787216035343614713542758553","downToken":"109872030872516359820943540372919576666711898455435304442465487507658560738824","orderMinSize":5,"tickSize":"0.01"}
[2026-06-15T06:15:01.519Z] INFO Captured Chainlink opening tick. {"slug":"btc-updown-5m-1781504100","openingPrice":65845.12443949677,"tickTimestamp":"2026-06-15T06:15:00.000Z"}
[2026-06-15T06:15:01.538Z] INFO Skipped trade. {"slug":"btc-updown-5m-1781504100","reason":"btc_distance_below_threshold","market":"BTC","minDistanceUsd":{"UP":12,"DOWN":12},"openingPrice":65845.12443949677,"currentPrice":65845.12443949677}
[2026-06-15T06:15:01.538Z] INFO Tracking market. {"market":"ETH","slug":"eth-updown-5m-1781504100","title":"Ethereum Up or Down - June 15, 2:15AM-2:20AM ET","end":"2026-06-15T06:20:00.000Z","upToken":"113921548283842964428083703549144127279275227569513566047083685602931952379079","downToken":"96988134479026566369139044603933080817920297289297249471647781970073246017030","orderMinSize":5,"tickSize":"0.01"}
[2026-06-15T06:15:01.538Z] INFO Skipped trade. {"slug":"eth-updown-5m-1781504100","reason":"missing_opening_chainlink_tick"}
[2026-06-15T06:15:01.538Z] INFO Tracking market. {"market":"DOGE","slug":"doge-updown-5m-1781504100","title":"Dogecoin Up or Down - June 15, 2:15AM-2:20AM ET","end":"2026-06-15T06:20:00.000Z","upToken":"61169957194897557820269942976625831732089488130411493577253507502764076879210","downToken":"70528754346195949224328201364643290141672458657674498447040592459704985676017","orderMinSize":5,"tickSize":"0.01"}
[2026-06-15T06:15:01.539Z] INFO Skipped trade. {"slug":"doge-updown-5m-1781504100","reason":"missing_opening_chainlink_tick"}
[2026-06-15T06:15:05.619Z] INFO Captured Chainlink opening tick. {"slug":"eth-updown-5m-1781504100","openingPrice":1720.3963503494926,"tickTimestamp":"2026-06-15T06:15:00.000Z"}
[2026-06-15T06:15:05.622Z] INFO Skipped trade. {"slug":"eth-updown-5m-1781504100","reason":"btc_distance_below_threshold","market":"ETH","minDistanceUsd":{"UP":2,"DOWN":2},"openingPrice":1720.3963503494926,"currentPrice":1720.40905}
[2026-06-15T06:15:05.650Z] INFO Captured Chainlink opening tick. {"slug":"doge-updown-5m-1781504100","openingPrice":0.088800093,"tickTimestamp":"2026-06-15T06:15:00.000Z"}
[2026-06-15T06:15:05.654Z] INFO Skipped trade. {"slug":"doge-updown-5m-1781504100","reason":"btc_distance_below_threshold","market":"DOGE","minDistanceUsd":{"UP":0.0003,"DOWN":0.0003},"openingPrice":0.088800093,"currentPrice":0.088799468}
[2026-06-15T06:19:59.092Z] INFO Skipped trade. {"slug":"btc-updown-5m-1781504100","reason":"no_ask_liquidity_under_cap","outcome":"DOWN"}
[2026-06-15T06:20:00.845Z] INFO Tracking market. {"market":"BTC","slug":"btc-updown-5m-1781504400","title":"Bitcoin Up or Down - June 15, 2:20AM-2:25AM ET","end":"2026-06-15T06:25:00.000Z","upToken":"101715235343779463135735555417161836218630521474267345923309795020152808681557","downToken":"81025449961616049007736043658701155675809718150125000766693644574668553814164","orderMinSize":5,"tickSize":"0.01"}
[2026-06-15T06:20:00.845Z] INFO Skipped trade. {"slug":"btc-updown-5m-1781504400","reason":"missing_opening_chainlink_tick"}
[2026-06-15T06:20:00.845Z] INFO Tracking market. {"market":"ETH","slug":"eth-updown-5m-1781504400","title":"Ethereum Up or Down - June 15, 2:20AM-2:25AM ET","end":"2026-06-15T06:25:00.000Z","upToken":"53805543814572466986603228162626813646659228525516254128088002989064628369282","downToken":"9652395520488384892413040550859029667136203262704272374084845596294112434653","orderMinSize":5,"tickSize":"0.01"}
[2026-06-15T06:20:00.845Z] INFO Skipped trade. {"slug":"eth-updown-5m-1781504400","reason":"missing_opening_chainlink_tick"}
[2026-06-15T06:20:00.845Z] INFO Tracking market. {"market":"DOGE","slug":"doge-updown-5m-1781504400","title":"Dogecoin Up or Down - June 15, 2:20AM-2:25AM ET","end":"2026-06-15T06:25:00.000Z","upToken":"65232258834782868355544229606105176169316069829803886691315046262460649797663","downToken":"31635755496297291604237628445282345424712400340327764291658689020117551004035","orderMinSize":5,"tickSize":"0.01"}
[2026-06-15T06:20:00.846Z] INFO Skipped trade. {"slug":"doge-updown-5m-1781504400","reason":"missing_opening_chainlink_tick"}
[2026-06-15T06:20:01.868Z] WARN Bot loop iteration failed; retrying. {"error":"ENOENT: no such file or directory, rename 'C:\\DEV\\tests\\Workspace de Yarbis\\Polybot\\data\\state.json.tmp' -> 'C:\\DEV\\tests\\Workspace de Yarbis\\Polybot\\data\\state.json'"}
[2026-06-15T06:20:02.887Z] INFO Skipped trade. {"slug":"btc-updown-5m-1781504400","reason":"btc_distance_below_threshold","market":"BTC","minDistanceUsd":{"UP":12,"DOWN":12},"openingPrice":65827.21174642618,"currentPrice":65828.216835}
[2026-06-15T06:20:06.045Z] INFO Captured Chainlink opening tick. {"slug":"eth-updown-5m-1781504400","openingPrice":1719.4431254218714,"tickTimestamp":"2026-06-15T06:20:00.000Z"}
[2026-06-15T06:20:06.050Z] INFO Skipped trade. {"slug":"eth-updown-5m-1781504400","reason":"btc_distance_below_threshold","market":"ETH","minDistanceUsd":{"UP":2,"DOWN":2},"openingPrice":1719.4431254218714,"currentPrice":1719.4780170907702}
[2026-06-15T06:20:06.081Z] INFO Captured Chainlink opening tick. {"slug":"doge-updown-5m-1781504400","openingPrice":0.0887806715298942,"tickTimestamp":"2026-06-15T06:20:00.000Z"}
[2026-06-15T06:20:06.085Z] INFO Skipped trade. {"slug":"doge-updown-5m-1781504400","reason":"btc_distance_below_threshold","market":"DOGE","minDistanceUsd":{"UP":0.0003,"DOWN":0.0003},"openingPrice":0.0887806715298942,"currentPrice":0.0887775963901156}
[2026-06-15T06:20:52.927Z] INFO Skipped trade. {"slug":"eth-updown-5m-1781504400","reason":"stale_chainlink_tick","tickTimestamp":"2026-06-15T06:20:42.000Z"}
[2026-06-15T06:20:53.948Z] INFO Skipped trade. {"slug":"doge-updown-5m-1781504400","reason":"stale_chainlink_tick","tickTimestamp":"2026-06-15T06:20:43.000Z"}
[2026-06-15T06:24:29.979Z] INFO Skipped trade. {"slug":"btc-updown-5m-1781504400","reason":"no_ask_liquidity_under_cap","outcome":"UP"}
[2026-06-15T06:25:00.992Z] INFO Tracking market. {"market":"BTC","slug":"btc-updown-5m-1781504700","title":"Bitcoin Up or Down - June 15, 2:25AM-2:30AM ET","end":"2026-06-15T06:30:00.000Z","upToken":"99560484397840204785955385203869201023795582545692235598524853247310561492172","downToken":"91126294937031858699360557199703527151341289026835493861955153695581666525019","orderMinSize":5,"tickSize":"0.01"}
[2026-06-15T06:25:00.992Z] INFO Skipped trade. {"slug":"btc-updown-5m-1781504700","reason":"missing_opening_chainlink_tick"}
[2026-06-15T06:25:00.992Z] INFO Tracking market. {"market":"ETH","slug":"eth-updown-5m-1781504700","title":"Ethereum Up or Down - June 15, 2:25AM-2:30AM ET","end":"2026-06-15T06:30:00.000Z","upToken":"74359454122626905789436453448451595114478527799989688417969555332070088534206","downToken":"39488085876641613946398881087798480126746702270464100072280423718116653324435","orderMinSize":5,"tickSize":"0.01"}
[2026-06-15T06:25:00.992Z] INFO Skipped trade. {"slug":"eth-updown-5m-1781504700","reason":"missing_opening_chainlink_tick"}
[2026-06-15T06:25:00.993Z] INFO Tracking market. {"market":"DOGE","slug":"doge-updown-5m-1781504700","title":"Dogecoin Up or Down - June 15, 2:25AM-2:30AM ET","end":"2026-06-15T06:30:00.000Z","upToken":"11816994672751245938489958739830351919935448736270006175136943406703613537647","downToken":"34694509082117700569465151138740735795274042396430249569919781161383270344402","orderMinSize":5,"tickSize":"0.01"}
[2026-06-15T06:25:00.993Z] INFO Skipped trade. {"slug":"doge-updown-5m-1781504700","reason":"missing_opening_chainlink_tick"}
[2026-06-15T06:25:02.040Z] INFO Captured Chainlink opening tick. {"slug":"btc-updown-5m-1781504700","openingPrice":65888.54252794982,"tickTimestamp":"2026-06-15T06:25:00.000Z"}
[2026-06-15T06:25:02.044Z] INFO Skipped trade. {"slug":"btc-updown-5m-1781504700","reason":"btc_distance_below_threshold","market":"BTC","minDistanceUsd":{"UP":12,"DOWN":12},"openingPrice":65888.54252794982,"currentPrice":65888.54252794982}
[2026-06-15T06:25:02.077Z] INFO Captured Chainlink opening tick. {"slug":"eth-updown-5m-1781504700","openingPrice":1721.190744384036,"tickTimestamp":"2026-06-15T06:25:00.000Z"}
[2026-06-15T06:25:02.081Z] INFO Skipped trade. {"slug":"eth-updown-5m-1781504700","reason":"btc_distance_below_threshold","market":"ETH","minDistanceUsd":{"UP":2,"DOWN":2},"openingPrice":1721.190744384036,"currentPrice":1721.190744384036}
[2026-06-15T06:25:02.110Z] INFO Captured Chainlink opening tick. {"slug":"doge-updown-5m-1781504700","openingPrice":0.088869502,"tickTimestamp":"2026-06-15T06:25:00.000Z"}
[2026-06-15T06:25:02.121Z] INFO Skipped trade. {"slug":"doge-updown-5m-1781504700","reason":"btc_distance_below_threshold","market":"DOGE","minDistanceUsd":{"UP":0.0003,"DOWN":0.0003},"openingPrice":0.088869502,"currentPrice":0.088869502}
[2026-06-15T06:27:02.126Z] WARN Bot loop iteration failed; retrying. {"error":"fetch failed"}
[2026-06-15T06:27:03.672Z] WARN Bot loop iteration failed; retrying. {"error":"fetch failed"}
[2026-06-15T06:27:05.237Z] WARN Bot loop iteration failed; retrying. {"error":"fetch failed"}
[2026-06-15T06:27:06.796Z] WARN Bot loop iteration failed; retrying. {"error":"fetch failed"}
[2026-06-15T06:27:08.179Z] INFO Skipped trade. {"slug":"eth-updown-5m-1781504700","reason":"stale_chainlink_tick","tickTimestamp":"2026-06-15T06:26:55.000Z"}
[2026-06-15T06:27:08.179Z] INFO Skipped trade. {"slug":"doge-updown-5m-1781504700","reason":"stale_chainlink_tick","tickTimestamp":"2026-06-15T06:26:55.000Z"}
[2026-06-15T06:27:09.183Z] INFO Skipped trade. {"slug":"btc-updown-5m-1781504700","reason":"stale_chainlink_tick","tickTimestamp":"2026-06-15T06:26:59.000Z"}
[2026-06-15T06:29:29.465Z] INFO Skipped trade. {"slug":"btc-updown-5m-1781504700","reason":"no_ask_liquidity_under_cap","outcome":"UP"}
[2026-06-15T06:30:01.552Z] INFO Tracking market. {"market":"BTC","slug":"btc-updown-5m-1781505000","title":"Bitcoin Up or Down - June 15, 2:30AM-2:35AM ET","end":"2026-06-15T06:35:00.000Z","upToken":"77676231463956342179596236443373111266714503424636677594248935442714028201087","downToken":"112316589711929320189712840887365571958523922447952176520460260285750361563763","orderMinSize":5,"tickSize":"0.01"}
[2026-06-15T06:30:01.586Z] INFO Captured Chainlink opening tick. {"slug":"btc-updown-5m-1781505000","openingPrice":65900.38867643628,"tickTimestamp":"2026-06-15T06:30:00.000Z"}
[2026-06-15T06:30:01.593Z] INFO Skipped trade. {"slug":"btc-updown-5m-1781505000","reason":"btc_distance_below_threshold","market":"BTC","minDistanceUsd":{"UP":12,"DOWN":12},"openingPrice":65900.38867643628,"currentPrice":65900.38867643628}
[2026-06-15T06:30:01.594Z] INFO Tracking market. {"market":"ETH","slug":"eth-updown-5m-1781505000","title":"Ethereum Up or Down - June 15, 2:30AM-2:35AM ET","end":"2026-06-15T06:35:00.000Z","upToken":"54333846778957267402743447995283729728931278462777529160087681126094170191642","downToken":"110216367228502014703872769023081416592994940121773388274506260040594717725057","orderMinSize":5,"tickSize":"0.01"}
[2026-06-15T06:30:01.594Z] INFO Skipped trade. {"slug":"eth-updown-5m-1781505000","reason":"missing_opening_chainlink_tick"}
[2026-06-15T06:30:01.594Z] INFO Tracking market. {"market":"DOGE","slug":"doge-updown-5m-1781505000","title":"Dogecoin Up or Down - June 15, 2:30AM-2:35AM ET","end":"2026-06-15T06:35:00.000Z","upToken":"8509209934940581226024144006655079308850586291757428192263121561725016638891","downToken":"31855199352103846197383620042177464073753414896350135436762905631505858821825","orderMinSize":5,"tickSize":"0.01"}
[2026-06-15T06:30:01.594Z] INFO Skipped trade. {"slug":"doge-updown-5m-1781505000","reason":"missing_opening_chainlink_tick"}
[2026-06-15T06:30:02.639Z] INFO Captured Chainlink opening tick. {"slug":"eth-updown-5m-1781505000","openingPrice":1721.5512635536793,"tickTimestamp":"2026-06-15T06:30:00.000Z"}
[2026-06-15T06:30:02.642Z] INFO Skipped trade. {"slug":"eth-updown-5m-1781505000","reason":"btc_distance_below_threshold","market":"ETH","minDistanceUsd":{"UP":2,"DOWN":2},"openingPrice":1721.5512635536793,"currentPrice":1721.5497787686684}
[2026-06-15T06:30:02.675Z] INFO Captured Chainlink opening tick. {"slug":"doge-updown-5m-1781505000","openingPrice":0.0888643398589099,"tickTimestamp":"2026-06-15T06:30:00.000Z"}
[2026-06-15T06:30:02.680Z] INFO Skipped trade. {"slug":"doge-updown-5m-1781505000","reason":"btc_distance_below_threshold","market":"DOGE","minDistanceUsd":{"UP":0.0003,"DOWN":0.0003},"openingPrice":0.0888643398589099,"currentPrice":0.0888643398589099}
[2026-06-15T06:34:29.334Z] INFO Skipped trade. {"slug":"btc-updown-5m-1781505000","reason":"no_ask_liquidity_under_cap","outcome":"DOWN"}
[2026-06-15T06:34:43.069Z] INFO Skipped trade. {"slug":"eth-updown-5m-1781505000","reason":"no_ask_liquidity_under_cap","outcome":"DOWN"}
[2026-06-15T06:35:01.870Z] INFO Tracking market. {"market":"BTC","slug":"btc-updown-5m-1781505300","title":"Bitcoin Up or Down - June 15, 2:35AM-2:40AM ET","end":"2026-06-15T06:40:00.000Z","upToken":"8769623892557415222277288889463450138161344138393303502325973104064403052709","downToken":"35290312985948683235892332155039636867774908733879449255562896509931730936296","orderMinSize":5,"tickSize":"0.01"}
[2026-06-15T06:35:01.905Z] INFO Captured Chainlink opening tick. {"slug":"btc-updown-5m-1781505300","openingPrice":65775.05098834402,"tickTimestamp":"2026-06-15T06:35:00.000Z"}
[2026-06-15T06:35:01.909Z] INFO Skipped trade. {"slug":"btc-updown-5m-1781505300","reason":"btc_distance_below_threshold","market":"BTC","minDistanceUsd":{"UP":12,"DOWN":12},"openingPrice":65775.05098834402,"currentPrice":65775.05098834402}
[2026-06-15T06:35:01.909Z] INFO Tracking market. {"market":"ETH","slug":"eth-updown-5m-1781505300","title":"Ethereum Up or Down - June 15, 2:35AM-2:40AM ET","end":"2026-06-15T06:40:00.000Z","upToken":"21950436051032179423856796047737237304605304321138733650420502125730678724646","downToken":"114798602669305791205836373193921778689031972145927614889746215019924055362978","orderMinSize":5,"tickSize":"0.01"}
[2026-06-15T06:35:01.909Z] INFO Skipped trade. {"slug":"eth-updown-5m-1781505300","reason":"missing_opening_chainlink_tick"}
[2026-06-15T06:35:01.909Z] INFO Tracking market. {"market":"DOGE","slug":"doge-updown-5m-1781505300","title":"Dogecoin Up or Down - June 15, 2:35AM-2:40AM ET","end":"2026-06-15T06:40:00.000Z","upToken":"102462701158089870571104405708161497937405818959600697145606674012593655340192","downToken":"56438834277214595516031241465057660823271546610701502939567231616870666050513","orderMinSize":5,"tickSize":"0.01"}
[2026-06-15T06:35:01.909Z] INFO Skipped trade. {"slug":"doge-updown-5m-1781505300","reason":"missing_opening_chainlink_tick"}
[2026-06-15T06:35:02.980Z] INFO Captured Chainlink opening tick. {"slug":"eth-updown-5m-1781505300","openingPrice":1718.5553342177702,"tickTimestamp":"2026-06-15T06:35:00.000Z"}
[2026-06-15T06:35:02.984Z] INFO Skipped trade. {"slug":"eth-updown-5m-1781505300","reason":"btc_distance_below_threshold","market":"ETH","minDistanceUsd":{"UP":2,"DOWN":2},"openingPrice":1718.5553342177702,"currentPrice":1718.5734311509566}
[2026-06-15T06:35:03.012Z] INFO Captured Chainlink opening tick. {"slug":"doge-updown-5m-1781505300","openingPrice":0.0886331173770873,"tickTimestamp":"2026-06-15T06:35:00.000Z"}
[2026-06-15T06:35:03.016Z] INFO Skipped trade. {"slug":"doge-updown-5m-1781505300","reason":"btc_distance_below_threshold","market":"DOGE","minDistanceUsd":{"UP":0.0003,"DOWN":0.0003},"openingPrice":0.0886331173770873,"currentPrice":0.088634149201344}
[2026-06-15T06:39:31.857Z] INFO Skipped trade. {"slug":"eth-updown-5m-1781505300","reason":"stale_chainlink_tick","tickTimestamp":"2026-06-15T06:39:21.000Z"}
[2026-06-15T06:39:32.038Z] INFO Skipped trade. {"slug":"doge-updown-5m-1781505300","reason":"stale_chainlink_tick","tickTimestamp":"2026-06-15T06:39:21.000Z"}
[2026-06-15T06:39:54.100Z] INFO Skipped trade. {"slug":"btc-updown-5m-1781505300","reason":"no_ask_liquidity_under_cap","outcome":"DOWN"}
[2026-06-15T06:40:00.609Z] INFO Tracking market. {"market":"BTC","slug":"btc-updown-5m-1781505600","title":"Bitcoin Up or Down - June 15, 2:40AM-2:45AM ET","end":"2026-06-15T06:45:00.000Z","upToken":"86171246203300338677206781364505583619207887910460376930633170228200476317613","downToken":"7262801226651357251237377922292729279812250536699107203739031310051009736525","orderMinSize":5,"tickSize":"0.01"}
[2026-06-15T06:40:00.610Z] INFO Skipped trade. {"slug":"btc-updown-5m-1781505600","reason":"missing_opening_chainlink_tick"}
[2026-06-15T06:40:00.610Z] INFO Tracking market. {"market":"ETH","slug":"eth-updown-5m-1781505600","title":"Ethereum Up or Down - June 15, 2:40AM-2:45AM ET","end":"2026-06-15T06:45:00.000Z","upToken":"113363380411547659713254021876798687744364400372530122998854441812134750350801","downToken":"15212782940402848117090484501346078045014388486232858332742570418380627598032","orderMinSize":5,"tickSize":"0.01"}
[2026-06-15T06:40:00.610Z] INFO Skipped trade. {"slug":"eth-updown-5m-1781505600","reason":"missing_opening_chainlink_tick"}
[2026-06-15T06:40:00.610Z] INFO Tracking market. {"market":"DOGE","slug":"doge-updown-5m-1781505600","title":"Dogecoin Up or Down - June 15, 2:40AM-2:45AM ET","end":"2026-06-15T06:45:00.000Z","upToken":"58694881792852586457991837206734907826597917153995752954302573830100085157127","downToken":"103901552128396437103143908478552035511014278817375242206847432146753382102187","orderMinSize":5,"tickSize":"0.01"}
[2026-06-15T06:40:00.610Z] INFO Skipped trade. {"slug":"doge-updown-5m-1781505600","reason":"missing_opening_chainlink_tick"}
[2026-06-15T06:40:01.658Z] INFO Captured Chainlink opening tick. {"slug":"btc-updown-5m-1781505600","openingPrice":65762.19564177017,"tickTimestamp":"2026-06-15T06:40:00.000Z"}
[2026-06-15T06:40:01.662Z] INFO Skipped trade. {"slug":"btc-updown-5m-1781505600","reason":"btc_distance_below_threshold","market":"BTC","minDistanceUsd":{"UP":12,"DOWN":12},"openingPrice":65762.19564177017,"currentPrice":65762.19564177017}
[2026-06-15T06:40:02.695Z] INFO Captured Chainlink opening tick. {"slug":"eth-updown-5m-1781505600","openingPrice":1718.4869022767543,"tickTimestamp":"2026-06-15T06:40:00.000Z"}
[2026-06-15T06:40:02.700Z] INFO Skipped trade. {"slug":"eth-updown-5m-1781505600","reason":"btc_distance_below_threshold","market":"ETH","minDistanceUsd":{"UP":2,"DOWN":2},"openingPrice":1718.4869022767543,"currentPrice":1718.465476664826}
[2026-06-15T06:40:02.726Z] INFO Captured Chainlink opening tick. {"slug":"doge-updown-5m-1781505600","openingPrice":0.0886253315796504,"tickTimestamp":"2026-06-15T06:40:00.000Z"}
[2026-06-15T06:40:02.730Z] INFO Skipped trade. {"slug":"doge-updown-5m-1781505600","reason":"btc_distance_below_threshold","market":"DOGE","minDistanceUsd":{"UP":0.0003,"DOWN":0.0003},"openingPrice":0.0886253315796504,"currentPrice":0.0886223}
[2026-06-15T06:45:00.168Z] INFO Tracking market. {"market":"BTC","slug":"btc-updown-5m-1781505900","title":"Bitcoin Up or Down - June 15, 2:45AM-2:50AM ET","end":"2026-06-15T06:50:00.000Z","upToken":"29410534822367869286990092037260835780111886833305645901091314994417725323472","downToken":"13570202861799990276292433406317858639243526674146976974278042018523278751286","orderMinSize":5,"tickSize":"0.01"}
[2026-06-15T06:45:00.168Z] INFO Skipped trade. {"slug":"btc-updown-5m-1781505900","reason":"missing_opening_chainlink_tick"}
[2026-06-15T06:45:00.168Z] INFO Tracking market. {"market":"ETH","slug":"eth-updown-5m-1781505900","title":"Ethereum Up or Down - June 15, 2:45AM-2:50AM ET","end":"2026-06-15T06:50:00.000Z","upToken":"34342502983074607016737603406189012151291385858430246517881017752535397291887","downToken":"95696107718127091611641751584706925557679412240238932718282783293002867697089","orderMinSize":5,"tickSize":"0.01"}
[2026-06-15T06:45:00.168Z] INFO Skipped trade. {"slug":"eth-updown-5m-1781505900","reason":"missing_opening_chainlink_tick"}
[2026-06-15T06:45:00.168Z] INFO Tracking market. {"market":"DOGE","slug":"doge-updown-5m-1781505900","title":"Dogecoin Up or Down - June 15, 2:45AM-2:50AM ET","end":"2026-06-15T06:50:00.000Z","upToken":"100059687257127453651425378795872026014989410488278185061303842462381595282006","downToken":"64485276846322086470818320185990691267294498078764406089227463990909339651385","orderMinSize":5,"tickSize":"0.01"}
[2026-06-15T06:45:00.169Z] INFO Skipped trade. {"slug":"doge-updown-5m-1781505900","reason":"missing_opening_chainlink_tick"}
[2026-06-15T06:45:02.220Z] INFO Captured Chainlink opening tick. {"slug":"btc-updown-5m-1781505900","openingPrice":65769.71026448057,"tickTimestamp":"2026-06-15T06:45:00.000Z"}
[2026-06-15T06:45:02.238Z] INFO Skipped trade. {"slug":"btc-updown-5m-1781505900","reason":"btc_distance_below_threshold","market":"BTC","minDistanceUsd":{"UP":12,"DOWN":12},"openingPrice":65769.71026448057,"currentPrice":65769.73113305213}
[2026-06-15T06:45:03.281Z] INFO Captured Chainlink opening tick. {"slug":"eth-updown-5m-1781505900","openingPrice":1718.158410266097,"tickTimestamp":"2026-06-15T06:45:00.000Z"}
[2026-06-15T06:45:03.285Z] INFO Skipped trade. {"slug":"eth-updown-5m-1781505900","reason":"btc_distance_below_threshold","market":"ETH","minDistanceUsd":{"UP":2,"DOWN":2},"openingPrice":1718.158410266097,"currentPrice":1718.1555210146826}
[2026-06-15T06:45:03.319Z] INFO Captured Chainlink opening tick. {"slug":"doge-updown-5m-1781505900","openingPrice":0.08866925369302,"tickTimestamp":"2026-06-15T06:45:00.000Z"}
[2026-06-15T06:45:03.322Z] INFO Skipped trade. {"slug":"doge-updown-5m-1781505900","reason":"btc_distance_below_threshold","market":"DOGE","minDistanceUsd":{"UP":0.0003,"DOWN":0.0003},"openingPrice":0.08866925369302,"currentPrice":0.088658711}
[2026-06-15T06:49:24.142Z] WARN Analytics sample recording failed; continuing. {"market":"ETH","slug":"eth-updown-5m-1781505900","error":"ENOENT: no such file or directory, rename 'C:\\DEV\\tests\\Workspace de Yarbis\\Polybot\\data\\analytics-active.json.tmp' -> 'C:\\DEV\\tests\\Workspace de Yarbis\\Polybot\\data\\analytics-active.json'"}
[2026-06-15T06:49:29.260Z] INFO Skipped trade. {"slug":"btc-updown-5m-1781505900","reason":"no_ask_liquidity_under_cap","outcome":"UP"}
[2026-06-15T06:49:29.260Z] INFO Skipped trade. {"slug":"eth-updown-5m-1781505900","reason":"no_ask_liquidity_under_cap","outcome":"UP"}
[2026-06-15T06:49:44.687Z] WARN Analytics sample recording failed; continuing. {"market":"BTC","slug":"btc-updown-5m-1781505900","error":"ENOENT: no such file or directory, rename 'C:\\DEV\\tests\\Workspace de Yarbis\\Polybot\\data\\analytics-active.json.tmp' -> 'C:\\DEV\\tests\\Workspace de Yarbis\\Polybot\\data\\analytics-active.json'"}
[2026-06-15T06:50:00.845Z] INFO Tracking market. {"market":"BTC","slug":"btc-updown-5m-1781506200","title":"Bitcoin Up or Down - June 15, 2:50AM-2:55AM ET","end":"2026-06-15T06:55:00.000Z","upToken":"115377045103739368731980559757159775607833605861624408364034223467682438093060","downToken":"25887526190124958556197733143090016983328247456094837696408404462013064270094","orderMinSize":5,"tickSize":"0.01"}
[2026-06-15T06:50:00.846Z] INFO Skipped trade. {"slug":"btc-updown-5m-1781506200","reason":"missing_opening_chainlink_tick"}
[2026-06-15T06:50:00.847Z] INFO Tracking market. {"market":"ETH","slug":"eth-updown-5m-1781506200","title":"Ethereum Up or Down - June 15, 2:50AM-2:55AM ET","end":"2026-06-15T06:55:00.000Z","upToken":"62922630351831153942408867018377338570394114318935910603685018788780070785713","downToken":"1047788564349412107624652866579934617589922139426089465780106435438255868869","orderMinSize":5,"tickSize":"0.01"}
[2026-06-15T06:50:00.847Z] INFO Skipped trade. {"slug":"eth-updown-5m-1781506200","reason":"missing_opening_chainlink_tick"}
[2026-06-15T06:50:00.847Z] INFO Tracking market. {"market":"DOGE","slug":"doge-updown-5m-1781506200","title":"Dogecoin Up or Down - June 15, 2:50AM-2:55AM ET","end":"2026-06-15T06:55:00.000Z","upToken":"38319638701980286101430204573043979675620640620376422476593204182335220726247","downToken":"25980782072860709192287750394833427949791879572985860878094599375943908480246","orderMinSize":5,"tickSize":"0.01"}
[2026-06-15T06:50:00.848Z] INFO Skipped trade. {"slug":"doge-updown-5m-1781506200","reason":"missing_opening_chainlink_tick"}
[2026-06-15T06:50:01.888Z] INFO Captured Chainlink opening tick. {"slug":"btc-updown-5m-1781506200","openingPrice":65839.950285,"tickTimestamp":"2026-06-15T06:50:00.000Z"}
[2026-06-15T06:50:01.891Z] INFO Skipped trade. {"slug":"btc-updown-5m-1781506200","reason":"btc_distance_below_threshold","market":"BTC","minDistanceUsd":{"UP":12,"DOWN":12},"openingPrice":65839.950285,"currentPrice":65839.950285}
[2026-06-15T06:50:03.979Z] INFO Captured Chainlink opening tick. {"slug":"eth-updown-5m-1781506200","openingPrice":1720.94733,"tickTimestamp":"2026-06-15T06:50:00.000Z"}
[2026-06-15T06:50:03.983Z] INFO Skipped trade. {"slug":"eth-updown-5m-1781506200","reason":"btc_distance_below_threshold","market":"ETH","minDistanceUsd":{"UP":2,"DOWN":2},"openingPrice":1720.94733,"currentPrice":1720.891295699705}
[2026-06-15T06:50:04.007Z] INFO Captured Chainlink opening tick. {"slug":"doge-updown-5m-1781506200","openingPrice":0.088813659,"tickTimestamp":"2026-06-15T06:50:00.000Z"}
[2026-06-15T06:50:04.011Z] INFO Skipped trade. {"slug":"doge-updown-5m-1781506200","reason":"btc_distance_below_threshold","market":"DOGE","minDistanceUsd":{"UP":0.0003,"DOWN":0.0003},"openingPrice":0.088813659,"currentPrice":0.088802}
[2026-06-15T06:54:29.874Z] INFO Skipped trade. {"slug":"btc-updown-5m-1781506200","reason":"no_ask_liquidity_under_cap","outcome":"DOWN"}
[2026-06-15T06:55:00.914Z] INFO Tracking market. {"market":"BTC","slug":"btc-updown-5m-1781506500","title":"Bitcoin Up or Down - June 15, 2:55AM-3:00AM ET","end":"2026-06-15T07:00:00.000Z","upToken":"90479663721162616203085966589068446982856533361695322035343750128832877131284","downToken":"94169536867482502681109894841351876898592244936779590088535663026518781516160","orderMinSize":5,"tickSize":"0.01"}
[2026-06-15T06:55:00.914Z] INFO Skipped trade. {"slug":"btc-updown-5m-1781506500","reason":"missing_opening_chainlink_tick"}
[2026-06-15T06:55:00.915Z] INFO Tracking market. {"market":"ETH","slug":"eth-updown-5m-1781506500","title":"Ethereum Up or Down - June 15, 2:55AM-3:00AM ET","end":"2026-06-15T07:00:00.000Z","upToken":"69777506226489463864143859571650325493347653971843597613181047860977689327012","downToken":"91851447489039531242328294470069877983622929628208964262234868575450069927193","orderMinSize":5,"tickSize":"0.01"}
[2026-06-15T06:55:00.915Z] INFO Skipped trade. {"slug":"eth-updown-5m-1781506500","reason":"missing_opening_chainlink_tick"}
[2026-06-15T06:55:00.915Z] INFO Tracking market. {"market":"DOGE","slug":"doge-updown-5m-1781506500","title":"Dogecoin Up or Down - June 15, 2:55AM-3:00AM ET","end":"2026-06-15T07:00:00.000Z","upToken":"73538084694490717955544304375396462642452356986129362892012753594225870474826","downToken":"86812646900746666262034780636301230544844858705653376328856199102412993837673","orderMinSize":5,"tickSize":"0.01"}
[2026-06-15T06:55:00.915Z] INFO Skipped trade. {"slug":"doge-updown-5m-1781506500","reason":"missing_opening_chainlink_tick"}
[2026-06-15T06:55:01.972Z] INFO Captured Chainlink opening tick. {"slug":"btc-updown-5m-1781506500","openingPrice":65815.855085,"tickTimestamp":"2026-06-15T06:55:00.000Z"}
[2026-06-15T06:55:01.980Z] INFO Skipped trade. {"slug":"btc-updown-5m-1781506500","reason":"btc_distance_below_threshold","market":"BTC","minDistanceUsd":{"UP":12,"DOWN":12},"openingPrice":65815.855085,"currentPrice":65815.855085}
[2026-06-15T06:55:04.026Z] INFO Captured Chainlink opening tick. {"slug":"eth-updown-5m-1781506500","openingPrice":1719.5771025976487,"tickTimestamp":"2026-06-15T06:55:00.000Z"}
[2026-06-15T06:55:04.035Z] INFO Skipped trade. {"slug":"eth-updown-5m-1781506500","reason":"btc_distance_below_threshold","market":"ETH","minDistanceUsd":{"UP":2,"DOWN":2},"openingPrice":1719.5771025976487,"currentPrice":1719.524229725359}
[2026-06-15T06:55:04.064Z] INFO Captured Chainlink opening tick. {"slug":"doge-updown-5m-1781506500","openingPrice":0.0887517,"tickTimestamp":"2026-06-15T06:55:00.000Z"}
[2026-06-15T06:55:04.067Z] INFO Skipped trade. {"slug":"doge-updown-5m-1781506500","reason":"btc_distance_below_threshold","market":"DOGE","minDistanceUsd":{"UP":0.0003,"DOWN":0.0003},"openingPrice":0.0887517,"currentPrice":0.088749}
[2026-06-15T06:59:30.060Z] INFO Skipped trade. {"slug":"btc-updown-5m-1781506500","reason":"no_ask_liquidity_under_cap","outcome":"DOWN"}
[2026-06-15T07:00:01.175Z] INFO Tracking market. {"market":"BTC","slug":"btc-updown-5m-1781506800","title":"Bitcoin Up or Down - June 15, 3:00AM-3:05AM ET","end":"2026-06-15T07:05:00.000Z","upToken":"70077563329762297473312361206505088344053031367297457037952180261873795729443","downToken":"94423487263665154268363910115643382067623273526670619728804981796946990874275","orderMinSize":5,"tickSize":"0.01"}
[2026-06-15T07:00:01.175Z] INFO Skipped trade. {"slug":"btc-updown-5m-1781506800","reason":"missing_opening_chainlink_tick"}
[2026-06-15T07:00:01.175Z] INFO Tracking market. {"market":"ETH","slug":"eth-updown-5m-1781506800","title":"Ethereum Up or Down - June 15, 3:00AM-3:05AM ET","end":"2026-06-15T07:05:00.000Z","upToken":"35851331845156464149129244018617410945820736587511136253905910347006204728492","downToken":"3813400664752646952390058317834450531555779734543039491781627617077372819346","orderMinSize":5,"tickSize":"0.01"}
[2026-06-15T07:00:01.175Z] INFO Skipped trade. {"slug":"eth-updown-5m-1781506800","reason":"missing_opening_chainlink_tick"}
[2026-06-15T07:00:01.175Z] INFO Tracking market. {"market":"DOGE","slug":"doge-updown-5m-1781506800","title":"Dogecoin Up or Down - June 15, 3:00AM-3:05AM ET","end":"2026-06-15T07:05:00.000Z","upToken":"16174289878774260836693388083678004176590935588845152413088667735284202368497","downToken":"41758608276889681022931679748842418469237826762774389692146082620401134623227","orderMinSize":5,"tickSize":"0.01"}
[2026-06-15T07:00:01.175Z] INFO Skipped trade. {"slug":"doge-updown-5m-1781506800","reason":"missing_opening_chainlink_tick"}
[2026-06-15T07:00:02.254Z] INFO Captured Chainlink opening tick. {"slug":"btc-updown-5m-1781506800","openingPrice":65774.694835,"tickTimestamp":"2026-06-15T07:00:00.000Z"}
[2026-06-15T07:00:02.261Z] INFO Skipped trade. {"slug":"btc-updown-5m-1781506800","reason":"btc_distance_below_threshold","market":"BTC","minDistanceUsd":{"UP":12,"DOWN":12},"openingPrice":65774.694835,"currentPrice":65774.66692320058}
[2026-06-15T07:00:04.307Z] INFO Captured Chainlink opening tick. {"slug":"eth-updown-5m-1781506800","openingPrice":1718.9836650300995,"tickTimestamp":"2026-06-15T07:00:00.000Z"}
[2026-06-15T07:00:04.313Z] INFO Skipped trade. {"slug":"eth-updown-5m-1781506800","reason":"btc_distance_below_threshold","market":"ETH","minDistanceUsd":{"UP":2,"DOWN":2},"openingPrice":1718.9836650300995,"currentPrice":1718.970630243804}
[2026-06-15T07:00:04.341Z] INFO Captured Chainlink opening tick. {"slug":"doge-updown-5m-1781506800","openingPrice":0.088673,"tickTimestamp":"2026-06-15T07:00:00.000Z"}
[2026-06-15T07:00:04.344Z] INFO Skipped trade. {"slug":"doge-updown-5m-1781506800","reason":"btc_distance_below_threshold","market":"DOGE","minDistanceUsd":{"UP":0.0003,"DOWN":0.0003},"openingPrice":0.088673,"currentPrice":0.088672}
[2026-06-15T07:04:29.201Z] INFO Skipped trade. {"slug":"btc-updown-5m-1781506800","reason":"no_ask_liquidity_under_cap","outcome":"DOWN"}
[2026-06-15T07:05:00.188Z] INFO Tracking market. {"market":"BTC","slug":"btc-updown-5m-1781507100","title":"Bitcoin Up or Down - June 15, 3:05AM-3:10AM ET","end":"2026-06-15T07:10:00.000Z","upToken":"80968729913140381039341179932693120739331756224900191072748469467645260317939","downToken":"91625640930472127540697517794343797154462029437845464685372569524780596575656","orderMinSize":5,"tickSize":"0.01"}
[2026-06-15T07:05:00.189Z] INFO Skipped trade. {"slug":"btc-updown-5m-1781507100","reason":"missing_opening_chainlink_tick"}
[2026-06-15T07:05:00.189Z] INFO Tracking market. {"market":"ETH","slug":"eth-updown-5m-1781507100","title":"Ethereum Up or Down - June 15, 3:05AM-3:10AM ET","end":"2026-06-15T07:10:00.000Z","upToken":"38154519639625353454798254138415880490993788509396878587161296401016545202258","downToken":"56004342903822020224462671424598737322033831325023694462894940282506212592039","orderMinSize":5,"tickSize":"0.01"}
[2026-06-15T07:05:00.189Z] INFO Skipped trade. {"slug":"eth-updown-5m-1781507100","reason":"missing_opening_chainlink_tick"}
[2026-06-15T07:05:00.189Z] INFO Tracking market. {"market":"DOGE","slug":"doge-updown-5m-1781507100","title":"Dogecoin Up or Down - June 15, 3:05AM-3:10AM ET","end":"2026-06-15T07:10:00.000Z","upToken":"106860416832642615570830584158049177096069895486604629253079061209856460973687","downToken":"111383521779328624392668686639467252118630145044091037229587584058366178285932","orderMinSize":5,"tickSize":"0.01"}
[2026-06-15T07:05:00.189Z] INFO Skipped trade. {"slug":"doge-updown-5m-1781507100","reason":"missing_opening_chainlink_tick"}
[2026-06-15T07:05:01.242Z] INFO Captured Chainlink opening tick. {"slug":"btc-updown-5m-1781507100","openingPrice":65737.145261229,"tickTimestamp":"2026-06-15T07:05:00.000Z"}
[2026-06-15T07:05:01.250Z] INFO Skipped trade. {"slug":"btc-updown-5m-1781507100","reason":"btc_distance_below_threshold","market":"BTC","minDistanceUsd":{"UP":12,"DOWN":12},"openingPrice":65737.145261229,"currentPrice":65737.145261229}
[2026-06-15T07:05:05.376Z] INFO Captured Chainlink opening tick. {"slug":"eth-updown-5m-1781507100","openingPrice":1718.591525,"tickTimestamp":"2026-06-15T07:05:00.000Z"}
[2026-06-15T07:05:05.380Z] INFO Skipped trade. {"slug":"eth-updown-5m-1781507100","reason":"btc_distance_below_threshold","market":"ETH","minDistanceUsd":{"UP":2,"DOWN":2},"openingPrice":1718.591525,"currentPrice":1718.60774}
[2026-06-15T07:05:05.406Z] INFO Captured Chainlink opening tick. {"slug":"doge-updown-5m-1781507100","openingPrice":0.08852946952028,"tickTimestamp":"2026-06-15T07:05:00.000Z"}
[2026-06-15T07:05:05.410Z] INFO Skipped trade. {"slug":"doge-updown-5m-1781507100","reason":"btc_distance_below_threshold","market":"DOGE","minDistanceUsd":{"UP":0.0003,"DOWN":0.0003},"openingPrice":0.08852946952028,"currentPrice":0.088530360702884}
[2026-06-15T07:07:46.518Z] INFO Skipped trade. {"slug":"eth-updown-5m-1781507100","reason":"stale_chainlink_tick","tickTimestamp":"2026-06-15T07:07:36.000Z"}
[2026-06-15T07:07:46.519Z] INFO Skipped trade. {"slug":"doge-updown-5m-1781507100","reason":"stale_chainlink_tick","tickTimestamp":"2026-06-15T07:07:36.000Z"}
[2026-06-15T07:09:28.759Z] INFO Skipped trade. {"slug":"btc-updown-5m-1781507100","reason":"no_ask_liquidity_under_cap","outcome":"UP"}
[2026-06-15T07:10:01.417Z] INFO Tracking market. {"market":"BTC","slug":"btc-updown-5m-1781507400","title":"Bitcoin Up or Down - June 15, 3:10AM-3:15AM ET","end":"2026-06-15T07:15:00.000Z","upToken":"94503530047790406187684160233113256299313549216929098271443593943698489059749","downToken":"61297688399450362202257191491324096740143457208561965122090233702078648459935","orderMinSize":5,"tickSize":"0.01"}
[2026-06-15T07:10:01.418Z] INFO Skipped trade. {"slug":"btc-updown-5m-1781507400","reason":"missing_opening_chainlink_tick"}
[2026-06-15T07:10:01.418Z] INFO Tracking market. {"market":"ETH","slug":"eth-updown-5m-1781507400","title":"Ethereum Up or Down - June 15, 3:10AM-3:15AM ET","end":"2026-06-15T07:15:00.000Z","upToken":"94977751321990550845525690429927301992353847351485278664236992123103739300834","downToken":"60693973031881194475529858606918571053906859702129327862744199167379608503960","orderMinSize":5,"tickSize":"0.01"}
[2026-06-15T07:10:01.418Z] INFO Skipped trade. {"slug":"eth-updown-5m-1781507400","reason":"missing_opening_chainlink_tick"}
[2026-06-15T07:10:01.418Z] INFO Tracking market. {"market":"DOGE","slug":"doge-updown-5m-1781507400","title":"Dogecoin Up or Down - June 15, 3:10AM-3:15AM ET","end":"2026-06-15T07:15:00.000Z","upToken":"15970798460993987063388086197360038599854553516175491753407365883377775894831","downToken":"109279538284542213661890346074519645610326368337755804549586283458457151309593","orderMinSize":5,"tickSize":"0.01"}
[2026-06-15T07:10:01.419Z] INFO Skipped trade. {"slug":"doge-updown-5m-1781507400","reason":"missing_opening_chainlink_tick"}
[2026-06-15T07:10:02.469Z] INFO Captured Chainlink opening tick. {"slug":"btc-updown-5m-1781507400","openingPrice":65764.71465188247,"tickTimestamp":"2026-06-15T07:10:00.000Z"}
[2026-06-15T07:10:02.476Z] INFO Skipped trade. {"slug":"btc-updown-5m-1781507400","reason":"btc_distance_below_threshold","market":"BTC","minDistanceUsd":{"UP":12,"DOWN":12},"openingPrice":65764.71465188247,"currentPrice":65760.542665}
[2026-06-15T07:10:05.531Z] INFO Captured Chainlink opening tick. {"slug":"eth-updown-5m-1781507400","openingPrice":1719.92116,"tickTimestamp":"2026-06-15T07:10:00.000Z"}
[2026-06-15T07:10:05.543Z] INFO Skipped trade. {"slug":"eth-updown-5m-1781507400","reason":"btc_distance_below_threshold","market":"ETH","minDistanceUsd":{"UP":2,"DOWN":2},"openingPrice":1719.92116,"currentPrice":1719.38359}
[2026-06-15T07:10:05.582Z] INFO Captured Chainlink opening tick. {"slug":"doge-updown-5m-1781507400","openingPrice":0.0884935231443445,"tickTimestamp":"2026-06-15T07:10:00.000Z"}
[2026-06-15T07:10:05.588Z] INFO Skipped trade. {"slug":"doge-updown-5m-1781507400","reason":"btc_distance_below_threshold","market":"DOGE","minDistanceUsd":{"UP":0.0003,"DOWN":0.0003},"openingPrice":0.0884935231443445,"currentPrice":0.088449}
[2026-06-15T07:14:30.056Z] INFO Skipped trade. {"slug":"btc-updown-5m-1781507400","reason":"no_ask_liquidity_under_cap","outcome":"UP"}
[2026-06-15T07:15:01.337Z] INFO Tracking market. {"market":"BTC","slug":"btc-updown-5m-1781507700","title":"Bitcoin Up or Down - June 15, 3:15AM-3:20AM ET","end":"2026-06-15T07:20:00.000Z","upToken":"54885348934379547421736881239161088970726956406638883301577110615923580944150","downToken":"84867821978273558400373940218010162623591100850179480247529518439168887184121","orderMinSize":5,"tickSize":"0.01"}
[2026-06-15T07:15:01.396Z] INFO Captured Chainlink opening tick. {"slug":"btc-updown-5m-1781507700","openingPrice":65785.754855,"tickTimestamp":"2026-06-15T07:15:00.000Z"}
[2026-06-15T07:15:01.407Z] INFO Skipped trade. {"slug":"btc-updown-5m-1781507700","reason":"btc_distance_below_threshold","market":"BTC","minDistanceUsd":{"UP":12,"DOWN":12},"openingPrice":65785.754855,"currentPrice":65785.754855}
[2026-06-15T07:15:01.407Z] INFO Tracking market. {"market":"ETH","slug":"eth-updown-5m-1781507700","title":"Ethereum Up or Down - June 15, 3:15AM-3:20AM ET","end":"2026-06-15T07:20:00.000Z","upToken":"47712185826287450158763235602152939001877745877492611266019253963989380056977","downToken":"81585024729489799219102829792283821251027776593554481464230816200142986784399","orderMinSize":5,"tickSize":"0.01"}
[2026-06-15T07:15:01.408Z] INFO Skipped trade. {"slug":"eth-updown-5m-1781507700","reason":"missing_opening_chainlink_tick"}
[2026-06-15T07:15:01.408Z] INFO Tracking market. {"market":"DOGE","slug":"doge-updown-5m-1781507700","title":"Dogecoin Up or Down - June 15, 3:15AM-3:20AM ET","end":"2026-06-15T07:20:00.000Z","upToken":"81611240296806800304176604860236055967402310126329948574939260489053367671987","downToken":"59447722446266123968516348146417762295934209463678529698916153969139752003585","orderMinSize":5,"tickSize":"0.01"}
[2026-06-15T07:15:01.409Z] INFO Skipped trade. {"slug":"doge-updown-5m-1781507700","reason":"missing_opening_chainlink_tick"}
[2026-06-15T07:15:05.500Z] INFO Captured Chainlink opening tick. {"slug":"eth-updown-5m-1781507700","openingPrice":1720.09646,"tickTimestamp":"2026-06-15T07:15:00.000Z"}
[2026-06-15T07:15:05.504Z] INFO Skipped trade. {"slug":"eth-updown-5m-1781507700","reason":"btc_distance_below_threshold","market":"ETH","minDistanceUsd":{"UP":2,"DOWN":2},"openingPrice":1720.09646,"currentPrice":1719.85657}
[2026-06-15T07:15:05.534Z] INFO Captured Chainlink opening tick. {"slug":"doge-updown-5m-1781507700","openingPrice":0.088583,"tickTimestamp":"2026-06-15T07:15:00.000Z"}
[2026-06-15T07:15:05.538Z] INFO Skipped trade. {"slug":"doge-updown-5m-1781507700","reason":"btc_distance_below_threshold","market":"DOGE","minDistanceUsd":{"UP":0.0003,"DOWN":0.0003},"openingPrice":0.088583,"currentPrice":0.088573}
[2026-06-15T07:19:25.217Z] WARN Analytics sample recording failed; continuing. {"market":"BTC","slug":"btc-updown-5m-1781507700","error":"ENOENT: no such file or directory, rename 'C:\\DEV\\tests\\Workspace de Yarbis\\Polybot\\data\\analytics-active.json.tmp' -> 'C:\\DEV\\tests\\Workspace de Yarbis\\Polybot\\data\\analytics-active.json'"}
[2026-06-15T07:19:28.035Z] WARN Analytics sample recording failed; continuing. {"market":"DOGE","slug":"doge-updown-5m-1781507700","error":"ENOENT: no such file or directory, rename 'C:\\DEV\\tests\\Workspace de Yarbis\\Polybot\\data\\analytics-active.json.tmp' -> 'C:\\DEV\\tests\\Workspace de Yarbis\\Polybot\\data\\analytics-active.json'"}
[2026-06-15T07:19:29.592Z] INFO Skipped trade. {"slug":"btc-updown-5m-1781507700","reason":"no_ask_liquidity_under_cap","outcome":"UP"}
[2026-06-15T07:19:50.545Z] WARN Analytics sample recording failed; continuing. {"market":"BTC","slug":"btc-updown-5m-1781507700","error":"EPERM: operation not permitted, rename 'C:\\DEV\\tests\\Workspace de Yarbis\\Polybot\\data\\analytics-active.json.tmp' -> 'C:\\DEV\\tests\\Workspace de Yarbis\\Polybot\\data\\analytics-active.json'"}
[2026-06-15T07:20:01.516Z] INFO Tracking market. {"market":"BTC","slug":"btc-updown-5m-1781508000","title":"Bitcoin Up or Down - June 15, 3:20AM-3:25AM ET","end":"2026-06-15T07:25:00.000Z","upToken":"29788846957530558133672483247355778555983524400229719757657051908627320583490","downToken":"69548502112075409694575991153787403224138124179195180618900534638583109994228","orderMinSize":5,"tickSize":"0.01"}
[2026-06-15T07:20:01.517Z] INFO Skipped trade. {"slug":"btc-updown-5m-1781508000","reason":"missing_opening_chainlink_tick"}
[2026-06-15T07:20:01.517Z] INFO Tracking market. {"market":"ETH","slug":"eth-updown-5m-1781508000","title":"Ethereum Up or Down - June 15, 3:20AM-3:25AM ET","end":"2026-06-15T07:25:00.000Z","upToken":"101996147420200122644746837612175690796354379457384800047874066064708840133887","downToken":"54433787712860845856160368272644227538013498815198424941705447209809370207711","orderMinSize":5,"tickSize":"0.01"}
[2026-06-15T07:20:01.532Z] INFO Skipped trade. {"slug":"eth-updown-5m-1781508000","reason":"missing_opening_chainlink_tick"}
[2026-06-15T07:20:01.532Z] INFO Tracking market. {"market":"DOGE","slug":"doge-updown-5m-1781508000","title":"Dogecoin Up or Down - June 15, 3:20AM-3:25AM ET","end":"2026-06-15T07:25:00.000Z","upToken":"50486110060772241541557917578326669003596435074348023289814027481814719762670","downToken":"98042835877561802430637873722077512318397230816979051567987338729494409419496","orderMinSize":5,"tickSize":"0.01"}
[2026-06-15T07:20:01.533Z] INFO Skipped trade. {"slug":"doge-updown-5m-1781508000","reason":"missing_opening_chainlink_tick"}
[2026-06-15T07:20:03.429Z] INFO Captured Chainlink opening tick. {"slug":"btc-updown-5m-1781508000","openingPrice":65861.01107457612,"tickTimestamp":"2026-06-15T07:20:00.000Z"}
[2026-06-15T07:20:03.558Z] INFO Skipped trade. {"slug":"btc-updown-5m-1781508000","reason":"btc_distance_below_threshold","market":"BTC","minDistanceUsd":{"UP":12,"DOWN":12},"openingPrice":65861.01107457612,"currentPrice":65860.5491}
[2026-06-15T07:20:03.889Z] INFO Captured Chainlink opening tick. {"slug":"eth-updown-5m-1781508000","openingPrice":1721.3240143321148,"tickTimestamp":"2026-06-15T07:20:00.000Z"}
[2026-06-15T07:20:03.989Z] WARN Analytics sample recording failed; continuing. {"market":"ETH","slug":"eth-updown-5m-1781508000","error":"ENOENT: no such file or directory, rename 'C:\\DEV\\tests\\Workspace de Yarbis\\Polybot\\data\\analytics-active.json.tmp' -> 'C:\\DEV\\tests\\Workspace de Yarbis\\Polybot\\data\\analytics-active.json'"}
[2026-06-15T07:20:03.997Z] INFO Skipped trade. {"slug":"eth-updown-5m-1781508000","reason":"btc_distance_below_threshold","market":"ETH","minDistanceUsd":{"UP":2,"DOWN":2},"openingPrice":1721.3240143321148,"currentPrice":1721.3240093321149}
[2026-06-15T07:20:04.129Z] WARN Bot loop iteration failed; retrying. {"error":"ENOENT: no such file or directory, rename 'C:\\DEV\\tests\\Workspace de Yarbis\\Polybot\\data\\state.json.tmp' -> 'C:\\DEV\\tests\\Workspace de Yarbis\\Polybot\\data\\state.json'"}
[2026-06-15T07:20:05.356Z] INFO Skipped trade. {"slug":"doge-updown-5m-1781508000","reason":"btc_distance_below_threshold","market":"DOGE","minDistanceUsd":{"UP":0.0003,"DOWN":0.0003},"openingPrice":0.0885911,"currentPrice":0.0885911}
[2026-06-15T07:21:59.809Z] INFO Skipped trade. {"slug":"eth-updown-5m-1781508000","reason":"stale_chainlink_tick","tickTimestamp":"2026-06-15T07:21:49.000Z"}
[2026-06-15T07:21:59.814Z] INFO Skipped trade. {"slug":"doge-updown-5m-1781508000","reason":"stale_chainlink_tick","tickTimestamp":"2026-06-15T07:21:49.000Z"}
[2026-06-15T07:24:29.803Z] INFO Skipped trade. {"slug":"btc-updown-5m-1781508000","reason":"no_ask_liquidity_under_cap","outcome":"UP"}
[2026-06-15T07:25:01.504Z] INFO Tracking market. {"market":"BTC","slug":"btc-updown-5m-1781508300","title":"Bitcoin Up or Down - June 15, 3:25AM-3:30AM ET","end":"2026-06-15T07:30:00.000Z","upToken":"106033049527923879730178406533439239879169858329332002294861056233210066875568","downToken":"48848331199143736719328067579446527592158024587944017615951072626655120633067","orderMinSize":5,"tickSize":"0.01"}
[2026-06-15T07:25:01.505Z] INFO Skipped trade. {"slug":"btc-updown-5m-1781508300","reason":"missing_opening_chainlink_tick"}
[2026-06-15T07:25:01.505Z] INFO Tracking market. {"market":"ETH","slug":"eth-updown-5m-1781508300","title":"Ethereum Up or Down - June 15, 3:25AM-3:30AM ET","end":"2026-06-15T07:30:00.000Z","upToken":"36786300935151566988490508707802889981172550228844139109733621510085181829640","downToken":"61001673661239859975325368505789770811540203574069799207571103642530226353662","orderMinSize":5,"tickSize":"0.01"}
[2026-06-15T07:25:01.505Z] INFO Skipped trade. {"slug":"eth-updown-5m-1781508300","reason":"missing_opening_chainlink_tick"}
[2026-06-15T07:25:01.505Z] INFO Tracking market. {"market":"DOGE","slug":"doge-updown-5m-1781508300","title":"Dogecoin Up or Down - June 15, 3:25AM-3:30AM ET","end":"2026-06-15T07:30:00.000Z","upToken":"90840495637138240906348655699870755451172425546167487209114484467366860120802","downToken":"104790194767633053089500712745449128327941167981222331643530481458298702015076","orderMinSize":5,"tickSize":"0.01"}
[2026-06-15T07:25:01.505Z] INFO Skipped trade. {"slug":"doge-updown-5m-1781508300","reason":"missing_opening_chainlink_tick"}
[2026-06-15T07:25:02.561Z] INFO Captured Chainlink opening tick. {"slug":"btc-updown-5m-1781508300","openingPrice":65945.738,"tickTimestamp":"2026-06-15T07:25:00.000Z"}
[2026-06-15T07:25:02.565Z] INFO Skipped trade. {"slug":"btc-updown-5m-1781508300","reason":"btc_distance_below_threshold","market":"BTC","minDistanceUsd":{"UP":12,"DOWN":12},"openingPrice":65945.738,"currentPrice":65945.738}
[2026-06-15T07:25:02.593Z] INFO Captured Chainlink opening tick. {"slug":"eth-updown-5m-1781508300","openingPrice":1722.1050662743357,"tickTimestamp":"2026-06-15T07:25:00.000Z"}
[2026-06-15T07:25:02.598Z] INFO Skipped trade. {"slug":"eth-updown-5m-1781508300","reason":"btc_distance_below_threshold","market":"ETH","minDistanceUsd":{"UP":2,"DOWN":2},"openingPrice":1722.1050662743357,"currentPrice":1722.1050662743357}
[2026-06-15T07:25:02.632Z] INFO Captured Chainlink opening tick. {"slug":"doge-updown-5m-1781508300","openingPrice":0.088681435,"tickTimestamp":"2026-06-15T07:25:00.000Z"}
[2026-06-15T07:25:02.638Z] INFO Skipped trade. {"slug":"doge-updown-5m-1781508300","reason":"btc_distance_below_threshold","market":"DOGE","minDistanceUsd":{"UP":0.0003,"DOWN":0.0003},"openingPrice":0.088681435,"currentPrice":0.088681435}
[2026-06-15T07:26:50.049Z] WARN Bot loop iteration failed; retrying. {"error":"fetch failed"}
[2026-06-15T07:29:13.304Z] WARN Analytics sample recording failed; continuing. {"market":"BTC","slug":"btc-updown-5m-1781508300","error":"ENOENT: no such file or directory, rename 'C:\\DEV\\tests\\Workspace de Yarbis\\Polybot\\data\\analytics-active.json.tmp' -> 'C:\\DEV\\tests\\Workspace de Yarbis\\Polybot\\data\\analytics-active.json'"}
[2026-06-15T07:29:37.500Z] INFO Skipped trade. {"slug":"btc-updown-5m-1781508300","reason":"no_ask_liquidity_under_cap","outcome":"DOWN"}
[2026-06-15T07:30:00.693Z] INFO Tracking market. {"market":"BTC","slug":"btc-updown-5m-1781508600","title":"Bitcoin Up or Down - June 15, 3:30AM-3:35AM ET","end":"2026-06-15T07:35:00.000Z","upToken":"94359436020443714731156205477459713320688478117176054257608026264629886583778","downToken":"7326057886693724749648420405804521633941161964012696029980460374118234925439","orderMinSize":5,"tickSize":"0.01"}
[2026-06-15T07:30:00.694Z] INFO Skipped trade. {"slug":"btc-updown-5m-1781508600","reason":"missing_opening_chainlink_tick"}
[2026-06-15T07:30:00.694Z] INFO Tracking market. {"market":"ETH","slug":"eth-updown-5m-1781508600","title":"Ethereum Up or Down - June 15, 3:30AM-3:35AM ET","end":"2026-06-15T07:35:00.000Z","upToken":"83620408196005051135511097756721481707369310968997000666569466846428335827636","downToken":"111472923637833971273972120676467519025161944859751873778493171764644211724162","orderMinSize":5,"tickSize":"0.01"}
[2026-06-15T07:30:00.694Z] INFO Skipped trade. {"slug":"eth-updown-5m-1781508600","reason":"missing_opening_chainlink_tick"}
[2026-06-15T07:30:00.694Z] INFO Tracking market. {"market":"DOGE","slug":"doge-updown-5m-1781508600","title":"Dogecoin Up or Down - June 15, 3:30AM-3:35AM ET","end":"2026-06-15T07:35:00.000Z","upToken":"30748939597703010666795146316383097218576786048661714080797540450932106108393","downToken":"83953655865184776986469789717710044385773379774687593366184432065473894420421","orderMinSize":5,"tickSize":"0.01"}
[2026-06-15T07:30:00.694Z] INFO Skipped trade. {"slug":"doge-updown-5m-1781508600","reason":"missing_opening_chainlink_tick"}
[2026-06-15T07:30:01.748Z] INFO Captured Chainlink opening tick. {"slug":"btc-updown-5m-1781508600","openingPrice":65920.40243343887,"tickTimestamp":"2026-06-15T07:30:00.000Z"}
[2026-06-15T07:30:01.754Z] INFO Skipped trade. {"slug":"btc-updown-5m-1781508600","reason":"btc_distance_below_threshold","market":"BTC","minDistanceUsd":{"UP":12,"DOWN":12},"openingPrice":65920.40243343887,"currentPrice":65920.40243343887}
[2026-06-15T07:30:02.804Z] INFO Captured Chainlink opening tick. {"slug":"eth-updown-5m-1781508600","openingPrice":1720.9506176829057,"tickTimestamp":"2026-06-15T07:30:00.000Z"}
[2026-06-15T07:30:02.810Z] INFO Skipped trade. {"slug":"eth-updown-5m-1781508600","reason":"btc_distance_below_threshold","market":"ETH","minDistanceUsd":{"UP":2,"DOWN":2},"openingPrice":1720.9506176829057,"currentPrice":1720.9469022649341}
[2026-06-15T07:30:02.880Z] INFO Captured Chainlink opening tick. {"slug":"doge-updown-5m-1781508600","openingPrice":0.088644,"tickTimestamp":"2026-06-15T07:30:00.000Z"}
[2026-06-15T07:30:02.890Z] INFO Skipped trade. {"slug":"doge-updown-5m-1781508600","reason":"btc_distance_below_threshold","market":"DOGE","minDistanceUsd":{"UP":0.0003,"DOWN":0.0003},"openingPrice":0.088644,"currentPrice":0.088644}
[2026-06-15T07:34:28.672Z] INFO Skipped trade. {"slug":"btc-updown-5m-1781508600","reason":"no_ask_liquidity_under_cap","outcome":"DOWN"}
[2026-06-15T07:34:28.672Z] INFO Skipped trade. {"slug":"eth-updown-5m-1781508600","reason":"no_ask_liquidity_under_cap","outcome":"DOWN"}
[2026-06-15T07:34:33.536Z] INFO Skipped trade. {"slug":"doge-updown-5m-1781508600","reason":"no_ask_liquidity_under_cap","outcome":"DOWN"}
[2026-06-15T07:35:01.322Z] INFO Tracking market. {"market":"BTC","slug":"btc-updown-5m-1781508900","title":"Bitcoin Up or Down - June 15, 3:35AM-3:40AM ET","end":"2026-06-15T07:40:00.000Z","upToken":"33975957386561604136045023245954530786100921314299419187474855196492511613313","downToken":"82628194966641512248063399555011894979076300561288752743967440985446990764115","orderMinSize":5,"tickSize":"0.01"}
[2026-06-15T07:35:01.323Z] INFO Skipped trade. {"slug":"btc-updown-5m-1781508900","reason":"missing_opening_chainlink_tick"}
[2026-06-15T07:35:01.323Z] INFO Tracking market. {"market":"ETH","slug":"eth-updown-5m-1781508900","title":"Ethereum Up or Down - June 15, 3:35AM-3:40AM ET","end":"2026-06-15T07:40:00.000Z","upToken":"96593964598423088560895457101277774211868818025932849638591763156726639369983","downToken":"95266021652279722540850861092180339804484252551733643691053043321025825690889","orderMinSize":5,"tickSize":"0.01"}
[2026-06-15T07:35:01.323Z] INFO Skipped trade. {"slug":"eth-updown-5m-1781508900","reason":"missing_opening_chainlink_tick"}
[2026-06-15T07:35:01.323Z] INFO Tracking market. {"market":"DOGE","slug":"doge-updown-5m-1781508900","title":"Dogecoin Up or Down - June 15, 3:35AM-3:40AM ET","end":"2026-06-15T07:40:00.000Z","upToken":"98726106115882464494250649565934040573248950589039725402292986578852564114783","downToken":"69912777346096881699750047397913414065783287404055181245546354314133456760725","orderMinSize":5,"tickSize":"0.01"}
[2026-06-15T07:35:01.323Z] INFO Skipped trade. {"slug":"doge-updown-5m-1781508900","reason":"missing_opening_chainlink_tick"}
[2026-06-15T07:35:02.376Z] INFO Captured Chainlink opening tick. {"slug":"btc-updown-5m-1781508900","openingPrice":65735.08116987902,"tickTimestamp":"2026-06-15T07:35:00.000Z"}
[2026-06-15T07:35:02.380Z] INFO Skipped trade. {"slug":"btc-updown-5m-1781508900","reason":"btc_distance_below_threshold","market":"BTC","minDistanceUsd":{"UP":12,"DOWN":12},"openingPrice":65735.08116987902,"currentPrice":65735.08116987902}
[2026-06-15T07:35:03.442Z] INFO Captured Chainlink opening tick. {"slug":"eth-updown-5m-1781508900","openingPrice":1717.35507,"tickTimestamp":"2026-06-15T07:35:00.000Z"}
[2026-06-15T07:35:03.450Z] INFO Skipped trade. {"slug":"eth-updown-5m-1781508900","reason":"btc_distance_below_threshold","market":"ETH","minDistanceUsd":{"UP":2,"DOWN":2},"openingPrice":1717.35507,"currentPrice":1717.35507}
[2026-06-15T07:35:03.534Z] INFO Captured Chainlink opening tick. {"slug":"doge-updown-5m-1781508900","openingPrice":0.08838388248414,"tickTimestamp":"2026-06-15T07:35:00.000Z"}
[2026-06-15T07:35:03.543Z] INFO Skipped trade. {"slug":"doge-updown-5m-1781508900","reason":"btc_distance_below_threshold","market":"DOGE","minDistanceUsd":{"UP":0.0003,"DOWN":0.0003},"openingPrice":0.08838388248414,"currentPrice":0.08838388248414}
[2026-06-15T07:38:08.168Z] INFO Skipped trade. {"slug":"eth-updown-5m-1781508900","reason":"stale_chainlink_tick","tickTimestamp":"2026-06-15T07:37:58.000Z"}
[2026-06-15T07:38:08.169Z] INFO Skipped trade. {"slug":"doge-updown-5m-1781508900","reason":"stale_chainlink_tick","tickTimestamp":"2026-06-15T07:37:58.000Z"}
[2026-06-15T07:39:29.530Z] INFO Skipped trade. {"slug":"btc-updown-5m-1781508900","reason":"no_ask_liquidity_under_cap","outcome":"DOWN"}
[2026-06-15T07:39:56.592Z] WARN Analytics sample recording failed; continuing. {"market":"DOGE","slug":"doge-updown-5m-1781508900","error":"ENOENT: no such file or directory, rename 'C:\\DEV\\tests\\Workspace de Yarbis\\Polybot\\data\\analytics-active.json.tmp' -> 'C:\\DEV\\tests\\Workspace de Yarbis\\Polybot\\data\\analytics-active.json'"}
[2026-06-15T07:40:00.826Z] INFO Tracking market. {"market":"BTC","slug":"btc-updown-5m-1781509200","title":"Bitcoin Up or Down - June 15, 3:40AM-3:45AM ET","end":"2026-06-15T07:45:00.000Z","upToken":"35271028214476736008161497436901518708362357933515401697678188434800066810478","downToken":"33357770194616198280728769372644543330360018918057837615118863448723954342613","orderMinSize":5,"tickSize":"0.01"}
[2026-06-15T07:40:00.826Z] INFO Skipped trade. {"slug":"btc-updown-5m-1781509200","reason":"missing_opening_chainlink_tick"}
[2026-06-15T07:40:00.826Z] INFO Tracking market. {"market":"ETH","slug":"eth-updown-5m-1781509200","title":"Ethereum Up or Down - June 15, 3:40AM-3:45AM ET","end":"2026-06-15T07:45:00.000Z","upToken":"27017109670150433668968076039140596228454689024941472262536226729123019738912","downToken":"56463628411812251368134713141485350253037877670937263631753733348441145913390","orderMinSize":5,"tickSize":"0.01"}
[2026-06-15T07:40:00.827Z] INFO Skipped trade. {"slug":"eth-updown-5m-1781509200","reason":"missing_opening_chainlink_tick"}
[2026-06-15T07:40:00.827Z] INFO Tracking market. {"market":"DOGE","slug":"doge-updown-5m-1781509200","title":"Dogecoin Up or Down - June 15, 3:40AM-3:45AM ET","end":"2026-06-15T07:45:00.000Z","upToken":"30886838475857686319086754315254674037963422073210867556627913034414277275424","downToken":"48924923217079882161417836651296709362114874354304695830126732926770364350066","orderMinSize":5,"tickSize":"0.01"}
[2026-06-15T07:40:00.827Z] INFO Skipped trade. {"slug":"doge-updown-5m-1781509200","reason":"missing_opening_chainlink_tick"}
[2026-06-15T07:40:01.893Z] INFO Captured Chainlink opening tick. {"slug":"btc-updown-5m-1781509200","openingPrice":65714.66990025398,"tickTimestamp":"2026-06-15T07:40:00.000Z"}
[2026-06-15T07:40:01.899Z] INFO Skipped trade. {"slug":"btc-updown-5m-1781509200","reason":"btc_distance_below_threshold","market":"BTC","minDistanceUsd":{"UP":12,"DOWN":12},"openingPrice":65714.66990025398,"currentPrice":65714.66990025398}
[2026-06-15T07:40:03.968Z] INFO Captured Chainlink opening tick. {"slug":"eth-updown-5m-1781509200","openingPrice":1717.2778434394017,"tickTimestamp":"2026-06-15T07:40:00.000Z"}
[2026-06-15T07:40:03.975Z] INFO Skipped trade. {"slug":"eth-updown-5m-1781509200","reason":"btc_distance_below_threshold","market":"ETH","minDistanceUsd":{"UP":2,"DOWN":2},"openingPrice":1717.2778434394017,"currentPrice":1717.3052027456763}
[2026-06-15T07:40:04.019Z] INFO Captured Chainlink opening tick. {"slug":"doge-updown-5m-1781509200","openingPrice":0.0884202,"tickTimestamp":"2026-06-15T07:40:00.000Z"}
[2026-06-15T07:40:04.025Z] INFO Skipped trade. {"slug":"doge-updown-5m-1781509200","reason":"btc_distance_below_threshold","market":"DOGE","minDistanceUsd":{"UP":0.0003,"DOWN":0.0003},"openingPrice":0.0884202,"currentPrice":0.088421372}
[2026-06-15T07:44:15.670Z] WARN Analytics sample recording failed; continuing. {"market":"ETH","slug":"eth-updown-5m-1781509200","error":"ENOENT: no such file or directory, rename 'C:\\DEV\\tests\\Workspace de Yarbis\\Polybot\\data\\analytics-active.json.tmp' -> 'C:\\DEV\\tests\\Workspace de Yarbis\\Polybot\\data\\analytics-active.json'"}
[2026-06-15T07:44:27.204Z] WARN Analytics sample recording failed; continuing. {"market":"ETH","slug":"eth-updown-5m-1781509200","error":"ENOENT: no such file or directory, rename 'C:\\DEV\\tests\\Workspace de Yarbis\\Polybot\\data\\analytics-active.json.tmp' -> 'C:\\DEV\\tests\\Workspace de Yarbis\\Polybot\\data\\analytics-active.json'"}
[2026-06-15T07:44:28.949Z] INFO Skipped trade. {"slug":"btc-updown-5m-1781509200","reason":"no_ask_liquidity_under_cap","outcome":"DOWN"}
[2026-06-15T07:44:31.857Z] WARN RTDS websocket closed; reconnecting soon.
[2026-06-15T07:44:32.443Z] WARN RTDS websocket closed; reconnecting soon.
[2026-06-15T07:44:35.399Z] INFO Connected to Polymarket RTDS Chainlink feed.
[2026-06-15T07:44:35.967Z] INFO Connected to Polymarket RTDS Chainlink feed.
[2026-06-15T07:44:37.061Z] INFO Trade attempt recorded. {"mode":"sim","slug":"btc-updown-5m-1781509200","outcome":"DOWN","amountUsd":5,"bestAsk":0.5,"estimatedShares":10}
[2026-06-15T07:44:38.303Z] INFO Skipped trade. {"slug":"btc-updown-5m-1781509200","reason":"market_already_traded"}
[2026-06-15T07:44:55.545Z] WARN Analytics sample recording failed; continuing. {"market":"BTC","slug":"btc-updown-5m-1781509200","error":"ENOENT: no such file or directory, rename 'C:\\DEV\\tests\\Workspace de Yarbis\\Polybot\\data\\analytics-active.json.tmp' -> 'C:\\DEV\\tests\\Workspace de Yarbis\\Polybot\\data\\analytics-active.json'"}
[2026-06-15T07:45:00.213Z] INFO Tracking market. {"market":"BTC","slug":"btc-updown-5m-1781509500","title":"Bitcoin Up or Down - June 15, 3:45AM-3:50AM ET","end":"2026-06-15T07:50:00.000Z","upToken":"106249666857513880875201017830875292768303743638143591818400425232169940677840","downToken":"81580189750735426327958648621424900962817173334103106745751179419155451563815","orderMinSize":5,"tickSize":"0.01"}
[2026-06-15T07:45:00.213Z] INFO Skipped trade. {"slug":"btc-updown-5m-1781509500","reason":"missing_opening_chainlink_tick"}
[2026-06-15T07:45:00.213Z] INFO Tracking market. {"market":"ETH","slug":"eth-updown-5m-1781509500","title":"Ethereum Up or Down - June 15, 3:45AM-3:50AM ET","end":"2026-06-15T07:50:00.000Z","upToken":"22784689373126770098913191232507320273609116892941768352322037074752219799533","downToken":"36540965716410409366723415833452562049852339995250007912323692107721053880708","orderMinSize":5,"tickSize":"0.01"}
[2026-06-15T07:45:00.214Z] INFO Skipped trade. {"slug":"eth-updown-5m-1781509500","reason":"missing_opening_chainlink_tick"}
[2026-06-15T07:45:00.214Z] INFO Tracking market. {"market":"DOGE","slug":"doge-updown-5m-1781509500","title":"Dogecoin Up or Down - June 15, 3:45AM-3:50AM ET","end":"2026-06-15T07:50:00.000Z","upToken":"72692473246050349640521158420216552092021850574294842887956961088516285261617","downToken":"114153725370505180836315092068846047092592967910255949952415708176665400716580","orderMinSize":5,"tickSize":"0.01"}
[2026-06-15T07:45:00.215Z] INFO Skipped trade. {"slug":"doge-updown-5m-1781509500","reason":"missing_opening_chainlink_tick"}
[2026-06-15T07:45:01.260Z] INFO Resolved trade. {"mode":"sim","slug":"btc-updown-5m-1781509200","outcome":"DOWN","winningOutcome":"DOWN","won":true,"finalPrice":65703.20527}
[2026-06-15T07:45:01.348Z] INFO Captured Chainlink opening tick. {"slug":"btc-updown-5m-1781509500","openingPrice":65703.20527,"tickTimestamp":"2026-06-15T07:45:00.000Z"}
[2026-06-15T07:45:01.356Z] INFO Skipped trade. {"slug":"btc-updown-5m-1781509500","reason":"btc_distance_below_threshold","market":"BTC","minDistanceUsd":{"UP":12,"DOWN":12},"openingPrice":65703.20527,"currentPrice":65703.20527}
[2026-06-15T07:45:01.393Z] INFO Captured Chainlink opening tick. {"slug":"eth-updown-5m-1781509500","openingPrice":1717.458016056718,"tickTimestamp":"2026-06-15T07:45:00.000Z"}
[2026-06-15T07:45:01.397Z] INFO Skipped trade. {"slug":"eth-updown-5m-1781509500","reason":"btc_distance_below_threshold","market":"ETH","minDistanceUsd":{"UP":2,"DOWN":2},"openingPrice":1717.458016056718,"currentPrice":1717.458016056718}
[2026-06-15T07:45:01.430Z] INFO Captured Chainlink opening tick. {"slug":"doge-updown-5m-1781509500","openingPrice":0.08845881,"tickTimestamp":"2026-06-15T07:45:00.000Z"}
[2026-06-15T07:45:01.433Z] INFO Skipped trade. {"slug":"doge-updown-5m-1781509500","reason":"btc_distance_below_threshold","market":"DOGE","minDistanceUsd":{"UP":0.0003,"DOWN":0.0003},"openingPrice":0.08845881,"currentPrice":0.08845881}
[2026-06-15T07:49:28.676Z] INFO Skipped trade. {"slug":"btc-updown-5m-1781509500","reason":"no_ask_liquidity_under_cap","outcome":"DOWN"}
[2026-06-15T07:50:01.026Z] INFO Tracking market. {"market":"BTC","slug":"btc-updown-5m-1781509800","title":"Bitcoin Up or Down - June 15, 3:50AM-3:55AM ET","end":"2026-06-15T07:55:00.000Z","upToken":"88379730472766074136508540195578280682554863835685237617611958121209988584762","downToken":"99213851876375514973508831443835432832874532974921925459798556850167979871161","orderMinSize":5,"tickSize":"0.01"}
[2026-06-15T07:50:01.026Z] INFO Skipped trade. {"slug":"btc-updown-5m-1781509800","reason":"missing_opening_chainlink_tick"}
[2026-06-15T07:50:01.027Z] INFO Tracking market. {"market":"ETH","slug":"eth-updown-5m-1781509800","title":"Ethereum Up or Down - June 15, 3:50AM-3:55AM ET","end":"2026-06-15T07:55:00.000Z","upToken":"20395855528721973497447957970989383924353632450972134513756774667143897351074","downToken":"14039217618518998377783478467297783672195340535893897830178908879780819856814","orderMinSize":5,"tickSize":"0.01"}
[2026-06-15T07:50:01.027Z] INFO Skipped trade. {"slug":"eth-updown-5m-1781509800","reason":"missing_opening_chainlink_tick"}
[2026-06-15T07:50:01.027Z] INFO Tracking market. {"market":"DOGE","slug":"doge-updown-5m-1781509800","title":"Dogecoin Up or Down - June 15, 3:50AM-3:55AM ET","end":"2026-06-15T07:55:00.000Z","upToken":"2148682886399584982900079257677063911359671257270694182061647410877714672776","downToken":"68289134888256876786165453845639708154406110598230202663340561803276242417082","orderMinSize":5,"tickSize":"0.01"}
[2026-06-15T07:50:01.027Z] INFO Skipped trade. {"slug":"doge-updown-5m-1781509800","reason":"missing_opening_chainlink_tick"}
[2026-06-15T07:50:02.072Z] INFO Captured Chainlink opening tick. {"slug":"btc-updown-5m-1781509800","openingPrice":65654.44556653309,"tickTimestamp":"2026-06-15T07:50:01.000Z"}
[2026-06-15T07:50:02.076Z] INFO Skipped trade. {"slug":"btc-updown-5m-1781509800","reason":"btc_distance_below_threshold","market":"BTC","minDistanceUsd":{"UP":12,"DOWN":12},"openingPrice":65654.44556653309,"currentPrice":65654.44556653309}
[2026-06-15T07:50:07.229Z] INFO Captured Chainlink opening tick. {"slug":"eth-updown-5m-1781509800","openingPrice":1716.4437626958938,"tickTimestamp":"2026-06-15T07:50:01.000Z"}
[2026-06-15T07:50:07.234Z] INFO Skipped trade. {"slug":"eth-updown-5m-1781509800","reason":"btc_distance_below_threshold","market":"ETH","minDistanceUsd":{"UP":2,"DOWN":2},"openingPrice":1716.4437626958938,"currentPrice":1716.4326554933216}
[2026-06-15T07:50:07.265Z] INFO Captured Chainlink opening tick. {"slug":"doge-updown-5m-1781509800","openingPrice":0.08837,"tickTimestamp":"2026-06-15T07:50:01.000Z"}
[2026-06-15T07:50:07.270Z] INFO Skipped trade. {"slug":"doge-updown-5m-1781509800","reason":"btc_distance_below_threshold","market":"DOGE","minDistanceUsd":{"UP":0.0003,"DOWN":0.0003},"openingPrice":0.08837,"currentPrice":0.0883593901176892}
[2026-06-15T07:54:29.185Z] INFO Skipped trade. {"slug":"btc-updown-5m-1781509800","reason":"no_ask_liquidity_under_cap","outcome":"UP"}
[2026-06-15T07:54:32.081Z] WARN Analytics sample recording failed; continuing. {"market":"ETH","slug":"eth-updown-5m-1781509800","error":"ENOENT: no such file or directory, rename 'C:\\DEV\\tests\\Workspace de Yarbis\\Polybot\\data\\analytics-active.json.tmp' -> 'C:\\DEV\\tests\\Workspace de Yarbis\\Polybot\\data\\analytics-active.json'"}
[2026-06-15T07:55:00.306Z] INFO Tracking market. {"market":"BTC","slug":"btc-updown-5m-1781510100","title":"Bitcoin Up or Down - June 15, 3:55AM-4:00AM ET","end":"2026-06-15T08:00:00.000Z","upToken":"52052955122519094915810058004991412105945176130119252380114007278787804616090","downToken":"103593473812604942213467878794482150891832705898549762711302011859265065389336","orderMinSize":5,"tickSize":"0.01"}
[2026-06-15T07:55:00.306Z] INFO Skipped trade. {"slug":"btc-updown-5m-1781510100","reason":"missing_opening_chainlink_tick"}
[2026-06-15T07:55:00.306Z] INFO Tracking market. {"market":"ETH","slug":"eth-updown-5m-1781510100","title":"Ethereum Up or Down - June 15, 3:55AM-4:00AM ET","end":"2026-06-15T08:00:00.000Z","upToken":"69317022871486864114141831821537372750990104051571163789721375757899371950252","downToken":"44345119914027525016520935306417579086850845665769199709991900713719503158778","orderMinSize":5,"tickSize":"0.01"}
[2026-06-15T07:55:00.307Z] INFO Skipped trade. {"slug":"eth-updown-5m-1781510100","reason":"missing_opening_chainlink_tick"}
[2026-06-15T07:55:00.307Z] INFO Tracking market. {"market":"DOGE","slug":"doge-updown-5m-1781510100","title":"Dogecoin Up or Down - June 15, 3:55AM-4:00AM ET","end":"2026-06-15T08:00:00.000Z","upToken":"7634369827548546806583466235873563439497183949997345312914432355053259319942","downToken":"54061939461822438274661211223498990439948726002935486390877036738147182281484","orderMinSize":5,"tickSize":"0.01"}
[2026-06-15T07:55:00.307Z] INFO Skipped trade. {"slug":"doge-updown-5m-1781510100","reason":"missing_opening_chainlink_tick"}
[2026-06-15T07:55:02.352Z] INFO Captured Chainlink opening tick. {"slug":"btc-updown-5m-1781510100","openingPrice":65733.01296167298,"tickTimestamp":"2026-06-15T07:55:00.000Z"}
[2026-06-15T07:55:02.356Z] INFO Skipped trade. {"slug":"btc-updown-5m-1781510100","reason":"btc_distance_below_threshold","market":"BTC","minDistanceUsd":{"UP":12,"DOWN":12},"openingPrice":65733.01296167298,"currentPrice":65733.07011980249}
[2026-06-15T07:55:02.386Z] INFO Captured Chainlink opening tick. {"slug":"eth-updown-5m-1781510100","openingPrice":1718.054172405845,"tickTimestamp":"2026-06-15T07:55:00.000Z"}
[2026-06-15T07:55:02.390Z] INFO Skipped trade. {"slug":"eth-updown-5m-1781510100","reason":"btc_distance_below_threshold","market":"ETH","minDistanceUsd":{"UP":2,"DOWN":2},"openingPrice":1718.054172405845,"currentPrice":1718.054909316011}
[2026-06-15T07:55:02.421Z] INFO Captured Chainlink opening tick. {"slug":"doge-updown-5m-1781510100","openingPrice":0.0885541609057076,"tickTimestamp":"2026-06-15T07:55:00.000Z"}
[2026-06-15T07:55:02.426Z] INFO Skipped trade. {"slug":"doge-updown-5m-1781510100","reason":"btc_distance_below_threshold","market":"DOGE","minDistanceUsd":{"UP":0.0003,"DOWN":0.0003},"openingPrice":0.0885541609057076,"currentPrice":0.088554}
[2026-06-15T07:59:29.692Z] INFO Skipped trade. {"slug":"btc-updown-5m-1781510100","reason":"no_ask_liquidity_under_cap","outcome":"DOWN"}
[2026-06-15T07:59:29.692Z] INFO Skipped trade. {"slug":"eth-updown-5m-1781510100","reason":"no_ask_liquidity_under_cap","outcome":"DOWN"}
[2026-06-15T08:00:00.519Z] INFO Tracking market. {"market":"BTC","slug":"btc-updown-5m-1781510400","title":"Bitcoin Up or Down - June 15, 4:00AM-4:05AM ET","end":"2026-06-15T08:05:00.000Z","upToken":"9342776424885874021379703582001449740858186858570804676997573639199748772689","downToken":"109201401633457885482536543215551829148017810698584518190579603613764311043230","orderMinSize":5,"tickSize":"0.01"}
[2026-06-15T08:00:00.519Z] INFO Skipped trade. {"slug":"btc-updown-5m-1781510400","reason":"missing_opening_chainlink_tick"}
[2026-06-15T08:00:00.519Z] INFO Tracking market. {"market":"ETH","slug":"eth-updown-5m-1781510400","title":"Ethereum Up or Down - June 15, 4:00AM-4:05AM ET","end":"2026-06-15T08:05:00.000Z","upToken":"110423749556067115915061338998726385341512989996248727540387723447511619382009","downToken":"104056333428843341860801089750586221824043237725965697013658455803134941627713","orderMinSize":5,"tickSize":"0.01"}
[2026-06-15T08:00:00.520Z] INFO Skipped trade. {"slug":"eth-updown-5m-1781510400","reason":"missing_opening_chainlink_tick"}
[2026-06-15T08:00:00.520Z] INFO Tracking market. {"market":"DOGE","slug":"doge-updown-5m-1781510400","title":"Dogecoin Up or Down - June 15, 4:00AM-4:05AM ET","end":"2026-06-15T08:05:00.000Z","upToken":"43925231181086557276973466150288142403771290139566903495210127415726133495218","downToken":"1149699586103430497941171181895512466629980581447171904011528393172131587732","orderMinSize":5,"tickSize":"0.01"}
[2026-06-15T08:00:00.520Z] INFO Skipped trade. {"slug":"doge-updown-5m-1781510400","reason":"missing_opening_chainlink_tick"}
[2026-06-15T08:00:01.575Z] INFO Captured Chainlink opening tick. {"slug":"btc-updown-5m-1781510400","openingPrice":65628.4792542951,"tickTimestamp":"2026-06-15T08:00:00.000Z"}
[2026-06-15T08:00:01.579Z] INFO Skipped trade. {"slug":"btc-updown-5m-1781510400","reason":"btc_distance_below_threshold","market":"BTC","minDistanceUsd":{"UP":12,"DOWN":12},"openingPrice":65628.4792542951,"currentPrice":65628.4792542951}
[2026-06-15T08:00:02.636Z] INFO Captured Chainlink opening tick. {"slug":"eth-updown-5m-1781510400","openingPrice":1715.3568116772424,"tickTimestamp":"2026-06-15T08:00:00.000Z"}
[2026-06-15T08:00:02.642Z] INFO Skipped trade. {"slug":"eth-updown-5m-1781510400","reason":"btc_distance_below_threshold","market":"ETH","minDistanceUsd":{"UP":2,"DOWN":2},"openingPrice":1715.3568116772424,"currentPrice":1715.3275647572134}
[2026-06-15T08:00:02.677Z] INFO Captured Chainlink opening tick. {"slug":"doge-updown-5m-1781510400","openingPrice":0.0884598,"tickTimestamp":"2026-06-15T08:00:00.000Z"}
[2026-06-15T08:00:02.682Z] INFO Skipped trade. {"slug":"doge-updown-5m-1781510400","reason":"btc_distance_below_threshold","market":"DOGE","minDistanceUsd":{"UP":0.0003,"DOWN":0.0003},"openingPrice":0.0884598,"currentPrice":0.0884707579654056}
[2026-06-15T08:04:29.519Z] INFO Skipped trade. {"slug":"btc-updown-5m-1781510400","reason":"no_ask_liquidity_under_cap","outcome":"UP"}
[2026-06-15T08:04:29.519Z] INFO Skipped trade. {"slug":"eth-updown-5m-1781510400","reason":"no_ask_liquidity_under_cap","outcome":"UP"}
[2026-06-15T08:05:00.678Z] INFO Tracking market. {"market":"BTC","slug":"btc-updown-5m-1781510700","title":"Bitcoin Up or Down - June 15, 4:05AM-4:10AM ET","end":"2026-06-15T08:10:00.000Z","upToken":"37521696835230188741479222833256252305277161742230380131205681591433179656119","downToken":"29497156239945606748238012365080914203895125745662563104166917734307257190000","orderMinSize":5,"tickSize":"0.01"}
[2026-06-15T08:05:00.678Z] INFO Skipped trade. {"slug":"btc-updown-5m-1781510700","reason":"missing_opening_chainlink_tick"}
[2026-06-15T08:05:00.678Z] INFO Tracking market. {"market":"ETH","slug":"eth-updown-5m-1781510700","title":"Ethereum Up or Down - June 15, 4:05AM-4:10AM ET","end":"2026-06-15T08:10:00.000Z","upToken":"34789322461081659902194993882367198088315776713932320341093100632649738753683","downToken":"1678389635861692779991072029790066360755476181454869490271029061128072930568","orderMinSize":5,"tickSize":"0.01"}
[2026-06-15T08:05:00.679Z] INFO Skipped trade. {"slug":"eth-updown-5m-1781510700","reason":"missing_opening_chainlink_tick"}
[2026-06-15T08:05:00.679Z] INFO Tracking market. {"market":"DOGE","slug":"doge-updown-5m-1781510700","title":"Dogecoin Up or Down - June 15, 4:05AM-4:10AM ET","end":"2026-06-15T08:10:00.000Z","upToken":"76597978535436669862626794622992347699522321482044598068253839468863251597538","downToken":"17180827157072129481465246398807460204707865956197682065695104282711940060003","orderMinSize":5,"tickSize":"0.01"}
[2026-06-15T08:05:00.679Z] INFO Skipped trade. {"slug":"doge-updown-5m-1781510700","reason":"missing_opening_chainlink_tick"}
[2026-06-15T08:05:01.732Z] INFO Captured Chainlink opening tick. {"slug":"btc-updown-5m-1781510700","openingPrice":65698.47304654594,"tickTimestamp":"2026-06-15T08:05:00.000Z"}
[2026-06-15T08:05:01.741Z] INFO Skipped trade. {"slug":"btc-updown-5m-1781510700","reason":"btc_distance_below_threshold","market":"BTC","minDistanceUsd":{"UP":12,"DOWN":12},"openingPrice":65698.47304654594,"currentPrice":65698.47304654594}
[2026-06-15T08:05:02.789Z] INFO Captured Chainlink opening tick. {"slug":"eth-updown-5m-1781510700","openingPrice":1718.5486385904449,"tickTimestamp":"2026-06-15T08:05:00.000Z"}
[2026-06-15T08:05:02.793Z] INFO Skipped trade. {"slug":"eth-updown-5m-1781510700","reason":"btc_distance_below_threshold","market":"ETH","minDistanceUsd":{"UP":2,"DOWN":2},"openingPrice":1718.5486385904449,"currentPrice":1718.5483979196126}
[2026-06-15T08:05:02.825Z] INFO Captured Chainlink opening tick. {"slug":"doge-updown-5m-1781510700","openingPrice":0.0886432,"tickTimestamp":"2026-06-15T08:05:00.000Z"}
[2026-06-15T08:05:02.831Z] INFO Skipped trade. {"slug":"doge-updown-5m-1781510700","reason":"btc_distance_below_threshold","market":"DOGE","minDistanceUsd":{"UP":0.0003,"DOWN":0.0003},"openingPrice":0.0886432,"currentPrice":0.088644}
[2026-06-15T08:09:29.468Z] INFO Skipped trade. {"slug":"btc-updown-5m-1781510700","reason":"no_ask_liquidity_under_cap","outcome":"DOWN"}
[2026-06-15T08:09:40.315Z] WARN Analytics sample recording failed; continuing. {"market":"ETH","slug":"eth-updown-5m-1781510700","error":"ENOENT: no such file or directory, rename 'C:\\DEV\\tests\\Workspace de Yarbis\\Polybot\\data\\analytics-active.json.tmp' -> 'C:\\DEV\\tests\\Workspace de Yarbis\\Polybot\\data\\analytics-active.json'"}
[2026-06-15T08:10:00.355Z] INFO Tracking market. {"market":"BTC","slug":"btc-updown-5m-1781511000","title":"Bitcoin Up or Down - June 15, 4:10AM-4:15AM ET","end":"2026-06-15T08:15:00.000Z","upToken":"84583472323115442078890748443421434343906023196969362288019860722957029316924","downToken":"68732867106910411827019628869245911984175613950272008088457082030779508395676","orderMinSize":5,"tickSize":"0.01"}
[2026-06-15T08:10:00.356Z] INFO Skipped trade. {"slug":"btc-updown-5m-1781511000","reason":"missing_opening_chainlink_tick"}
[2026-06-15T08:10:00.356Z] INFO Tracking market. {"market":"ETH","slug":"eth-updown-5m-1781511000","title":"Ethereum Up or Down - June 15, 4:10AM-4:15AM ET","end":"2026-06-15T08:15:00.000Z","upToken":"48358366410960046872771635653437383858574657172892599472596133609264219268659","downToken":"533791730261583187032381097032263595325837559277741749570547380073913117636","orderMinSize":5,"tickSize":"0.01"}
[2026-06-15T08:10:00.357Z] INFO Skipped trade. {"slug":"eth-updown-5m-1781511000","reason":"missing_opening_chainlink_tick"}
[2026-06-15T08:10:00.357Z] INFO Tracking market. {"market":"DOGE","slug":"doge-updown-5m-1781511000","title":"Dogecoin Up or Down - June 15, 4:10AM-4:15AM ET","end":"2026-06-15T08:15:00.000Z","upToken":"9845464947874661726110423506746357566527910220996156173735912683056436980296","downToken":"64981360900803547493592853628620516327238789090940795485971715412592723758582","orderMinSize":5,"tickSize":"0.01"}
[2026-06-15T08:10:00.357Z] INFO Skipped trade. {"slug":"doge-updown-5m-1781511000","reason":"missing_opening_chainlink_tick"}
[2026-06-15T08:10:01.408Z] INFO Captured Chainlink opening tick. {"slug":"btc-updown-5m-1781511000","openingPrice":65675.80051982349,"tickTimestamp":"2026-06-15T08:10:00.000Z"}
[2026-06-15T08:10:01.417Z] INFO Skipped trade. {"slug":"btc-updown-5m-1781511000","reason":"btc_distance_below_threshold","market":"BTC","minDistanceUsd":{"UP":12,"DOWN":12},"openingPrice":65675.80051982349,"currentPrice":65675.80051982349}
[2026-06-15T08:10:03.494Z] INFO Captured Chainlink opening tick. {"slug":"eth-updown-5m-1781511000","openingPrice":1718.4104056520305,"tickTimestamp":"2026-06-15T08:10:00.000Z"}
[2026-06-15T08:10:03.499Z] INFO Skipped trade. {"slug":"eth-updown-5m-1781511000","reason":"btc_distance_below_threshold","market":"ETH","minDistanceUsd":{"UP":2,"DOWN":2},"openingPrice":1718.4104056520305,"currentPrice":1718.4110056520306}
[2026-06-15T08:10:03.554Z] INFO Captured Chainlink opening tick. {"slug":"doge-updown-5m-1781511000","openingPrice":0.088539709,"tickTimestamp":"2026-06-15T08:10:00.000Z"}
[2026-06-15T08:10:03.562Z] INFO Skipped trade. {"slug":"doge-updown-5m-1781511000","reason":"btc_distance_below_threshold","market":"DOGE","minDistanceUsd":{"UP":0.0003,"DOWN":0.0003},"openingPrice":0.088539709,"currentPrice":0.0885384}
[2026-06-15T08:14:21.761Z] WARN Analytics sample recording failed; continuing. {"market":"DOGE","slug":"doge-updown-5m-1781511000","error":"ENOENT: no such file or directory, rename 'C:\\DEV\\tests\\Workspace de Yarbis\\Polybot\\data\\analytics-active.json.tmp' -> 'C:\\DEV\\tests\\Workspace de Yarbis\\Polybot\\data\\analytics-active.json'"}
[2026-06-15T08:14:24.984Z] WARN Analytics sample recording failed; continuing. {"market":"BTC","slug":"btc-updown-5m-1781511000","error":"ENOENT: no such file or directory, rename 'C:\\DEV\\tests\\Workspace de Yarbis\\Polybot\\data\\analytics-active.json.tmp' -> 'C:\\DEV\\tests\\Workspace de Yarbis\\Polybot\\data\\analytics-active.json'"}
[2026-06-15T08:14:29.233Z] INFO Skipped trade. {"slug":"btc-updown-5m-1781511000","reason":"no_ask_liquidity_under_cap","outcome":"UP"}
[2026-06-15T08:15:00.195Z] INFO Tracking market. {"market":"BTC","slug":"btc-updown-5m-1781511300","title":"Bitcoin Up or Down - June 15, 4:15AM-4:20AM ET","end":"2026-06-15T08:20:00.000Z","upToken":"101297331048139319955851434830495938965807617594959626192649469201510615301880","downToken":"71003384959640969824219952755415115550226451084686975218713665121513003144441","orderMinSize":5,"tickSize":"0.01"}
[2026-06-15T08:15:00.195Z] INFO Skipped trade. {"slug":"btc-updown-5m-1781511300","reason":"missing_opening_chainlink_tick"}
[2026-06-15T08:15:00.196Z] INFO Tracking market. {"market":"ETH","slug":"eth-updown-5m-1781511300","title":"Ethereum Up or Down - June 15, 4:15AM-4:20AM ET","end":"2026-06-15T08:20:00.000Z","upToken":"83369035193302414417991999002188088813398749519119272020863291438750537486854","downToken":"78085875022680882706388924559277999054522437761256156011084741239272397093490","orderMinSize":5,"tickSize":"0.01"}
[2026-06-15T08:15:00.196Z] INFO Skipped trade. {"slug":"eth-updown-5m-1781511300","reason":"missing_opening_chainlink_tick"}
[2026-06-15T08:15:00.196Z] INFO Tracking market. {"market":"DOGE","slug":"doge-updown-5m-1781511300","title":"Dogecoin Up or Down - June 15, 4:15AM-4:20AM ET","end":"2026-06-15T08:20:00.000Z","upToken":"67770042725643480206365458875190395597044502511936817177145924236105073343713","downToken":"64227196473352714912120747644343991944585215887368881218043488823319842062740","orderMinSize":5,"tickSize":"0.01"}
[2026-06-15T08:15:00.196Z] INFO Skipped trade. {"slug":"doge-updown-5m-1781511300","reason":"missing_opening_chainlink_tick"}
[2026-06-15T08:15:02.324Z] INFO Captured Chainlink opening tick. {"slug":"btc-updown-5m-1781511300","openingPrice":65687.90954493468,"tickTimestamp":"2026-06-15T08:15:00.000Z"}
[2026-06-15T08:15:02.330Z] INFO Skipped trade. {"slug":"btc-updown-5m-1781511300","reason":"btc_distance_below_threshold","market":"BTC","minDistanceUsd":{"UP":12,"DOWN":12},"openingPrice":65687.90954493468,"currentPrice":65688.04378939331}
[2026-06-15T08:15:04.403Z] INFO Captured Chainlink opening tick. {"slug":"eth-updown-5m-1781511300","openingPrice":1718.6682650122393,"tickTimestamp":"2026-06-15T08:15:00.000Z"}
[2026-06-15T08:15:04.409Z] INFO Skipped trade. {"slug":"eth-updown-5m-1781511300","reason":"btc_distance_below_threshold","market":"ETH","minDistanceUsd":{"UP":2,"DOWN":2},"openingPrice":1718.6682650122393,"currentPrice":1718.6682650122393}
[2026-06-15T08:15:04.464Z] INFO Captured Chainlink opening tick. {"slug":"doge-updown-5m-1781511300","openingPrice":0.0884729,"tickTimestamp":"2026-06-15T08:15:00.000Z"}
[2026-06-15T08:15:04.475Z] INFO Skipped trade. {"slug":"doge-updown-5m-1781511300","reason":"btc_distance_below_threshold","market":"DOGE","minDistanceUsd":{"UP":0.0003,"DOWN":0.0003},"openingPrice":0.0884729,"currentPrice":0.0884729}
[2026-06-15T08:16:43.336Z] INFO Skipped trade. {"slug":"eth-updown-5m-1781511300","reason":"stale_chainlink_tick","tickTimestamp":"2026-06-15T08:16:33.000Z"}
[2026-06-15T08:16:43.337Z] INFO Skipped trade. {"slug":"doge-updown-5m-1781511300","reason":"stale_chainlink_tick","tickTimestamp":"2026-06-15T08:16:33.000Z"}
[2026-06-15T08:19:28.720Z] INFO Skipped trade. {"slug":"btc-updown-5m-1781511300","reason":"no_ask_liquidity_under_cap","outcome":"DOWN"}
[2026-06-15T08:19:41.132Z] WARN Analytics sample recording failed; continuing. {"market":"ETH","slug":"eth-updown-5m-1781511300","error":"ENOENT: no such file or directory, rename 'C:\\DEV\\tests\\Workspace de Yarbis\\Polybot\\data\\analytics-active.json.tmp' -> 'C:\\DEV\\tests\\Workspace de Yarbis\\Polybot\\data\\analytics-active.json'"}
[2026-06-15T08:20:01.263Z] INFO Tracking market. {"market":"BTC","slug":"btc-updown-5m-1781511600","title":"Bitcoin Up or Down - June 15, 4:20AM-4:25AM ET","end":"2026-06-15T08:25:00.000Z","upToken":"35074337654790867998594734472801736675105400473672734616567541699952402243261","downToken":"49069941865464270867078457123468022123639913979295178697325970983532339539895","orderMinSize":5,"tickSize":"0.01"}
[2026-06-15T08:20:01.264Z] INFO Skipped trade. {"slug":"btc-updown-5m-1781511600","reason":"missing_opening_chainlink_tick"}
[2026-06-15T08:20:01.264Z] INFO Tracking market. {"market":"ETH","slug":"eth-updown-5m-1781511600","title":"Ethereum Up or Down - June 15, 4:20AM-4:25AM ET","end":"2026-06-15T08:25:00.000Z","upToken":"104959967556678840150736573014395073988020349491879463315631630418276381490224","downToken":"51226512887440663644435767359733702189754405648920149937186461283842991577765","orderMinSize":5,"tickSize":"0.01"}
[2026-06-15T08:20:01.264Z] INFO Skipped trade. {"slug":"eth-updown-5m-1781511600","reason":"missing_opening_chainlink_tick"}
[2026-06-15T08:20:01.265Z] INFO Tracking market. {"market":"DOGE","slug":"doge-updown-5m-1781511600","title":"Dogecoin Up or Down - June 15, 4:20AM-4:25AM ET","end":"2026-06-15T08:25:00.000Z","upToken":"13484614500701877157421543334424736384114201343043964023130287859927796101562","downToken":"106469574862841129515634969349992979773478541063657250553972626502962606041873","orderMinSize":5,"tickSize":"0.01"}
[2026-06-15T08:20:01.265Z] INFO Skipped trade. {"slug":"doge-updown-5m-1781511600","reason":"missing_opening_chainlink_tick"}
[2026-06-15T08:20:02.312Z] INFO Captured Chainlink opening tick. {"slug":"btc-updown-5m-1781511600","openingPrice":65626.06797988982,"tickTimestamp":"2026-06-15T08:20:00.000Z"}
[2026-06-15T08:20:02.319Z] INFO Skipped trade. {"slug":"btc-updown-5m-1781511600","reason":"btc_distance_below_threshold","market":"BTC","minDistanceUsd":{"UP":12,"DOWN":12},"openingPrice":65626.06797988982,"currentPrice":65626.00207998836}
[2026-06-15T08:20:04.381Z] INFO Captured Chainlink opening tick. {"slug":"eth-updown-5m-1781511600","openingPrice":1718.4631843831935,"tickTimestamp":"2026-06-15T08:20:00.000Z"}
[2026-06-15T08:20:04.387Z] INFO Skipped trade. {"slug":"eth-updown-5m-1781511600","reason":"btc_distance_below_threshold","market":"ETH","minDistanceUsd":{"UP":2,"DOWN":2},"openingPrice":1718.4631843831935,"currentPrice":1718.1911830330657}
[2026-06-15T08:20:04.442Z] INFO Captured Chainlink opening tick. {"slug":"doge-updown-5m-1781511600","openingPrice":0.088522484687294,"tickTimestamp":"2026-06-15T08:20:00.000Z"}
[2026-06-15T08:20:04.446Z] INFO Skipped trade. {"slug":"doge-updown-5m-1781511600","reason":"btc_distance_below_threshold","market":"DOGE","minDistanceUsd":{"UP":0.0003,"DOWN":0.0003},"openingPrice":0.088522484687294,"currentPrice":0.0885044551892671}
[2026-06-15T08:24:29.527Z] INFO Skipped trade. {"slug":"btc-updown-5m-1781511600","reason":"no_ask_liquidity_under_cap","outcome":"DOWN"}
[2026-06-15T08:25:00.697Z] INFO Tracking market. {"market":"BTC","slug":"btc-updown-5m-1781511900","title":"Bitcoin Up or Down - June 15, 4:25AM-4:30AM ET","end":"2026-06-15T08:30:00.000Z","upToken":"53909458784613574774288097907943480122032056466113839505222443069337505157643","downToken":"72321856625805330692857926629017512781940156187343198018907198519128210338117","orderMinSize":5,"tickSize":"0.01"}
[2026-06-15T08:25:00.697Z] INFO Skipped trade. {"slug":"btc-updown-5m-1781511900","reason":"missing_opening_chainlink_tick"}
[2026-06-15T08:25:00.697Z] INFO Tracking market. {"market":"ETH","slug":"eth-updown-5m-1781511900","title":"Ethereum Up or Down - June 15, 4:25AM-4:30AM ET","end":"2026-06-15T08:30:00.000Z","upToken":"91197128949327935047666142116530559541511127939586659659578081474450451473295","downToken":"46450909684711641303769968570130762487127149349515524068756381069016517050370","orderMinSize":5,"tickSize":"0.01"}
[2026-06-15T08:25:00.697Z] INFO Skipped trade. {"slug":"eth-updown-5m-1781511900","reason":"missing_opening_chainlink_tick"}
[2026-06-15T08:25:00.697Z] INFO Tracking market. {"market":"DOGE","slug":"doge-updown-5m-1781511900","title":"Dogecoin Up or Down - June 15, 4:25AM-4:30AM ET","end":"2026-06-15T08:30:00.000Z","upToken":"50734730688045218586163259986721746563380475865864591082761678120615974741650","downToken":"22053894704615627086353436968541737940558052829192517636926372337812100998525","orderMinSize":5,"tickSize":"0.01"}
[2026-06-15T08:25:00.698Z] INFO Skipped trade. {"slug":"doge-updown-5m-1781511900","reason":"missing_opening_chainlink_tick"}
[2026-06-15T08:25:01.757Z] INFO Captured Chainlink opening tick. {"slug":"btc-updown-5m-1781511900","openingPrice":65596.5446957226,"tickTimestamp":"2026-06-15T08:25:00.000Z"}
[2026-06-15T08:25:01.762Z] INFO Skipped trade. {"slug":"btc-updown-5m-1781511900","reason":"btc_distance_below_threshold","market":"BTC","minDistanceUsd":{"UP":12,"DOWN":12},"openingPrice":65596.5446957226,"currentPrice":65596.5446957226}
[2026-06-15T08:25:04.848Z] INFO Captured Chainlink opening tick. {"slug":"eth-updown-5m-1781511900","openingPrice":1716.5361845995972,"tickTimestamp":"2026-06-15T08:25:00.000Z"}
[2026-06-15T08:25:04.855Z] INFO Skipped trade. {"slug":"eth-updown-5m-1781511900","reason":"btc_distance_below_threshold","market":"ETH","minDistanceUsd":{"UP":2,"DOWN":2},"openingPrice":1716.5361845995972,"currentPrice":1716.5085391088803}
[2026-06-15T08:25:04.924Z] INFO Captured Chainlink opening tick. {"slug":"doge-updown-5m-1781511900","openingPrice":0.0884594802784185,"tickTimestamp":"2026-06-15T08:25:00.000Z"}
[2026-06-15T08:25:04.953Z] INFO Skipped trade. {"slug":"doge-updown-5m-1781511900","reason":"btc_distance_below_threshold","market":"DOGE","minDistanceUsd":{"UP":0.0003,"DOWN":0.0003},"openingPrice":0.0884594802784185,"currentPrice":0.0884592577258974}
[2026-06-15T08:29:22.573Z] WARN Analytics sample recording failed; continuing. {"market":"BTC","slug":"btc-updown-5m-1781511900","error":"ENOENT: no such file or directory, rename 'C:\\DEV\\tests\\Workspace de Yarbis\\Polybot\\data\\analytics-active.json.tmp' -> 'C:\\DEV\\tests\\Workspace de Yarbis\\Polybot\\data\\analytics-active.json'"}
[2026-06-15T08:29:24.487Z] WARN Analytics sample recording failed; continuing. {"market":"DOGE","slug":"doge-updown-5m-1781511900","error":"ENOENT: no such file or directory, rename 'C:\\DEV\\tests\\Workspace de Yarbis\\Polybot\\data\\analytics-active.json.tmp' -> 'C:\\DEV\\tests\\Workspace de Yarbis\\Polybot\\data\\analytics-active.json'"}
[2026-06-15T08:29:29.230Z] INFO Skipped trade. {"slug":"btc-updown-5m-1781511900","reason":"no_ask_liquidity_under_cap","outcome":"UP"}
[2026-06-15T08:30:01.469Z] INFO Tracking market. {"market":"BTC","slug":"btc-updown-5m-1781512200","title":"Bitcoin Up or Down - June 15, 4:30AM-4:35AM ET","end":"2026-06-15T08:35:00.000Z","upToken":"38115647185923958299458327951388915506449087844653995868527327629743103101824","downToken":"47384501542795036222887151283031049931377795872082104402606260690453579306227","orderMinSize":5,"tickSize":"0.01"}
[2026-06-15T08:30:01.509Z] INFO Captured Chainlink opening tick. {"slug":"btc-updown-5m-1781512200","openingPrice":65631.83688321244,"tickTimestamp":"2026-06-15T08:30:00.000Z"}
[2026-06-15T08:30:01.513Z] INFO Skipped trade. {"slug":"btc-updown-5m-1781512200","reason":"btc_distance_below_threshold","market":"BTC","minDistanceUsd":{"UP":12,"DOWN":12},"openingPrice":65631.83688321244,"currentPrice":65631.83688321244}
[2026-06-15T08:30:01.513Z] INFO Tracking market. {"market":"ETH","slug":"eth-updown-5m-1781512200","title":"Ethereum Up or Down - June 15, 4:30AM-4:35AM ET","end":"2026-06-15T08:35:00.000Z","upToken":"102941614256734644964103175948841236127657187569416277863917914023421918838947","downToken":"45902137454137456361677490512648210646174651878775809202449296579439847463472","orderMinSize":5,"tickSize":"0.01"}
[2026-06-15T08:30:01.514Z] INFO Skipped trade. {"slug":"eth-updown-5m-1781512200","reason":"missing_opening_chainlink_tick"}
[2026-06-15T08:30:01.514Z] INFO Tracking market. {"market":"DOGE","slug":"doge-updown-5m-1781512200","title":"Dogecoin Up or Down - June 15, 4:30AM-4:35AM ET","end":"2026-06-15T08:35:00.000Z","upToken":"27297484596941464274101580882718353750083062347100266336792929443403079167617","downToken":"74808061141379606737681387473321432581594027012089902881956531042210410468184","orderMinSize":5,"tickSize":"0.01"}
[2026-06-15T08:30:01.514Z] INFO Skipped trade. {"slug":"doge-updown-5m-1781512200","reason":"missing_opening_chainlink_tick"}
[2026-06-15T08:30:04.568Z] INFO Captured Chainlink opening tick. {"slug":"eth-updown-5m-1781512200","openingPrice":1717.592808207189,"tickTimestamp":"2026-06-15T08:30:00.000Z"}
[2026-06-15T08:30:04.573Z] INFO Skipped trade. {"slug":"eth-updown-5m-1781512200","reason":"btc_distance_below_threshold","market":"ETH","minDistanceUsd":{"UP":2,"DOWN":2},"openingPrice":1717.592808207189,"currentPrice":1717.41755}
[2026-06-15T08:30:04.603Z] INFO Captured Chainlink opening tick. {"slug":"doge-updown-5m-1781512200","openingPrice":0.0886760558409345,"tickTimestamp":"2026-06-15T08:30:00.000Z"}
[2026-06-15T08:30:04.608Z] INFO Skipped trade. {"slug":"doge-updown-5m-1781512200","reason":"btc_distance_below_threshold","market":"DOGE","minDistanceUsd":{"UP":0.0003,"DOWN":0.0003},"openingPrice":0.0886760558409345,"currentPrice":0.0886838367213941}
[2026-06-15T08:34:29.124Z] INFO Skipped trade. {"slug":"btc-updown-5m-1781512200","reason":"no_ask_liquidity_under_cap","outcome":"UP"}
[2026-06-15T08:34:29.124Z] INFO Skipped trade. {"slug":"eth-updown-5m-1781512200","reason":"no_ask_liquidity_under_cap","outcome":"UP"}
[2026-06-15T08:35:01.431Z] INFO Tracking market. {"market":"BTC","slug":"btc-updown-5m-1781512500","title":"Bitcoin Up or Down - June 15, 4:35AM-4:40AM ET","end":"2026-06-15T08:40:00.000Z","upToken":"1960289235207785546580235318281020942765314771585180421732357210992724269606","downToken":"110240550603492327126832362823000010556979090193027665913498719055411860265135","orderMinSize":5,"tickSize":"0.01"}
[2026-06-15T08:35:01.500Z] INFO Captured Chainlink opening tick. {"slug":"btc-updown-5m-1781512500","openingPrice":65680.00217393572,"tickTimestamp":"2026-06-15T08:35:00.000Z"}
[2026-06-15T08:35:01.513Z] INFO Skipped trade. {"slug":"btc-updown-5m-1781512500","reason":"btc_distance_below_threshold","market":"BTC","minDistanceUsd":{"UP":12,"DOWN":12},"openingPrice":65680.00217393572,"currentPrice":65680.00217393572}
[2026-06-15T08:35:01.513Z] INFO Tracking market. {"market":"ETH","slug":"eth-updown-5m-1781512500","title":"Ethereum Up or Down - June 15, 4:35AM-4:40AM ET","end":"2026-06-15T08:40:00.000Z","upToken":"95219513512739143752846790137699986122336760764753031613255129306826929778369","downToken":"11063519436677982349116529950851256572357742513794354074009005825886551670285","orderMinSize":5,"tickSize":"0.01"}
[2026-06-15T08:35:01.514Z] INFO Skipped trade. {"slug":"eth-updown-5m-1781512500","reason":"missing_opening_chainlink_tick"}
[2026-06-15T08:35:01.514Z] INFO Tracking market. {"market":"DOGE","slug":"doge-updown-5m-1781512500","title":"Dogecoin Up or Down - June 15, 4:35AM-4:40AM ET","end":"2026-06-15T08:40:00.000Z","upToken":"86823497750148020332705592577362104571285984278311692062960503779823410635988","downToken":"102465447197692826062204068781533905228593607253626659583153066316074537946939","orderMinSize":5,"tickSize":"0.01"}
[2026-06-15T08:35:01.514Z] INFO Skipped trade. {"slug":"doge-updown-5m-1781512500","reason":"missing_opening_chainlink_tick"}
[2026-06-15T08:35:05.566Z] INFO Captured Chainlink opening tick. {"slug":"eth-updown-5m-1781512500","openingPrice":1720.0242449649525,"tickTimestamp":"2026-06-15T08:35:00.000Z"}
[2026-06-15T08:35:05.571Z] INFO Skipped trade. {"slug":"eth-updown-5m-1781512500","reason":"btc_distance_below_threshold","market":"ETH","minDistanceUsd":{"UP":2,"DOWN":2},"openingPrice":1720.0242449649525,"currentPrice":1719.9780773348123}
[2026-06-15T08:35:05.614Z] INFO Captured Chainlink opening tick. {"slug":"doge-updown-5m-1781512500","openingPrice":0.0888148494840148,"tickTimestamp":"2026-06-15T08:35:00.000Z"}
[2026-06-15T08:35:05.620Z] INFO Skipped trade. {"slug":"doge-updown-5m-1781512500","reason":"btc_distance_below_threshold","market":"DOGE","minDistanceUsd":{"UP":0.0003,"DOWN":0.0003},"openingPrice":0.0888148494840148,"currentPrice":0.0888165264083441}
[2026-06-15T08:39:38.463Z] INFO Skipped trade. {"slug":"eth-updown-5m-1781512500","reason":"stale_chainlink_tick","tickTimestamp":"2026-06-15T08:39:27.000Z"}
[2026-06-15T08:39:38.638Z] INFO Skipped trade. {"slug":"doge-updown-5m-1781512500","reason":"stale_chainlink_tick","tickTimestamp":"2026-06-15T08:39:27.000Z"}
[2026-06-15T08:39:41.814Z] INFO Skipped trade. {"slug":"btc-updown-5m-1781512500","reason":"no_ask_liquidity_under_cap","outcome":"DOWN"}
[2026-06-15T08:40:01.648Z] INFO Tracking market. {"market":"BTC","slug":"btc-updown-5m-1781512800","title":"Bitcoin Up or Down - June 15, 4:40AM-4:45AM ET","end":"2026-06-15T08:45:00.000Z","upToken":"36234360925569013998176304911039233717731473944459625905866813623437349929715","downToken":"26069796307396088460215901787359130754179246737676601695190778328640820573567","orderMinSize":5,"tickSize":"0.01"}
[2026-06-15T08:40:01.649Z] INFO Skipped trade. {"slug":"btc-updown-5m-1781512800","reason":"missing_opening_chainlink_tick"}
[2026-06-15T08:40:01.649Z] INFO Tracking market. {"market":"ETH","slug":"eth-updown-5m-1781512800","title":"Ethereum Up or Down - June 15, 4:40AM-4:45AM ET","end":"2026-06-15T08:45:00.000Z","upToken":"58367718395844261795959305738357998249192829718709324906663665895110485088015","downToken":"41612447215837810418133854495236701307508896091222674622500033377209703307953","orderMinSize":5,"tickSize":"0.01"}
[2026-06-15T08:40:01.649Z] INFO Skipped trade. {"slug":"eth-updown-5m-1781512800","reason":"missing_opening_chainlink_tick"}
[2026-06-15T08:40:01.649Z] INFO Tracking market. {"market":"DOGE","slug":"doge-updown-5m-1781512800","title":"Dogecoin Up or Down - June 15, 4:40AM-4:45AM ET","end":"2026-06-15T08:45:00.000Z","upToken":"62797932722544550800362915307358907979438054005059339151821019127430991077898","downToken":"92608594376191243363602152906319047928064924884783764381036791853570963237171","orderMinSize":5,"tickSize":"0.01"}
[2026-06-15T08:40:01.649Z] INFO Skipped trade. {"slug":"doge-updown-5m-1781512800","reason":"missing_opening_chainlink_tick"}
[2026-06-15T08:40:02.695Z] INFO Captured Chainlink opening tick. {"slug":"btc-updown-5m-1781512800","openingPrice":65665.80165130841,"tickTimestamp":"2026-06-15T08:40:00.000Z"}
[2026-06-15T08:40:02.699Z] INFO Skipped trade. {"slug":"btc-updown-5m-1781512800","reason":"btc_distance_below_threshold","market":"BTC","minDistanceUsd":{"UP":12,"DOWN":12},"openingPrice":65665.80165130841,"currentPrice":65665.80165130841}
[2026-06-15T08:40:05.772Z] INFO Captured Chainlink opening tick. {"slug":"eth-updown-5m-1781512800","openingPrice":1719.1111865646276,"tickTimestamp":"2026-06-15T08:40:00.000Z"}
[2026-06-15T08:40:05.777Z] INFO Skipped trade. {"slug":"eth-updown-5m-1781512800","reason":"btc_distance_below_threshold","market":"ETH","minDistanceUsd":{"UP":2,"DOWN":2},"openingPrice":1719.1111865646276,"currentPrice":1719.0833904247456}
[2026-06-15T08:40:05.808Z] INFO Captured Chainlink opening tick. {"slug":"doge-updown-5m-1781512800","openingPrice":0.0887249,"tickTimestamp":"2026-06-15T08:40:00.000Z"}
[2026-06-15T08:40:05.812Z] INFO Skipped trade. {"slug":"doge-updown-5m-1781512800","reason":"btc_distance_below_threshold","market":"DOGE","minDistanceUsd":{"UP":0.0003,"DOWN":0.0003},"openingPrice":0.0887249,"currentPrice":0.088721382}
[2026-06-15T08:44:29.923Z] INFO Skipped trade. {"slug":"btc-updown-5m-1781512800","reason":"no_ask_liquidity_under_cap","outcome":"UP"}
[2026-06-15T08:45:00.630Z] INFO Tracking market. {"market":"BTC","slug":"btc-updown-5m-1781513100","title":"Bitcoin Up or Down - June 15, 4:45AM-4:50AM ET","end":"2026-06-15T08:50:00.000Z","upToken":"25782753887998249794847024513684695006933640471210957194739372452459287080296","downToken":"100835412277856334813434284244312653075817711382335856994971642906187795271648","orderMinSize":5,"tickSize":"0.01"}
[2026-06-15T08:45:00.630Z] INFO Skipped trade. {"slug":"btc-updown-5m-1781513100","reason":"missing_opening_chainlink_tick"}
[2026-06-15T08:45:00.630Z] INFO Tracking market. {"market":"ETH","slug":"eth-updown-5m-1781513100","title":"Ethereum Up or Down - June 15, 4:45AM-4:50AM ET","end":"2026-06-15T08:50:00.000Z","upToken":"111641218213194846270752587790640502298635609727770948921761751122014381058194","downToken":"13993385703853802031202969774332809146111673958590068186360166760483704474315","orderMinSize":5,"tickSize":"0.01"}
[2026-06-15T08:45:00.631Z] INFO Skipped trade. {"slug":"eth-updown-5m-1781513100","reason":"missing_opening_chainlink_tick"}
[2026-06-15T08:45:00.631Z] INFO Tracking market. {"market":"DOGE","slug":"doge-updown-5m-1781513100","title":"Dogecoin Up or Down - June 15, 4:45AM-4:50AM ET","end":"2026-06-15T08:50:00.000Z","upToken":"68958367238091379537954557588678014466844001865697736846618774676963812840958","downToken":"102899811852075802909565748024029277462400538754458270928522079118785595826131","orderMinSize":5,"tickSize":"0.01"}
[2026-06-15T08:45:00.631Z] INFO Skipped trade. {"slug":"doge-updown-5m-1781513100","reason":"missing_opening_chainlink_tick"}
[2026-06-15T08:45:01.693Z] INFO Captured Chainlink opening tick. {"slug":"btc-updown-5m-1781513100","openingPrice":65722.02950943344,"tickTimestamp":"2026-06-15T08:45:00.000Z"}
[2026-06-15T08:45:01.701Z] INFO Skipped trade. {"slug":"btc-updown-5m-1781513100","reason":"btc_distance_below_threshold","market":"BTC","minDistanceUsd":{"UP":12,"DOWN":12},"openingPrice":65722.02950943344,"currentPrice":65722.02950943344}
[2026-06-15T08:45:05.887Z] INFO Captured Chainlink opening tick. {"slug":"eth-updown-5m-1781513100","openingPrice":1719.7797490100686,"tickTimestamp":"2026-06-15T08:45:00.000Z"}
[2026-06-15T08:45:05.893Z] INFO Skipped trade. {"slug":"eth-updown-5m-1781513100","reason":"btc_distance_below_threshold","market":"ETH","minDistanceUsd":{"UP":2,"DOWN":2},"openingPrice":1719.7797490100686,"currentPrice":1719.7460499062834}
[2026-06-15T08:45:05.928Z] INFO Captured Chainlink opening tick. {"slug":"doge-updown-5m-1781513100","openingPrice":0.08877,"tickTimestamp":"2026-06-15T08:45:00.000Z"}
[2026-06-15T08:45:05.932Z] INFO Skipped trade. {"slug":"doge-updown-5m-1781513100","reason":"btc_distance_below_threshold","market":"DOGE","minDistanceUsd":{"UP":0.0003,"DOWN":0.0003},"openingPrice":0.08877,"currentPrice":0.0887701}
[2026-06-15T08:49:10.626Z] WARN Analytics sample recording failed; continuing. {"market":"ETH","slug":"eth-updown-5m-1781513100","error":"ENOENT: no such file or directory, rename 'C:\\DEV\\tests\\Workspace de Yarbis\\Polybot\\data\\analytics-active.json.tmp' -> 'C:\\DEV\\tests\\Workspace de Yarbis\\Polybot\\data\\analytics-active.json'"}
[2026-06-15T08:50:01.076Z] INFO Tracking market. {"market":"BTC","slug":"btc-updown-5m-1781513400","title":"Bitcoin Up or Down - June 15, 4:50AM-4:55AM ET","end":"2026-06-15T08:55:00.000Z","upToken":"34832711380105557648098242772843288259852656540008232668125493260532044000766","downToken":"25659624332923957760515343445831724134515068723009049131497484174194427478489","orderMinSize":5,"tickSize":"0.01"}
[2026-06-15T08:50:01.076Z] INFO Skipped trade. {"slug":"btc-updown-5m-1781513400","reason":"missing_opening_chainlink_tick"}
[2026-06-15T08:50:01.076Z] INFO Tracking market. {"market":"ETH","slug":"eth-updown-5m-1781513400","title":"Ethereum Up or Down - June 15, 4:50AM-4:55AM ET","end":"2026-06-15T08:55:00.000Z","upToken":"37406576762591661420510494970672611589044214392728903790749522729931429258715","downToken":"106901767790874742918128784967745486963584352220016067840768521101417011942294","orderMinSize":5,"tickSize":"0.01"}
[2026-06-15T08:50:01.076Z] INFO Skipped trade. {"slug":"eth-updown-5m-1781513400","reason":"missing_opening_chainlink_tick"}
[2026-06-15T08:50:01.076Z] INFO Tracking market. {"market":"DOGE","slug":"doge-updown-5m-1781513400","title":"Dogecoin Up or Down - June 15, 4:50AM-4:55AM ET","end":"2026-06-15T08:55:00.000Z","upToken":"66932821557945372796906018973218683565435495583898149562005491595013574658301","downToken":"1540602811075026384817164172083199777832847839683300464917016199922530253956","orderMinSize":5,"tickSize":"0.01"}
[2026-06-15T08:50:01.077Z] INFO Skipped trade. {"slug":"doge-updown-5m-1781513400","reason":"missing_opening_chainlink_tick"}
[2026-06-15T08:50:02.144Z] INFO Captured Chainlink opening tick. {"slug":"btc-updown-5m-1781513400","openingPrice":65716.725675,"tickTimestamp":"2026-06-15T08:50:00.000Z"}
[2026-06-15T08:50:02.150Z] INFO Skipped trade. {"slug":"btc-updown-5m-1781513400","reason":"btc_distance_below_threshold","market":"BTC","minDistanceUsd":{"UP":12,"DOWN":12},"openingPrice":65716.725675,"currentPrice":65716.408295}
[2026-06-15T08:50:06.299Z] INFO Captured Chainlink opening tick. {"slug":"eth-updown-5m-1781513400","openingPrice":1718.6953938865738,"tickTimestamp":"2026-06-15T08:50:00.000Z"}
[2026-06-15T08:50:06.302Z] INFO Skipped trade. {"slug":"eth-updown-5m-1781513400","reason":"btc_distance_below_threshold","market":"ETH","minDistanceUsd":{"UP":2,"DOWN":2},"openingPrice":1718.6953938865738,"currentPrice":1718.7132}
[2026-06-15T08:50:06.341Z] INFO Captured Chainlink opening tick. {"slug":"doge-updown-5m-1781513400","openingPrice":0.088694,"tickTimestamp":"2026-06-15T08:50:00.000Z"}
[2026-06-15T08:50:06.346Z] INFO Skipped trade. {"slug":"doge-updown-5m-1781513400","reason":"btc_distance_below_threshold","market":"DOGE","minDistanceUsd":{"UP":0.0003,"DOWN":0.0003},"openingPrice":0.088694,"currentPrice":0.088699}
[2026-06-15T08:54:29.273Z] INFO Skipped trade. {"slug":"btc-updown-5m-1781513400","reason":"no_ask_liquidity_under_cap","outcome":"DOWN"}
[2026-06-15T08:55:00.197Z] INFO Tracking market. {"market":"BTC","slug":"btc-updown-5m-1781513700","title":"Bitcoin Up or Down - June 15, 4:55AM-5:00AM ET","end":"2026-06-15T09:00:00.000Z","upToken":"104405949522166320691398583470682286676494264261237070817702303405407854717594","downToken":"1748157800072206721511129792977506041126247219808946859032959906122472264932","orderMinSize":5,"tickSize":"0.01"}
[2026-06-15T08:55:00.197Z] INFO Skipped trade. {"slug":"btc-updown-5m-1781513700","reason":"missing_opening_chainlink_tick"}
[2026-06-15T08:55:00.197Z] INFO Tracking market. {"market":"ETH","slug":"eth-updown-5m-1781513700","title":"Ethereum Up or Down - June 15, 4:55AM-5:00AM ET","end":"2026-06-15T09:00:00.000Z","upToken":"66547211105473498087478162916509571976292556120435780028876400633363043865388","downToken":"46365524882112858835050273619252627019734895238826032704873657038304012979683","orderMinSize":5,"tickSize":"0.01"}
[2026-06-15T08:55:00.197Z] INFO Skipped trade. {"slug":"eth-updown-5m-1781513700","reason":"missing_opening_chainlink_tick"}
[2026-06-15T08:55:00.197Z] INFO Tracking market. {"market":"DOGE","slug":"doge-updown-5m-1781513700","title":"Dogecoin Up or Down - June 15, 4:55AM-5:00AM ET","end":"2026-06-15T09:00:00.000Z","upToken":"112353394372466312163190410800708856375456387938996438520863069789147789564172","downToken":"91675579738860847507501464271724367522445165213930021585848104964292172242625","orderMinSize":5,"tickSize":"0.01"}
[2026-06-15T08:55:00.198Z] INFO Skipped trade. {"slug":"doge-updown-5m-1781513700","reason":"missing_opening_chainlink_tick"}
[2026-06-15T08:55:01.261Z] INFO Captured Chainlink opening tick. {"slug":"btc-updown-5m-1781513700","openingPrice":65623.53371339849,"tickTimestamp":"2026-06-15T08:55:00.000Z"}
[2026-06-15T08:55:01.278Z] INFO Skipped trade. {"slug":"btc-updown-5m-1781513700","reason":"btc_distance_below_threshold","market":"BTC","minDistanceUsd":{"UP":12,"DOWN":12},"openingPrice":65623.53371339849,"currentPrice":65623.53371339849}
[2026-06-15T08:55:01.335Z] INFO Captured Chainlink opening tick. {"slug":"eth-updown-5m-1781513700","openingPrice":1719.1867564714696,"tickTimestamp":"2026-06-15T08:55:00.000Z"}
[2026-06-15T08:55:01.339Z] INFO Skipped trade. {"slug":"eth-updown-5m-1781513700","reason":"btc_distance_below_threshold","market":"ETH","minDistanceUsd":{"UP":2,"DOWN":2},"openingPrice":1719.1867564714696,"currentPrice":1719.1867564714696}
[2026-06-15T08:55:01.375Z] INFO Captured Chainlink opening tick. {"slug":"doge-updown-5m-1781513700","openingPrice":0.0885622540885913,"tickTimestamp":"2026-06-15T08:55:00.000Z"}
[2026-06-15T08:55:01.380Z] INFO Skipped trade. {"slug":"doge-updown-5m-1781513700","reason":"btc_distance_below_threshold","market":"DOGE","minDistanceUsd":{"UP":0.0003,"DOWN":0.0003},"openingPrice":0.0885622540885913,"currentPrice":0.0885622540885913}
[2026-06-15T08:59:22.765Z] WARN Analytics sample recording failed; continuing. {"market":"DOGE","slug":"doge-updown-5m-1781513700","error":"ENOENT: no such file or directory, rename 'C:\\DEV\\tests\\Workspace de Yarbis\\Polybot\\data\\analytics-active.json.tmp' -> 'C:\\DEV\\tests\\Workspace de Yarbis\\Polybot\\data\\analytics-active.json'"}
[2026-06-15T08:59:29.165Z] INFO Trade attempt recorded. {"mode":"sim","slug":"btc-updown-5m-1781513700","outcome":"UP","amountUsd":5,"bestAsk":0.63,"estimatedShares":7.936507936507937}
[2026-06-15T08:59:30.345Z] INFO Skipped trade. {"slug":"btc-updown-5m-1781513700","reason":"market_already_traded"}
[2026-06-15T09:00:01.608Z] INFO Resolved trade. {"mode":"sim","slug":"btc-updown-5m-1781513700","outcome":"UP","winningOutcome":"DOWN","won":false,"finalPrice":65618.81115878234}
[2026-06-15T09:00:01.643Z] INFO Tracking market. {"market":"BTC","slug":"btc-updown-5m-1781514000","title":"Bitcoin Up or Down - June 15, 5:00AM-5:05AM ET","end":"2026-06-15T09:05:00.000Z","upToken":"18434961679517209562186477586369334330937308644023865060249759789594463230718","downToken":"13377545503070949668124535083018996435880075858727888451502973655697434166617","orderMinSize":5,"tickSize":"0.01"}
[2026-06-15T09:00:01.677Z] INFO Captured Chainlink opening tick. {"slug":"btc-updown-5m-1781514000","openingPrice":65618.81115878234,"tickTimestamp":"2026-06-15T09:00:00.000Z"}
[2026-06-15T09:00:01.686Z] INFO Skipped trade. {"slug":"btc-updown-5m-1781514000","reason":"btc_distance_below_threshold","market":"BTC","minDistanceUsd":{"UP":12,"DOWN":12},"openingPrice":65618.81115878234,"currentPrice":65618.81115878234}
[2026-06-15T09:00:01.686Z] INFO Tracking market. {"market":"ETH","slug":"eth-updown-5m-1781514000","title":"Ethereum Up or Down - June 15, 5:00AM-5:05AM ET","end":"2026-06-15T09:05:00.000Z","upToken":"9634335567737250153263228230521671902199427758853348000380193046110043791881","downToken":"89070892823860266861478605849675614556233441426768773295321008255487704309833","orderMinSize":5,"tickSize":"0.01"}
[2026-06-15T09:00:01.715Z] INFO Captured Chainlink opening tick. {"slug":"eth-updown-5m-1781514000","openingPrice":1719.2629312787435,"tickTimestamp":"2026-06-15T09:00:00.000Z"}
[2026-06-15T09:00:01.720Z] INFO Skipped trade. {"slug":"eth-updown-5m-1781514000","reason":"btc_distance_below_threshold","market":"ETH","minDistanceUsd":{"UP":2,"DOWN":2},"openingPrice":1719.2629312787435,"currentPrice":1719.2629312787435}
[2026-06-15T09:00:01.721Z] INFO Tracking market. {"market":"DOGE","slug":"doge-updown-5m-1781514000","title":"Dogecoin Up or Down - June 15, 5:00AM-5:05AM ET","end":"2026-06-15T09:05:00.000Z","upToken":"88362146242307956131759127300141169632504461258622196808143150797310606993375","downToken":"4819251615829635942285793436245888289642928411568118552548519048131648349498","orderMinSize":5,"tickSize":"0.01"}
[2026-06-15T09:00:01.781Z] INFO Captured Chainlink opening tick. {"slug":"doge-updown-5m-1781514000","openingPrice":0.0884873821262769,"tickTimestamp":"2026-06-15T09:00:00.000Z"}
[2026-06-15T09:00:01.786Z] INFO Skipped trade. {"slug":"doge-updown-5m-1781514000","reason":"btc_distance_below_threshold","market":"DOGE","minDistanceUsd":{"UP":0.0003,"DOWN":0.0003},"openingPrice":0.0884873821262769,"currentPrice":0.0884873821262769}
[2026-06-15T09:04:46.639Z] WARN Analytics sample recording failed; continuing. {"market":"ETH","slug":"eth-updown-5m-1781514000","error":"ENOENT: no such file or directory, rename 'C:\\DEV\\tests\\Workspace de Yarbis\\Polybot\\data\\analytics-active.json.tmp' -> 'C:\\DEV\\tests\\Workspace de Yarbis\\Polybot\\data\\analytics-active.json'"}
[2026-06-15T09:05:00.518Z] INFO Tracking market. {"market":"BTC","slug":"btc-updown-5m-1781514300","title":"Bitcoin Up or Down - June 15, 5:05AM-5:10AM ET","end":"2026-06-15T09:10:00.000Z","upToken":"103028902532607631318505452242209437498248317935750725563467366633895516688067","downToken":"75048099039680193924257808440396398863579889760062296906885192230407437493264","orderMinSize":5,"tickSize":"0.01"}
[2026-06-15T09:05:00.519Z] INFO Skipped trade. {"slug":"btc-updown-5m-1781514300","reason":"missing_opening_chainlink_tick"}
[2026-06-15T09:05:00.519Z] INFO Tracking market. {"market":"ETH","slug":"eth-updown-5m-1781514300","title":"Ethereum Up or Down - June 15, 5:05AM-5:10AM ET","end":"2026-06-15T09:10:00.000Z","upToken":"26050150700298109202940953045319442744459982606711176201701199756783158840288","downToken":"77717223450917504411494922139716897651729350949533353820161321130807848007622","orderMinSize":5,"tickSize":"0.01"}
[2026-06-15T09:05:00.519Z] INFO Skipped trade. {"slug":"eth-updown-5m-1781514300","reason":"missing_opening_chainlink_tick"}
[2026-06-15T09:05:00.519Z] INFO Tracking market. {"market":"DOGE","slug":"doge-updown-5m-1781514300","title":"Dogecoin Up or Down - June 15, 5:05AM-5:10AM ET","end":"2026-06-15T09:10:00.000Z","upToken":"90675718086507880332101246838425390552535264424803077339195767166116547623716","downToken":"22029708288476292378247760409789688106883450428922843772420883957679070263204","orderMinSize":5,"tickSize":"0.01"}
[2026-06-15T09:05:00.520Z] INFO Skipped trade. {"slug":"doge-updown-5m-1781514300","reason":"missing_opening_chainlink_tick"}
[2026-06-15T09:05:01.602Z] INFO Captured Chainlink opening tick. {"slug":"btc-updown-5m-1781514300","openingPrice":65629.71067633943,"tickTimestamp":"2026-06-15T09:05:00.000Z"}
[2026-06-15T09:05:01.608Z] INFO Skipped trade. {"slug":"btc-updown-5m-1781514300","reason":"btc_distance_below_threshold","market":"BTC","minDistanceUsd":{"UP":12,"DOWN":12},"openingPrice":65629.71067633943,"currentPrice":65629.71067633943}
[2026-06-15T09:05:02.655Z] INFO Captured Chainlink opening tick. {"slug":"eth-updown-5m-1781514300","openingPrice":1719.635136148871,"tickTimestamp":"2026-06-15T09:05:00.000Z"}
[2026-06-15T09:05:02.659Z] INFO Skipped trade. {"slug":"eth-updown-5m-1781514300","reason":"btc_distance_below_threshold","market":"ETH","minDistanceUsd":{"UP":2,"DOWN":2},"openingPrice":1719.635136148871,"currentPrice":1719.6359279892938}
[2026-06-15T09:05:02.688Z] INFO Captured Chainlink opening tick. {"slug":"doge-updown-5m-1781514300","openingPrice":0.0885896430594925,"tickTimestamp":"2026-06-15T09:05:00.000Z"}
[2026-06-15T09:05:02.692Z] INFO Skipped trade. {"slug":"doge-updown-5m-1781514300","reason":"btc_distance_below_threshold","market":"DOGE","minDistanceUsd":{"UP":0.0003,"DOWN":0.0003},"openingPrice":0.0885896430594925,"currentPrice":0.0885896437828326}
[2026-06-15T09:09:29.865Z] INFO Skipped trade. {"slug":"btc-updown-5m-1781514300","reason":"no_ask_liquidity_under_cap","outcome":"UP"}
[2026-06-15T09:10:00.636Z] INFO Tracking market. {"market":"BTC","slug":"btc-updown-5m-1781514600","title":"Bitcoin Up or Down - June 15, 5:10AM-5:15AM ET","end":"2026-06-15T09:15:00.000Z","upToken":"6297361341113051659473883895958352573772959392402748589773582705162306806733","downToken":"111471298920139997400106451325755744775191075194083437811945318927312083285074","orderMinSize":5,"tickSize":"0.01"}
[2026-06-15T09:10:00.637Z] INFO Skipped trade. {"slug":"btc-updown-5m-1781514600","reason":"missing_opening_chainlink_tick"}
[2026-06-15T09:10:00.637Z] INFO Tracking market. {"market":"ETH","slug":"eth-updown-5m-1781514600","title":"Ethereum Up or Down - June 15, 5:10AM-5:15AM ET","end":"2026-06-15T09:15:00.000Z","upToken":"66785310355867919046260976007196432297562378385758846056734625135322520201176","downToken":"99952427682277099847684751990231997851919751548441460096359980826817858191228","orderMinSize":5,"tickSize":"0.01"}
[2026-06-15T09:10:00.637Z] INFO Skipped trade. {"slug":"eth-updown-5m-1781514600","reason":"missing_opening_chainlink_tick"}
[2026-06-15T09:10:00.637Z] INFO Tracking market. {"market":"DOGE","slug":"doge-updown-5m-1781514600","title":"Dogecoin Up or Down - June 15, 5:10AM-5:15AM ET","end":"2026-06-15T09:15:00.000Z","upToken":"5537664986921033505043233976008528636025567962106556449019321686857530320450","downToken":"112975591649869452853378131506073005502498323946407360029708003845808572918414","orderMinSize":5,"tickSize":"0.01"}
[2026-06-15T09:10:00.637Z] INFO Skipped trade. {"slug":"doge-updown-5m-1781514600","reason":"missing_opening_chainlink_tick"}
[2026-06-15T09:10:01.676Z] INFO Captured Chainlink opening tick. {"slug":"btc-updown-5m-1781514600","openingPrice":65659.58646564127,"tickTimestamp":"2026-06-15T09:10:00.000Z"}
[2026-06-15T09:10:01.679Z] INFO Skipped trade. {"slug":"btc-updown-5m-1781514600","reason":"btc_distance_below_threshold","market":"BTC","minDistanceUsd":{"UP":12,"DOWN":12},"openingPrice":65659.58646564127,"currentPrice":65659.58646564127}
[2026-06-15T09:10:02.738Z] INFO Captured Chainlink opening tick. {"slug":"eth-updown-5m-1781514600","openingPrice":1719.3641100825232,"tickTimestamp":"2026-06-15T09:10:00.000Z"}
[2026-06-15T09:10:02.745Z] INFO Skipped trade. {"slug":"eth-updown-5m-1781514600","reason":"btc_distance_below_threshold","market":"ETH","minDistanceUsd":{"UP":2,"DOWN":2},"openingPrice":1719.3641100825232,"currentPrice":1719.3626453173106}
[2026-06-15T09:10:02.790Z] INFO Captured Chainlink opening tick. {"slug":"doge-updown-5m-1781514600","openingPrice":0.0886093218327211,"tickTimestamp":"2026-06-15T09:10:00.000Z"}
[2026-06-15T09:10:02.794Z] INFO Skipped trade. {"slug":"doge-updown-5m-1781514600","reason":"btc_distance_below_threshold","market":"DOGE","minDistanceUsd":{"UP":0.0003,"DOWN":0.0003},"openingPrice":0.0886093218327211,"currentPrice":0.0886007427104739}
[2026-06-15T09:14:29.232Z] INFO Skipped trade. {"slug":"btc-updown-5m-1781514600","reason":"no_ask_liquidity_under_cap","outcome":"DOWN"}
[2026-06-15T09:14:36.722Z] WARN Analytics sample recording failed; continuing. {"market":"BTC","slug":"btc-updown-5m-1781514600","error":"ENOENT: no such file or directory, rename 'C:\\DEV\\tests\\Workspace de Yarbis\\Polybot\\data\\analytics-active.json.tmp' -> 'C:\\DEV\\tests\\Workspace de Yarbis\\Polybot\\data\\analytics-active.json'"}
[2026-06-15T09:15:00.200Z] INFO Tracking market. {"market":"BTC","slug":"btc-updown-5m-1781514900","title":"Bitcoin Up or Down - June 15, 5:15AM-5:20AM ET","end":"2026-06-15T09:20:00.000Z","upToken":"33694235970154295954803434163155981839710202233533724878204794346276646142677","downToken":"48375610673565494031947969690578377672717618608601700599121103399088741008662","orderMinSize":5,"tickSize":"0.01"}
[2026-06-15T09:15:00.200Z] INFO Skipped trade. {"slug":"btc-updown-5m-1781514900","reason":"missing_opening_chainlink_tick"}
[2026-06-15T09:15:00.200Z] INFO Tracking market. {"market":"ETH","slug":"eth-updown-5m-1781514900","title":"Ethereum Up or Down - June 15, 5:15AM-5:20AM ET","end":"2026-06-15T09:20:00.000Z","upToken":"6106626758069538576592562286166446821297047198068194264616513374423679843805","downToken":"56984169254279384366163318238836110032653828172353343846971878709538914972113","orderMinSize":5,"tickSize":"0.01"}
[2026-06-15T09:15:00.200Z] INFO Skipped trade. {"slug":"eth-updown-5m-1781514900","reason":"missing_opening_chainlink_tick"}
[2026-06-15T09:15:00.200Z] INFO Tracking market. {"market":"DOGE","slug":"doge-updown-5m-1781514900","title":"Dogecoin Up or Down - June 15, 5:15AM-5:20AM ET","end":"2026-06-15T09:20:00.000Z","upToken":"104448893310898859251602686721091607075558993044562030865673810704191737854416","downToken":"17389608708747263575521875461541837104219712737661510366189034014648863394258","orderMinSize":5,"tickSize":"0.01"}
[2026-06-15T09:15:00.201Z] INFO Skipped trade. {"slug":"doge-updown-5m-1781514900","reason":"missing_opening_chainlink_tick"}
[2026-06-15T09:15:02.260Z] INFO Captured Chainlink opening tick. {"slug":"btc-updown-5m-1781514900","openingPrice":65637.5329758891,"tickTimestamp":"2026-06-15T09:15:00.000Z"}
[2026-06-15T09:15:02.265Z] INFO Skipped trade. {"slug":"btc-updown-5m-1781514900","reason":"btc_distance_below_threshold","market":"BTC","minDistanceUsd":{"UP":12,"DOWN":12},"openingPrice":65637.5329758891,"currentPrice":65637.5329758891}
[2026-06-15T09:15:03.310Z] INFO Captured Chainlink opening tick. {"slug":"eth-updown-5m-1781514900","openingPrice":1718.7922014517424,"tickTimestamp":"2026-06-15T09:15:00.000Z"}
[2026-06-15T09:15:03.326Z] INFO Skipped trade. {"slug":"eth-updown-5m-1781514900","reason":"btc_distance_below_threshold","market":"ETH","minDistanceUsd":{"UP":2,"DOWN":2},"openingPrice":1718.7922014517424,"currentPrice":1718.802987589786}
[2026-06-15T09:15:03.394Z] INFO Captured Chainlink opening tick. {"slug":"doge-updown-5m-1781514900","openingPrice":0.0885371177689436,"tickTimestamp":"2026-06-15T09:15:00.000Z"}
[2026-06-15T09:15:03.398Z] INFO Skipped trade. {"slug":"doge-updown-5m-1781514900","reason":"btc_distance_below_threshold","market":"DOGE","minDistanceUsd":{"UP":0.0003,"DOWN":0.0003},"openingPrice":0.0885371177689436,"currentPrice":0.0885377870131316}
[2026-06-15T09:19:28.910Z] INFO Skipped trade. {"slug":"btc-updown-5m-1781514900","reason":"no_ask_liquidity_under_cap","outcome":"UP"}
[2026-06-15T09:19:28.910Z] INFO Skipped trade. {"slug":"eth-updown-5m-1781514900","reason":"no_ask_liquidity_under_cap","outcome":"UP"}
[2026-06-15T09:20:01.306Z] INFO Tracking market. {"market":"BTC","slug":"btc-updown-5m-1781515200","title":"Bitcoin Up or Down - June 15, 5:20AM-5:25AM ET","end":"2026-06-15T09:25:00.000Z","upToken":"61352138069937983127156337499593644644439247230889911993488200008785115953159","downToken":"29340879148076541335606870938849980183447275998121953888328985851793699784036","orderMinSize":5,"tickSize":"0.01"}
[2026-06-15T09:20:01.306Z] INFO Skipped trade. {"slug":"btc-updown-5m-1781515200","reason":"missing_opening_chainlink_tick"}
[2026-06-15T09:20:01.306Z] INFO Tracking market. {"market":"ETH","slug":"eth-updown-5m-1781515200","title":"Ethereum Up or Down - June 15, 5:20AM-5:25AM ET","end":"2026-06-15T09:25:00.000Z","upToken":"101641422655687850887530060984246306110698987911352138911711313436338594128928","downToken":"8148986293603937593634959427331444742017283258067502160267020573457134451357","orderMinSize":5,"tickSize":"0.01"}
[2026-06-15T09:20:01.307Z] INFO Skipped trade. {"slug":"eth-updown-5m-1781515200","reason":"missing_opening_chainlink_tick"}
[2026-06-15T09:20:01.307Z] INFO Tracking market. {"market":"DOGE","slug":"doge-updown-5m-1781515200","title":"Dogecoin Up or Down - June 15, 5:20AM-5:25AM ET","end":"2026-06-15T09:25:00.000Z","upToken":"25645810056705881733069729553455166399329320699431047099538198878623596237697","downToken":"99766786121526930366481901197320624399760214332628172391851765018289272366936","orderMinSize":5,"tickSize":"0.01"}
[2026-06-15T09:20:01.307Z] INFO Skipped trade. {"slug":"doge-updown-5m-1781515200","reason":"missing_opening_chainlink_tick"}
[2026-06-15T09:20:02.361Z] INFO Captured Chainlink opening tick. {"slug":"btc-updown-5m-1781515200","openingPrice":65718.24652605633,"tickTimestamp":"2026-06-15T09:20:00.000Z"}
[2026-06-15T09:20:02.365Z] INFO Skipped trade. {"slug":"btc-updown-5m-1781515200","reason":"btc_distance_below_threshold","market":"BTC","minDistanceUsd":{"UP":12,"DOWN":12},"openingPrice":65718.24652605633,"currentPrice":65718.25836364544}
[2026-06-15T09:20:04.450Z] INFO Captured Chainlink opening tick. {"slug":"eth-updown-5m-1781515200","openingPrice":1724.0515986691892,"tickTimestamp":"2026-06-15T09:20:00.000Z"}
[2026-06-15T09:20:04.454Z] INFO Skipped trade. {"slug":"eth-updown-5m-1781515200","reason":"btc_distance_below_threshold","market":"ETH","minDistanceUsd":{"UP":2,"DOWN":2},"openingPrice":1724.0515986691892,"currentPrice":1724.0205359366803}
[2026-06-15T09:20:04.486Z] INFO Captured Chainlink opening tick. {"slug":"doge-updown-5m-1781515200","openingPrice":0.0886355929399485,"tickTimestamp":"2026-06-15T09:20:00.000Z"}
[2026-06-15T09:20:04.489Z] INFO Skipped trade. {"slug":"doge-updown-5m-1781515200","reason":"btc_distance_below_threshold","market":"DOGE","minDistanceUsd":{"UP":0.0003,"DOWN":0.0003},"openingPrice":0.0886355929399485,"currentPrice":0.0886335256878774}
[2026-06-15T09:24:29.945Z] INFO Skipped trade. {"slug":"btc-updown-5m-1781515200","reason":"no_ask_liquidity_under_cap","outcome":"DOWN"}
[2026-06-15T09:24:29.945Z] INFO Skipped trade. {"slug":"eth-updown-5m-1781515200","reason":"no_ask_liquidity_under_cap","outcome":"DOWN"}
[2026-06-15T09:25:00.620Z] INFO Tracking market. {"market":"BTC","slug":"btc-updown-5m-1781515500","title":"Bitcoin Up or Down - June 15, 5:25AM-5:30AM ET","end":"2026-06-15T09:30:00.000Z","upToken":"41810465599983398757616330142491988927976934329772571681952079042691861911276","downToken":"96705491078388559489480865714737493255868879192919698333246120109513444454385","orderMinSize":5,"tickSize":"0.01"}
[2026-06-15T09:25:00.620Z] INFO Skipped trade. {"slug":"btc-updown-5m-1781515500","reason":"missing_opening_chainlink_tick"}
[2026-06-15T09:25:00.620Z] INFO Tracking market. {"market":"ETH","slug":"eth-updown-5m-1781515500","title":"Ethereum Up or Down - June 15, 5:25AM-5:30AM ET","end":"2026-06-15T09:30:00.000Z","upToken":"94699356336700781841722479874518137579134117801417223953570474169129408316550","downToken":"42793442414701184361523435426097168575370245154770575381229469551168206334542","orderMinSize":5,"tickSize":"0.01"}
[2026-06-15T09:25:00.621Z] INFO Skipped trade. {"slug":"eth-updown-5m-1781515500","reason":"missing_opening_chainlink_tick"}
[2026-06-15T09:25:00.621Z] INFO Tracking market. {"market":"DOGE","slug":"doge-updown-5m-1781515500","title":"Dogecoin Up or Down - June 15, 5:25AM-5:30AM ET","end":"2026-06-15T09:30:00.000Z","upToken":"107301214762763030322077570455073960852848038586454213792090861691841309026317","downToken":"69384634673738848827638913017035695422021481106073323573496435915325562116945","orderMinSize":5,"tickSize":"0.01"}
[2026-06-15T09:25:00.621Z] INFO Skipped trade. {"slug":"doge-updown-5m-1781515500","reason":"missing_opening_chainlink_tick"}
[2026-06-15T09:25:01.674Z] INFO Captured Chainlink opening tick. {"slug":"btc-updown-5m-1781515500","openingPrice":65624.65536935584,"tickTimestamp":"2026-06-15T09:25:00.000Z"}
[2026-06-15T09:25:01.679Z] INFO Skipped trade. {"slug":"btc-updown-5m-1781515500","reason":"btc_distance_below_threshold","market":"BTC","minDistanceUsd":{"UP":12,"DOWN":12},"openingPrice":65624.65536935584,"currentPrice":65624.65536935584}
[2026-06-15T09:25:04.781Z] INFO Captured Chainlink opening tick. {"slug":"eth-updown-5m-1781515500","openingPrice":1721.148567783678,"tickTimestamp":"2026-06-15T09:25:00.000Z"}
[2026-06-15T09:25:04.785Z] INFO Skipped trade. {"slug":"eth-updown-5m-1781515500","reason":"btc_distance_below_threshold","market":"ETH","minDistanceUsd":{"UP":2,"DOWN":2},"openingPrice":1721.148567783678,"currentPrice":1721.1478390275024}
[2026-06-15T09:25:04.814Z] INFO Captured Chainlink opening tick. {"slug":"doge-updown-5m-1781515500","openingPrice":0.0884782,"tickTimestamp":"2026-06-15T09:25:00.000Z"}
[2026-06-15T09:25:04.818Z] INFO Skipped trade. {"slug":"doge-updown-5m-1781515500","reason":"btc_distance_below_threshold","market":"DOGE","minDistanceUsd":{"UP":0.0003,"DOWN":0.0003},"openingPrice":0.0884782,"currentPrice":0.0884779}
[2026-06-15T09:29:14.928Z] WARN Analytics sample recording failed; continuing. {"market":"BTC","slug":"btc-updown-5m-1781515500","error":"ENOENT: no such file or directory, rename 'C:\\DEV\\tests\\Workspace de Yarbis\\Polybot\\data\\analytics-active.json.tmp' -> 'C:\\DEV\\tests\\Workspace de Yarbis\\Polybot\\data\\analytics-active.json'"}
[2026-06-15T09:29:29.404Z] INFO Skipped trade. {"slug":"btc-updown-5m-1781515500","reason":"no_ask_liquidity_under_cap","outcome":"DOWN"}
[2026-06-15T09:30:01.578Z] INFO Tracking market. {"market":"BTC","slug":"btc-updown-5m-1781515800","title":"Bitcoin Up or Down - June 15, 5:30AM-5:35AM ET","end":"2026-06-15T09:35:00.000Z","upToken":"7062135677257070524556143595725006955482063031375698158861754219664835668753","downToken":"28675863582967914483492513745854222660412707406047544355976933526079802053329","orderMinSize":5,"tickSize":"0.01"}
[2026-06-15T09:30:01.648Z] INFO Captured Chainlink opening tick. {"slug":"btc-updown-5m-1781515800","openingPrice":65608.963355,"tickTimestamp":"2026-06-15T09:30:00.000Z"}
[2026-06-15T09:30:01.652Z] INFO Skipped trade. {"slug":"btc-updown-5m-1781515800","reason":"btc_distance_below_threshold","market":"BTC","minDistanceUsd":{"UP":12,"DOWN":12},"openingPrice":65608.963355,"currentPrice":65608.963355}
[2026-06-15T09:30:01.652Z] INFO Tracking market. {"market":"ETH","slug":"eth-updown-5m-1781515800","title":"Ethereum Up or Down - June 15, 5:30AM-5:35AM ET","end":"2026-06-15T09:35:00.000Z","upToken":"42369727352085664888120690999892603832841842007394777071236859536842648257421","downToken":"60664736074484090636621576052191943779495476957635096284966381892168838568761","orderMinSize":5,"tickSize":"0.01"}
[2026-06-15T09:30:01.652Z] INFO Skipped trade. {"slug":"eth-updown-5m-1781515800","reason":"missing_opening_chainlink_tick"}
[2026-06-15T09:30:01.652Z] INFO Tracking market. {"market":"DOGE","slug":"doge-updown-5m-1781515800","title":"Dogecoin Up or Down - June 15, 5:30AM-5:35AM ET","end":"2026-06-15T09:35:00.000Z","upToken":"3850448181062479691451745703666027784125834945569206021797616099686230142001","downToken":"107419583873423899951038029835146349239510349142830568536405160143451639994455","orderMinSize":5,"tickSize":"0.01"}
[2026-06-15T09:30:01.652Z] INFO Skipped trade. {"slug":"doge-updown-5m-1781515800","reason":"missing_opening_chainlink_tick"}
[2026-06-15T09:30:04.698Z] INFO Captured Chainlink opening tick. {"slug":"eth-updown-5m-1781515800","openingPrice":1720.9253333006122,"tickTimestamp":"2026-06-15T09:30:00.000Z"}
[2026-06-15T09:30:04.702Z] INFO Skipped trade. {"slug":"eth-updown-5m-1781515800","reason":"btc_distance_below_threshold","market":"ETH","minDistanceUsd":{"UP":2,"DOWN":2},"openingPrice":1720.9253333006122,"currentPrice":1720.776375}
[2026-06-15T09:30:04.735Z] INFO Captured Chainlink opening tick. {"slug":"doge-updown-5m-1781515800","openingPrice":0.088515593,"tickTimestamp":"2026-06-15T09:30:00.000Z"}
[2026-06-15T09:30:04.738Z] INFO Skipped trade. {"slug":"doge-updown-5m-1781515800","reason":"btc_distance_below_threshold","market":"DOGE","minDistanceUsd":{"UP":0.0003,"DOWN":0.0003},"openingPrice":0.088515593,"currentPrice":0.0885081924994594}
[2026-06-15T09:34:29.130Z] INFO Skipped trade. {"slug":"btc-updown-5m-1781515800","reason":"no_ask_liquidity_under_cap","outcome":"DOWN"}
[2026-06-15T09:34:29.130Z] INFO Skipped trade. {"slug":"eth-updown-5m-1781515800","reason":"no_ask_liquidity_under_cap","outcome":"DOWN"}
[2026-06-15T09:34:58.459Z] WARN Analytics sample recording failed; continuing. {"market":"ETH","slug":"eth-updown-5m-1781515800","error":"ENOENT: no such file or directory, rename 'C:\\DEV\\tests\\Workspace de Yarbis\\Polybot\\data\\analytics-active.json.tmp' -> 'C:\\DEV\\tests\\Workspace de Yarbis\\Polybot\\data\\analytics-active.json'"}
[2026-06-15T09:35:01.445Z] INFO Tracking market. {"market":"BTC","slug":"btc-updown-5m-1781516100","title":"Bitcoin Up or Down - June 15, 5:35AM-5:40AM ET","end":"2026-06-15T09:40:00.000Z","upToken":"63645571825298868016870592184446698952790861808237739665599783476178969834338","downToken":"2285205638405814482755445158850071493374646835807533394044226879641908914541","orderMinSize":5,"tickSize":"0.01"}
[2026-06-15T09:35:01.477Z] INFO Captured Chainlink opening tick. {"slug":"btc-updown-5m-1781516100","openingPrice":65518.048410047115,"tickTimestamp":"2026-06-15T09:35:00.000Z"}
[2026-06-15T09:35:01.480Z] INFO Skipped trade. {"slug":"btc-updown-5m-1781516100","reason":"btc_distance_below_threshold","market":"BTC","minDistanceUsd":{"UP":12,"DOWN":12},"openingPrice":65518.048410047115,"currentPrice":65518.048410047115}
[2026-06-15T09:35:01.481Z] INFO Tracking market. {"market":"ETH","slug":"eth-updown-5m-1781516100","title":"Ethereum Up or Down - June 15, 5:35AM-5:40AM ET","end":"2026-06-15T09:40:00.000Z","upToken":"111457047852406437677320640941468819500724028653825942432779202129015826162450","downToken":"89885245445804926814234222606934286688464653015123641162870683569970130712206","orderMinSize":5,"tickSize":"0.01"}
[2026-06-15T09:35:01.481Z] INFO Skipped trade. {"slug":"eth-updown-5m-1781516100","reason":"missing_opening_chainlink_tick"}
[2026-06-15T09:35:01.481Z] INFO Tracking market. {"market":"DOGE","slug":"doge-updown-5m-1781516100","title":"Dogecoin Up or Down - June 15, 5:35AM-5:40AM ET","end":"2026-06-15T09:40:00.000Z","upToken":"78209983340441927192395039491613751912364185791039357214990393968509091536577","downToken":"86921771424869643171035331007704039283346860756369488292398501011821345679563","orderMinSize":5,"tickSize":"0.01"}
[2026-06-15T09:35:01.481Z] INFO Skipped trade. {"slug":"doge-updown-5m-1781516100","reason":"missing_opening_chainlink_tick"}
[2026-06-15T09:35:05.561Z] INFO Captured Chainlink opening tick. {"slug":"eth-updown-5m-1781516100","openingPrice":1715.6019351566003,"tickTimestamp":"2026-06-15T09:35:00.000Z"}
[2026-06-15T09:35:05.566Z] INFO Skipped trade. {"slug":"eth-updown-5m-1781516100","reason":"btc_distance_below_threshold","market":"ETH","minDistanceUsd":{"UP":2,"DOWN":2},"openingPrice":1715.6019351566003,"currentPrice":1715.7855225882693}
[2026-06-15T09:35:05.601Z] INFO Captured Chainlink opening tick. {"slug":"doge-updown-5m-1781516100","openingPrice":0.0882820952988656,"tickTimestamp":"2026-06-15T09:35:00.000Z"}
[2026-06-15T09:35:05.605Z] INFO Skipped trade. {"slug":"doge-updown-5m-1781516100","reason":"btc_distance_below_threshold","market":"DOGE","minDistanceUsd":{"UP":0.0003,"DOWN":0.0003},"openingPrice":0.0882820952988656,"currentPrice":0.0882897004955644}
[2026-06-15T09:39:29.512Z] INFO Skipped trade. {"slug":"btc-updown-5m-1781516100","reason":"no_ask_liquidity_under_cap","outcome":"DOWN"}
[2026-06-15T09:39:29.512Z] INFO Skipped trade. {"slug":"eth-updown-5m-1781516100","reason":"no_ask_liquidity_under_cap","outcome":"DOWN"}
[2026-06-15T09:39:33.820Z] WARN Analytics sample recording failed; continuing. {"market":"BTC","slug":"btc-updown-5m-1781516100","error":"ENOENT: no such file or directory, rename 'C:\\DEV\\tests\\Workspace de Yarbis\\Polybot\\data\\analytics-active.json.tmp' -> 'C:\\DEV\\tests\\Workspace de Yarbis\\Polybot\\data\\analytics-active.json'"}
[2026-06-15T09:40:00.302Z] INFO Tracking market. {"market":"BTC","slug":"btc-updown-5m-1781516400","title":"Bitcoin Up or Down - June 15, 5:40AM-5:45AM ET","end":"2026-06-15T09:45:00.000Z","upToken":"14871422539857334289280535830543160119995776714543888889088554728540535798229","downToken":"21692122577451317908436132672393931121428788514459915896691111394016546120244","orderMinSize":5,"tickSize":"0.01"}
[2026-06-15T09:40:00.302Z] INFO Skipped trade. {"slug":"btc-updown-5m-1781516400","reason":"missing_opening_chainlink_tick"}
[2026-06-15T09:40:00.302Z] INFO Tracking market. {"market":"ETH","slug":"eth-updown-5m-1781516400","title":"Ethereum Up or Down - June 15, 5:40AM-5:45AM ET","end":"2026-06-15T09:45:00.000Z","upToken":"110028666664013914796399547956058843500112618140185923510945012602344755876948","downToken":"83362555255906789968396525610810392174830399048187717261022406390701845466169","orderMinSize":5,"tickSize":"0.01"}
[2026-06-15T09:40:00.303Z] INFO Skipped trade. {"slug":"eth-updown-5m-1781516400","reason":"missing_opening_chainlink_tick"}
[2026-06-15T09:40:00.303Z] INFO Tracking market. {"market":"DOGE","slug":"doge-updown-5m-1781516400","title":"Dogecoin Up or Down - June 15, 5:40AM-5:45AM ET","end":"2026-06-15T09:45:00.000Z","upToken":"62753856397615453573268442068095762618728423891510855280995327931809691219396","downToken":"84111098882081798898408215808941691997980150666703279934684721914766645899665","orderMinSize":5,"tickSize":"0.01"}
[2026-06-15T09:40:00.303Z] INFO Skipped trade. {"slug":"doge-updown-5m-1781516400","reason":"missing_opening_chainlink_tick"}
[2026-06-15T09:40:01.357Z] INFO Captured Chainlink opening tick. {"slug":"btc-updown-5m-1781516400","openingPrice":65493.923989537434,"tickTimestamp":"2026-06-15T09:40:00.000Z"}
[2026-06-15T09:40:01.360Z] INFO Skipped trade. {"slug":"btc-updown-5m-1781516400","reason":"btc_distance_below_threshold","market":"BTC","minDistanceUsd":{"UP":12,"DOWN":12},"openingPrice":65493.923989537434,"currentPrice":65493.923989537434}
[2026-06-15T09:40:05.498Z] INFO Captured Chainlink opening tick. {"slug":"eth-updown-5m-1781516400","openingPrice":1712.9460230704378,"tickTimestamp":"2026-06-15T09:40:00.000Z"}
[2026-06-15T09:40:05.503Z] INFO Skipped trade. {"slug":"eth-updown-5m-1781516400","reason":"btc_distance_below_threshold","market":"ETH","minDistanceUsd":{"UP":2,"DOWN":2},"openingPrice":1712.9460230704378,"currentPrice":1713.065042232064}
[2026-06-15T09:40:05.534Z] INFO Captured Chainlink opening tick. {"slug":"doge-updown-5m-1781516400","openingPrice":0.0881651906785758,"tickTimestamp":"2026-06-15T09:40:00.000Z"}
[2026-06-15T09:40:05.539Z] INFO Skipped trade. {"slug":"doge-updown-5m-1781516400","reason":"btc_distance_below_threshold","market":"DOGE","minDistanceUsd":{"UP":0.0003,"DOWN":0.0003},"openingPrice":0.0881651906785758,"currentPrice":0.0881695856681109}
[2026-06-15T09:44:29.458Z] INFO Skipped trade. {"slug":"btc-updown-5m-1781516400","reason":"no_ask_liquidity_under_cap","outcome":"UP"}
[2026-06-15T09:44:35.466Z] WARN RTDS websocket closed; reconnecting soon.
[2026-06-15T09:44:36.038Z] WARN RTDS websocket closed; reconnecting soon.
[2026-06-15T09:44:39.023Z] INFO Connected to Polymarket RTDS Chainlink feed.
[2026-06-15T09:44:39.586Z] INFO Connected to Polymarket RTDS Chainlink feed.
[2026-06-15T09:45:00.194Z] INFO Tracking market. {"market":"BTC","slug":"btc-updown-5m-1781516700","title":"Bitcoin Up or Down - June 15, 5:45AM-5:50AM ET","end":"2026-06-15T09:50:00.000Z","upToken":"94581012811299529742395255927457985280313213947606968469097363939403005943062","downToken":"48539666122256396479469887537085093349772065524792228548302406010650981257325","orderMinSize":5,"tickSize":"0.01"}
[2026-06-15T09:45:00.195Z] INFO Skipped trade. {"slug":"btc-updown-5m-1781516700","reason":"missing_opening_chainlink_tick"}
[2026-06-15T09:45:00.195Z] INFO Tracking market. {"market":"ETH","slug":"eth-updown-5m-1781516700","title":"Ethereum Up or Down - June 15, 5:45AM-5:50AM ET","end":"2026-06-15T09:50:00.000Z","upToken":"85388677601777255215234987090423675313406149215895684463668481826089595884856","downToken":"11351119503479063269875214066469313306287849905770540162976224594015260666587","orderMinSize":5,"tickSize":"0.01"}
[2026-06-15T09:45:00.195Z] INFO Skipped trade. {"slug":"eth-updown-5m-1781516700","reason":"missing_opening_chainlink_tick"}
[2026-06-15T09:45:00.195Z] INFO Tracking market. {"market":"DOGE","slug":"doge-updown-5m-1781516700","title":"Dogecoin Up or Down - June 15, 5:45AM-5:50AM ET","end":"2026-06-15T09:50:00.000Z","upToken":"33736644328890525950004298241392909222226675174284237836239793884549035534599","downToken":"70299166762907265392874149904011051380895267200281779261643162409520327535475","orderMinSize":5,"tickSize":"0.01"}
[2026-06-15T09:45:00.196Z] INFO Skipped trade. {"slug":"doge-updown-5m-1781516700","reason":"missing_opening_chainlink_tick"}
[2026-06-15T09:45:02.247Z] INFO Captured Chainlink opening tick. {"slug":"btc-updown-5m-1781516700","openingPrice":65532.75922511748,"tickTimestamp":"2026-06-15T09:45:00.000Z"}
[2026-06-15T09:45:02.252Z] INFO Skipped trade. {"slug":"btc-updown-5m-1781516700","reason":"btc_distance_below_threshold","market":"BTC","minDistanceUsd":{"UP":12,"DOWN":12},"openingPrice":65532.75922511748,"currentPrice":65532.75922511748}
[2026-06-15T09:45:05.395Z] INFO Captured Chainlink opening tick. {"slug":"eth-updown-5m-1781516700","openingPrice":1714.581447139446,"tickTimestamp":"2026-06-15T09:45:00.000Z"}
[2026-06-15T09:45:05.405Z] INFO Skipped trade. {"slug":"eth-updown-5m-1781516700","reason":"btc_distance_below_threshold","market":"ETH","minDistanceUsd":{"UP":2,"DOWN":2},"openingPrice":1714.581447139446,"currentPrice":1714.5362116685167}
[2026-06-15T09:45:05.440Z] INFO Captured Chainlink opening tick. {"slug":"doge-updown-5m-1781516700","openingPrice":0.0883348853480043,"tickTimestamp":"2026-06-15T09:45:00.000Z"}
[2026-06-15T09:45:05.443Z] INFO Skipped trade. {"slug":"doge-updown-5m-1781516700","reason":"btc_distance_below_threshold","market":"DOGE","minDistanceUsd":{"UP":0.0003,"DOWN":0.0003},"openingPrice":0.0883348853480043,"currentPrice":0.088334892778952}
[2026-06-15T09:49:29.072Z] INFO Skipped trade. {"slug":"btc-updown-5m-1781516700","reason":"no_ask_liquidity_under_cap","outcome":"DOWN"}
[2026-06-15T09:50:01.321Z] INFO Tracking market. {"market":"BTC","slug":"btc-updown-5m-1781517000","title":"Bitcoin Up or Down - June 15, 5:50AM-5:55AM ET","end":"2026-06-15T09:55:00.000Z","upToken":"13071240833963298629443374138433526050981515133971374334305762076247979754781","downToken":"60225830877730769344545233751038154437652296286581919415861234111603706045854","orderMinSize":5,"tickSize":"0.01"}
[2026-06-15T09:50:01.380Z] INFO Captured Chainlink opening tick. {"slug":"btc-updown-5m-1781517000","openingPrice":65511.234016886316,"tickTimestamp":"2026-06-15T09:50:00.000Z"}
[2026-06-15T09:50:01.391Z] INFO Skipped trade. {"slug":"btc-updown-5m-1781517000","reason":"btc_distance_below_threshold","market":"BTC","minDistanceUsd":{"UP":12,"DOWN":12},"openingPrice":65511.234016886316,"currentPrice":65511.234016886316}
[2026-06-15T09:50:01.392Z] INFO Tracking market. {"market":"ETH","slug":"eth-updown-5m-1781517000","title":"Ethereum Up or Down - June 15, 5:50AM-5:55AM ET","end":"2026-06-15T09:55:00.000Z","upToken":"101940747466343686069231731695660591587740962394722503236547921086775050734562","downToken":"22556852501005067612459172256177808488498233507251671299789449645742842013074","orderMinSize":5,"tickSize":"0.01"}
[2026-06-15T09:50:01.392Z] INFO Skipped trade. {"slug":"eth-updown-5m-1781517000","reason":"missing_opening_chainlink_tick"}
[2026-06-15T09:50:01.393Z] INFO Tracking market. {"market":"DOGE","slug":"doge-updown-5m-1781517000","title":"Dogecoin Up or Down - June 15, 5:50AM-5:55AM ET","end":"2026-06-15T09:55:00.000Z","upToken":"3746935936088746884888953625786400970906271420020853718812233096697431515371","downToken":"67835308921171282911247664902735952302779683859781423852223114063777206138494","orderMinSize":5,"tickSize":"0.01"}
[2026-06-15T09:50:01.393Z] INFO Skipped trade. {"slug":"doge-updown-5m-1781517000","reason":"missing_opening_chainlink_tick"}
[2026-06-15T09:50:05.462Z] INFO Captured Chainlink opening tick. {"slug":"eth-updown-5m-1781517000","openingPrice":1715.6351078765304,"tickTimestamp":"2026-06-15T09:50:00.000Z"}
[2026-06-15T09:50:05.470Z] INFO Skipped trade. {"slug":"eth-updown-5m-1781517000","reason":"btc_distance_below_threshold","market":"ETH","minDistanceUsd":{"UP":2,"DOWN":2},"openingPrice":1715.6351078765304,"currentPrice":1715.91109}
[2026-06-15T09:50:05.503Z] INFO Captured Chainlink opening tick. {"slug":"doge-updown-5m-1781517000","openingPrice":0.0884163239731101,"tickTimestamp":"2026-06-15T09:50:00.000Z"}
[2026-06-15T09:50:05.508Z] INFO Skipped trade. {"slug":"doge-updown-5m-1781517000","reason":"btc_distance_below_threshold","market":"DOGE","minDistanceUsd":{"UP":0.0003,"DOWN":0.0003},"openingPrice":0.0884163239731101,"currentPrice":0.0884197607897419}
[2026-06-15T09:54:03.824Z] INFO Skipped trade. {"slug":"btc-updown-5m-1781517000","reason":"stale_chainlink_tick","tickTimestamp":"2026-06-15T09:53:53.000Z"}
[2026-06-15T09:54:04.207Z] INFO Skipped trade. {"slug":"doge-updown-5m-1781517000","reason":"stale_chainlink_tick","tickTimestamp":"2026-06-15T09:53:53.000Z"}
[2026-06-15T09:54:05.559Z] INFO Skipped trade. {"slug":"eth-updown-5m-1781517000","reason":"stale_chainlink_tick","tickTimestamp":"2026-06-15T09:53:55.000Z"}
[2026-06-15T09:54:29.435Z] INFO Trade attempt recorded. {"mode":"sim","slug":"btc-updown-5m-1781517000","outcome":"UP","amountUsd":5,"bestAsk":0.66,"estimatedShares":7.575757575757575}
[2026-06-15T09:54:30.648Z] INFO Skipped trade. {"slug":"btc-updown-5m-1781517000","reason":"market_already_traded"}
[2026-06-15T09:55:00.316Z] INFO Tracking market. {"market":"BTC","slug":"btc-updown-5m-1781517300","title":"Bitcoin Up or Down - June 15, 5:55AM-6:00AM ET","end":"2026-06-15T10:00:00.000Z","upToken":"46020478072081474999440695714646497273485289067754460373793658039787674719776","downToken":"51708021688162534610705971477468383318647464797500491600715005489674624999939","orderMinSize":5,"tickSize":"0.01"}
[2026-06-15T09:55:00.317Z] INFO Skipped trade. {"slug":"btc-updown-5m-1781517300","reason":"missing_opening_chainlink_tick"}
[2026-06-15T09:55:00.317Z] INFO Tracking market. {"market":"ETH","slug":"eth-updown-5m-1781517300","title":"Ethereum Up or Down - June 15, 5:55AM-6:00AM ET","end":"2026-06-15T10:00:00.000Z","upToken":"2471192798301111180210235571382785558007178433100895728461617913831725778490","downToken":"22359739581365184782800015086042412534956665674724652002631621266187120481522","orderMinSize":5,"tickSize":"0.01"}
[2026-06-15T09:55:00.317Z] INFO Skipped trade. {"slug":"eth-updown-5m-1781517300","reason":"missing_opening_chainlink_tick"}
[2026-06-15T09:55:00.317Z] INFO Tracking market. {"market":"DOGE","slug":"doge-updown-5m-1781517300","title":"Dogecoin Up or Down - June 15, 5:55AM-6:00AM ET","end":"2026-06-15T10:00:00.000Z","upToken":"79861366881666822503023284650948726380029284167716304560007574460836833893557","downToken":"44903324484335301336167035622512229202497169998677041384658741426723076107487","orderMinSize":5,"tickSize":"0.01"}
[2026-06-15T09:55:00.318Z] INFO Skipped trade. {"slug":"doge-updown-5m-1781517300","reason":"missing_opening_chainlink_tick"}
[2026-06-15T09:55:01.373Z] INFO Resolved trade. {"mode":"sim","slug":"btc-updown-5m-1781517000","outcome":"UP","winningOutcome":"UP","won":true,"finalPrice":65517.91004335688}
[2026-06-15T09:55:01.432Z] INFO Captured Chainlink opening tick. {"slug":"btc-updown-5m-1781517300","openingPrice":65517.91004335688,"tickTimestamp":"2026-06-15T09:55:00.000Z"}
[2026-06-15T09:55:01.438Z] INFO Skipped trade. {"slug":"btc-updown-5m-1781517300","reason":"btc_distance_below_threshold","market":"BTC","minDistanceUsd":{"UP":12,"DOWN":12},"openingPrice":65517.91004335688,"currentPrice":65517.91004335688}
[2026-06-15T09:55:05.595Z] INFO Captured Chainlink opening tick. {"slug":"eth-updown-5m-1781517300","openingPrice":1716.3632723976684,"tickTimestamp":"2026-06-15T09:55:00.000Z"}
[2026-06-15T09:55:05.601Z] INFO Skipped trade. {"slug":"eth-updown-5m-1781517300","reason":"btc_distance_below_threshold","market":"ETH","minDistanceUsd":{"UP":2,"DOWN":2},"openingPrice":1716.3632723976684,"currentPrice":1716.348415236594}
[2026-06-15T09:55:05.635Z] INFO Captured Chainlink opening tick. {"slug":"doge-updown-5m-1781517300","openingPrice":0.0884458060386058,"tickTimestamp":"2026-06-15T09:55:00.000Z"}
[2026-06-15T09:55:05.639Z] INFO Skipped trade. {"slug":"doge-updown-5m-1781517300","reason":"btc_distance_below_threshold","market":"DOGE","minDistanceUsd":{"UP":0.0003,"DOWN":0.0003},"openingPrice":0.0884458060386058,"currentPrice":0.0884452861146494}
[2026-06-15T09:59:14.657Z] WARN Analytics sample recording failed; continuing. {"market":"BTC","slug":"btc-updown-5m-1781517300","error":"ENOENT: no such file or directory, rename 'C:\\DEV\\tests\\Workspace de Yarbis\\Polybot\\data\\analytics-active.json.tmp' -> 'C:\\DEV\\tests\\Workspace de Yarbis\\Polybot\\data\\analytics-active.json'"}
[2026-06-15T09:59:22.606Z] WARN Analytics sample recording failed; continuing. {"market":"ETH","slug":"eth-updown-5m-1781517300","error":"ENOENT: no such file or directory, rename 'C:\\DEV\\tests\\Workspace de Yarbis\\Polybot\\data\\analytics-active.json.tmp' -> 'C:\\DEV\\tests\\Workspace de Yarbis\\Polybot\\data\\analytics-active.json'"}
[2026-06-15T09:59:29.004Z] INFO Skipped trade. {"slug":"btc-updown-5m-1781517300","reason":"no_ask_liquidity_under_cap","outcome":"UP"}
[2026-06-15T10:00:01.165Z] INFO Tracking market. {"market":"BTC","slug":"btc-updown-5m-1781517600","title":"Bitcoin Up or Down - June 15, 6:00AM-6:05AM ET","end":"2026-06-15T10:05:00.000Z","upToken":"81376023134314228807342368754690555288772602813645376182062733147389371891304","downToken":"77243843841566453549241076091635313221737520685693492947090375000238702455609","orderMinSize":5,"tickSize":"0.01"}
[2026-06-15T10:00:01.166Z] INFO Skipped trade. {"slug":"btc-updown-5m-1781517600","reason":"missing_opening_chainlink_tick"}
[2026-06-15T10:00:01.166Z] INFO Tracking market. {"market":"ETH","slug":"eth-updown-5m-1781517600","title":"Ethereum Up or Down - June 15, 6:00AM-6:05AM ET","end":"2026-06-15T10:05:00.000Z","upToken":"27149468257584603168626075214100705148521312462096330814454397560354551441324","downToken":"37147410860358173203665105686534699270780762118230603040385861294992737066412","orderMinSize":5,"tickSize":"0.01"}
[2026-06-15T10:00:01.167Z] INFO Skipped trade. {"slug":"eth-updown-5m-1781517600","reason":"missing_opening_chainlink_tick"}
[2026-06-15T10:00:01.167Z] INFO Tracking market. {"market":"DOGE","slug":"doge-updown-5m-1781517600","title":"Dogecoin Up or Down - June 15, 6:00AM-6:05AM ET","end":"2026-06-15T10:05:00.000Z","upToken":"60071204109117061012525817441838738641437112079956289649121467847507807475814","downToken":"64398649408849103261574249825953188917750071455491942538187978124361693926102","orderMinSize":5,"tickSize":"0.01"}
[2026-06-15T10:00:01.167Z] INFO Skipped trade. {"slug":"doge-updown-5m-1781517600","reason":"missing_opening_chainlink_tick"}
[2026-06-15T10:00:02.212Z] INFO Captured Chainlink opening tick. {"slug":"btc-updown-5m-1781517600","openingPrice":65551.8961188528,"tickTimestamp":"2026-06-15T10:00:00.000Z"}
[2026-06-15T10:00:02.223Z] INFO Skipped trade. {"slug":"btc-updown-5m-1781517600","reason":"btc_distance_below_threshold","market":"BTC","minDistanceUsd":{"UP":12,"DOWN":12},"openingPrice":65551.8961188528,"currentPrice":65551.8961188528}
[2026-06-15T10:00:06.365Z] WARN Bot loop iteration failed; retrying. {"error":"ENOENT: no such file or directory, rename 'C:\\DEV\\tests\\Workspace de Yarbis\\Polybot\\data\\state.json.tmp' -> 'C:\\DEV\\tests\\Workspace de Yarbis\\Polybot\\data\\state.json'"}
[2026-06-15T10:00:07.373Z] INFO Skipped trade. {"slug":"eth-updown-5m-1781517600","reason":"btc_distance_below_threshold","market":"ETH","minDistanceUsd":{"UP":2,"DOWN":2},"openingPrice":1717.4859250797606,"currentPrice":1717.4714758020268}
[2026-06-15T10:00:07.402Z] INFO Captured Chainlink opening tick. {"slug":"doge-updown-5m-1781517600","openingPrice":0.0885293,"tickTimestamp":"2026-06-15T10:00:00.000Z"}
[2026-06-15T10:00:07.406Z] INFO Skipped trade. {"slug":"doge-updown-5m-1781517600","reason":"btc_distance_below_threshold","market":"DOGE","minDistanceUsd":{"UP":0.0003,"DOWN":0.0003},"openingPrice":0.0885293,"currentPrice":0.0885344}
[2026-06-15T10:04:20.982Z] WARN Analytics sample recording failed; continuing. {"market":"ETH","slug":"eth-updown-5m-1781517600","error":"ENOENT: no such file or directory, rename 'C:\\DEV\\tests\\Workspace de Yarbis\\Polybot\\data\\analytics-active.json.tmp' -> 'C:\\DEV\\tests\\Workspace de Yarbis\\Polybot\\data\\analytics-active.json'"}
[2026-06-15T10:04:28.994Z] INFO Skipped trade. {"slug":"btc-updown-5m-1781517600","reason":"no_ask_liquidity_under_cap","outcome":"UP"}
[2026-06-15T10:05:01.496Z] INFO Tracking market. {"market":"BTC","slug":"btc-updown-5m-1781517900","title":"Bitcoin Up or Down - June 15, 6:05AM-6:10AM ET","end":"2026-06-15T10:10:00.000Z","upToken":"26765736792235150783461384435888445731783236079846560489483604355757925558827","downToken":"3511022898538901233522126098446717724148319581695021712619616508811250281166","orderMinSize":5,"tickSize":"0.01"}
[2026-06-15T10:05:01.534Z] INFO Captured Chainlink opening tick. {"slug":"btc-updown-5m-1781517900","openingPrice":65598.52684606232,"tickTimestamp":"2026-06-15T10:05:00.000Z"}
[2026-06-15T10:05:01.539Z] INFO Skipped trade. {"slug":"btc-updown-5m-1781517900","reason":"btc_distance_below_threshold","market":"BTC","minDistanceUsd":{"UP":12,"DOWN":12},"openingPrice":65598.52684606232,"currentPrice":65598.52684606232}
[2026-06-15T10:05:01.540Z] INFO Tracking market. {"market":"ETH","slug":"eth-updown-5m-1781517900","title":"Ethereum Up or Down - June 15, 6:05AM-6:10AM ET","end":"2026-06-15T10:10:00.000Z","upToken":"93951901819636795353414702466835283220418816989098764285484382093348034885071","downToken":"50900160281281280762795130900417170501036612083055993738464530724895686742346","orderMinSize":5,"tickSize":"0.01"}
[2026-06-15T10:05:01.578Z] INFO Captured Chainlink opening tick. {"slug":"eth-updown-5m-1781517900","openingPrice":1719.210789578455,"tickTimestamp":"2026-06-15T10:05:00.000Z"}
[2026-06-15T10:05:01.583Z] INFO Skipped trade. {"slug":"eth-updown-5m-1781517900","reason":"btc_distance_below_threshold","market":"ETH","minDistanceUsd":{"UP":2,"DOWN":2},"openingPrice":1719.210789578455,"currentPrice":1719.210789578455}
[2026-06-15T10:05:01.583Z] INFO Tracking market. {"market":"DOGE","slug":"doge-updown-5m-1781517900","title":"Dogecoin Up or Down - June 15, 6:05AM-6:10AM ET","end":"2026-06-15T10:10:00.000Z","upToken":"57405084751540196781307613923636758350461604643491341449804979500778144639145","downToken":"111859110545617214899249904867435657879546178901748941785987946869588401183910","orderMinSize":5,"tickSize":"0.01"}
[2026-06-15T10:05:01.619Z] INFO Captured Chainlink opening tick. {"slug":"doge-updown-5m-1781517900","openingPrice":0.0885578770710559,"tickTimestamp":"2026-06-15T10:05:00.000Z"}
[2026-06-15T10:05:01.622Z] INFO Skipped trade. {"slug":"doge-updown-5m-1781517900","reason":"btc_distance_below_threshold","market":"DOGE","minDistanceUsd":{"UP":0.0003,"DOWN":0.0003},"openingPrice":0.0885578770710559,"currentPrice":0.0885578770710559}
[2026-06-15T10:09:07.418Z] WARN Analytics sample recording failed; continuing. {"market":"ETH","slug":"eth-updown-5m-1781517900","error":"ENOENT: no such file or directory, rename 'C:\\DEV\\tests\\Workspace de Yarbis\\Polybot\\data\\analytics-active.json.tmp' -> 'C:\\DEV\\tests\\Workspace de Yarbis\\Polybot\\data\\analytics-active.json'"}
[2026-06-15T10:09:29.569Z] INFO Skipped trade. {"slug":"btc-updown-5m-1781517900","reason":"no_ask_liquidity_under_cap","outcome":"UP"}
[2026-06-15T10:10:00.248Z] INFO Tracking market. {"market":"BTC","slug":"btc-updown-5m-1781518200","title":"Bitcoin Up or Down - June 15, 6:10AM-6:15AM ET","end":"2026-06-15T10:15:00.000Z","upToken":"42542319700422651427447496874340049972667228982448905308560902263935717542925","downToken":"71001879209869296152770203366982613490721289757011173262863581030797603309701","orderMinSize":5,"tickSize":"0.01"}
[2026-06-15T10:10:00.249Z] INFO Skipped trade. {"slug":"btc-updown-5m-1781518200","reason":"missing_opening_chainlink_tick"}
[2026-06-15T10:10:00.249Z] INFO Tracking market. {"market":"ETH","slug":"eth-updown-5m-1781518200","title":"Ethereum Up or Down - June 15, 6:10AM-6:15AM ET","end":"2026-06-15T10:15:00.000Z","upToken":"110423497132055906610798831201892420145851465873541527399158090921388708352718","downToken":"109423333279819111885915173970021187588853653619743643769752694369851610144415","orderMinSize":5,"tickSize":"0.01"}
[2026-06-15T10:10:00.249Z] INFO Skipped trade. {"slug":"eth-updown-5m-1781518200","reason":"missing_opening_chainlink_tick"}
[2026-06-15T10:10:00.249Z] INFO Tracking market. {"market":"DOGE","slug":"doge-updown-5m-1781518200","title":"Dogecoin Up or Down - June 15, 6:10AM-6:15AM ET","end":"2026-06-15T10:15:00.000Z","upToken":"28893785435967471793548485695945460903794460441135421820151420711898830423327","downToken":"94242540151391751265737056279853261913354342803305103538025015061373550397001","orderMinSize":5,"tickSize":"0.01"}
[2026-06-15T10:10:00.249Z] INFO Skipped trade. {"slug":"doge-updown-5m-1781518200","reason":"missing_opening_chainlink_tick"}
[2026-06-15T10:10:01.299Z] INFO Captured Chainlink opening tick. {"slug":"btc-updown-5m-1781518200","openingPrice":65670.42503911772,"tickTimestamp":"2026-06-15T10:10:00.000Z"}
[2026-06-15T10:10:01.307Z] INFO Skipped trade. {"slug":"btc-updown-5m-1781518200","reason":"btc_distance_below_threshold","market":"BTC","minDistanceUsd":{"UP":12,"DOWN":12},"openingPrice":65670.42503911772,"currentPrice":65670.42503911772}
[2026-06-15T10:10:02.380Z] INFO Captured Chainlink opening tick. {"slug":"eth-updown-5m-1781518200","openingPrice":1720.9612007779424,"tickTimestamp":"2026-06-15T10:10:00.000Z"}
[2026-06-15T10:10:02.386Z] INFO Skipped trade. {"slug":"eth-updown-5m-1781518200","reason":"btc_distance_below_threshold","market":"ETH","minDistanceUsd":{"UP":2,"DOWN":2},"openingPrice":1720.9612007779424,"currentPrice":1720.9612007779424}
[2026-06-15T10:10:02.436Z] INFO Captured Chainlink opening tick. {"slug":"doge-updown-5m-1781518200","openingPrice":0.088593,"tickTimestamp":"2026-06-15T10:10:00.000Z"}
[2026-06-15T10:10:02.440Z] INFO Skipped trade. {"slug":"doge-updown-5m-1781518200","reason":"btc_distance_below_threshold","market":"DOGE","minDistanceUsd":{"UP":0.0003,"DOWN":0.0003},"openingPrice":0.088593,"currentPrice":0.088593}
[2026-06-15T10:14:29.647Z] INFO Skipped trade. {"slug":"btc-updown-5m-1781518200","reason":"no_ask_liquidity_under_cap","outcome":"UP"}
[2026-06-15T10:15:00.373Z] INFO Tracking market. {"market":"BTC","slug":"btc-updown-5m-1781518500","title":"Bitcoin Up or Down - June 15, 6:15AM-6:20AM ET","end":"2026-06-15T10:20:00.000Z","upToken":"24097919299605823147664418132796590707566708977082398978124002760255369822097","downToken":"82340683989747554664655602250659146344428695954229711284049264008894952976308","orderMinSize":5,"tickSize":"0.01"}
[2026-06-15T10:15:00.374Z] INFO Skipped trade. {"slug":"btc-updown-5m-1781518500","reason":"missing_opening_chainlink_tick"}
[2026-06-15T10:15:00.374Z] INFO Tracking market. {"market":"ETH","slug":"eth-updown-5m-1781518500","title":"Ethereum Up or Down - June 15, 6:15AM-6:20AM ET","end":"2026-06-15T10:20:00.000Z","upToken":"21839428802597581507428982270210079118068617544352225870043375368626975752015","downToken":"31395157870745799422995229848018553109066045086850785404508427905576380023736","orderMinSize":5,"tickSize":"0.01"}
[2026-06-15T10:15:00.374Z] INFO Skipped trade. {"slug":"eth-updown-5m-1781518500","reason":"missing_opening_chainlink_tick"}
[2026-06-15T10:15:00.374Z] INFO Tracking market. {"market":"DOGE","slug":"doge-updown-5m-1781518500","title":"Dogecoin Up or Down - June 15, 6:15AM-6:20AM ET","end":"2026-06-15T10:20:00.000Z","upToken":"17222389438505514949375712114289949115218736371762651242611108452909790641007","downToken":"53956599797119215484282088559385012370132363404753581913988241684358790740445","orderMinSize":5,"tickSize":"0.01"}
[2026-06-15T10:15:00.374Z] INFO Skipped trade. {"slug":"doge-updown-5m-1781518500","reason":"missing_opening_chainlink_tick"}
[2026-06-15T10:15:01.429Z] INFO Captured Chainlink opening tick. {"slug":"btc-updown-5m-1781518500","openingPrice":65696.5717912993,"tickTimestamp":"2026-06-15T10:15:00.000Z"}
[2026-06-15T10:15:01.441Z] INFO Skipped trade. {"slug":"btc-updown-5m-1781518500","reason":"btc_distance_below_threshold","market":"BTC","minDistanceUsd":{"UP":12,"DOWN":12},"openingPrice":65696.5717912993,"currentPrice":65696.5717912993}
[2026-06-15T10:15:02.500Z] INFO Captured Chainlink opening tick. {"slug":"eth-updown-5m-1781518500","openingPrice":1721.6928915491778,"tickTimestamp":"2026-06-15T10:15:00.000Z"}
[2026-06-15T10:15:02.510Z] INFO Skipped trade. {"slug":"eth-updown-5m-1781518500","reason":"btc_distance_below_threshold","market":"ETH","minDistanceUsd":{"UP":2,"DOWN":2},"openingPrice":1721.6928915491778,"currentPrice":1721.6928915491778}
[2026-06-15T10:15:02.548Z] INFO Captured Chainlink opening tick. {"slug":"doge-updown-5m-1781518500","openingPrice":0.0885861993634972,"tickTimestamp":"2026-06-15T10:15:00.000Z"}
[2026-06-15T10:15:02.555Z] INFO Skipped trade. {"slug":"doge-updown-5m-1781518500","reason":"btc_distance_below_threshold","market":"DOGE","minDistanceUsd":{"UP":0.0003,"DOWN":0.0003},"openingPrice":0.0885861993634972,"currentPrice":0.0885861993634972}
[2026-06-15T10:19:16.427Z] INFO Skipped trade. {"slug":"eth-updown-5m-1781518500","reason":"stale_chainlink_tick","tickTimestamp":"2026-06-15T10:19:05.000Z"}
[2026-06-15T10:19:16.601Z] INFO Skipped trade. {"slug":"doge-updown-5m-1781518500","reason":"stale_chainlink_tick","tickTimestamp":"2026-06-15T10:19:05.000Z"}
[2026-06-15T10:19:29.109Z] INFO Skipped trade. {"slug":"btc-updown-5m-1781518500","reason":"no_ask_liquidity_under_cap","outcome":"DOWN"}
[2026-06-15T10:20:01.290Z] INFO Tracking market. {"market":"BTC","slug":"btc-updown-5m-1781518800","title":"Bitcoin Up or Down - June 15, 6:20AM-6:25AM ET","end":"2026-06-15T10:25:00.000Z","upToken":"45700929595151325187498145141332416280559075252444358318946365379975846797706","downToken":"109560433298385320989646012216657150236996960867100364165779137135075310421254","orderMinSize":5,"tickSize":"0.01"}
[2026-06-15T10:20:01.290Z] INFO Skipped trade. {"slug":"btc-updown-5m-1781518800","reason":"missing_opening_chainlink_tick"}
[2026-06-15T10:20:01.290Z] INFO Tracking market. {"market":"ETH","slug":"eth-updown-5m-1781518800","title":"Ethereum Up or Down - June 15, 6:20AM-6:25AM ET","end":"2026-06-15T10:25:00.000Z","upToken":"99875700226213947108909618482302283961510684948631449255766327832387564050484","downToken":"1098460528736708120179564866621473350874008268423100790131570339735636934112","orderMinSize":5,"tickSize":"0.01"}
[2026-06-15T10:20:01.291Z] INFO Skipped trade. {"slug":"eth-updown-5m-1781518800","reason":"missing_opening_chainlink_tick"}
[2026-06-15T10:20:01.291Z] INFO Tracking market. {"market":"DOGE","slug":"doge-updown-5m-1781518800","title":"Dogecoin Up or Down - June 15, 6:20AM-6:25AM ET","end":"2026-06-15T10:25:00.000Z","upToken":"92862838109197131625010393443813900132049525808802009821656771859138598655774","downToken":"74980022866181236639055504328175342290338072799875777544138924226546917995738","orderMinSize":5,"tickSize":"0.01"}
[2026-06-15T10:20:01.291Z] INFO Skipped trade. {"slug":"doge-updown-5m-1781518800","reason":"missing_opening_chainlink_tick"}
[2026-06-15T10:20:02.352Z] INFO Captured Chainlink opening tick. {"slug":"btc-updown-5m-1781518800","openingPrice":65665.34272134345,"tickTimestamp":"2026-06-15T10:20:00.000Z"}
[2026-06-15T10:20:02.358Z] INFO Skipped trade. {"slug":"btc-updown-5m-1781518800","reason":"btc_distance_below_threshold","market":"BTC","minDistanceUsd":{"UP":12,"DOWN":12},"openingPrice":65665.34272134345,"currentPrice":65665.34272134345}
[2026-06-15T10:20:02.398Z] INFO Captured Chainlink opening tick. {"slug":"eth-updown-5m-1781518800","openingPrice":1722.800550858441,"tickTimestamp":"2026-06-15T10:20:00.000Z"}
[2026-06-15T10:20:02.404Z] INFO Skipped trade. {"slug":"eth-updown-5m-1781518800","reason":"btc_distance_below_threshold","market":"ETH","minDistanceUsd":{"UP":2,"DOWN":2},"openingPrice":1722.800550858441,"currentPrice":1722.800550858441}
[2026-06-15T10:20:02.442Z] INFO Captured Chainlink opening tick. {"slug":"doge-updown-5m-1781518800","openingPrice":0.0885780608858538,"tickTimestamp":"2026-06-15T10:20:00.000Z"}
[2026-06-15T10:20:02.453Z] INFO Skipped trade. {"slug":"doge-updown-5m-1781518800","reason":"btc_distance_below_threshold","market":"DOGE","minDistanceUsd":{"UP":0.0003,"DOWN":0.0003},"openingPrice":0.0885780608858538,"currentPrice":0.0885780608858538}
[2026-06-15T10:24:29.064Z] INFO Skipped trade. {"slug":"btc-updown-5m-1781518800","reason":"no_ask_liquidity_under_cap","outcome":"UP"}
[2026-06-15T10:25:01.387Z] INFO Tracking market. {"market":"BTC","slug":"btc-updown-5m-1781519100","title":"Bitcoin Up or Down - June 15, 6:25AM-6:30AM ET","end":"2026-06-15T10:30:00.000Z","upToken":"36350591107910423487882225564623238778083319504510138980185607633821254937304","downToken":"81317149566126810299558416194776132606873303446416717802573583052524357241470","orderMinSize":5,"tickSize":"0.01"}
[2026-06-15T10:25:01.436Z] INFO Captured Chainlink opening tick. {"slug":"btc-updown-5m-1781519100","openingPrice":65699.23528408594,"tickTimestamp":"2026-06-15T10:25:00.000Z"}
[2026-06-15T10:25:01.441Z] INFO Skipped trade. {"slug":"btc-updown-5m-1781519100","reason":"btc_distance_below_threshold","market":"BTC","minDistanceUsd":{"UP":12,"DOWN":12},"openingPrice":65699.23528408594,"currentPrice":65699.23528408594}
[2026-06-15T10:25:01.441Z] INFO Tracking market. {"market":"ETH","slug":"eth-updown-5m-1781519100","title":"Ethereum Up or Down - June 15, 6:25AM-6:30AM ET","end":"2026-06-15T10:30:00.000Z","upToken":"98263995955856754537776898833481368393286088653474681658156870460526949849354","downToken":"36261602671050121222218941686552252212537196823150964199939588990391111127502","orderMinSize":5,"tickSize":"0.01"}
[2026-06-15T10:25:01.441Z] INFO Skipped trade. {"slug":"eth-updown-5m-1781519100","reason":"missing_opening_chainlink_tick"}
[2026-06-15T10:25:01.441Z] INFO Tracking market. {"market":"DOGE","slug":"doge-updown-5m-1781519100","title":"Dogecoin Up or Down - June 15, 6:25AM-6:30AM ET","end":"2026-06-15T10:30:00.000Z","upToken":"71175591756694925092629324542644727785785716194881259329347777568994207506275","downToken":"43419118049335056259222005025841856752458889787921940231746257821584935306212","orderMinSize":5,"tickSize":"0.01"}
[2026-06-15T10:25:01.442Z] INFO Skipped trade. {"slug":"doge-updown-5m-1781519100","reason":"missing_opening_chainlink_tick"}
[2026-06-15T10:25:03.485Z] INFO Captured Chainlink opening tick. {"slug":"eth-updown-5m-1781519100","openingPrice":1723.9636261098499,"tickTimestamp":"2026-06-15T10:25:00.000Z"}
[2026-06-15T10:25:03.489Z] INFO Skipped trade. {"slug":"eth-updown-5m-1781519100","reason":"btc_distance_below_threshold","market":"ETH","minDistanceUsd":{"UP":2,"DOWN":2},"openingPrice":1723.9636261098499,"currentPrice":1723.99201841255}
[2026-06-15T10:25:03.519Z] INFO Captured Chainlink opening tick. {"slug":"doge-updown-5m-1781519100","openingPrice":0.0884944495401256,"tickTimestamp":"2026-06-15T10:25:00.000Z"}
[2026-06-15T10:25:03.523Z] INFO Skipped trade. {"slug":"doge-updown-5m-1781519100","reason":"btc_distance_below_threshold","market":"DOGE","minDistanceUsd":{"UP":0.0003,"DOWN":0.0003},"openingPrice":0.0884944495401256,"currentPrice":0.0884969}
[2026-06-15T10:29:29.083Z] INFO Skipped trade. {"slug":"btc-updown-5m-1781519100","reason":"no_ask_liquidity_under_cap","outcome":"DOWN"}
[2026-06-15T10:29:44.629Z] WARN Analytics sample recording failed; continuing. {"market":"DOGE","slug":"doge-updown-5m-1781519100","error":"ENOENT: no such file or directory, rename 'C:\\DEV\\tests\\Workspace de Yarbis\\Polybot\\data\\analytics-active.json.tmp' -> 'C:\\DEV\\tests\\Workspace de Yarbis\\Polybot\\data\\analytics-active.json'"}
[2026-06-15T10:30:01.411Z] INFO Tracking market. {"market":"BTC","slug":"btc-updown-5m-1781519400","title":"Bitcoin Up or Down - June 15, 6:30AM-6:35AM ET","end":"2026-06-15T10:35:00.000Z","upToken":"68200817543466684053030217458695752647070418534251231399367581632085617179722","downToken":"36450065976785951908932310885767876190207200414084938752367255695712452998116","orderMinSize":5,"tickSize":"0.01"}
[2026-06-15T10:30:01.453Z] INFO Captured Chainlink opening tick. {"slug":"btc-updown-5m-1781519400","openingPrice":65672.36847412416,"tickTimestamp":"2026-06-15T10:30:00.000Z"}
[2026-06-15T10:30:01.458Z] INFO Skipped trade. {"slug":"btc-updown-5m-1781519400","reason":"btc_distance_below_threshold","market":"BTC","minDistanceUsd":{"UP":12,"DOWN":12},"openingPrice":65672.36847412416,"currentPrice":65672.36847412416}
[2026-06-15T10:30:01.458Z] INFO Tracking market. {"market":"ETH","slug":"eth-updown-5m-1781519400","title":"Ethereum Up or Down - June 15, 6:30AM-6:35AM ET","end":"2026-06-15T10:35:00.000Z","upToken":"97308405159377044445334217307612932468582727767365120532207435498662196755753","downToken":"10487103943130650500313806656666372076316515307247244795248517440024839239881","orderMinSize":5,"tickSize":"0.01"}
[2026-06-15T10:30:01.458Z] INFO Skipped trade. {"slug":"eth-updown-5m-1781519400","reason":"missing_opening_chainlink_tick"}
[2026-06-15T10:30:01.458Z] INFO Tracking market. {"market":"DOGE","slug":"doge-updown-5m-1781519400","title":"Dogecoin Up or Down - June 15, 6:30AM-6:35AM ET","end":"2026-06-15T10:35:00.000Z","upToken":"93394025024650375873597459116384696453728595091689960365755824923726026663162","downToken":"44259420506205940157427042915171432177626536959709319969128461418826877341992","orderMinSize":5,"tickSize":"0.01"}
[2026-06-15T10:30:01.459Z] INFO Skipped trade. {"slug":"doge-updown-5m-1781519400","reason":"missing_opening_chainlink_tick"}
[2026-06-15T10:30:03.509Z] INFO Captured Chainlink opening tick. {"slug":"eth-updown-5m-1781519400","openingPrice":1723.519085,"tickTimestamp":"2026-06-15T10:30:00.000Z"}
[2026-06-15T10:30:03.512Z] INFO Skipped trade. {"slug":"eth-updown-5m-1781519400","reason":"btc_distance_below_threshold","market":"ETH","minDistanceUsd":{"UP":2,"DOWN":2},"openingPrice":1723.519085,"currentPrice":1723.50803}
[2026-06-15T10:30:03.553Z] INFO Captured Chainlink opening tick. {"slug":"doge-updown-5m-1781519400","openingPrice":0.088422,"tickTimestamp":"2026-06-15T10:30:00.000Z"}
[2026-06-15T10:30:03.558Z] INFO Skipped trade. {"slug":"doge-updown-5m-1781519400","reason":"btc_distance_below_threshold","market":"DOGE","minDistanceUsd":{"UP":0.0003,"DOWN":0.0003},"openingPrice":0.088422,"currentPrice":0.0884219}
[2026-06-15T10:34:38.544Z] WARN Analytics sample recording failed; continuing. {"market":"BTC","slug":"btc-updown-5m-1781519400","error":"ENOENT: no such file or directory, rename 'C:\\DEV\\tests\\Workspace de Yarbis\\Polybot\\data\\analytics-active.json.tmp' -> 'C:\\DEV\\tests\\Workspace de Yarbis\\Polybot\\data\\analytics-active.json'"}
[2026-06-15T10:35:00.397Z] INFO Tracking market. {"market":"BTC","slug":"btc-updown-5m-1781519700","title":"Bitcoin Up or Down - June 15, 6:35AM-6:40AM ET","end":"2026-06-15T10:40:00.000Z","upToken":"91715356580759725799443415039983672703457710397545049901283443825247528252366","downToken":"4550978993345856919038806932434846470530970177089152305405179693920053037148","orderMinSize":5,"tickSize":"0.01"}
[2026-06-15T10:35:00.397Z] INFO Skipped trade. {"slug":"btc-updown-5m-1781519700","reason":"missing_opening_chainlink_tick"}
[2026-06-15T10:35:00.397Z] INFO Tracking market. {"market":"ETH","slug":"eth-updown-5m-1781519700","title":"Ethereum Up or Down - June 15, 6:35AM-6:40AM ET","end":"2026-06-15T10:40:00.000Z","upToken":"8929852482456960905137125363786530130599842719159223630439255517787380098836","downToken":"74656355670297051092953817481699789460864204492005810964708783523994686620361","orderMinSize":5,"tickSize":"0.01"}
[2026-06-15T10:35:00.397Z] INFO Skipped trade. {"slug":"eth-updown-5m-1781519700","reason":"missing_opening_chainlink_tick"}
[2026-06-15T10:35:00.397Z] INFO Tracking market. {"market":"DOGE","slug":"doge-updown-5m-1781519700","title":"Dogecoin Up or Down - June 15, 6:35AM-6:40AM ET","end":"2026-06-15T10:40:00.000Z","upToken":"63481753846109193404717075303896553488468453366888095010979142835623174054196","downToken":"41897542637158289431125523417216431518709194009366722390935122978141879115999","orderMinSize":5,"tickSize":"0.01"}
[2026-06-15T10:35:00.398Z] INFO Skipped trade. {"slug":"doge-updown-5m-1781519700","reason":"missing_opening_chainlink_tick"}
[2026-06-15T10:35:01.451Z] INFO Captured Chainlink opening tick. {"slug":"btc-updown-5m-1781519700","openingPrice":65677.40710628075,"tickTimestamp":"2026-06-15T10:35:00.000Z"}
[2026-06-15T10:35:01.457Z] INFO Skipped trade. {"slug":"btc-updown-5m-1781519700","reason":"btc_distance_below_threshold","market":"BTC","minDistanceUsd":{"UP":12,"DOWN":12},"openingPrice":65677.40710628075,"currentPrice":65677.40710628075}
[2026-06-15T10:35:03.515Z] INFO Captured Chainlink opening tick. {"slug":"eth-updown-5m-1781519700","openingPrice":1723.9698767518764,"tickTimestamp":"2026-06-15T10:35:00.000Z"}
[2026-06-15T10:35:03.526Z] INFO Skipped trade. {"slug":"eth-updown-5m-1781519700","reason":"btc_distance_below_threshold","market":"ETH","minDistanceUsd":{"UP":2,"DOWN":2},"openingPrice":1723.9698767518764,"currentPrice":1723.9934752348663}
[2026-06-15T10:35:03.555Z] INFO Captured Chainlink opening tick. {"slug":"doge-updown-5m-1781519700","openingPrice":0.0885865778211565,"tickTimestamp":"2026-06-15T10:35:00.000Z"}
[2026-06-15T10:35:03.559Z] INFO Skipped trade. {"slug":"doge-updown-5m-1781519700","reason":"btc_distance_below_threshold","market":"DOGE","minDistanceUsd":{"UP":0.0003,"DOWN":0.0003},"openingPrice":0.0885865778211565,"currentPrice":0.0885886784824018}
[2026-06-15T10:39:48.516Z] WARN Analytics sample recording failed; continuing. {"market":"DOGE","slug":"doge-updown-5m-1781519700","error":"ENOENT: no such file or directory, rename 'C:\\DEV\\tests\\Workspace de Yarbis\\Polybot\\data\\analytics-active.json.tmp' -> 'C:\\DEV\\tests\\Workspace de Yarbis\\Polybot\\data\\analytics-active.json'"}
[2026-06-15T10:40:00.668Z] INFO Tracking market. {"market":"BTC","slug":"btc-updown-5m-1781520000","title":"Bitcoin Up or Down - June 15, 6:40AM-6:45AM ET","end":"2026-06-15T10:45:00.000Z","upToken":"49716511081687398098622981100859171637810700439430609073546600427031319382111","downToken":"42987077844124200527006482022741045979606872000357942613185625494152514876027","orderMinSize":5,"tickSize":"0.01"}
[2026-06-15T10:40:00.668Z] INFO Skipped trade. {"slug":"btc-updown-5m-1781520000","reason":"missing_opening_chainlink_tick"}
[2026-06-15T10:40:00.669Z] INFO Tracking market. {"market":"ETH","slug":"eth-updown-5m-1781520000","title":"Ethereum Up or Down - June 15, 6:40AM-6:45AM ET","end":"2026-06-15T10:45:00.000Z","upToken":"70763885497125809525315320830418439365481963674036487818692577372151566211244","downToken":"41047661980470171694166160066067907789630614211987243019263187618790153778364","orderMinSize":5,"tickSize":"0.01"}
[2026-06-15T10:40:00.670Z] INFO Skipped trade. {"slug":"eth-updown-5m-1781520000","reason":"missing_opening_chainlink_tick"}
[2026-06-15T10:40:00.670Z] INFO Tracking market. {"market":"DOGE","slug":"doge-updown-5m-1781520000","title":"Dogecoin Up or Down - June 15, 6:40AM-6:45AM ET","end":"2026-06-15T10:45:00.000Z","upToken":"59721555799093531311324823482821357679972359213844288599191501146569974333624","downToken":"56396835479163114596994097403543209143196173713894115502449634672827633522178","orderMinSize":5,"tickSize":"0.01"}
[2026-06-15T10:40:00.670Z] INFO Skipped trade. {"slug":"doge-updown-5m-1781520000","reason":"missing_opening_chainlink_tick"}
[2026-06-15T10:40:01.744Z] INFO Captured Chainlink opening tick. {"slug":"btc-updown-5m-1781520000","openingPrice":65677.66703985805,"tickTimestamp":"2026-06-15T10:40:00.000Z"}
[2026-06-15T10:40:01.791Z] INFO Skipped trade. {"slug":"btc-updown-5m-1781520000","reason":"btc_distance_below_threshold","market":"BTC","minDistanceUsd":{"UP":12,"DOWN":12},"openingPrice":65677.66703985805,"currentPrice":65677.66703985805}
[2026-06-15T10:40:04.893Z] INFO Captured Chainlink opening tick. {"slug":"eth-updown-5m-1781520000","openingPrice":1724.8206167503947,"tickTimestamp":"2026-06-15T10:40:00.000Z"}
[2026-06-15T10:40:04.897Z] INFO Skipped trade. {"slug":"eth-updown-5m-1781520000","reason":"btc_distance_below_threshold","market":"ETH","minDistanceUsd":{"UP":2,"DOWN":2},"openingPrice":1724.8206167503947,"currentPrice":1724.8117781775031}
[2026-06-15T10:40:04.952Z] INFO Captured Chainlink opening tick. {"slug":"doge-updown-5m-1781520000","openingPrice":0.0885358657403677,"tickTimestamp":"2026-06-15T10:40:00.000Z"}
[2026-06-15T10:40:04.962Z] INFO Skipped trade. {"slug":"doge-updown-5m-1781520000","reason":"btc_distance_below_threshold","market":"DOGE","minDistanceUsd":{"UP":0.0003,"DOWN":0.0003},"openingPrice":0.0885358657403677,"currentPrice":0.088527}
[2026-06-15T10:44:30.282Z] INFO Skipped trade. {"slug":"btc-updown-5m-1781520000","reason":"no_ask_liquidity_under_cap","outcome":"UP"}
[2026-06-15T10:44:31.813Z] INFO Skipped trade. {"slug":"eth-updown-5m-1781520000","reason":"no_ask_liquidity_under_cap","outcome":"UP"}
[2026-06-15T10:44:52.904Z] WARN Analytics sample recording failed; continuing. {"market":"ETH","slug":"eth-updown-5m-1781520000","error":"ENOENT: no such file or directory, rename 'C:\\DEV\\tests\\Workspace de Yarbis\\Polybot\\data\\analytics-active.json.tmp' -> 'C:\\DEV\\tests\\Workspace de Yarbis\\Polybot\\data\\analytics-active.json'"}
[2026-06-15T10:45:00.368Z] INFO Tracking market. {"market":"BTC","slug":"btc-updown-5m-1781520300","title":"Bitcoin Up or Down - June 15, 6:45AM-6:50AM ET","end":"2026-06-15T10:50:00.000Z","upToken":"94302320209932054402327362841337857224775644902701475977949348617206322421211","downToken":"15094550717286738989551608428579561302047096637198661076130624210864390145573","orderMinSize":5,"tickSize":"0.01"}
[2026-06-15T10:45:00.369Z] INFO Skipped trade. {"slug":"btc-updown-5m-1781520300","reason":"missing_opening_chainlink_tick"}
[2026-06-15T10:45:00.369Z] INFO Tracking market. {"market":"ETH","slug":"eth-updown-5m-1781520300","title":"Ethereum Up or Down - June 15, 6:45AM-6:50AM ET","end":"2026-06-15T10:50:00.000Z","upToken":"104223858558254623263145830728757390801850997903449282612987926168291633407406","downToken":"89341028017425938751435052176607388521889348897276276032106123066828057077009","orderMinSize":5,"tickSize":"0.01"}
[2026-06-15T10:45:00.369Z] INFO Skipped trade. {"slug":"eth-updown-5m-1781520300","reason":"missing_opening_chainlink_tick"}
[2026-06-15T10:45:00.370Z] INFO Tracking market. {"market":"DOGE","slug":"doge-updown-5m-1781520300","title":"Dogecoin Up or Down - June 15, 6:45AM-6:50AM ET","end":"2026-06-15T10:50:00.000Z","upToken":"71653938748296673617852069182464627376171653603804873282299494563158444935417","downToken":"65073252852429086496694884647861196742419634545290824916430412311283654122097","orderMinSize":5,"tickSize":"0.01"}
[2026-06-15T10:45:00.370Z] INFO Skipped trade. {"slug":"doge-updown-5m-1781520300","reason":"missing_opening_chainlink_tick"}
[2026-06-15T10:45:02.431Z] INFO Captured Chainlink opening tick. {"slug":"btc-updown-5m-1781520300","openingPrice":65716.56870124982,"tickTimestamp":"2026-06-15T10:45:00.000Z"}
[2026-06-15T10:45:02.438Z] INFO Skipped trade. {"slug":"btc-updown-5m-1781520300","reason":"btc_distance_below_threshold","market":"BTC","minDistanceUsd":{"UP":12,"DOWN":12},"openingPrice":65716.56870124982,"currentPrice":65716.80500263226}
[2026-06-15T10:45:05.623Z] INFO Captured Chainlink opening tick. {"slug":"eth-updown-5m-1781520300","openingPrice":1727.1263892831391,"tickTimestamp":"2026-06-15T10:45:00.000Z"}
[2026-06-15T10:45:05.647Z] INFO Skipped trade. {"slug":"eth-updown-5m-1781520300","reason":"btc_distance_below_threshold","market":"ETH","minDistanceUsd":{"UP":2,"DOWN":2},"openingPrice":1727.1263892831391,"currentPrice":1727.1510697027145}
[2026-06-15T10:45:05.692Z] INFO Captured Chainlink opening tick. {"slug":"doge-updown-5m-1781520300","openingPrice":0.0885867,"tickTimestamp":"2026-06-15T10:45:00.000Z"}
[2026-06-15T10:45:05.695Z] INFO Skipped trade. {"slug":"doge-updown-5m-1781520300","reason":"btc_distance_below_threshold","market":"DOGE","minDistanceUsd":{"UP":0.0003,"DOWN":0.0003},"openingPrice":0.0885867,"currentPrice":0.088587}
[2026-06-15T10:49:41.374Z] WARN Analytics sample recording failed; continuing. {"market":"ETH","slug":"eth-updown-5m-1781520300","error":"ENOENT: no such file or directory, rename 'C:\\DEV\\tests\\Workspace de Yarbis\\Polybot\\data\\analytics-active.json.tmp' -> 'C:\\DEV\\tests\\Workspace de Yarbis\\Polybot\\data\\analytics-active.json'"}
[2026-06-15T10:50:01.378Z] INFO Tracking market. {"market":"BTC","slug":"btc-updown-5m-1781520600","title":"Bitcoin Up or Down - June 15, 6:50AM-6:55AM ET","end":"2026-06-15T10:55:00.000Z","upToken":"110627736202588593012286415226313641081356186323885667237157448473817748112684","downToken":"71767015532566697187346203003583073788055582437942847127202488339028412536257","orderMinSize":5,"tickSize":"0.01"}
[2026-06-15T10:50:01.379Z] INFO Skipped trade. {"slug":"btc-updown-5m-1781520600","reason":"missing_opening_chainlink_tick"}
[2026-06-15T10:50:01.380Z] INFO Tracking market. {"market":"ETH","slug":"eth-updown-5m-1781520600","title":"Ethereum Up or Down - June 15, 6:50AM-6:55AM ET","end":"2026-06-15T10:55:00.000Z","upToken":"89404789505509270618274904740024042793552387468317270448673185390077189283232","downToken":"37851137175770607891121904857096923215842072246785777085310211800984472456060","orderMinSize":5,"tickSize":"0.01"}
[2026-06-15T10:50:01.380Z] INFO Skipped trade. {"slug":"eth-updown-5m-1781520600","reason":"missing_opening_chainlink_tick"}
[2026-06-15T10:50:01.380Z] INFO Tracking market. {"market":"DOGE","slug":"doge-updown-5m-1781520600","title":"Dogecoin Up or Down - June 15, 6:50AM-6:55AM ET","end":"2026-06-15T10:55:00.000Z","upToken":"58451437443449132639350980861896792572581218660863497693058173376300635298948","downToken":"74371993763025770697328191716568206933878047129130740211546538491820204214567","orderMinSize":5,"tickSize":"0.01"}
[2026-06-15T10:50:01.381Z] INFO Skipped trade. {"slug":"doge-updown-5m-1781520600","reason":"missing_opening_chainlink_tick"}
[2026-06-15T10:50:02.472Z] INFO Captured Chainlink opening tick. {"slug":"btc-updown-5m-1781520600","openingPrice":65714.72706650638,"tickTimestamp":"2026-06-15T10:50:00.000Z"}
[2026-06-15T10:50:02.478Z] INFO Skipped trade. {"slug":"btc-updown-5m-1781520600","reason":"btc_distance_below_threshold","market":"BTC","minDistanceUsd":{"UP":12,"DOWN":12},"openingPrice":65714.72706650638,"currentPrice":65715.58581742924}
[2026-06-15T10:50:05.536Z] INFO Captured Chainlink opening tick. {"slug":"eth-updown-5m-1781520600","openingPrice":1727.452915563859,"tickTimestamp":"2026-06-15T10:50:00.000Z"}
[2026-06-15T10:50:05.541Z] INFO Skipped trade. {"slug":"eth-updown-5m-1781520600","reason":"btc_distance_below_threshold","market":"ETH","minDistanceUsd":{"UP":2,"DOWN":2},"openingPrice":1727.452915563859,"currentPrice":1727.27714}
[2026-06-15T10:50:05.569Z] INFO Captured Chainlink opening tick. {"slug":"doge-updown-5m-1781520600","openingPrice":0.0886266506107096,"tickTimestamp":"2026-06-15T10:50:00.000Z"}
[2026-06-15T10:50:05.573Z] INFO Skipped trade. {"slug":"doge-updown-5m-1781520600","reason":"btc_distance_below_threshold","market":"DOGE","minDistanceUsd":{"UP":0.0003,"DOWN":0.0003},"openingPrice":0.0886266506107096,"currentPrice":0.088623824082797}
[2026-06-15T10:54:45.229Z] INFO Skipped trade. {"slug":"btc-updown-5m-1781520600","reason":"no_ask_liquidity_under_cap","outcome":"UP"}
[2026-06-15T10:54:46.760Z] INFO Skipped trade. {"slug":"eth-updown-5m-1781520600","reason":"no_ask_liquidity_under_cap","outcome":"UP"}
[2026-06-15T10:54:46.760Z] INFO Skipped trade. {"slug":"doge-updown-5m-1781520600","reason":"no_ask_liquidity_under_cap","outcome":"UP"}
[2026-06-15T10:55:00.466Z] INFO Tracking market. {"market":"BTC","slug":"btc-updown-5m-1781520900","title":"Bitcoin Up or Down - June 15, 6:55AM-7:00AM ET","end":"2026-06-15T11:00:00.000Z","upToken":"66876222309998537691111098502186281877293274951130372592731701099866062326117","downToken":"69438412137479438331865270423295696886262292579231599729240981346549704219430","orderMinSize":5,"tickSize":"0.01"}
[2026-06-15T10:55:00.467Z] INFO Skipped trade. {"slug":"btc-updown-5m-1781520900","reason":"missing_opening_chainlink_tick"}
[2026-06-15T10:55:00.467Z] INFO Tracking market. {"market":"ETH","slug":"eth-updown-5m-1781520900","title":"Ethereum Up or Down - June 15, 6:55AM-7:00AM ET","end":"2026-06-15T11:00:00.000Z","upToken":"49663993906789248855356874339548446441604432702985538029941012633878245889353","downToken":"72513887304367323527216372347240549244824956223529068684147031757345203885611","orderMinSize":5,"tickSize":"0.01"}
[2026-06-15T10:55:00.467Z] INFO Skipped trade. {"slug":"eth-updown-5m-1781520900","reason":"missing_opening_chainlink_tick"}
[2026-06-15T10:55:00.467Z] INFO Tracking market. {"market":"DOGE","slug":"doge-updown-5m-1781520900","title":"Dogecoin Up or Down - June 15, 6:55AM-7:00AM ET","end":"2026-06-15T11:00:00.000Z","upToken":"3155166959252304622515936006828016820989897047316529962163077371403345450662","downToken":"22453818782332343434793494045054652747884789647093796507217701814884691251641","orderMinSize":5,"tickSize":"0.01"}
[2026-06-15T10:55:00.467Z] INFO Skipped trade. {"slug":"doge-updown-5m-1781520900","reason":"missing_opening_chainlink_tick"}
[2026-06-15T10:55:02.538Z] INFO Captured Chainlink opening tick. {"slug":"btc-updown-5m-1781520900","openingPrice":65809.85397959265,"tickTimestamp":"2026-06-15T10:55:00.000Z"}
[2026-06-15T10:55:02.543Z] INFO Skipped trade. {"slug":"btc-updown-5m-1781520900","reason":"btc_distance_below_threshold","market":"BTC","minDistanceUsd":{"UP":12,"DOWN":12},"openingPrice":65809.85397959265,"currentPrice":65809.85397959265}
[2026-06-15T10:55:06.692Z] INFO Captured Chainlink opening tick. {"slug":"eth-updown-5m-1781520900","openingPrice":1739.2157896174751,"tickTimestamp":"2026-06-15T10:55:00.000Z"}
[2026-06-15T10:55:06.703Z] INFO Skipped trade. {"slug":"eth-updown-5m-1781520900","reason":"btc_distance_below_threshold","market":"ETH","minDistanceUsd":{"UP":2,"DOWN":2},"openingPrice":1739.2157896174751,"currentPrice":1739.2200006529852}
[2026-06-15T10:55:06.790Z] INFO Captured Chainlink opening tick. {"slug":"doge-updown-5m-1781520900","openingPrice":0.089047,"tickTimestamp":"2026-06-15T10:55:00.000Z"}
[2026-06-15T10:55:06.794Z] INFO Skipped trade. {"slug":"doge-updown-5m-1781520900","reason":"btc_distance_below_threshold","market":"DOGE","minDistanceUsd":{"UP":0.0003,"DOWN":0.0003},"openingPrice":0.089047,"currentPrice":0.0890224547385069}
[2026-06-15T10:59:29.656Z] INFO Skipped trade. {"slug":"btc-updown-5m-1781520900","reason":"no_ask_liquidity_under_cap","outcome":"UP"}
[2026-06-15T10:59:29.656Z] INFO Skipped trade. {"slug":"eth-updown-5m-1781520900","reason":"no_ask_liquidity_under_cap","outcome":"DOWN"}
[2026-06-15T10:59:41.876Z] WARN Analytics sample recording failed; continuing. {"market":"BTC","slug":"btc-updown-5m-1781520900","error":"ENOENT: no such file or directory, rename 'C:\\DEV\\tests\\Workspace de Yarbis\\Polybot\\data\\analytics-active.json.tmp' -> 'C:\\DEV\\tests\\Workspace de Yarbis\\Polybot\\data\\analytics-active.json'"}
[2026-06-15T11:00:00.439Z] INFO Tracking market. {"market":"BTC","slug":"btc-updown-5m-1781521200","title":"Bitcoin Up or Down - June 15, 7:00AM-7:05AM ET","end":"2026-06-15T11:05:00.000Z","upToken":"74952166096602407018631970494787082005474924052506575952966173786022896154180","downToken":"91440713748108923082480273884254831300108683500459566506540829054583035885974","orderMinSize":5,"tickSize":"0.01"}
[2026-06-15T11:00:00.440Z] INFO Skipped trade. {"slug":"btc-updown-5m-1781521200","reason":"missing_opening_chainlink_tick"}
[2026-06-15T11:00:00.440Z] INFO Tracking market. {"market":"ETH","slug":"eth-updown-5m-1781521200","title":"Ethereum Up or Down - June 15, 7:00AM-7:05AM ET","end":"2026-06-15T11:05:00.000Z","upToken":"83645842457146575740272405291457301657685795734394829437328736266467653141812","downToken":"15084932508501586478783010017851397932850527786219356934383464197697597011400","orderMinSize":5,"tickSize":"0.01"}
[2026-06-15T11:00:00.440Z] INFO Skipped trade. {"slug":"eth-updown-5m-1781521200","reason":"missing_opening_chainlink_tick"}
[2026-06-15T11:00:00.440Z] INFO Tracking market. {"market":"DOGE","slug":"doge-updown-5m-1781521200","title":"Dogecoin Up or Down - June 15, 7:00AM-7:05AM ET","end":"2026-06-15T11:05:00.000Z","upToken":"99071991990182147111263023183487287908668414463638365475364949114819703519884","downToken":"101593334151863181386377892860972837600434929013523509768038748035086810750954","orderMinSize":5,"tickSize":"0.01"}
[2026-06-15T11:00:00.440Z] INFO Skipped trade. {"slug":"doge-updown-5m-1781521200","reason":"missing_opening_chainlink_tick"}
[2026-06-15T11:00:02.528Z] INFO Captured Chainlink opening tick. {"slug":"btc-updown-5m-1781521200","openingPrice":65873.42170484226,"tickTimestamp":"2026-06-15T11:00:00.000Z"}
[2026-06-15T11:00:02.534Z] INFO Skipped trade. {"slug":"btc-updown-5m-1781521200","reason":"btc_distance_below_threshold","market":"BTC","minDistanceUsd":{"UP":12,"DOWN":12},"openingPrice":65873.42170484226,"currentPrice":65873.42170484226}
[2026-06-15T11:00:06.680Z] INFO Captured Chainlink opening tick. {"slug":"eth-updown-5m-1781521200","openingPrice":1736.5276835974116,"tickTimestamp":"2026-06-15T11:00:00.000Z"}
[2026-06-15T11:00:06.684Z] INFO Skipped trade. {"slug":"eth-updown-5m-1781521200","reason":"btc_distance_below_threshold","market":"ETH","minDistanceUsd":{"UP":2,"DOWN":2},"openingPrice":1736.5276835974116,"currentPrice":1736.2992477143869}
[2026-06-15T11:00:06.715Z] INFO Captured Chainlink opening tick. {"slug":"doge-updown-5m-1781521200","openingPrice":0.0891536154645911,"tickTimestamp":"2026-06-15T11:00:00.000Z"}
[2026-06-15T11:00:06.720Z] INFO Skipped trade. {"slug":"doge-updown-5m-1781521200","reason":"btc_distance_below_threshold","market":"DOGE","minDistanceUsd":{"UP":0.0003,"DOWN":0.0003},"openingPrice":0.0891536154645911,"currentPrice":0.0891452498108573}
[2026-06-15T11:04:29.587Z] INFO Trade attempt recorded. {"mode":"sim","slug":"btc-updown-5m-1781521200","outcome":"UP","amountUsd":5,"bestAsk":0.4,"estimatedShares":12.5}
[2026-06-15T11:04:30.769Z] INFO Skipped trade. {"slug":"btc-updown-5m-1781521200","reason":"market_already_traded"}
[2026-06-15T11:04:42.102Z] INFO Skipped trade. {"slug":"eth-updown-5m-1781521200","reason":"no_ask_liquidity_under_cap","outcome":"DOWN"}
[2026-06-15T11:04:51.315Z] WARN Analytics sample recording failed; continuing. {"market":"ETH","slug":"eth-updown-5m-1781521200","error":"ENOENT: no such file or directory, rename 'C:\\DEV\\tests\\Workspace de Yarbis\\Polybot\\data\\analytics-active.json.tmp' -> 'C:\\DEV\\tests\\Workspace de Yarbis\\Polybot\\data\\analytics-active.json'"}
[2026-06-15T11:05:00.361Z] INFO Tracking market. {"market":"BTC","slug":"btc-updown-5m-1781521500","title":"Bitcoin Up or Down - June 15, 7:05AM-7:10AM ET","end":"2026-06-15T11:10:00.000Z","upToken":"25914503531157580117840265552542656973428041349002794927924056368569536354894","downToken":"102298353770940247582552081232772157187960766919112264717376280632161637489765","orderMinSize":5,"tickSize":"0.01"}
[2026-06-15T11:05:00.361Z] INFO Skipped trade. {"slug":"btc-updown-5m-1781521500","reason":"missing_opening_chainlink_tick"}
[2026-06-15T11:05:00.362Z] INFO Tracking market. {"market":"ETH","slug":"eth-updown-5m-1781521500","title":"Ethereum Up or Down - June 15, 7:05AM-7:10AM ET","end":"2026-06-15T11:10:00.000Z","upToken":"14336647924350470186951076317729361936999900032908741999471322636157425482024","downToken":"82095080426986959768329212947903256607563337125481052016894227159862895103253","orderMinSize":5,"tickSize":"0.01"}
[2026-06-15T11:05:00.362Z] INFO Skipped trade. {"slug":"eth-updown-5m-1781521500","reason":"missing_opening_chainlink_tick"}
[2026-06-15T11:05:00.362Z] INFO Tracking market. {"market":"DOGE","slug":"doge-updown-5m-1781521500","title":"Dogecoin Up or Down - June 15, 7:05AM-7:10AM ET","end":"2026-06-15T11:10:00.000Z","upToken":"52886826474409913869524602067298590122168325807440158077857243604271644244914","downToken":"90147968878313663963552681172374804169803379322941165280739391896256476261700","orderMinSize":5,"tickSize":"0.01"}
[2026-06-15T11:05:00.362Z] INFO Skipped trade. {"slug":"doge-updown-5m-1781521500","reason":"missing_opening_chainlink_tick"}
[2026-06-15T11:05:02.453Z] INFO Resolved trade. {"mode":"sim","slug":"btc-updown-5m-1781521200","outcome":"UP","winningOutcome":"DOWN","won":false,"finalPrice":65861.30434}
[2026-06-15T11:05:02.532Z] INFO Captured Chainlink opening tick. {"slug":"btc-updown-5m-1781521500","openingPrice":65861.30434,"tickTimestamp":"2026-06-15T11:05:00.000Z"}
[2026-06-15T11:05:02.539Z] INFO Skipped trade. {"slug":"btc-updown-5m-1781521500","reason":"btc_distance_below_threshold","market":"BTC","minDistanceUsd":{"UP":12,"DOWN":12},"openingPrice":65861.30434,"currentPrice":65861.30434}
[2026-06-15T11:05:07.697Z] INFO Captured Chainlink opening tick. {"slug":"eth-updown-5m-1781521500","openingPrice":1735.71958,"tickTimestamp":"2026-06-15T11:05:00.000Z"}
[2026-06-15T11:05:07.703Z] INFO Skipped trade. {"slug":"eth-updown-5m-1781521500","reason":"btc_distance_below_threshold","market":"ETH","minDistanceUsd":{"UP":2,"DOWN":2},"openingPrice":1735.71958,"currentPrice":1736.900295}
[2026-06-15T11:05:07.764Z] INFO Captured Chainlink opening tick. {"slug":"doge-updown-5m-1781521500","openingPrice":0.089080299,"tickTimestamp":"2026-06-15T11:05:00.000Z"}
[2026-06-15T11:05:07.789Z] INFO Skipped trade. {"slug":"doge-updown-5m-1781521500","reason":"btc_distance_below_threshold","market":"DOGE","minDistanceUsd":{"UP":0.0003,"DOWN":0.0003},"openingPrice":0.089080299,"currentPrice":0.08911287}
[2026-06-15T11:09:29.393Z] INFO Skipped trade. {"slug":"btc-updown-5m-1781521500","reason":"no_ask_liquidity_under_cap","outcome":"UP"}
[2026-06-15T11:09:29.394Z] INFO Skipped trade. {"slug":"eth-updown-5m-1781521500","reason":"no_ask_liquidity_under_cap","outcome":"UP"}
[2026-06-15T11:10:00.125Z] INFO Tracking market. {"market":"BTC","slug":"btc-updown-5m-1781521800","title":"Bitcoin Up or Down - June 15, 7:10AM-7:15AM ET","end":"2026-06-15T11:15:00.000Z","upToken":"41923268079466015481970709783463828973383428288310634764711275250433199092854","downToken":"69153300774061165998660515239222926834835081364089516074262644706663216363880","orderMinSize":5,"tickSize":"0.01"}
[2026-06-15T11:10:00.126Z] INFO Skipped trade. {"slug":"btc-updown-5m-1781521800","reason":"missing_opening_chainlink_tick"}
[2026-06-15T11:10:00.126Z] INFO Tracking market. {"market":"ETH","slug":"eth-updown-5m-1781521800","title":"Ethereum Up or Down - June 15, 7:10AM-7:15AM ET","end":"2026-06-15T11:15:00.000Z","upToken":"104893483533443251626157441207577328221033937180350823646867346168205170518564","downToken":"110812162725404058887678409077209009575798453705983153463074603228803831242113","orderMinSize":5,"tickSize":"0.01"}
[2026-06-15T11:10:00.127Z] INFO Skipped trade. {"slug":"eth-updown-5m-1781521800","reason":"missing_opening_chainlink_tick"}
[2026-06-15T11:10:00.127Z] INFO Tracking market. {"market":"DOGE","slug":"doge-updown-5m-1781521800","title":"Dogecoin Up or Down - June 15, 7:10AM-7:15AM ET","end":"2026-06-15T11:15:00.000Z","upToken":"30515861817714601777932718857555885180504122685325539254987402937079126868347","downToken":"112707025101304934113539926660738213089554056111618990103674378752280648681502","orderMinSize":5,"tickSize":"0.01"}
[2026-06-15T11:10:00.127Z] INFO Skipped trade. {"slug":"doge-updown-5m-1781521800","reason":"missing_opening_chainlink_tick"}
[2026-06-15T11:10:02.202Z] INFO Captured Chainlink opening tick. {"slug":"btc-updown-5m-1781521800","openingPrice":65931.46604707497,"tickTimestamp":"2026-06-15T11:10:00.000Z"}
[2026-06-15T11:10:02.209Z] INFO Skipped trade. {"slug":"btc-updown-5m-1781521800","reason":"btc_distance_below_threshold","market":"BTC","minDistanceUsd":{"UP":12,"DOWN":12},"openingPrice":65931.46604707497,"currentPrice":65931.46604707497}
[2026-06-15T11:10:02.253Z] INFO Captured Chainlink opening tick. {"slug":"eth-updown-5m-1781521800","openingPrice":1739.2166980898,"tickTimestamp":"2026-06-15T11:10:00.000Z"}
[2026-06-15T11:10:02.257Z] INFO Skipped trade. {"slug":"eth-updown-5m-1781521800","reason":"btc_distance_below_threshold","market":"ETH","minDistanceUsd":{"UP":2,"DOWN":2},"openingPrice":1739.2166980898,"currentPrice":1739.2166980898}
[2026-06-15T11:10:02.290Z] INFO Captured Chainlink opening tick. {"slug":"doge-updown-5m-1781521800","openingPrice":0.089267576,"tickTimestamp":"2026-06-15T11:10:00.000Z"}
[2026-06-15T11:10:02.293Z] INFO Skipped trade. {"slug":"doge-updown-5m-1781521800","reason":"btc_distance_below_threshold","market":"DOGE","minDistanceUsd":{"UP":0.0003,"DOWN":0.0003},"openingPrice":0.089267576,"currentPrice":0.089267576}
[2026-06-15T11:14:29.555Z] INFO Skipped trade. {"slug":"btc-updown-5m-1781521800","reason":"no_ask_liquidity_under_cap","outcome":"DOWN"}
[2026-06-15T11:14:40.660Z] INFO Trade attempt recorded. {"mode":"sim","slug":"btc-updown-5m-1781521800","outcome":"DOWN","amountUsd":5,"bestAsk":0.72,"estimatedShares":6.944444444444445}
[2026-06-15T11:14:41.841Z] INFO Skipped trade. {"slug":"btc-updown-5m-1781521800","reason":"market_already_traded"}
[2026-06-15T11:15:00.520Z] INFO Tracking market. {"market":"BTC","slug":"btc-updown-5m-1781522100","title":"Bitcoin Up or Down - June 15, 7:15AM-7:20AM ET","end":"2026-06-15T11:20:00.000Z","upToken":"57267801677837766068498063154229120277006354435389484676136689133110523376029","downToken":"43781675982801138614570308534480894247862325689455814827875683960154991264121","orderMinSize":5,"tickSize":"0.01"}
[2026-06-15T11:15:00.520Z] INFO Skipped trade. {"slug":"btc-updown-5m-1781522100","reason":"missing_opening_chainlink_tick"}
[2026-06-15T11:15:00.520Z] INFO Tracking market. {"market":"ETH","slug":"eth-updown-5m-1781522100","title":"Ethereum Up or Down - June 15, 7:15AM-7:20AM ET","end":"2026-06-15T11:20:00.000Z","upToken":"81868174112149442846210786911952908649633818200461063065182151871181682297646","downToken":"110855601761415463228426009265047116416499731004999527366866424541501960885249","orderMinSize":5,"tickSize":"0.01"}
[2026-06-15T11:15:00.521Z] INFO Skipped trade. {"slug":"eth-updown-5m-1781522100","reason":"missing_opening_chainlink_tick"}
[2026-06-15T11:15:00.521Z] INFO Tracking market. {"market":"DOGE","slug":"doge-updown-5m-1781522100","title":"Dogecoin Up or Down - June 15, 7:15AM-7:20AM ET","end":"2026-06-15T11:20:00.000Z","upToken":"11786781189550661415824878689407516666374438566301930591117467059740475691011","downToken":"89859185140066301658004702081035570558369619925434442425416959589714463369675","orderMinSize":5,"tickSize":"0.01"}
[2026-06-15T11:15:00.521Z] INFO Skipped trade. {"slug":"doge-updown-5m-1781522100","reason":"missing_opening_chainlink_tick"}
[2026-06-15T11:15:01.606Z] INFO Resolved trade. {"mode":"sim","slug":"btc-updown-5m-1781521800","outcome":"DOWN","winningOutcome":"DOWN","won":true,"finalPrice":65898.70350595981}
[2026-06-15T11:15:01.657Z] INFO Captured Chainlink opening tick. {"slug":"btc-updown-5m-1781522100","openingPrice":65898.70350595981,"tickTimestamp":"2026-06-15T11:15:00.000Z"}
[2026-06-15T11:15:01.665Z] INFO Skipped trade. {"slug":"btc-updown-5m-1781522100","reason":"btc_distance_below_threshold","market":"BTC","minDistanceUsd":{"UP":12,"DOWN":12},"openingPrice":65898.70350595981,"currentPrice":65898.70350595981}
[2026-06-15T11:15:02.728Z] INFO Captured Chainlink opening tick. {"slug":"eth-updown-5m-1781522100","openingPrice":1739.8019081539894,"tickTimestamp":"2026-06-15T11:15:00.000Z"}
[2026-06-15T11:15:02.733Z] INFO Skipped trade. {"slug":"eth-updown-5m-1781522100","reason":"btc_distance_below_threshold","market":"ETH","minDistanceUsd":{"UP":2,"DOWN":2},"openingPrice":1739.8019081539894,"currentPrice":1739.7904532431294}
[2026-06-15T11:15:02.790Z] INFO Captured Chainlink opening tick. {"slug":"doge-updown-5m-1781522100","openingPrice":0.0891922190761249,"tickTimestamp":"2026-06-15T11:15:00.000Z"}
[2026-06-15T11:15:02.798Z] INFO Skipped trade. {"slug":"doge-updown-5m-1781522100","reason":"btc_distance_below_threshold","market":"DOGE","minDistanceUsd":{"UP":0.0003,"DOWN":0.0003},"openingPrice":0.0891922190761249,"currentPrice":0.0891970604764747}
[2026-06-15T11:15:36.941Z] INFO Skipped trade. {"slug":"doge-updown-5m-1781522100","reason":"stale_chainlink_tick","tickTimestamp":"2026-06-15T11:15:26.000Z"}
[2026-06-15T11:19:28.815Z] INFO Skipped trade. {"slug":"btc-updown-5m-1781522100","reason":"no_ask_liquidity_under_cap","outcome":"UP"}
[2026-06-15T11:19:28.816Z] INFO Skipped trade. {"slug":"eth-updown-5m-1781522100","reason":"no_ask_liquidity_under_cap","outcome":"UP"}
[2026-06-15T11:19:58.699Z] INFO Skipped trade. {"slug":"doge-updown-5m-1781522100","reason":"no_ask_liquidity_under_cap","outcome":"UP"}
[2026-06-15T11:20:01.347Z] INFO Tracking market. {"market":"BTC","slug":"btc-updown-5m-1781522400","title":"Bitcoin Up or Down - June 15, 7:20AM-7:25AM ET","end":"2026-06-15T11:25:00.000Z","upToken":"92144860689271442215312092755397658695338070977684460161149131460056629550177","downToken":"111503233422322537017273833051644281556648133553991349446691946672869421870772","orderMinSize":5,"tickSize":"0.01"}
[2026-06-15T11:20:01.373Z] WARN Bot loop iteration failed; retrying. {"error":"ENOENT: no such file or directory, rename 'C:\\DEV\\tests\\Workspace de Yarbis\\Polybot\\data\\state.json.tmp' -> 'C:\\DEV\\tests\\Workspace de Yarbis\\Polybot\\data\\state.json'"}
[2026-06-15T11:20:02.391Z] INFO Skipped trade. {"slug":"btc-updown-5m-1781522400","reason":"btc_distance_below_threshold","market":"BTC","minDistanceUsd":{"UP":12,"DOWN":12},"openingPrice":66202.93625970121,"currentPrice":66202.93625970121}
[2026-06-15T11:20:02.392Z] INFO Tracking market. {"market":"ETH","slug":"eth-updown-5m-1781522400","title":"Ethereum Up or Down - June 15, 7:20AM-7:25AM ET","end":"2026-06-15T11:25:00.000Z","upToken":"35757052629093125839380075480032260877729383536082516707525604210947450190223","downToken":"83300265952700372986636322906324517031891559313242911629203674964236029742084","orderMinSize":5,"tickSize":"0.01"}
[2026-06-15T11:20:02.392Z] INFO Skipped trade. {"slug":"eth-updown-5m-1781522400","reason":"missing_opening_chainlink_tick"}
[2026-06-15T11:20:02.392Z] INFO Tracking market. {"market":"DOGE","slug":"doge-updown-5m-1781522400","title":"Dogecoin Up or Down - June 15, 7:20AM-7:25AM ET","end":"2026-06-15T11:25:00.000Z","upToken":"74770347354796746802689766908182551543456109657294877855563224104661549395579","downToken":"35663563450249144777770264982172244625707234963763826059714307975676146617216","orderMinSize":5,"tickSize":"0.01"}
[2026-06-15T11:20:02.394Z] INFO Skipped trade. {"slug":"doge-updown-5m-1781522400","reason":"missing_opening_chainlink_tick"}
[2026-06-15T11:20:03.464Z] INFO Captured Chainlink opening tick. {"slug":"eth-updown-5m-1781522400","openingPrice":1746.9872858890603,"tickTimestamp":"2026-06-15T11:20:00.000Z"}
[2026-06-15T11:20:03.476Z] INFO Skipped trade. {"slug":"eth-updown-5m-1781522400","reason":"btc_distance_below_threshold","market":"ETH","minDistanceUsd":{"UP":2,"DOWN":2},"openingPrice":1746.9872858890603,"currentPrice":1746.104241253154}
[2026-06-15T11:20:03.513Z] INFO Captured Chainlink opening tick. {"slug":"doge-updown-5m-1781522400","openingPrice":0.0896535,"tickTimestamp":"2026-06-15T11:20:00.000Z"}
[2026-06-15T11:20:03.518Z] INFO Skipped trade. {"slug":"doge-updown-5m-1781522400","reason":"btc_distance_below_threshold","market":"DOGE","minDistanceUsd":{"UP":0.0003,"DOWN":0.0003},"openingPrice":0.0896535,"currentPrice":0.0896214}
[2026-06-15T11:24:28.793Z] WARN Analytics sample recording failed; continuing. {"market":"BTC","slug":"btc-updown-5m-1781522400","error":"ENOENT: no such file or directory, rename 'C:\\DEV\\tests\\Workspace de Yarbis\\Polybot\\data\\analytics-active.json.tmp' -> 'C:\\DEV\\tests\\Workspace de Yarbis\\Polybot\\data\\analytics-active.json'"}
[2026-06-15T11:24:29.150Z] INFO Skipped trade. {"slug":"btc-updown-5m-1781522400","reason":"no_ask_liquidity_under_cap","outcome":"UP"}
[2026-06-15T11:24:29.150Z] INFO Skipped trade. {"slug":"eth-updown-5m-1781522400","reason":"no_ask_liquidity_under_cap","outcome":"UP"}
[2026-06-15T11:25:01.543Z] INFO Tracking market. {"market":"BTC","slug":"btc-updown-5m-1781522700","title":"Bitcoin Up or Down - June 15, 7:25AM-7:30AM ET","end":"2026-06-15T11:30:00.000Z","upToken":"46223011495367931072326840885227105460414402577068748800086615537331900130267","downToken":"43589434625395280486297603093411077597159369738165697345498314562354120198633","orderMinSize":5,"tickSize":"0.01"}
[2026-06-15T11:25:01.592Z] INFO Captured Chainlink opening tick. {"slug":"btc-updown-5m-1781522700","openingPrice":66274.25013217115,"tickTimestamp":"2026-06-15T11:25:00.000Z"}
[2026-06-15T11:25:01.597Z] INFO Skipped trade. {"slug":"btc-updown-5m-1781522700","reason":"btc_distance_below_threshold","market":"BTC","minDistanceUsd":{"UP":12,"DOWN":12},"openingPrice":66274.25013217115,"currentPrice":66274.25013217115}
[2026-06-15T11:25:01.597Z] INFO Tracking market. {"market":"ETH","slug":"eth-updown-5m-1781522700","title":"Ethereum Up or Down - June 15, 7:25AM-7:30AM ET","end":"2026-06-15T11:30:00.000Z","upToken":"42967684808238302275086003277064615356331118205853639477562187360069756236494","downToken":"59214478708858898518818414101069582736745110426814878093590188869258701004747","orderMinSize":5,"tickSize":"0.01"}
[2026-06-15T11:25:01.597Z] INFO Skipped trade. {"slug":"eth-updown-5m-1781522700","reason":"missing_opening_chainlink_tick"}
[2026-06-15T11:25:01.597Z] INFO Tracking market. {"market":"DOGE","slug":"doge-updown-5m-1781522700","title":"Dogecoin Up or Down - June 15, 7:25AM-7:30AM ET","end":"2026-06-15T11:30:00.000Z","upToken":"20330041541237778001543545797147851998828868719119034746610176534710187847356","downToken":"8202611347276483789101619504836370280792278700359906948202788805755078839244","orderMinSize":5,"tickSize":"0.01"}
[2026-06-15T11:25:01.598Z] INFO Skipped trade. {"slug":"doge-updown-5m-1781522700","reason":"missing_opening_chainlink_tick"}
[2026-06-15T11:25:03.646Z] INFO Captured Chainlink opening tick. {"slug":"eth-updown-5m-1781522700","openingPrice":1755.2799005503919,"tickTimestamp":"2026-06-15T11:25:00.000Z"}
[2026-06-15T11:25:03.651Z] INFO Skipped trade. {"slug":"eth-updown-5m-1781522700","reason":"btc_distance_below_threshold","market":"ETH","minDistanceUsd":{"UP":2,"DOWN":2},"openingPrice":1755.2799005503919,"currentPrice":1754.6602207216765}
[2026-06-15T11:25:03.682Z] INFO Captured Chainlink opening tick. {"slug":"doge-updown-5m-1781522700","openingPrice":0.089785,"tickTimestamp":"2026-06-15T11:25:00.000Z"}
[2026-06-15T11:25:03.688Z] INFO Skipped trade. {"slug":"doge-updown-5m-1781522700","reason":"btc_distance_below_threshold","market":"DOGE","minDistanceUsd":{"UP":0.0003,"DOWN":0.0003},"openingPrice":0.089785,"currentPrice":0.0897584966569571}
[2026-06-15T11:29:29.620Z] INFO Skipped trade. {"slug":"btc-updown-5m-1781522700","reason":"no_ask_liquidity_under_cap","outcome":"DOWN"}
[2026-06-15T11:29:29.620Z] INFO Skipped trade. {"slug":"eth-updown-5m-1781522700","reason":"no_ask_liquidity_under_cap","outcome":"UP"}
[2026-06-15T11:30:00.501Z] INFO Tracking market. {"market":"BTC","slug":"btc-updown-5m-1781523000","title":"Bitcoin Up or Down - June 15, 7:30AM-7:35AM ET","end":"2026-06-15T11:35:00.000Z","upToken":"54982521374673469740477014650583177617749813007383465019300403504487668818110","downToken":"109634180587358690019265723606115737413075571279530290240234294526151318830785","orderMinSize":5,"tickSize":"0.01"}
[2026-06-15T11:30:00.501Z] INFO Skipped trade. {"slug":"btc-updown-5m-1781523000","reason":"missing_opening_chainlink_tick"}
[2026-06-15T11:30:00.501Z] INFO Tracking market. {"market":"ETH","slug":"eth-updown-5m-1781523000","title":"Ethereum Up or Down - June 15, 7:30AM-7:35AM ET","end":"2026-06-15T11:35:00.000Z","upToken":"72437772843645481327787555078695658101646405974636336776853693789178874970224","downToken":"9533685578358038285569814611246621909610548798996023926507124368852514397944","orderMinSize":5,"tickSize":"0.01"}
[2026-06-15T11:30:00.502Z] INFO Skipped trade. {"slug":"eth-updown-5m-1781523000","reason":"missing_opening_chainlink_tick"}
[2026-06-15T11:30:00.502Z] INFO Tracking market. {"market":"DOGE","slug":"doge-updown-5m-1781523000","title":"Dogecoin Up or Down - June 15, 7:30AM-7:35AM ET","end":"2026-06-15T11:35:00.000Z","upToken":"74746604753687313536325280429381021844434523683934164456060478409691006995633","downToken":"91806791500602160600791663297570123966972166891198170596309964318093976290199","orderMinSize":5,"tickSize":"0.01"}
[2026-06-15T11:30:00.502Z] INFO Skipped trade. {"slug":"doge-updown-5m-1781523000","reason":"missing_opening_chainlink_tick"}
[2026-06-15T11:30:01.587Z] INFO Captured Chainlink opening tick. {"slug":"btc-updown-5m-1781523000","openingPrice":66220.67693821408,"tickTimestamp":"2026-06-15T11:30:00.000Z"}
[2026-06-15T11:30:01.596Z] INFO Skipped trade. {"slug":"btc-updown-5m-1781523000","reason":"btc_distance_below_threshold","market":"BTC","minDistanceUsd":{"UP":12,"DOWN":12},"openingPrice":66220.67693821408,"currentPrice":66220.67693821408}
[2026-06-15T11:30:04.645Z] INFO Captured Chainlink opening tick. {"slug":"eth-updown-5m-1781523000","openingPrice":1760.7436036349607,"tickTimestamp":"2026-06-15T11:30:00.000Z"}
[2026-06-15T11:30:04.650Z] INFO Skipped trade. {"slug":"eth-updown-5m-1781523000","reason":"btc_distance_below_threshold","market":"ETH","minDistanceUsd":{"UP":2,"DOWN":2},"openingPrice":1760.7436036349607,"currentPrice":1760.7032}
[2026-06-15T11:30:04.680Z] INFO Captured Chainlink opening tick. {"slug":"doge-updown-5m-1781523000","openingPrice":0.0897457282657699,"tickTimestamp":"2026-06-15T11:30:00.000Z"}
[2026-06-15T11:30:04.685Z] INFO Skipped trade. {"slug":"doge-updown-5m-1781523000","reason":"btc_distance_below_threshold","market":"DOGE","minDistanceUsd":{"UP":0.0003,"DOWN":0.0003},"openingPrice":0.0897457282657699,"currentPrice":0.0897475}
[2026-06-15T11:34:29.058Z] INFO Skipped trade. {"slug":"btc-updown-5m-1781523000","reason":"no_ask_liquidity_under_cap","outcome":"DOWN"}
[2026-06-15T11:34:40.121Z] INFO Trade attempt recorded. {"mode":"sim","slug":"btc-updown-5m-1781523000","outcome":"DOWN","amountUsd":5,"bestAsk":0.75,"estimatedShares":6.666666666666667}
[2026-06-15T11:34:41.390Z] INFO Skipped trade. {"slug":"btc-updown-5m-1781523000","reason":"market_already_traded"}
[2026-06-15T11:34:44.910Z] INFO Skipped trade. {"slug":"eth-updown-5m-1781523000","reason":"no_ask_liquidity_under_cap","outcome":"UP"}
[2026-06-15T11:35:01.685Z] INFO Resolved trade. {"mode":"sim","slug":"btc-updown-5m-1781523000","outcome":"DOWN","winningOutcome":"DOWN","won":true,"finalPrice":66209.54850631277}
[2026-06-15T11:35:01.738Z] INFO Tracking market. {"market":"BTC","slug":"btc-updown-5m-1781523300","title":"Bitcoin Up or Down - June 15, 7:35AM-7:40AM ET","end":"2026-06-15T11:40:00.000Z","upToken":"84121204556970518017886699968392758984685976497366626502396798906861296956496","downToken":"97669260385073580176573795569414672115400842695833292783485541617966429538840","orderMinSize":5,"tickSize":"0.01"}
[2026-06-15T11:35:01.797Z] INFO Captured Chainlink opening tick. {"slug":"btc-updown-5m-1781523300","openingPrice":66209.54850631277,"tickTimestamp":"2026-06-15T11:35:00.000Z"}
[2026-06-15T11:35:01.802Z] INFO Skipped trade. {"slug":"btc-updown-5m-1781523300","reason":"btc_distance_below_threshold","market":"BTC","minDistanceUsd":{"UP":12,"DOWN":12},"openingPrice":66209.54850631277,"currentPrice":66209.54850631277}
[2026-06-15T11:35:01.802Z] INFO Tracking market. {"market":"ETH","slug":"eth-updown-5m-1781523300","title":"Ethereum Up or Down - June 15, 7:35AM-7:40AM ET","end":"2026-06-15T11:40:00.000Z","upToken":"24245694004625056802271964529223246291417197335736679292103768847851131224732","downToken":"66756347694567227825530597547691305006289514810091000514672861143598064118227","orderMinSize":5,"tickSize":"0.01"}
[2026-06-15T11:35:01.802Z] INFO Skipped trade. {"slug":"eth-updown-5m-1781523300","reason":"missing_opening_chainlink_tick"}
[2026-06-15T11:35:01.802Z] INFO Tracking market. {"market":"DOGE","slug":"doge-updown-5m-1781523300","title":"Dogecoin Up or Down - June 15, 7:35AM-7:40AM ET","end":"2026-06-15T11:40:00.000Z","upToken":"11920391863305807475050089997951857219819612063189566271906417157353749811133","downToken":"28469718082285534877361373871899891356726698782027386872199124898866771231496","orderMinSize":5,"tickSize":"0.01"}
[2026-06-15T11:35:01.802Z] INFO Skipped trade. {"slug":"doge-updown-5m-1781523300","reason":"missing_opening_chainlink_tick"}
[2026-06-15T11:35:04.870Z] INFO Captured Chainlink opening tick. {"slug":"eth-updown-5m-1781523300","openingPrice":1763.0284723411678,"tickTimestamp":"2026-06-15T11:35:00.000Z"}
[2026-06-15T11:35:04.897Z] INFO Skipped trade. {"slug":"eth-updown-5m-1781523300","reason":"btc_distance_below_threshold","market":"ETH","minDistanceUsd":{"UP":2,"DOWN":2},"openingPrice":1763.0284723411678,"currentPrice":1763.0262827848267}
[2026-06-15T11:35:04.934Z] INFO Captured Chainlink opening tick. {"slug":"doge-updown-5m-1781523300","openingPrice":0.0897475549447004,"tickTimestamp":"2026-06-15T11:35:00.000Z"}
[2026-06-15T11:35:04.940Z] INFO Skipped trade. {"slug":"doge-updown-5m-1781523300","reason":"btc_distance_below_threshold","market":"DOGE","minDistanceUsd":{"UP":0.0003,"DOWN":0.0003},"openingPrice":0.0897475549447004,"currentPrice":0.0897468427313944}
[2026-06-15T11:39:05.103Z] WARN Analytics sample recording failed; continuing. {"market":"BTC","slug":"btc-updown-5m-1781523300","error":"ENOENT: no such file or directory, rename 'C:\\DEV\\tests\\Workspace de Yarbis\\Polybot\\data\\analytics-active.json.tmp' -> 'C:\\DEV\\tests\\Workspace de Yarbis\\Polybot\\data\\analytics-active.json'"}
[2026-06-15T11:39:29.334Z] INFO Skipped trade. {"slug":"btc-updown-5m-1781523300","reason":"no_ask_liquidity_under_cap","outcome":"DOWN"}
[2026-06-15T11:40:00.254Z] INFO Tracking market. {"market":"BTC","slug":"btc-updown-5m-1781523600","title":"Bitcoin Up or Down - June 15, 7:40AM-7:45AM ET","end":"2026-06-15T11:45:00.000Z","upToken":"49233794757422075487389578195247705736035827041578543217382845173705176140412","downToken":"7896057913718001716615310044042181824914922225839958940458623137172574285919","orderMinSize":5,"tickSize":"0.01"}
[2026-06-15T11:40:00.255Z] INFO Skipped trade. {"slug":"btc-updown-5m-1781523600","reason":"missing_opening_chainlink_tick"}
[2026-06-15T11:40:00.255Z] INFO Tracking market. {"market":"ETH","slug":"eth-updown-5m-1781523600","title":"Ethereum Up or Down - June 15, 7:40AM-7:45AM ET","end":"2026-06-15T11:45:00.000Z","upToken":"115081212251962819055512123163700167476867251101769355821798543778057487573651","downToken":"112638330468061106044694361456506416335547586524878329211387846214812591067616","orderMinSize":5,"tickSize":"0.01"}
[2026-06-15T11:40:00.255Z] INFO Skipped trade. {"slug":"eth-updown-5m-1781523600","reason":"missing_opening_chainlink_tick"}
[2026-06-15T11:40:00.255Z] INFO Tracking market. {"market":"DOGE","slug":"doge-updown-5m-1781523600","title":"Dogecoin Up or Down - June 15, 7:40AM-7:45AM ET","end":"2026-06-15T11:45:00.000Z","upToken":"45672995292512611069468510955482076844905935868319202913146013082916038023485","downToken":"113375819602420544733659313351584584119403778155427881282278076712160181330212","orderMinSize":5,"tickSize":"0.01"}
[2026-06-15T11:40:00.255Z] INFO Skipped trade. {"slug":"doge-updown-5m-1781523600","reason":"missing_opening_chainlink_tick"}
[2026-06-15T11:40:01.371Z] INFO Captured Chainlink opening tick. {"slug":"btc-updown-5m-1781523600","openingPrice":66168.73863166891,"tickTimestamp":"2026-06-15T11:40:00.000Z"}
[2026-06-15T11:40:01.386Z] INFO Skipped trade. {"slug":"btc-updown-5m-1781523600","reason":"btc_distance_below_threshold","market":"BTC","minDistanceUsd":{"UP":12,"DOWN":12},"openingPrice":66168.73863166891,"currentPrice":66168.73863166891}
[2026-06-15T11:40:05.705Z] INFO Captured Chainlink opening tick. {"slug":"eth-updown-5m-1781523600","openingPrice":1761.865781292716,"tickTimestamp":"2026-06-15T11:40:00.000Z"}
[2026-06-15T11:40:05.711Z] INFO Skipped trade. {"slug":"eth-updown-5m-1781523600","reason":"btc_distance_below_threshold","market":"ETH","minDistanceUsd":{"UP":2,"DOWN":2},"openingPrice":1761.865781292716,"currentPrice":1761.900725}
[2026-06-15T11:40:05.760Z] INFO Captured Chainlink opening tick. {"slug":"doge-updown-5m-1781523600","openingPrice":0.0897827,"tickTimestamp":"2026-06-15T11:40:00.000Z"}
[2026-06-15T11:40:05.765Z] INFO Skipped trade. {"slug":"doge-updown-5m-1781523600","reason":"btc_distance_below_threshold","market":"DOGE","minDistanceUsd":{"UP":0.0003,"DOWN":0.0003},"openingPrice":0.0897827,"currentPrice":0.0897928191831625}
[2026-06-15T11:44:24.778Z] WARN Analytics sample recording failed; continuing. {"market":"DOGE","slug":"doge-updown-5m-1781523600","error":"ENOENT: no such file or directory, rename 'C:\\DEV\\tests\\Workspace de Yarbis\\Polybot\\data\\analytics-active.json.tmp' -> 'C:\\DEV\\tests\\Workspace de Yarbis\\Polybot\\data\\analytics-active.json'"}
[2026-06-15T11:44:29.514Z] INFO Skipped trade. {"slug":"btc-updown-5m-1781523600","reason":"no_ask_liquidity_under_cap","outcome":"DOWN"}
[2026-06-15T11:44:39.088Z] WARN RTDS websocket closed; reconnecting soon.
[2026-06-15T11:44:39.627Z] WARN RTDS websocket closed; reconnecting soon.
[2026-06-15T11:44:42.660Z] INFO Connected to Polymarket RTDS Chainlink feed.
[2026-06-15T11:44:43.184Z] INFO Connected to Polymarket RTDS Chainlink feed.
[2026-06-15T11:45:00.317Z] INFO Tracking market. {"market":"BTC","slug":"btc-updown-5m-1781523900","title":"Bitcoin Up or Down - June 15, 7:45AM-7:50AM ET","end":"2026-06-15T11:50:00.000Z","upToken":"51001322436253190982956345451979279196034048196458842961940993301374801394952","downToken":"21479420059060696990433903446503002085278272191972205902668589477000370325865","orderMinSize":5,"tickSize":"0.01"}
[2026-06-15T11:45:00.318Z] INFO Skipped trade. {"slug":"btc-updown-5m-1781523900","reason":"missing_opening_chainlink_tick"}
[2026-06-15T11:45:00.318Z] INFO Tracking market. {"market":"ETH","slug":"eth-updown-5m-1781523900","title":"Ethereum Up or Down - June 15, 7:45AM-7:50AM ET","end":"2026-06-15T11:50:00.000Z","upToken":"6420857479918110284495632735363110958932963029099215290278433021157767925017","downToken":"79147918357148177472073777589322139884056263256309390464117437265959488435171","orderMinSize":5,"tickSize":"0.01"}
[2026-06-15T11:45:00.318Z] INFO Skipped trade. {"slug":"eth-updown-5m-1781523900","reason":"missing_opening_chainlink_tick"}
[2026-06-15T11:45:00.318Z] INFO Tracking market. {"market":"DOGE","slug":"doge-updown-5m-1781523900","title":"Dogecoin Up or Down - June 15, 7:45AM-7:50AM ET","end":"2026-06-15T11:50:00.000Z","upToken":"4015304978796305282866668136542315824828867205978354883031373490899257110739","downToken":"27877234795484981734241855321135850489875442523555580597954786849985678417765","orderMinSize":5,"tickSize":"0.01"}
[2026-06-15T11:45:00.318Z] INFO Skipped trade. {"slug":"doge-updown-5m-1781523900","reason":"missing_opening_chainlink_tick"}
[2026-06-15T11:45:02.388Z] INFO Captured Chainlink opening tick. {"slug":"btc-updown-5m-1781523900","openingPrice":66115.672255,"tickTimestamp":"2026-06-15T11:45:00.000Z"}
[2026-06-15T11:45:02.393Z] INFO Skipped trade. {"slug":"btc-updown-5m-1781523900","reason":"btc_distance_below_threshold","market":"BTC","minDistanceUsd":{"UP":12,"DOWN":12},"openingPrice":66115.672255,"currentPrice":66115.672255}
[2026-06-15T11:45:04.442Z] INFO Captured Chainlink opening tick. {"slug":"eth-updown-5m-1781523900","openingPrice":1760.673615,"tickTimestamp":"2026-06-15T11:45:00.000Z"}
[2026-06-15T11:45:04.446Z] INFO Skipped trade. {"slug":"eth-updown-5m-1781523900","reason":"btc_distance_below_threshold","market":"ETH","minDistanceUsd":{"UP":2,"DOWN":2},"openingPrice":1760.673615,"currentPrice":1760.7477935143345}
[2026-06-15T11:45:04.481Z] INFO Captured Chainlink opening tick. {"slug":"doge-updown-5m-1781523900","openingPrice":0.089567,"tickTimestamp":"2026-06-15T11:45:00.000Z"}
[2026-06-15T11:45:04.484Z] INFO Skipped trade. {"slug":"doge-updown-5m-1781523900","reason":"btc_distance_below_threshold","market":"DOGE","minDistanceUsd":{"UP":0.0003,"DOWN":0.0003},"openingPrice":0.089567,"currentPrice":0.089574622}
[2026-06-15T11:49:29.242Z] INFO Skipped trade. {"slug":"btc-updown-5m-1781523900","reason":"no_ask_liquidity_under_cap","outcome":"UP"}
[2026-06-15T11:49:53.161Z] INFO Trade attempt recorded. {"mode":"sim","slug":"btc-updown-5m-1781523900","outcome":"UP","amountUsd":5,"bestAsk":0.43,"estimatedShares":11.590909090909092}
[2026-06-15T11:49:54.337Z] INFO Skipped trade. {"slug":"btc-updown-5m-1781523900","reason":"market_already_traded"}
[2026-06-15T11:50:00.476Z] INFO Tracking market. {"market":"BTC","slug":"btc-updown-5m-1781524200","title":"Bitcoin Up or Down - June 15, 7:50AM-7:55AM ET","end":"2026-06-15T11:55:00.000Z","upToken":"98759273080777340021734678040517091554043524800501515005911027932142513565373","downToken":"75138721741591971548755236928335238178238327463140684891256869569737014353470","orderMinSize":5,"tickSize":"0.01"}
[2026-06-15T11:50:00.477Z] INFO Skipped trade. {"slug":"btc-updown-5m-1781524200","reason":"missing_opening_chainlink_tick"}
[2026-06-15T11:50:00.477Z] INFO Tracking market. {"market":"ETH","slug":"eth-updown-5m-1781524200","title":"Ethereum Up or Down - June 15, 7:50AM-7:55AM ET","end":"2026-06-15T11:55:00.000Z","upToken":"115105461280455374040443957334629453124047028778693368635060956248204095380021","downToken":"37774234504850422149905140963636646289688988113574854292084943204230521670193","orderMinSize":5,"tickSize":"0.01"}
[2026-06-15T11:50:00.477Z] INFO Skipped trade. {"slug":"eth-updown-5m-1781524200","reason":"missing_opening_chainlink_tick"}
[2026-06-15T11:50:00.477Z] INFO Tracking market. {"market":"DOGE","slug":"doge-updown-5m-1781524200","title":"Dogecoin Up or Down - June 15, 7:50AM-7:55AM ET","end":"2026-06-15T11:55:00.000Z","upToken":"114307852164217041839553208462636211043209496300945947483202882598032673110203","downToken":"111443987316794278519125611767186225540521639781621354046033491434309062153169","orderMinSize":5,"tickSize":"0.01"}
[2026-06-15T11:50:00.477Z] INFO Skipped trade. {"slug":"doge-updown-5m-1781524200","reason":"missing_opening_chainlink_tick"}
[2026-06-15T11:50:02.526Z] INFO Resolved trade. {"mode":"sim","slug":"btc-updown-5m-1781523900","outcome":"UP","winningOutcome":"DOWN","won":false,"finalPrice":66113.72278}
[2026-06-15T11:50:02.577Z] INFO Captured Chainlink opening tick. {"slug":"btc-updown-5m-1781524200","openingPrice":66113.760375,"tickTimestamp":"2026-06-15T11:50:00.000Z"}
[2026-06-15T11:50:02.581Z] INFO Skipped trade. {"slug":"btc-updown-5m-1781524200","reason":"btc_distance_below_threshold","market":"BTC","minDistanceUsd":{"UP":12,"DOWN":12},"openingPrice":66113.760375,"currentPrice":66113.72278}
[2026-06-15T11:50:04.619Z] INFO Captured Chainlink opening tick. {"slug":"eth-updown-5m-1781524200","openingPrice":1761.9698294963418,"tickTimestamp":"2026-06-15T11:50:00.000Z"}
[2026-06-15T11:50:04.623Z] INFO Skipped trade. {"slug":"eth-updown-5m-1781524200","reason":"btc_distance_below_threshold","market":"ETH","minDistanceUsd":{"UP":2,"DOWN":2},"openingPrice":1761.9698294963418,"currentPrice":1761.9713487094461}
[2026-06-15T11:50:04.651Z] INFO Captured Chainlink opening tick. {"slug":"doge-updown-5m-1781524200","openingPrice":0.089682,"tickTimestamp":"2026-06-15T11:50:00.000Z"}
[2026-06-15T11:50:04.655Z] INFO Skipped trade. {"slug":"doge-updown-5m-1781524200","reason":"btc_distance_below_threshold","market":"DOGE","minDistanceUsd":{"UP":0.0003,"DOWN":0.0003},"openingPrice":0.089682,"currentPrice":0.0896792204848734}
[2026-06-15T11:54:29.257Z] INFO Skipped trade. {"slug":"btc-updown-5m-1781524200","reason":"no_ask_liquidity_under_cap","outcome":"UP"}
[2026-06-15T11:54:30.832Z] INFO Skipped trade. {"slug":"eth-updown-5m-1781524200","reason":"no_ask_liquidity_under_cap","outcome":"UP"}
[2026-06-15T11:55:00.173Z] INFO Tracking market. {"market":"BTC","slug":"btc-updown-5m-1781524500","title":"Bitcoin Up or Down - June 15, 7:55AM-8:00AM ET","end":"2026-06-15T12:00:00.000Z","upToken":"57653924479630991814398989838375039011457513256451330996894856974095444641159","downToken":"83982125993116035152431612960645982471411036521093718782283513538367907743195","orderMinSize":5,"tickSize":"0.01"}
[2026-06-15T11:55:00.173Z] INFO Skipped trade. {"slug":"btc-updown-5m-1781524500","reason":"missing_opening_chainlink_tick"}
[2026-06-15T11:55:00.173Z] INFO Tracking market. {"market":"ETH","slug":"eth-updown-5m-1781524500","title":"Ethereum Up or Down - June 15, 7:55AM-8:00AM ET","end":"2026-06-15T12:00:00.000Z","upToken":"44700778347879585709140704308809575090880813135118260338742714335414550282453","downToken":"82828839894521734630859468524721574067106840391520485454031669948631069184119","orderMinSize":5,"tickSize":"0.01"}
[2026-06-15T11:55:00.173Z] INFO Skipped trade. {"slug":"eth-updown-5m-1781524500","reason":"missing_opening_chainlink_tick"}
[2026-06-15T11:55:00.173Z] INFO Tracking market. {"market":"DOGE","slug":"doge-updown-5m-1781524500","title":"Dogecoin Up or Down - June 15, 7:55AM-8:00AM ET","end":"2026-06-15T12:00:00.000Z","upToken":"82269526513681783823669317872503332510467844460966570490034629369570884383479","downToken":"110929248550059842105274166580498171386017268186202661976181502737399802896030","orderMinSize":5,"tickSize":"0.01"}
[2026-06-15T11:55:00.174Z] INFO Skipped trade. {"slug":"doge-updown-5m-1781524500","reason":"missing_opening_chainlink_tick"}
[2026-06-15T11:55:01.213Z] INFO Captured Chainlink opening tick. {"slug":"btc-updown-5m-1781524500","openingPrice":66200.40328039086,"tickTimestamp":"2026-06-15T11:55:00.000Z"}
[2026-06-15T11:55:01.217Z] INFO Skipped trade. {"slug":"btc-updown-5m-1781524500","reason":"btc_distance_below_threshold","market":"BTC","minDistanceUsd":{"UP":12,"DOWN":12},"openingPrice":66200.40328039086,"currentPrice":66200.40328039086}
[2026-06-15T11:55:05.329Z] INFO Captured Chainlink opening tick. {"slug":"eth-updown-5m-1781524500","openingPrice":1764.0323802886496,"tickTimestamp":"2026-06-15T11:55:00.000Z"}
[2026-06-15T11:55:05.334Z] INFO Skipped trade. {"slug":"eth-updown-5m-1781524500","reason":"btc_distance_below_threshold","market":"ETH","minDistanceUsd":{"UP":2,"DOWN":2},"openingPrice":1764.0323802886496,"currentPrice":1763.9710233529588}
[2026-06-15T11:55:05.364Z] INFO Captured Chainlink opening tick. {"slug":"doge-updown-5m-1781524500","openingPrice":0.0896960049253461,"tickTimestamp":"2026-06-15T11:55:00.000Z"}
[2026-06-15T11:55:05.368Z] INFO Skipped trade. {"slug":"doge-updown-5m-1781524500","reason":"btc_distance_below_threshold","market":"DOGE","minDistanceUsd":{"UP":0.0003,"DOWN":0.0003},"openingPrice":0.0896960049253461,"currentPrice":0.0896839095399189}
[2026-06-15T11:55:22.802Z] INFO Skipped trade. {"slug":"eth-updown-5m-1781524500","reason":"stale_chainlink_tick","tickTimestamp":"2026-06-15T11:55:12.000Z"}
[2026-06-15T11:55:23.813Z] INFO Skipped trade. {"slug":"doge-updown-5m-1781524500","reason":"stale_chainlink_tick","tickTimestamp":"2026-06-15T11:55:13.000Z"}
[2026-06-15T11:59:29.537Z] INFO Skipped trade. {"slug":"btc-updown-5m-1781524500","reason":"no_ask_liquidity_under_cap","outcome":"DOWN"}
[2026-06-15T11:59:54.384Z] WARN Analytics sample recording failed; continuing. {"market":"BTC","slug":"btc-updown-5m-1781524500","error":"ENOENT: no such file or directory, rename 'C:\\DEV\\tests\\Workspace de Yarbis\\Polybot\\data\\analytics-active.json.tmp' -> 'C:\\DEV\\tests\\Workspace de Yarbis\\Polybot\\data\\analytics-active.json'"}
[2026-06-15T12:00:00.495Z] INFO Tracking market. {"market":"BTC","slug":"btc-updown-5m-1781524800","title":"Bitcoin Up or Down - June 15, 8:00AM-8:05AM ET","end":"2026-06-15T12:05:00.000Z","upToken":"18537672544831621320474904502646279635423951410983281509159411493779191409363","downToken":"50545762314666706254034878832263037278635222674978171823977333279939911706234","orderMinSize":5,"tickSize":"0.01"}
[2026-06-15T12:00:00.496Z] INFO Skipped trade. {"slug":"btc-updown-5m-1781524800","reason":"missing_opening_chainlink_tick"}
[2026-06-15T12:00:00.496Z] INFO Tracking market. {"market":"ETH","slug":"eth-updown-5m-1781524800","title":"Ethereum Up or Down - June 15, 8:00AM-8:05AM ET","end":"2026-06-15T12:05:00.000Z","upToken":"113188909374587920160670676494186092391196657780987586487220022540027879838237","downToken":"77039627054347251760967389823122198361702108939659268481746288718722765940758","orderMinSize":5,"tickSize":"0.01"}
[2026-06-15T12:00:00.496Z] INFO Skipped trade. {"slug":"eth-updown-5m-1781524800","reason":"missing_opening_chainlink_tick"}
[2026-06-15T12:00:00.496Z] INFO Tracking market. {"market":"DOGE","slug":"doge-updown-5m-1781524800","title":"Dogecoin Up or Down - June 15, 8:00AM-8:05AM ET","end":"2026-06-15T12:05:00.000Z","upToken":"112679599057270503425087861985796650052273665886566367818599261274627127528347","downToken":"44941443685897522308742554527756573549121655811818957903222163099417744076601","orderMinSize":5,"tickSize":"0.01"}
[2026-06-15T12:00:00.496Z] INFO Skipped trade. {"slug":"doge-updown-5m-1781524800","reason":"missing_opening_chainlink_tick"}
[2026-06-15T12:00:02.590Z] INFO Captured Chainlink opening tick. {"slug":"btc-updown-5m-1781524800","openingPrice":66190.15999078372,"tickTimestamp":"2026-06-15T12:00:00.000Z"}
[2026-06-15T12:00:02.605Z] INFO Skipped trade. {"slug":"btc-updown-5m-1781524800","reason":"btc_distance_below_threshold","market":"BTC","minDistanceUsd":{"UP":12,"DOWN":12},"openingPrice":66190.15999078372,"currentPrice":66190.15999078372}
[2026-06-15T12:00:05.783Z] INFO Captured Chainlink opening tick. {"slug":"eth-updown-5m-1781524800","openingPrice":1763.5487350183412,"tickTimestamp":"2026-06-15T12:00:00.000Z"}
[2026-06-15T12:00:05.796Z] INFO Skipped trade. {"slug":"eth-updown-5m-1781524800","reason":"btc_distance_below_threshold","market":"ETH","minDistanceUsd":{"UP":2,"DOWN":2},"openingPrice":1763.5487350183412,"currentPrice":1764.1560926166856}
[2026-06-15T12:00:05.863Z] INFO Captured Chainlink opening tick. {"slug":"doge-updown-5m-1781524800","openingPrice":0.0896579220380159,"tickTimestamp":"2026-06-15T12:00:00.000Z"}
[2026-06-15T12:00:05.869Z] INFO Skipped trade. {"slug":"doge-updown-5m-1781524800","reason":"btc_distance_below_threshold","market":"DOGE","minDistanceUsd":{"UP":0.0003,"DOWN":0.0003},"openingPrice":0.0896579220380159,"currentPrice":0.089694}
[2026-06-15T12:04:29.535Z] INFO Skipped trade. {"slug":"btc-updown-5m-1781524800","reason":"no_ask_liquidity_under_cap","outcome":"DOWN"}
[2026-06-15T12:04:31.101Z] INFO Skipped trade. {"slug":"eth-updown-5m-1781524800","reason":"no_ask_liquidity_under_cap","outcome":"DOWN"}
[2026-06-15T12:05:00.436Z] INFO Tracking market. {"market":"BTC","slug":"btc-updown-5m-1781525100","title":"Bitcoin Up or Down - June 15, 8:05AM-8:10AM ET","end":"2026-06-15T12:10:00.000Z","upToken":"24639692490370869865364186719547198260803747289533325619780395616475004581552","downToken":"99980223129847753177594860051938095546665002582823744690203024523415874118650","orderMinSize":5,"tickSize":"0.01"}
[2026-06-15T12:05:00.436Z] INFO Skipped trade. {"slug":"btc-updown-5m-1781525100","reason":"missing_opening_chainlink_tick"}
[2026-06-15T12:05:00.436Z] INFO Tracking market. {"market":"ETH","slug":"eth-updown-5m-1781525100","title":"Ethereum Up or Down - June 15, 8:05AM-8:10AM ET","end":"2026-06-15T12:10:00.000Z","upToken":"12765373361392832572126725521675265680884362979088470111971264100694801238194","downToken":"76187204571266183875520984868661212592062812075202522990526456296395818584740","orderMinSize":5,"tickSize":"0.01"}
[2026-06-15T12:05:00.437Z] INFO Skipped trade. {"slug":"eth-updown-5m-1781525100","reason":"missing_opening_chainlink_tick"}
[2026-06-15T12:05:00.437Z] INFO Tracking market. {"market":"DOGE","slug":"doge-updown-5m-1781525100","title":"Dogecoin Up or Down - June 15, 8:05AM-8:10AM ET","end":"2026-06-15T12:10:00.000Z","upToken":"80760506367249173276176034637093098973041546502843643101667925097945495359330","downToken":"41092126934606944616259582123292314200604804321529416231236350470837460386406","orderMinSize":5,"tickSize":"0.01"}
[2026-06-15T12:05:00.437Z] INFO Skipped trade. {"slug":"doge-updown-5m-1781525100","reason":"missing_opening_chainlink_tick"}
[2026-06-15T12:05:02.510Z] INFO Captured Chainlink opening tick. {"slug":"btc-updown-5m-1781525100","openingPrice":66107.10545778218,"tickTimestamp":"2026-06-15T12:05:00.000Z"}
[2026-06-15T12:05:02.524Z] INFO Skipped trade. {"slug":"btc-updown-5m-1781525100","reason":"btc_distance_below_threshold","market":"BTC","minDistanceUsd":{"UP":12,"DOWN":12},"openingPrice":66107.10545778218,"currentPrice":66107.10545778218}
[2026-06-15T12:05:05.658Z] INFO Captured Chainlink opening tick. {"slug":"eth-updown-5m-1781525100","openingPrice":1761.4431857021643,"tickTimestamp":"2026-06-15T12:05:00.000Z"}
[2026-06-15T12:05:05.663Z] INFO Skipped trade. {"slug":"eth-updown-5m-1781525100","reason":"btc_distance_below_threshold","market":"ETH","minDistanceUsd":{"UP":2,"DOWN":2},"openingPrice":1761.4431857021643,"currentPrice":1761.586402843175}
[2026-06-15T12:05:05.703Z] INFO Captured Chainlink opening tick. {"slug":"doge-updown-5m-1781525100","openingPrice":0.0895637,"tickTimestamp":"2026-06-15T12:05:00.000Z"}
[2026-06-15T12:05:05.707Z] INFO Skipped trade. {"slug":"doge-updown-5m-1781525100","reason":"btc_distance_below_threshold","market":"DOGE","minDistanceUsd":{"UP":0.0003,"DOWN":0.0003},"openingPrice":0.0895637,"currentPrice":0.089568254}
[2026-06-15T12:09:26.396Z] WARN Analytics sample recording failed; continuing. {"market":"BTC","slug":"btc-updown-5m-1781525100","error":"ENOENT: no such file or directory, rename 'C:\\DEV\\tests\\Workspace de Yarbis\\Polybot\\data\\analytics-active.json.tmp' -> 'C:\\DEV\\tests\\Workspace de Yarbis\\Polybot\\data\\analytics-active.json'"}
[2026-06-15T12:09:30.110Z] INFO Skipped trade. {"slug":"btc-updown-5m-1781525100","reason":"no_ask_liquidity_under_cap","outcome":"UP"}
[2026-06-15T12:10:01.339Z] INFO Tracking market. {"market":"BTC","slug":"btc-updown-5m-1781525400","title":"Bitcoin Up or Down - June 15, 8:10AM-8:15AM ET","end":"2026-06-15T12:15:00.000Z","upToken":"114077599984086523124964919278983169525433459053710163640737783744689899461654","downToken":"18007156962691577957267726627729592758279850851811603794163406615864276693833","orderMinSize":5,"tickSize":"0.01"}
[2026-06-15T12:10:01.405Z] INFO Captured Chainlink opening tick. {"slug":"btc-updown-5m-1781525400","openingPrice":66164.5303228958,"tickTimestamp":"2026-06-15T12:10:00.000Z"}
[2026-06-15T12:10:01.410Z] INFO Skipped trade. {"slug":"btc-updown-5m-1781525400","reason":"btc_distance_below_threshold","market":"BTC","minDistanceUsd":{"UP":12,"DOWN":12},"openingPrice":66164.5303228958,"currentPrice":66164.5303228958}
[2026-06-15T12:10:01.411Z] INFO Tracking market. {"market":"ETH","slug":"eth-updown-5m-1781525400","title":"Ethereum Up or Down - June 15, 8:10AM-8:15AM ET","end":"2026-06-15T12:15:00.000Z","upToken":"17184083185695353094487436286741218892036575508117718874231583892251916799414","downToken":"39087391718135116284645247546712555054544328863576402766521133589906735129678","orderMinSize":5,"tickSize":"0.01"}
[2026-06-15T12:10:01.411Z] INFO Skipped trade. {"slug":"eth-updown-5m-1781525400","reason":"missing_opening_chainlink_tick"}
[2026-06-15T12:10:01.411Z] INFO Tracking market. {"market":"DOGE","slug":"doge-updown-5m-1781525400","title":"Dogecoin Up or Down - June 15, 8:10AM-8:15AM ET","end":"2026-06-15T12:15:00.000Z","upToken":"5771600063528764611810645303839766911459334593381240297602634586252296054839","downToken":"60814175379569270627870379647962440043479668859535599209219922747216212109710","orderMinSize":5,"tickSize":"0.01"}
[2026-06-15T12:10:01.411Z] INFO Skipped trade. {"slug":"doge-updown-5m-1781525400","reason":"missing_opening_chainlink_tick"}
[2026-06-15T12:10:05.500Z] INFO Captured Chainlink opening tick. {"slug":"eth-updown-5m-1781525400","openingPrice":1761.165817666139,"tickTimestamp":"2026-06-15T12:10:00.000Z"}
[2026-06-15T12:10:05.511Z] INFO Skipped trade. {"slug":"eth-updown-5m-1781525400","reason":"btc_distance_below_threshold","market":"ETH","minDistanceUsd":{"UP":2,"DOWN":2},"openingPrice":1761.165817666139,"currentPrice":1761.4052}
[2026-06-15T12:10:05.546Z] INFO Captured Chainlink opening tick. {"slug":"doge-updown-5m-1781525400","openingPrice":0.0897445586652775,"tickTimestamp":"2026-06-15T12:10:00.000Z"}
[2026-06-15T12:10:05.551Z] INFO Skipped trade. {"slug":"doge-updown-5m-1781525400","reason":"btc_distance_below_threshold","market":"DOGE","minDistanceUsd":{"UP":0.0003,"DOWN":0.0003},"openingPrice":0.0897445586652775,"currentPrice":0.0897543667508025}
[2026-06-15T12:14:29.320Z] INFO Skipped trade. {"slug":"btc-updown-5m-1781525400","reason":"no_ask_liquidity_under_cap","outcome":"UP"}
[2026-06-15T12:14:29.320Z] INFO Skipped trade. {"slug":"eth-updown-5m-1781525400","reason":"no_ask_liquidity_under_cap","outcome":"UP"}
[2026-06-15T12:15:00.519Z] INFO Tracking market. {"market":"BTC","slug":"btc-updown-5m-1781525700","title":"Bitcoin Up or Down - June 15, 8:15AM-8:20AM ET","end":"2026-06-15T12:20:00.000Z","upToken":"22656189966216724031902432907385001230049722927416788971238108607835767512854","downToken":"79235013182144616512087453774773766960851961684999220714279884011151806527875","orderMinSize":5,"tickSize":"0.01"}
[2026-06-15T12:15:00.519Z] INFO Skipped trade. {"slug":"btc-updown-5m-1781525700","reason":"missing_opening_chainlink_tick"}
[2026-06-15T12:15:00.519Z] INFO Tracking market. {"market":"ETH","slug":"eth-updown-5m-1781525700","title":"Ethereum Up or Down - June 15, 8:15AM-8:20AM ET","end":"2026-06-15T12:20:00.000Z","upToken":"92321796411339081775174513850811687361030906741739336332770135438039018619493","downToken":"79953222774883888132344456253918616725892650964016128537179949664780998222155","orderMinSize":5,"tickSize":"0.01"}
[2026-06-15T12:15:00.519Z] INFO Skipped trade. {"slug":"eth-updown-5m-1781525700","reason":"missing_opening_chainlink_tick"}
[2026-06-15T12:15:00.519Z] INFO Tracking market. {"market":"DOGE","slug":"doge-updown-5m-1781525700","title":"Dogecoin Up or Down - June 15, 8:15AM-8:20AM ET","end":"2026-06-15T12:20:00.000Z","upToken":"88219623988882251887777104226989872279938037925522686591874219084134837149693","downToken":"92840279336165693908125021953767503699820892035724277063631901707986630602887","orderMinSize":5,"tickSize":"0.01"}
[2026-06-15T12:15:00.519Z] INFO Skipped trade. {"slug":"doge-updown-5m-1781525700","reason":"missing_opening_chainlink_tick"}
[2026-06-15T12:15:01.566Z] INFO Captured Chainlink opening tick. {"slug":"btc-updown-5m-1781525700","openingPrice":66244.6354377683,"tickTimestamp":"2026-06-15T12:15:00.000Z"}
[2026-06-15T12:15:01.574Z] INFO Skipped trade. {"slug":"btc-updown-5m-1781525700","reason":"btc_distance_below_threshold","market":"BTC","minDistanceUsd":{"UP":12,"DOWN":12},"openingPrice":66244.6354377683,"currentPrice":66244.6354377683}
[2026-06-15T12:15:06.771Z] INFO Captured Chainlink opening tick. {"slug":"eth-updown-5m-1781525700","openingPrice":1764.617907229449,"tickTimestamp":"2026-06-15T12:15:00.000Z"}
[2026-06-15T12:15:06.777Z] INFO Skipped trade. {"slug":"eth-updown-5m-1781525700","reason":"btc_distance_below_threshold","market":"ETH","minDistanceUsd":{"UP":2,"DOWN":2},"openingPrice":1764.617907229449,"currentPrice":1764.74835}
[2026-06-15T12:15:06.812Z] INFO Captured Chainlink opening tick. {"slug":"doge-updown-5m-1781525700","openingPrice":0.0897507004153432,"tickTimestamp":"2026-06-15T12:15:00.000Z"}
[2026-06-15T12:15:06.818Z] INFO Skipped trade. {"slug":"doge-updown-5m-1781525700","reason":"btc_distance_below_threshold","market":"DOGE","minDistanceUsd":{"UP":0.0003,"DOWN":0.0003},"openingPrice":0.0897507004153432,"currentPrice":0.0897673505984287}
[2026-06-15T12:19:02.293Z] WARN Analytics sample recording failed; continuing. {"market":"DOGE","slug":"doge-updown-5m-1781525700","error":"ENOENT: no such file or directory, rename 'C:\\DEV\\tests\\Workspace de Yarbis\\Polybot\\data\\analytics-active.json.tmp' -> 'C:\\DEV\\tests\\Workspace de Yarbis\\Polybot\\data\\analytics-active.json'"}
[2026-06-15T12:19:29.255Z] INFO Skipped trade. {"slug":"btc-updown-5m-1781525700","reason":"no_ask_liquidity_under_cap","outcome":"UP"}
[2026-06-15T12:19:48.099Z] INFO Skipped trade. {"slug":"eth-updown-5m-1781525700","reason":"no_ask_liquidity_under_cap","outcome":"DOWN"}
[2026-06-15T12:20:00.380Z] INFO Tracking market. {"market":"BTC","slug":"btc-updown-5m-1781526000","title":"Bitcoin Up or Down - June 15, 8:20AM-8:25AM ET","end":"2026-06-15T12:25:00.000Z","upToken":"84191310812479032841018891995032962872415587438874973060143823487722131944241","downToken":"49346497799402377514615627755571748725496356625262275007560390031888338168914","orderMinSize":5,"tickSize":"0.01"}
[2026-06-15T12:20:00.381Z] INFO Skipped trade. {"slug":"btc-updown-5m-1781526000","reason":"missing_opening_chainlink_tick"}
[2026-06-15T12:20:00.381Z] INFO Tracking market. {"market":"ETH","slug":"eth-updown-5m-1781526000","title":"Ethereum Up or Down - June 15, 8:20AM-8:25AM ET","end":"2026-06-15T12:25:00.000Z","upToken":"20435063721493695117897339606055293686715928950346225983737662480583811952371","downToken":"67356415652351658601246840540374120341150316847767982163208678500243353087655","orderMinSize":5,"tickSize":"0.01"}
[2026-06-15T12:20:00.381Z] INFO Skipped trade. {"slug":"eth-updown-5m-1781526000","reason":"missing_opening_chainlink_tick"}
[2026-06-15T12:20:00.381Z] INFO Tracking market. {"market":"DOGE","slug":"doge-updown-5m-1781526000","title":"Dogecoin Up or Down - June 15, 8:20AM-8:25AM ET","end":"2026-06-15T12:25:00.000Z","upToken":"44649692965421978667624190935707575628721443539322271466848770350676208165797","downToken":"55784353211020207857678774540349918448155012796746341470451151850306173873510","orderMinSize":5,"tickSize":"0.01"}
[2026-06-15T12:20:00.381Z] INFO Skipped trade. {"slug":"doge-updown-5m-1781526000","reason":"missing_opening_chainlink_tick"}
[2026-06-15T12:20:01.471Z] INFO Captured Chainlink opening tick. {"slug":"btc-updown-5m-1781526000","openingPrice":66260.5277619772,"tickTimestamp":"2026-06-15T12:20:00.000Z"}
[2026-06-15T12:20:01.478Z] INFO Skipped trade. {"slug":"btc-updown-5m-1781526000","reason":"btc_distance_below_threshold","market":"BTC","minDistanceUsd":{"UP":12,"DOWN":12},"openingPrice":66260.5277619772,"currentPrice":66260.5277619772}
[2026-06-15T12:20:01.546Z] INFO Captured Chainlink opening tick. {"slug":"eth-updown-5m-1781526000","openingPrice":1761.8859245738813,"tickTimestamp":"2026-06-15T12:20:00.000Z"}
[2026-06-15T12:20:01.550Z] INFO Skipped trade. {"slug":"eth-updown-5m-1781526000","reason":"btc_distance_below_threshold","market":"ETH","minDistanceUsd":{"UP":2,"DOWN":2},"openingPrice":1761.8859245738813,"currentPrice":1761.8859245738813}
[2026-06-15T12:20:01.582Z] INFO Captured Chainlink opening tick. {"slug":"doge-updown-5m-1781526000","openingPrice":0.0896331580674004,"tickTimestamp":"2026-06-15T12:20:00.000Z"}
[2026-06-15T12:20:01.587Z] INFO Skipped trade. {"slug":"doge-updown-5m-1781526000","reason":"btc_distance_below_threshold","market":"DOGE","minDistanceUsd":{"UP":0.0003,"DOWN":0.0003},"openingPrice":0.0896331580674004,"currentPrice":0.0896331580674004}
[2026-06-15T12:24:29.173Z] INFO Skipped trade. {"slug":"btc-updown-5m-1781526000","reason":"no_ask_liquidity_under_cap","outcome":"DOWN"}
[2026-06-15T12:24:55.835Z] WARN Analytics sample recording failed; continuing. {"market":"ETH","slug":"eth-updown-5m-1781526000","error":"ENOENT: no such file or directory, rename 'C:\\DEV\\tests\\Workspace de Yarbis\\Polybot\\data\\analytics-active.json.tmp' -> 'C:\\DEV\\tests\\Workspace de Yarbis\\Polybot\\data\\analytics-active.json'"}
[2026-06-15T12:24:58.814Z] WARN Analytics sample recording failed; continuing. {"market":"BTC","slug":"btc-updown-5m-1781526000","error":"ENOENT: no such file or directory, rename 'C:\\DEV\\tests\\Workspace de Yarbis\\Polybot\\data\\analytics-active.json.tmp' -> 'C:\\DEV\\tests\\Workspace de Yarbis\\Polybot\\data\\analytics-active.json'"}
[2026-06-15T12:25:00.363Z] INFO Tracking market. {"market":"BTC","slug":"btc-updown-5m-1781526300","title":"Bitcoin Up or Down - June 15, 8:25AM-8:30AM ET","end":"2026-06-15T12:30:00.000Z","upToken":"67566851110704089539859321871521327916029007139941948885800327888613092703083","downToken":"40132390987045466790783317443819247902810218485094945769111710770463477122899","orderMinSize":5,"tickSize":"0.01"}
[2026-06-15T12:25:00.363Z] INFO Skipped trade. {"slug":"btc-updown-5m-1781526300","reason":"missing_opening_chainlink_tick"}
[2026-06-15T12:25:00.363Z] INFO Tracking market. {"market":"ETH","slug":"eth-updown-5m-1781526300","title":"Ethereum Up or Down - June 15, 8:25AM-8:30AM ET","end":"2026-06-15T12:30:00.000Z","upToken":"44063454479168981013777072072515270417966707406202946119045174569944016085653","downToken":"64998632952130849336441059160164800235444918980654819062892942671708027160923","orderMinSize":5,"tickSize":"0.01"}
[2026-06-15T12:25:00.364Z] INFO Skipped trade. {"slug":"eth-updown-5m-1781526300","reason":"missing_opening_chainlink_tick"}
[2026-06-15T12:25:00.364Z] INFO Tracking market. {"market":"DOGE","slug":"doge-updown-5m-1781526300","title":"Dogecoin Up or Down - June 15, 8:25AM-8:30AM ET","end":"2026-06-15T12:30:00.000Z","upToken":"26664651312219312401974910053607332816656020865417868733361220287759994787887","downToken":"87704279449665126097759460438872203616384378693719950251993837884761485553877","orderMinSize":5,"tickSize":"0.01"}
[2026-06-15T12:25:00.364Z] INFO Skipped trade. {"slug":"doge-updown-5m-1781526300","reason":"missing_opening_chainlink_tick"}
[2026-06-15T12:25:02.432Z] INFO Captured Chainlink opening tick. {"slug":"btc-updown-5m-1781526300","openingPrice":66253.54677393338,"tickTimestamp":"2026-06-15T12:25:00.000Z"}
[2026-06-15T12:25:02.436Z] INFO Skipped trade. {"slug":"btc-updown-5m-1781526300","reason":"btc_distance_below_threshold","market":"BTC","minDistanceUsd":{"UP":12,"DOWN":12},"openingPrice":66253.54677393338,"currentPrice":66253.54677393338}
[2026-06-15T12:25:02.463Z] INFO Captured Chainlink opening tick. {"slug":"eth-updown-5m-1781526300","openingPrice":1763.33213241165,"tickTimestamp":"2026-06-15T12:25:00.000Z"}
[2026-06-15T12:25:02.466Z] INFO Skipped trade. {"slug":"eth-updown-5m-1781526300","reason":"btc_distance_below_threshold","market":"ETH","minDistanceUsd":{"UP":2,"DOWN":2},"openingPrice":1763.33213241165,"currentPrice":1763.33213241165}
[2026-06-15T12:25:02.493Z] INFO Captured Chainlink opening tick. {"slug":"doge-updown-5m-1781526300","openingPrice":0.089759195,"tickTimestamp":"2026-06-15T12:25:00.000Z"}
[2026-06-15T12:25:02.496Z] INFO Skipped trade. {"slug":"doge-updown-5m-1781526300","reason":"btc_distance_below_threshold","market":"DOGE","minDistanceUsd":{"UP":0.0003,"DOWN":0.0003},"openingPrice":0.089759195,"currentPrice":0.089759195}
[2026-06-15T12:29:29.915Z] INFO Skipped trade. {"slug":"btc-updown-5m-1781526300","reason":"no_ask_liquidity_under_cap","outcome":"DOWN"}
[2026-06-15T12:30:01.195Z] INFO Tracking market. {"market":"BTC","slug":"btc-updown-5m-1781526600","title":"Bitcoin Up or Down - June 15, 8:30AM-8:35AM ET","end":"2026-06-15T12:35:00.000Z","upToken":"60420964458952187992577646338018854828298856411968971745720775821798806944732","downToken":"72072778030513022697284297817678792957813114674687038287420475284892251818344","orderMinSize":5,"tickSize":"0.01"}
[2026-06-15T12:30:01.195Z] INFO Skipped trade. {"slug":"btc-updown-5m-1781526600","reason":"missing_opening_chainlink_tick"}
[2026-06-15T12:30:01.196Z] INFO Tracking market. {"market":"ETH","slug":"eth-updown-5m-1781526600","title":"Ethereum Up or Down - June 15, 8:30AM-8:35AM ET","end":"2026-06-15T12:35:00.000Z","upToken":"85162017359411100776039452479930081112781387421946601910666690505758008637167","downToken":"4086020858579642923882902997745877653996951121233079739590919483134917836844","orderMinSize":5,"tickSize":"0.01"}
[2026-06-15T12:30:01.196Z] INFO Skipped trade. {"slug":"eth-updown-5m-1781526600","reason":"missing_opening_chainlink_tick"}
[2026-06-15T12:30:01.196Z] INFO Tracking market. {"market":"DOGE","slug":"doge-updown-5m-1781526600","title":"Dogecoin Up or Down - June 15, 8:30AM-8:35AM ET","end":"2026-06-15T12:35:00.000Z","upToken":"107914256893833832311867277326875897074567787040976818038058355669920752942412","downToken":"4630443703541579891611216328732592910022117099086782247395246380719350988092","orderMinSize":5,"tickSize":"0.01"}
[2026-06-15T12:30:01.196Z] INFO Skipped trade. {"slug":"doge-updown-5m-1781526600","reason":"missing_opening_chainlink_tick"}
[2026-06-15T12:30:02.265Z] INFO Captured Chainlink opening tick. {"slug":"btc-updown-5m-1781526600","openingPrice":66243.82215,"tickTimestamp":"2026-06-15T12:30:00.000Z"}
[2026-06-15T12:30:02.271Z] INFO Skipped trade. {"slug":"btc-updown-5m-1781526600","reason":"btc_distance_below_threshold","market":"BTC","minDistanceUsd":{"UP":12,"DOWN":12},"openingPrice":66243.82215,"currentPrice":66243.16487272858}
[2026-06-15T12:30:02.333Z] INFO Captured Chainlink opening tick. {"slug":"eth-updown-5m-1781526600","openingPrice":1764.47014,"tickTimestamp":"2026-06-15T12:30:00.000Z"}
[2026-06-15T12:30:02.339Z] INFO Skipped trade. {"slug":"eth-updown-5m-1781526600","reason":"btc_distance_below_threshold","market":"ETH","minDistanceUsd":{"UP":2,"DOWN":2},"openingPrice":1764.47014,"currentPrice":1764.44021}
[2026-06-15T12:30:02.390Z] INFO Captured Chainlink opening tick. {"slug":"doge-updown-5m-1781526600","openingPrice":0.089813688,"tickTimestamp":"2026-06-15T12:30:00.000Z"}
[2026-06-15T12:30:02.395Z] INFO Skipped trade. {"slug":"doge-updown-5m-1781526600","reason":"btc_distance_below_threshold","market":"DOGE","minDistanceUsd":{"UP":0.0003,"DOWN":0.0003},"openingPrice":0.089813688,"currentPrice":0.08981}
[2026-06-15T12:34:29.282Z] INFO Skipped trade. {"slug":"btc-updown-5m-1781526600","reason":"no_ask_liquidity_under_cap","outcome":"DOWN"}
[2026-06-15T12:34:35.587Z] INFO Trade attempt recorded. {"mode":"sim","slug":"btc-updown-5m-1781526600","outcome":"DOWN","amountUsd":5,"bestAsk":0.39,"estimatedShares":12.82051282051282}
[2026-06-15T12:34:36.772Z] INFO Skipped trade. {"slug":"btc-updown-5m-1781526600","reason":"market_already_traded"}
[2026-06-15T12:35:00.504Z] INFO Tracking market. {"market":"BTC","slug":"btc-updown-5m-1781526900","title":"Bitcoin Up or Down - June 15, 8:35AM-8:40AM ET","end":"2026-06-15T12:40:00.000Z","upToken":"88631561285486548501792589213660884890036458261921418963218167967048188238871","downToken":"15212325634043595697610546344110489681929326218861560483369427168900248385033","orderMinSize":5,"tickSize":"0.01"}
[2026-06-15T12:35:00.505Z] INFO Skipped trade. {"slug":"btc-updown-5m-1781526900","reason":"missing_opening_chainlink_tick"}
[2026-06-15T12:35:00.505Z] INFO Tracking market. {"market":"ETH","slug":"eth-updown-5m-1781526900","title":"Ethereum Up or Down - June 15, 8:35AM-8:40AM ET","end":"2026-06-15T12:40:00.000Z","upToken":"30386845979789898075813820139663099949787234310641201611993340313191907559411","downToken":"85068009633266775548835547715901232308615549041004941195341115383608685872561","orderMinSize":5,"tickSize":"0.01"}
[2026-06-15T12:35:00.505Z] INFO Skipped trade. {"slug":"eth-updown-5m-1781526900","reason":"missing_opening_chainlink_tick"}
[2026-06-15T12:35:00.505Z] INFO Tracking market. {"market":"DOGE","slug":"doge-updown-5m-1781526900","title":"Dogecoin Up or Down - June 15, 8:35AM-8:40AM ET","end":"2026-06-15T12:40:00.000Z","upToken":"13810182837649359203043892098183104850811970701333499409295263992124716540851","downToken":"108301057954245828269932590965049510779771427564497850671115985223698411275848","orderMinSize":5,"tickSize":"0.01"}
[2026-06-15T12:35:00.505Z] INFO Skipped trade. {"slug":"doge-updown-5m-1781526900","reason":"missing_opening_chainlink_tick"}
[2026-06-15T12:35:01.557Z] INFO Resolved trade. {"mode":"sim","slug":"btc-updown-5m-1781526600","outcome":"DOWN","winningOutcome":"DOWN","won":true,"finalPrice":66207.80522057156}
[2026-06-15T12:35:01.593Z] INFO Captured Chainlink opening tick. {"slug":"btc-updown-5m-1781526900","openingPrice":66207.80522057156,"tickTimestamp":"2026-06-15T12:35:00.000Z"}
[2026-06-15T12:35:01.597Z] INFO Skipped trade. {"slug":"btc-updown-5m-1781526900","reason":"btc_distance_below_threshold","market":"BTC","minDistanceUsd":{"UP":12,"DOWN":12},"openingPrice":66207.80522057156,"currentPrice":66207.80522057156}
[2026-06-15T12:35:02.660Z] INFO Captured Chainlink opening tick. {"slug":"eth-updown-5m-1781526900","openingPrice":1763.2151158134684,"tickTimestamp":"2026-06-15T12:35:00.000Z"}
[2026-06-15T12:35:02.664Z] INFO Skipped trade. {"slug":"eth-updown-5m-1781526900","reason":"btc_distance_below_threshold","market":"ETH","minDistanceUsd":{"UP":2,"DOWN":2},"openingPrice":1763.2151158134684,"currentPrice":1763.157989548741}
[2026-06-15T12:35:02.690Z] INFO Captured Chainlink opening tick. {"slug":"doge-updown-5m-1781526900","openingPrice":0.0898036610897267,"tickTimestamp":"2026-06-15T12:35:00.000Z"}
[2026-06-15T12:35:02.694Z] INFO Skipped trade. {"slug":"doge-updown-5m-1781526900","reason":"btc_distance_below_threshold","market":"DOGE","minDistanceUsd":{"UP":0.0003,"DOWN":0.0003},"openingPrice":0.0898036610897267,"currentPrice":0.08980253}
[2026-06-15T12:39:18.536Z] WARN Analytics sample recording failed; continuing. {"market":"DOGE","slug":"doge-updown-5m-1781526900","error":"ENOENT: no such file or directory, rename 'C:\\DEV\\tests\\Workspace de Yarbis\\Polybot\\data\\analytics-active.json.tmp' -> 'C:\\DEV\\tests\\Workspace de Yarbis\\Polybot\\data\\analytics-active.json'"}
[2026-06-15T12:39:29.774Z] INFO Skipped trade. {"slug":"btc-updown-5m-1781526900","reason":"no_ask_liquidity_under_cap","outcome":"UP"}
[2026-06-15T12:39:29.774Z] INFO Skipped trade. {"slug":"eth-updown-5m-1781526900","reason":"no_ask_liquidity_under_cap","outcome":"UP"}
[2026-06-15T12:39:55.017Z] WARN Analytics sample recording failed; continuing. {"market":"DOGE","slug":"doge-updown-5m-1781526900","error":"ENOENT: no such file or directory, rename 'C:\\DEV\\tests\\Workspace de Yarbis\\Polybot\\data\\analytics-active.json.tmp' -> 'C:\\DEV\\tests\\Workspace de Yarbis\\Polybot\\data\\analytics-active.json'"}
[2026-06-15T12:40:00.829Z] INFO Tracking market. {"market":"BTC","slug":"btc-updown-5m-1781527200","title":"Bitcoin Up or Down - June 15, 8:40AM-8:45AM ET","end":"2026-06-15T12:45:00.000Z","upToken":"67088232631970393054335924602172499032971820983613409746490210697779189443262","downToken":"66913266568377313448417885985340885602905414230528562799810761157257606489550","orderMinSize":5,"tickSize":"0.01"}
[2026-06-15T12:40:00.830Z] INFO Skipped trade. {"slug":"btc-updown-5m-1781527200","reason":"missing_opening_chainlink_tick"}
[2026-06-15T12:40:00.830Z] INFO Tracking market. {"market":"ETH","slug":"eth-updown-5m-1781527200","title":"Ethereum Up or Down - June 15, 8:40AM-8:45AM ET","end":"2026-06-15T12:45:00.000Z","upToken":"99478549935775734718885337427141051030278453784671669414170706618455848496201","downToken":"43139133788113983409285009915068056264174910879894310979426302191366040199182","orderMinSize":5,"tickSize":"0.01"}
[2026-06-15T12:40:00.830Z] INFO Skipped trade. {"slug":"eth-updown-5m-1781527200","reason":"missing_opening_chainlink_tick"}
[2026-06-15T12:40:00.830Z] INFO Tracking market. {"market":"DOGE","slug":"doge-updown-5m-1781527200","title":"Dogecoin Up or Down - June 15, 8:40AM-8:45AM ET","end":"2026-06-15T12:45:00.000Z","upToken":"67034121907295326864771273586582018445636726580736061703625545410707150176048","downToken":"68170873467849265304219062789772777920194513035383541109652436926134663793883","orderMinSize":5,"tickSize":"0.01"}
[2026-06-15T12:40:00.831Z] INFO Skipped trade. {"slug":"doge-updown-5m-1781527200","reason":"missing_opening_chainlink_tick"}
[2026-06-15T12:40:01.885Z] INFO Captured Chainlink opening tick. {"slug":"btc-updown-5m-1781527200","openingPrice":66281.53744404372,"tickTimestamp":"2026-06-15T12:40:00.000Z"}
[2026-06-15T12:40:01.889Z] INFO Skipped trade. {"slug":"btc-updown-5m-1781527200","reason":"btc_distance_below_threshold","market":"BTC","minDistanceUsd":{"UP":12,"DOWN":12},"openingPrice":66281.53744404372,"currentPrice":66281.53744404372}
[2026-06-15T12:40:03.931Z] INFO Captured Chainlink opening tick. {"slug":"eth-updown-5m-1781527200","openingPrice":1769.9170861029252,"tickTimestamp":"2026-06-15T12:40:00.000Z"}
[2026-06-15T12:40:03.936Z] INFO Skipped trade. {"slug":"eth-updown-5m-1781527200","reason":"btc_distance_below_threshold","market":"ETH","minDistanceUsd":{"UP":2,"DOWN":2},"openingPrice":1769.9170861029252,"currentPrice":1769.8927618399925}
[2026-06-15T12:40:03.967Z] INFO Captured Chainlink opening tick. {"slug":"doge-updown-5m-1781527200","openingPrice":0.0898819475506113,"tickTimestamp":"2026-06-15T12:40:00.000Z"}
[2026-06-15T12:40:03.971Z] INFO Skipped trade. {"slug":"doge-updown-5m-1781527200","reason":"btc_distance_below_threshold","market":"DOGE","minDistanceUsd":{"UP":0.0003,"DOWN":0.0003},"openingPrice":0.0898819475506113,"currentPrice":0.0898849914775691}
[2026-06-15T12:44:29.400Z] INFO Skipped trade. {"slug":"btc-updown-5m-1781527200","reason":"no_ask_liquidity_under_cap","outcome":"UP"}
[2026-06-15T12:44:29.400Z] INFO Skipped trade. {"slug":"eth-updown-5m-1781527200","reason":"no_ask_liquidity_under_cap","outcome":"UP"}
[2026-06-15T12:45:00.417Z] INFO Tracking market. {"market":"BTC","slug":"btc-updown-5m-1781527500","title":"Bitcoin Up or Down - June 15, 8:45AM-8:50AM ET","end":"2026-06-15T12:50:00.000Z","upToken":"65079959574107531662768383473994561384529599527262618374202934599752422260686","downToken":"109254385386790619735133982563557892202389972068524233073062943157966580343472","orderMinSize":5,"tickSize":"0.01"}
[2026-06-15T12:45:00.417Z] INFO Skipped trade. {"slug":"btc-updown-5m-1781527500","reason":"missing_opening_chainlink_tick"}
[2026-06-15T12:45:00.417Z] INFO Tracking market. {"market":"ETH","slug":"eth-updown-5m-1781527500","title":"Ethereum Up or Down - June 15, 8:45AM-8:50AM ET","end":"2026-06-15T12:50:00.000Z","upToken":"49569778985031351862872442448630191605532967468442536742656522809874052085707","downToken":"103202640897153981731038095676616757155946079430789667526013722802874130669379","orderMinSize":5,"tickSize":"0.01"}
[2026-06-15T12:45:00.418Z] INFO Skipped trade. {"slug":"eth-updown-5m-1781527500","reason":"missing_opening_chainlink_tick"}
[2026-06-15T12:45:00.418Z] INFO Tracking market. {"market":"DOGE","slug":"doge-updown-5m-1781527500","title":"Dogecoin Up or Down - June 15, 8:45AM-8:50AM ET","end":"2026-06-15T12:50:00.000Z","upToken":"92992055588198618207663893842566007354992006061609277994393891989665559843785","downToken":"109894173337804905327528775545340443965557786306059855112505588067221668407671","orderMinSize":5,"tickSize":"0.01"}
[2026-06-15T12:45:00.418Z] INFO Skipped trade. {"slug":"doge-updown-5m-1781527500","reason":"missing_opening_chainlink_tick"}
[2026-06-15T12:45:01.471Z] INFO Captured Chainlink opening tick. {"slug":"btc-updown-5m-1781527500","openingPrice":66435.66504801733,"tickTimestamp":"2026-06-15T12:45:00.000Z"}
[2026-06-15T12:45:01.475Z] INFO Skipped trade. {"slug":"btc-updown-5m-1781527500","reason":"btc_distance_below_threshold","market":"BTC","minDistanceUsd":{"UP":12,"DOWN":12},"openingPrice":66435.66504801733,"currentPrice":66435.66504801733}
[2026-06-15T12:45:03.525Z] INFO Captured Chainlink opening tick. {"slug":"eth-updown-5m-1781527500","openingPrice":1773.4848310099233,"tickTimestamp":"2026-06-15T12:45:00.000Z"}
[2026-06-15T12:45:03.529Z] INFO Skipped trade. {"slug":"eth-updown-5m-1781527500","reason":"btc_distance_below_threshold","market":"ETH","minDistanceUsd":{"UP":2,"DOWN":2},"openingPrice":1773.4848310099233,"currentPrice":1773.432864264983}
[2026-06-15T12:45:03.557Z] INFO Captured Chainlink opening tick. {"slug":"doge-updown-5m-1781527500","openingPrice":0.0901520133848787,"tickTimestamp":"2026-06-15T12:45:00.000Z"}
[2026-06-15T12:45:03.560Z] INFO Skipped trade. {"slug":"doge-updown-5m-1781527500","reason":"btc_distance_below_threshold","market":"DOGE","minDistanceUsd":{"UP":0.0003,"DOWN":0.0003},"openingPrice":0.0901520133848787,"currentPrice":0.090127}
[2026-06-15T12:49:30.000Z] INFO Skipped trade. {"slug":"btc-updown-5m-1781527500","reason":"no_ask_liquidity_under_cap","outcome":"UP"}
[2026-06-15T12:50:01.112Z] INFO Tracking market. {"market":"BTC","slug":"btc-updown-5m-1781527800","title":"Bitcoin Up or Down - June 15, 8:50AM-8:55AM ET","end":"2026-06-15T12:55:00.000Z","upToken":"79933970985575078597596763112397120405033107486380878741344452136039983571082","downToken":"110960707636332040503286927739478898695383046601725722254621637855079078840556","orderMinSize":5,"tickSize":"0.01"}
[2026-06-15T12:50:01.112Z] INFO Skipped trade. {"slug":"btc-updown-5m-1781527800","reason":"missing_opening_chainlink_tick"}
[2026-06-15T12:50:01.112Z] INFO Tracking market. {"market":"ETH","slug":"eth-updown-5m-1781527800","title":"Ethereum Up or Down - June 15, 8:50AM-8:55AM ET","end":"2026-06-15T12:55:00.000Z","upToken":"85379033690217648551203509166939104218674870942408845238295344264547607622559","downToken":"86639524158972323898322760148442213522701492114459215126216114838937213503080","orderMinSize":5,"tickSize":"0.01"}
[2026-06-15T12:50:01.113Z] INFO Skipped trade. {"slug":"eth-updown-5m-1781527800","reason":"missing_opening_chainlink_tick"}
[2026-06-15T12:50:01.113Z] INFO Tracking market. {"market":"DOGE","slug":"doge-updown-5m-1781527800","title":"Dogecoin Up or Down - June 15, 8:50AM-8:55AM ET","end":"2026-06-15T12:55:00.000Z","upToken":"105616859557410122735573108415321472963937082958715051992185637793660124070974","downToken":"40163478637524287431452586329884429228154426573051996576597063115908917934997","orderMinSize":5,"tickSize":"0.01"}
[2026-06-15T12:50:01.113Z] INFO Skipped trade. {"slug":"doge-updown-5m-1781527800","reason":"missing_opening_chainlink_tick"}
[2026-06-15T12:50:02.168Z] INFO Captured Chainlink opening tick. {"slug":"btc-updown-5m-1781527800","openingPrice":66472.4213641726,"tickTimestamp":"2026-06-15T12:50:00.000Z"}
[2026-06-15T12:50:02.175Z] INFO Skipped trade. {"slug":"btc-updown-5m-1781527800","reason":"btc_distance_below_threshold","market":"BTC","minDistanceUsd":{"UP":12,"DOWN":12},"openingPrice":66472.4213641726,"currentPrice":66472.4213641726}
[2026-06-15T12:50:04.226Z] INFO Captured Chainlink opening tick. {"slug":"eth-updown-5m-1781527800","openingPrice":1773.4360295643428,"tickTimestamp":"2026-06-15T12:50:00.000Z"}
[2026-06-15T12:50:04.230Z] INFO Skipped trade. {"slug":"eth-updown-5m-1781527800","reason":"btc_distance_below_threshold","market":"ETH","minDistanceUsd":{"UP":2,"DOWN":2},"openingPrice":1773.4360295643428,"currentPrice":1773.4247583040099}
[2026-06-15T12:50:04.263Z] INFO Captured Chainlink opening tick. {"slug":"doge-updown-5m-1781527800","openingPrice":0.0899638096696178,"tickTimestamp":"2026-06-15T12:50:00.000Z"}
[2026-06-15T12:50:04.268Z] INFO Skipped trade. {"slug":"doge-updown-5m-1781527800","reason":"btc_distance_below_threshold","market":"DOGE","minDistanceUsd":{"UP":0.0003,"DOWN":0.0003},"openingPrice":0.0899638096696178,"currentPrice":0.0899612134047759}
[2026-06-15T12:54:29.343Z] INFO Skipped trade. {"slug":"btc-updown-5m-1781527800","reason":"no_ask_liquidity_under_cap","outcome":"UP"}
[2026-06-15T12:54:45.065Z] INFO Skipped trade. {"slug":"eth-updown-5m-1781527800","reason":"no_ask_liquidity_under_cap","outcome":"UP"}
[2026-06-15T12:55:00.466Z] INFO Tracking market. {"market":"BTC","slug":"btc-updown-5m-1781528100","title":"Bitcoin Up or Down - June 15, 8:55AM-9:00AM ET","end":"2026-06-15T13:00:00.000Z","upToken":"61869004619550609369273315429502385581657365975410506161615610068047992911566","downToken":"37693963055719127347433317824742667665336411315554944580811707794842201792869","orderMinSize":5,"tickSize":"0.01"}
[2026-06-15T12:55:00.467Z] INFO Skipped trade. {"slug":"btc-updown-5m-1781528100","reason":"missing_opening_chainlink_tick"}
[2026-06-15T12:55:00.467Z] INFO Tracking market. {"market":"ETH","slug":"eth-updown-5m-1781528100","title":"Ethereum Up or Down - June 15, 8:55AM-9:00AM ET","end":"2026-06-15T13:00:00.000Z","upToken":"62475969469795602500864843108649892003884307686945022105269645648086322571609","downToken":"74656162039718850153629474606772735824814767157754770099619851264958818660734","orderMinSize":5,"tickSize":"0.01"}
[2026-06-15T12:55:00.468Z] INFO Skipped trade. {"slug":"eth-updown-5m-1781528100","reason":"missing_opening_chainlink_tick"}
[2026-06-15T12:55:00.468Z] INFO Tracking market. {"market":"DOGE","slug":"doge-updown-5m-1781528100","title":"Dogecoin Up or Down - June 15, 8:55AM-9:00AM ET","end":"2026-06-15T13:00:00.000Z","upToken":"66804917945948290552419481782031601061916407451527880766420331991616774310568","downToken":"67660890298317185054542160947793338886886235731331666700508946275754957713859","orderMinSize":5,"tickSize":"0.01"}
[2026-06-15T12:55:00.468Z] INFO Skipped trade. {"slug":"doge-updown-5m-1781528100","reason":"missing_opening_chainlink_tick"}
[2026-06-15T12:55:02.529Z] INFO Captured Chainlink opening tick. {"slug":"btc-updown-5m-1781528100","openingPrice":66559.70248637044,"tickTimestamp":"2026-06-15T12:55:00.000Z"}
[2026-06-15T12:55:02.534Z] INFO Skipped trade. {"slug":"btc-updown-5m-1781528100","reason":"btc_distance_below_threshold","market":"BTC","minDistanceUsd":{"UP":12,"DOWN":12},"openingPrice":66559.70248637044,"currentPrice":66559.66470136783}
[2026-06-15T12:55:04.592Z] INFO Captured Chainlink opening tick. {"slug":"eth-updown-5m-1781528100","openingPrice":1775.3522435037587,"tickTimestamp":"2026-06-15T12:55:00.000Z"}
[2026-06-15T12:55:04.596Z] INFO Skipped trade. {"slug":"eth-updown-5m-1781528100","reason":"btc_distance_below_threshold","market":"ETH","minDistanceUsd":{"UP":2,"DOWN":2},"openingPrice":1775.3522435037587,"currentPrice":1775.3035543300061}
[2026-06-15T12:55:04.637Z] INFO Captured Chainlink opening tick. {"slug":"doge-updown-5m-1781528100","openingPrice":0.0900290884058029,"tickTimestamp":"2026-06-15T12:55:00.000Z"}
[2026-06-15T12:55:04.640Z] INFO Skipped trade. {"slug":"doge-updown-5m-1781528100","reason":"btc_distance_below_threshold","market":"DOGE","minDistanceUsd":{"UP":0.0003,"DOWN":0.0003},"openingPrice":0.0900290884058029,"currentPrice":0.0900069}
[2026-06-15T12:59:14.571Z] WARN Analytics sample recording failed; continuing. {"market":"DOGE","slug":"doge-updown-5m-1781528100","error":"ENOENT: no such file or directory, rename 'C:\\DEV\\tests\\Workspace de Yarbis\\Polybot\\data\\analytics-active.json.tmp' -> 'C:\\DEV\\tests\\Workspace de Yarbis\\Polybot\\data\\analytics-active.json'"}
[2026-06-15T12:59:28.931Z] INFO Skipped trade. {"slug":"btc-updown-5m-1781528100","reason":"no_ask_liquidity_under_cap","outcome":"DOWN"}
[2026-06-15T12:59:49.489Z] WARN Analytics sample recording failed; continuing. {"market":"ETH","slug":"eth-updown-5m-1781528100","error":"ENOENT: no such file or directory, rename 'C:\\DEV\\tests\\Workspace de Yarbis\\Polybot\\data\\analytics-active.json.tmp' -> 'C:\\DEV\\tests\\Workspace de Yarbis\\Polybot\\data\\analytics-active.json'"}
[2026-06-15T12:59:52.467Z] WARN Analytics sample recording failed; continuing. {"market":"BTC","slug":"btc-updown-5m-1781528100","error":"ENOENT: no such file or directory, rename 'C:\\DEV\\tests\\Workspace de Yarbis\\Polybot\\data\\analytics-active.json.tmp' -> 'C:\\DEV\\tests\\Workspace de Yarbis\\Polybot\\data\\analytics-active.json'"}
[2026-06-15T12:59:52.647Z] WARN Analytics sample recording failed; continuing. {"market":"ETH","slug":"eth-updown-5m-1781528100","error":"ENOENT: no such file or directory, rename 'C:\\DEV\\tests\\Workspace de Yarbis\\Polybot\\data\\analytics-active.json.tmp' -> 'C:\\DEV\\tests\\Workspace de Yarbis\\Polybot\\data\\analytics-active.json'"}
[2026-06-15T13:00:00.287Z] INFO Tracking market. {"market":"BTC","slug":"btc-updown-5m-1781528400","title":"Bitcoin Up or Down - June 15, 9:00AM-9:05AM ET","end":"2026-06-15T13:05:00.000Z","upToken":"36991894681275048429893313457169958531519784038135415450998669311672393669332","downToken":"7706332980475704566797704697671617484610096304973368882315831886140550555197","orderMinSize":5,"tickSize":"0.01"}
[2026-06-15T13:00:00.287Z] INFO Skipped trade. {"slug":"btc-updown-5m-1781528400","reason":"missing_opening_chainlink_tick"}
[2026-06-15T13:00:00.287Z] INFO Tracking market. {"market":"ETH","slug":"eth-updown-5m-1781528400","title":"Ethereum Up or Down - June 15, 9:00AM-9:05AM ET","end":"2026-06-15T13:05:00.000Z","upToken":"46836325591070244808898239057579753402332903161188686752884360075952373850849","downToken":"49791833378469657694808680807150683438037610758255931823401644501896732908861","orderMinSize":5,"tickSize":"0.01"}
[2026-06-15T13:00:00.288Z] INFO Skipped trade. {"slug":"eth-updown-5m-1781528400","reason":"missing_opening_chainlink_tick"}
[2026-06-15T13:00:00.288Z] INFO Tracking market. {"market":"DOGE","slug":"doge-updown-5m-1781528400","title":"Dogecoin Up or Down - June 15, 9:00AM-9:05AM ET","end":"2026-06-15T13:05:00.000Z","upToken":"29352929786027568379685467607359921855583215253741509539285192989392247538330","downToken":"57267245103495098696413657843708920777410825107366797028747391867058817737666","orderMinSize":5,"tickSize":"0.01"}
[2026-06-15T13:00:00.288Z] INFO Skipped trade. {"slug":"doge-updown-5m-1781528400","reason":"missing_opening_chainlink_tick"}
[2026-06-15T13:00:02.346Z] WARN Bot loop iteration failed; retrying. {"error":"ENOENT: no such file or directory, rename 'C:\\DEV\\tests\\Workspace de Yarbis\\Polybot\\data\\state.json.tmp' -> 'C:\\DEV\\tests\\Workspace de Yarbis\\Polybot\\data\\state.json'"}
[2026-06-15T13:00:03.366Z] INFO Skipped trade. {"slug":"btc-updown-5m-1781528400","reason":"btc_distance_below_threshold","market":"BTC","minDistanceUsd":{"UP":12,"DOWN":12},"openingPrice":66528.93759507868,"currentPrice":66530.46635555405}
[2026-06-15T13:00:05.547Z] INFO Captured Chainlink opening tick. {"slug":"eth-updown-5m-1781528400","openingPrice":1776.4278316437649,"tickTimestamp":"2026-06-15T13:00:00.000Z"}
[2026-06-15T13:00:05.553Z] INFO Skipped trade. {"slug":"eth-updown-5m-1781528400","reason":"btc_distance_below_threshold","market":"ETH","minDistanceUsd":{"UP":2,"DOWN":2},"openingPrice":1776.4278316437649,"currentPrice":1776.3909361165638}
[2026-06-15T13:00:05.615Z] INFO Captured Chainlink opening tick. {"slug":"doge-updown-5m-1781528400","openingPrice":0.0900240296059368,"tickTimestamp":"2026-06-15T13:00:00.000Z"}
[2026-06-15T13:00:05.625Z] INFO Skipped trade. {"slug":"doge-updown-5m-1781528400","reason":"btc_distance_below_threshold","market":"DOGE","minDistanceUsd":{"UP":0.0003,"DOWN":0.0003},"openingPrice":0.0900240296059368,"currentPrice":0.0900211071359495}
[2026-06-15T13:04:34.402Z] INFO Skipped trade. {"slug":"btc-updown-5m-1781528400","reason":"no_ask_liquidity_under_cap","outcome":"DOWN"}
[2026-06-15T13:05:01.029Z] INFO Tracking market. {"market":"BTC","slug":"btc-updown-5m-1781528700","title":"Bitcoin Up or Down - June 15, 9:05AM-9:10AM ET","end":"2026-06-15T13:10:00.000Z","upToken":"43564726538002788105885058667797105577932593292376963530162817534965457229109","downToken":"110925204095330047474291959917743497610634160599623222179233745336636139993174","orderMinSize":5,"tickSize":"0.01"}
[2026-06-15T13:05:01.030Z] INFO Skipped trade. {"slug":"btc-updown-5m-1781528700","reason":"missing_opening_chainlink_tick"}
[2026-06-15T13:05:01.030Z] INFO Tracking market. {"market":"ETH","slug":"eth-updown-5m-1781528700","title":"Ethereum Up or Down - June 15, 9:05AM-9:10AM ET","end":"2026-06-15T13:10:00.000Z","upToken":"89108404123755048975171963929616235126604518401601622730314519810509830675640","downToken":"54087957521331476113921955360369295042508595032028541654373691908554476019729","orderMinSize":5,"tickSize":"0.01"}
[2026-06-15T13:05:01.030Z] INFO Skipped trade. {"slug":"eth-updown-5m-1781528700","reason":"missing_opening_chainlink_tick"}
[2026-06-15T13:05:01.031Z] INFO Tracking market. {"market":"DOGE","slug":"doge-updown-5m-1781528700","title":"Dogecoin Up or Down - June 15, 9:05AM-9:10AM ET","end":"2026-06-15T13:10:00.000Z","upToken":"97280721705779160331167226199180484429053675224204492555975942295748343480446","downToken":"46140204335283168246710951787350724891813173413211005898390523443037320915323","orderMinSize":5,"tickSize":"0.01"}
[2026-06-15T13:05:01.031Z] INFO Skipped trade. {"slug":"doge-updown-5m-1781528700","reason":"missing_opening_chainlink_tick"}
[2026-06-15T13:05:02.082Z] INFO Captured Chainlink opening tick. {"slug":"btc-updown-5m-1781528700","openingPrice":66510.31987555316,"tickTimestamp":"2026-06-15T13:05:00.000Z"}
[2026-06-15T13:05:02.086Z] INFO Skipped trade. {"slug":"btc-updown-5m-1781528700","reason":"btc_distance_below_threshold","market":"BTC","minDistanceUsd":{"UP":12,"DOWN":12},"openingPrice":66510.31987555316,"currentPrice":66510.31987555316}
[2026-06-15T13:05:05.160Z] INFO Captured Chainlink opening tick. {"slug":"eth-updown-5m-1781528700","openingPrice":1775.6281931744923,"tickTimestamp":"2026-06-15T13:05:00.000Z"}
[2026-06-15T13:05:05.165Z] INFO Skipped trade. {"slug":"eth-updown-5m-1781528700","reason":"btc_distance_below_threshold","market":"ETH","minDistanceUsd":{"UP":2,"DOWN":2},"openingPrice":1775.6281931744923,"currentPrice":1775.8263162036762}
[2026-06-15T13:05:05.208Z] INFO Captured Chainlink opening tick. {"slug":"doge-updown-5m-1781528700","openingPrice":0.0899687159487093,"tickTimestamp":"2026-06-15T13:05:00.000Z"}
[2026-06-15T13:05:05.225Z] INFO Skipped trade. {"slug":"doge-updown-5m-1781528700","reason":"btc_distance_below_threshold","market":"DOGE","minDistanceUsd":{"UP":0.0003,"DOWN":0.0003},"openingPrice":0.0899687159487093,"currentPrice":0.0899702692652482}
[2026-06-15T13:09:29.454Z] INFO Skipped trade. {"slug":"eth-updown-5m-1781528700","reason":"no_ask_liquidity_under_cap","outcome":"UP"}
[2026-06-15T13:09:29.499Z] INFO Trade attempt recorded. {"mode":"sim","slug":"btc-updown-5m-1781528700","outcome":"UP","amountUsd":5,"bestAsk":0.65,"estimatedShares":7.692307692307692}
[2026-06-15T13:09:30.689Z] INFO Skipped trade. {"slug":"btc-updown-5m-1781528700","reason":"market_already_traded"}
[2026-06-15T13:09:32.418Z] WARN Analytics sample recording failed; continuing. {"market":"ETH","slug":"eth-updown-5m-1781528700","error":"ENOENT: no such file or directory, rename 'C:\\DEV\\tests\\Workspace de Yarbis\\Polybot\\data\\analytics-active.json.tmp' -> 'C:\\DEV\\tests\\Workspace de Yarbis\\Polybot\\data\\analytics-active.json'"}
[2026-06-15T13:10:00.773Z] INFO Tracking market. {"market":"BTC","slug":"btc-updown-5m-1781529000","title":"Bitcoin Up or Down - June 15, 9:10AM-9:15AM ET","end":"2026-06-15T13:15:00.000Z","upToken":"22313912018059009475677756529444122471311491397819974559318895202648006115129","downToken":"104958797747554451821896487120452574113409016424702680163205603340017432778154","orderMinSize":5,"tickSize":"0.01"}
[2026-06-15T13:10:00.773Z] INFO Skipped trade. {"slug":"btc-updown-5m-1781529000","reason":"missing_opening_chainlink_tick"}
[2026-06-15T13:10:00.773Z] INFO Tracking market. {"market":"ETH","slug":"eth-updown-5m-1781529000","title":"Ethereum Up or Down - June 15, 9:10AM-9:15AM ET","end":"2026-06-15T13:15:00.000Z","upToken":"27650287968035264560673882220961612308083938662275315266003014171337229288809","downToken":"34325096666097532051228624402443126493449745114727367654330303071256953862489","orderMinSize":5,"tickSize":"0.01"}
[2026-06-15T13:10:00.774Z] INFO Skipped trade. {"slug":"eth-updown-5m-1781529000","reason":"missing_opening_chainlink_tick"}
[2026-06-15T13:10:00.774Z] INFO Tracking market. {"market":"DOGE","slug":"doge-updown-5m-1781529000","title":"Dogecoin Up or Down - June 15, 9:10AM-9:15AM ET","end":"2026-06-15T13:15:00.000Z","upToken":"91178451667999511670688414862329923685248660448593293144051031119045109536995","downToken":"38703125661540320378841951293115617545088734544287850600030149276792057582046","orderMinSize":5,"tickSize":"0.01"}
[2026-06-15T13:10:00.774Z] INFO Skipped trade. {"slug":"doge-updown-5m-1781529000","reason":"missing_opening_chainlink_tick"}
[2026-06-15T13:10:01.850Z] INFO Resolved trade. {"mode":"sim","slug":"btc-updown-5m-1781528700","outcome":"UP","winningOutcome":"UP","won":true,"finalPrice":66547.6302749132}
[2026-06-15T13:10:01.913Z] INFO Captured Chainlink opening tick. {"slug":"btc-updown-5m-1781529000","openingPrice":66547.6302749132,"tickTimestamp":"2026-06-15T13:10:00.000Z"}
[2026-06-15T13:10:01.919Z] INFO Skipped trade. {"slug":"btc-updown-5m-1781529000","reason":"btc_distance_below_threshold","market":"BTC","minDistanceUsd":{"UP":12,"DOWN":12},"openingPrice":66547.6302749132,"currentPrice":66547.6302749132}
[2026-06-15T13:10:06.178Z] INFO Captured Chainlink opening tick. {"slug":"eth-updown-5m-1781529000","openingPrice":1785.4235360195,"tickTimestamp":"2026-06-15T13:10:00.000Z"}
[2026-06-15T13:10:06.183Z] INFO Skipped trade. {"slug":"eth-updown-5m-1781529000","reason":"btc_distance_below_threshold","market":"ETH","minDistanceUsd":{"UP":2,"DOWN":2},"openingPrice":1785.4235360195,"currentPrice":1785.1521550444706}
[2026-06-15T13:10:06.213Z] INFO Captured Chainlink opening tick. {"slug":"doge-updown-5m-1781529000","openingPrice":0.0900266,"tickTimestamp":"2026-06-15T13:10:00.000Z"}
[2026-06-15T13:10:06.218Z] INFO Skipped trade. {"slug":"doge-updown-5m-1781529000","reason":"btc_distance_below_threshold","market":"DOGE","minDistanceUsd":{"UP":0.0003,"DOWN":0.0003},"openingPrice":0.0900266,"currentPrice":0.090010644995672}
[2026-06-15T13:12:34.237Z] INFO Skipped trade. {"slug":"eth-updown-5m-1781529000","reason":"stale_chainlink_tick","tickTimestamp":"2026-06-15T13:12:24.000Z"}
[2026-06-15T13:12:34.237Z] INFO Skipped trade. {"slug":"doge-updown-5m-1781529000","reason":"stale_chainlink_tick","tickTimestamp":"2026-06-15T13:12:24.000Z"}
[2026-06-15T13:14:25.086Z] WARN Analytics sample recording failed; continuing. {"market":"BTC","slug":"btc-updown-5m-1781529000","error":"ENOENT: no such file or directory, rename 'C:\\DEV\\tests\\Workspace de Yarbis\\Polybot\\data\\analytics-active.json.tmp' -> 'C:\\DEV\\tests\\Workspace de Yarbis\\Polybot\\data\\analytics-active.json'"}
[2026-06-15T13:14:28.555Z] INFO Skipped trade. {"slug":"btc-updown-5m-1781529000","reason":"no_ask_liquidity_under_cap","outcome":"UP"}
[2026-06-15T13:14:28.555Z] INFO Skipped trade. {"slug":"eth-updown-5m-1781529000","reason":"no_ask_liquidity_under_cap","outcome":"UP"}
[2026-06-15T13:14:28.555Z] INFO Skipped trade. {"slug":"doge-updown-5m-1781529000","reason":"no_ask_liquidity_under_cap","outcome":"UP"}
[2026-06-15T13:15:01.389Z] INFO Tracking market. {"market":"BTC","slug":"btc-updown-5m-1781529300","title":"Bitcoin Up or Down - June 15, 9:15AM-9:20AM ET","end":"2026-06-15T13:20:00.000Z","upToken":"10955796348007784141288955222650592552612804098825741147197418822299137354431","downToken":"78831283135573726652529557824197521393822951793496479161994834634682114225803","orderMinSize":5,"tickSize":"0.01"}
[2026-06-15T13:15:01.441Z] INFO Captured Chainlink opening tick. {"slug":"btc-updown-5m-1781529300","openingPrice":66576.44522845252,"tickTimestamp":"2026-06-15T13:15:00.000Z"}
[2026-06-15T13:15:01.444Z] INFO Skipped trade. {"slug":"btc-updown-5m-1781529300","reason":"btc_distance_below_threshold","market":"BTC","minDistanceUsd":{"UP":12,"DOWN":12},"openingPrice":66576.44522845252,"currentPrice":66576.44522845252}
[2026-06-15T13:15:01.444Z] INFO Tracking market. {"market":"ETH","slug":"eth-updown-5m-1781529300","title":"Ethereum Up or Down - June 15, 9:15AM-9:20AM ET","end":"2026-06-15T13:20:00.000Z","upToken":"105932040914339997824742751788170605729424946716431331696609668415899029107350","downToken":"21045573507479458621525271128242512546594942841125441300954257773481931258756","orderMinSize":5,"tickSize":"0.01"}
[2026-06-15T13:15:01.444Z] INFO Skipped trade. {"slug":"eth-updown-5m-1781529300","reason":"missing_opening_chainlink_tick"}
[2026-06-15T13:15:01.444Z] INFO Tracking market. {"market":"DOGE","slug":"doge-updown-5m-1781529300","title":"Dogecoin Up or Down - June 15, 9:15AM-9:20AM ET","end":"2026-06-15T13:20:00.000Z","upToken":"29715990651594933901133676517608594361251105685788192822787480612065044875477","downToken":"39036781152540578780276870880620016249090801541510650372357126980058102938783","orderMinSize":5,"tickSize":"0.01"}
[2026-06-15T13:15:01.445Z] INFO Skipped trade. {"slug":"doge-updown-5m-1781529300","reason":"missing_opening_chainlink_tick"}
[2026-06-15T13:15:06.639Z] INFO Captured Chainlink opening tick. {"slug":"eth-updown-5m-1781529300","openingPrice":1793.0139124244292,"tickTimestamp":"2026-06-15T13:15:00.000Z"}
[2026-06-15T13:15:06.642Z] INFO Skipped trade. {"slug":"eth-updown-5m-1781529300","reason":"btc_distance_below_threshold","market":"ETH","minDistanceUsd":{"UP":2,"DOWN":2},"openingPrice":1793.0139124244292,"currentPrice":1792.819868301921}
[2026-06-15T13:15:06.672Z] INFO Captured Chainlink opening tick. {"slug":"doge-updown-5m-1781529300","openingPrice":0.0904056035969576,"tickTimestamp":"2026-06-15T13:15:00.000Z"}
[2026-06-15T13:15:06.676Z] INFO Skipped trade. {"slug":"doge-updown-5m-1781529300","reason":"btc_distance_below_threshold","market":"DOGE","minDistanceUsd":{"UP":0.0003,"DOWN":0.0003},"openingPrice":0.0904056035969576,"currentPrice":0.0903894367533524}
[2026-06-15T13:19:29.712Z] INFO Skipped trade. {"slug":"btc-updown-5m-1781529300","reason":"no_ask_liquidity_under_cap","outcome":"UP"}
[2026-06-15T13:19:29.713Z] INFO Skipped trade. {"slug":"eth-updown-5m-1781529300","reason":"no_ask_liquidity_under_cap","outcome":"UP"}
[2026-06-15T13:19:37.537Z] INFO Skipped trade. {"slug":"doge-updown-5m-1781529300","reason":"no_ask_liquidity_under_cap","outcome":"UP"}
[2026-06-15T13:20:00.809Z] INFO Tracking market. {"market":"BTC","slug":"btc-updown-5m-1781529600","title":"Bitcoin Up or Down - June 15, 9:20AM-9:25AM ET","end":"2026-06-15T13:25:00.000Z","upToken":"83135949129947792405257995845114449554612846120382294296768044341491670124874","downToken":"62359535797594063103855199363105859645017094885953881484620295432730106661","orderMinSize":5,"tickSize":"0.01"}
[2026-06-15T13:20:00.809Z] INFO Skipped trade. {"slug":"btc-updown-5m-1781529600","reason":"missing_opening_chainlink_tick"}
[2026-06-15T13:20:00.809Z] INFO Tracking market. {"market":"ETH","slug":"eth-updown-5m-1781529600","title":"Ethereum Up or Down - June 15, 9:20AM-9:25AM ET","end":"2026-06-15T13:25:00.000Z","upToken":"32550276277347187474641807283381845080285352572801052727222558497820089758753","downToken":"63199584204077712771856743000426146838232984780072979302050005912769236817800","orderMinSize":5,"tickSize":"0.01"}
[2026-06-15T13:20:00.809Z] INFO Skipped trade. {"slug":"eth-updown-5m-1781529600","reason":"missing_opening_chainlink_tick"}
[2026-06-15T13:20:00.809Z] INFO Tracking market. {"market":"DOGE","slug":"doge-updown-5m-1781529600","title":"Dogecoin Up or Down - June 15, 9:20AM-9:25AM ET","end":"2026-06-15T13:25:00.000Z","upToken":"59030016224020818529086543123964998582915945097724390158204849210547523550627","downToken":"50023734306335571613139515590959364311757744529687827686264484015749658554992","orderMinSize":5,"tickSize":"0.01"}
[2026-06-15T13:20:00.809Z] INFO Skipped trade. {"slug":"doge-updown-5m-1781529600","reason":"missing_opening_chainlink_tick"}
[2026-06-15T13:20:01.869Z] INFO Captured Chainlink opening tick. {"slug":"btc-updown-5m-1781529600","openingPrice":66783.191645,"tickTimestamp":"2026-06-15T13:20:00.000Z"}
[2026-06-15T13:20:01.875Z] INFO Skipped trade. {"slug":"btc-updown-5m-1781529600","reason":"btc_distance_below_threshold","market":"BTC","minDistanceUsd":{"UP":12,"DOWN":12},"openingPrice":66783.191645,"currentPrice":66783.191645}
[2026-06-15T13:20:07.053Z] INFO Captured Chainlink opening tick. {"slug":"eth-updown-5m-1781529600","openingPrice":1809.671135,"tickTimestamp":"2026-06-15T13:20:00.000Z"}
[2026-06-15T13:20:07.062Z] INFO Skipped trade. {"slug":"eth-updown-5m-1781529600","reason":"btc_distance_below_threshold","market":"ETH","minDistanceUsd":{"UP":2,"DOWN":2},"openingPrice":1809.671135,"currentPrice":1809.3228346116741}
[2026-06-15T13:20:07.096Z] INFO Captured Chainlink opening tick. {"slug":"doge-updown-5m-1781529600","openingPrice":0.090756,"tickTimestamp":"2026-06-15T13:20:00.000Z"}
[2026-06-15T13:20:07.100Z] INFO Skipped trade. {"slug":"doge-updown-5m-1781529600","reason":"btc_distance_below_threshold","market":"DOGE","minDistanceUsd":{"UP":0.0003,"DOWN":0.0003},"openingPrice":0.090756,"currentPrice":0.0907383}
[2026-06-15T13:24:30.141Z] INFO Skipped trade. {"slug":"btc-updown-5m-1781529600","reason":"no_ask_liquidity_under_cap","outcome":"UP"}
[2026-06-15T13:24:30.141Z] INFO Skipped trade. {"slug":"eth-updown-5m-1781529600","reason":"no_ask_liquidity_under_cap","outcome":"UP"}
[2026-06-15T13:25:01.304Z] INFO Tracking market. {"market":"BTC","slug":"btc-updown-5m-1781529900","title":"Bitcoin Up or Down - June 15, 9:25AM-9:30AM ET","end":"2026-06-15T13:30:00.000Z","upToken":"71400487591727760226761870456244319269304553295007186726778688859947959407968","downToken":"7433116924826966016365368145477062689185093590864475525160583955825504491309","orderMinSize":5,"tickSize":"0.01"}
[2026-06-15T13:25:01.305Z] INFO Skipped trade. {"slug":"btc-updown-5m-1781529900","reason":"missing_opening_chainlink_tick"}
[2026-06-15T13:25:01.305Z] INFO Tracking market. {"market":"ETH","slug":"eth-updown-5m-1781529900","title":"Ethereum Up or Down - June 15, 9:25AM-9:30AM ET","end":"2026-06-15T13:30:00.000Z","upToken":"45561686435693974000820256421088962322409225536080947086005857031762210496966","downToken":"113197181870445610971380993021102112701343192042574677375205245742415436284003","orderMinSize":5,"tickSize":"0.01"}
[2026-06-15T13:25:01.305Z] INFO Skipped trade. {"slug":"eth-updown-5m-1781529900","reason":"missing_opening_chainlink_tick"}
[2026-06-15T13:25:01.305Z] INFO Tracking market. {"market":"DOGE","slug":"doge-updown-5m-1781529900","title":"Dogecoin Up or Down - June 15, 9:25AM-9:30AM ET","end":"2026-06-15T13:30:00.000Z","upToken":"102148174845545023154428056238111472419281318121989444174813377691619936920249","downToken":"42828160447325712609079749865526517387202762760205645962396166184158000054867","orderMinSize":5,"tickSize":"0.01"}
[2026-06-15T13:25:01.306Z] INFO Skipped trade. {"slug":"doge-updown-5m-1781529900","reason":"missing_opening_chainlink_tick"}
[2026-06-15T13:25:02.351Z] INFO Captured Chainlink opening tick. {"slug":"btc-updown-5m-1781529900","openingPrice":66863.59067582527,"tickTimestamp":"2026-06-15T13:25:00.000Z"}
[2026-06-15T13:25:02.358Z] INFO Skipped trade. {"slug":"btc-updown-5m-1781529900","reason":"btc_distance_below_threshold","market":"BTC","minDistanceUsd":{"UP":12,"DOWN":12},"openingPrice":66863.59067582527,"currentPrice":66863.59067582527}
[2026-06-15T13:25:06.514Z] INFO Captured Chainlink opening tick. {"slug":"eth-updown-5m-1781529900","openingPrice":1821.293169878345,"tickTimestamp":"2026-06-15T13:25:00.000Z"}
[2026-06-15T13:25:06.518Z] INFO Skipped trade. {"slug":"eth-updown-5m-1781529900","reason":"btc_distance_below_threshold","market":"ETH","minDistanceUsd":{"UP":2,"DOWN":2},"openingPrice":1821.293169878345,"currentPrice":1821.9789175170924}
[2026-06-15T13:25:06.548Z] INFO Captured Chainlink opening tick. {"slug":"doge-updown-5m-1781529900","openingPrice":0.0907117,"tickTimestamp":"2026-06-15T13:25:00.000Z"}
[2026-06-15T13:25:06.552Z] INFO Skipped trade. {"slug":"doge-updown-5m-1781529900","reason":"btc_distance_below_threshold","market":"DOGE","minDistanceUsd":{"UP":0.0003,"DOWN":0.0003},"openingPrice":0.0907117,"currentPrice":0.0906858}
[2026-06-15T13:28:49.786Z] INFO Skipped trade. {"slug":"btc-updown-5m-1781529900","reason":"stale_chainlink_tick","tickTimestamp":"2026-06-15T13:28:39.000Z"}
[2026-06-15T13:28:49.786Z] INFO Skipped trade. {"slug":"eth-updown-5m-1781529900","reason":"stale_chainlink_tick","tickTimestamp":"2026-06-15T13:28:39.000Z"}
[2026-06-15T13:28:49.786Z] INFO Skipped trade. {"slug":"doge-updown-5m-1781529900","reason":"stale_chainlink_tick","tickTimestamp":"2026-06-15T13:28:39.000Z"}
[2026-06-15T13:29:29.387Z] INFO Skipped trade. {"slug":"btc-updown-5m-1781529900","reason":"no_ask_liquidity_under_cap","outcome":"DOWN"}
[2026-06-15T13:29:29.387Z] INFO Skipped trade. {"slug":"eth-updown-5m-1781529900","reason":"no_ask_liquidity_under_cap","outcome":"DOWN"}
[2026-06-15T13:30:00.724Z] INFO Tracking market. {"market":"BTC","slug":"btc-updown-5m-1781530200","title":"Bitcoin Up or Down - June 15, 9:30AM-9:35AM ET","end":"2026-06-15T13:35:00.000Z","upToken":"115153390692475823868722379839303690826523844823260626448594467103669439000698","downToken":"58161687191399843883169648834822226964133764008490618051042940992836261459753","orderMinSize":5,"tickSize":"0.01"}
[2026-06-15T13:30:00.725Z] INFO Skipped trade. {"slug":"btc-updown-5m-1781530200","reason":"missing_opening_chainlink_tick"}
[2026-06-15T13:30:00.725Z] INFO Tracking market. {"market":"ETH","slug":"eth-updown-5m-1781530200","title":"Ethereum Up or Down - June 15, 9:30AM-9:35AM ET","end":"2026-06-15T13:35:00.000Z","upToken":"97848828115801084278795264544152983135101701646972348995530287276841555313503","downToken":"50906469103014411781712392641439787728597624965038916923845537100872716304920","orderMinSize":5,"tickSize":"0.01"}
[2026-06-15T13:30:00.725Z] INFO Skipped trade. {"slug":"eth-updown-5m-1781530200","reason":"missing_opening_chainlink_tick"}
[2026-06-15T13:30:00.725Z] INFO Tracking market. {"market":"DOGE","slug":"doge-updown-5m-1781530200","title":"Dogecoin Up or Down - June 15, 9:30AM-9:35AM ET","end":"2026-06-15T13:35:00.000Z","upToken":"77493166893706729973839026979585363781724990963558178895441967747716182638633","downToken":"64800959263999401817012635025703687624641128434768856352874692605781496127069","orderMinSize":5,"tickSize":"0.01"}
[2026-06-15T13:30:00.725Z] INFO Skipped trade. {"slug":"doge-updown-5m-1781530200","reason":"missing_opening_chainlink_tick"}
[2026-06-15T13:30:01.768Z] INFO Captured Chainlink opening tick. {"slug":"btc-updown-5m-1781530200","openingPrice":66800.26384,"tickTimestamp":"2026-06-15T13:30:00.000Z"}
[2026-06-15T13:30:01.772Z] INFO Skipped trade. {"slug":"btc-updown-5m-1781530200","reason":"btc_distance_below_threshold","market":"BTC","minDistanceUsd":{"UP":12,"DOWN":12},"openingPrice":66800.26384,"currentPrice":66800.26384}
[2026-06-15T13:30:02.825Z] INFO Captured Chainlink opening tick. {"slug":"eth-updown-5m-1781530200","openingPrice":1819.0038121069995,"tickTimestamp":"2026-06-15T13:30:00.000Z"}
[2026-06-15T13:30:02.830Z] INFO Skipped trade. {"slug":"eth-updown-5m-1781530200","reason":"btc_distance_below_threshold","market":"ETH","minDistanceUsd":{"UP":2,"DOWN":2},"openingPrice":1819.0038121069995,"currentPrice":1819.0038121069995}
[2026-06-15T13:30:02.863Z] INFO Captured Chainlink opening tick. {"slug":"doge-updown-5m-1781530200","openingPrice":0.090728253,"tickTimestamp":"2026-06-15T13:30:00.000Z"}
[2026-06-15T13:30:02.867Z] INFO Skipped trade. {"slug":"doge-updown-5m-1781530200","reason":"btc_distance_below_threshold","market":"DOGE","minDistanceUsd":{"UP":0.0003,"DOWN":0.0003},"openingPrice":0.090728253,"currentPrice":0.090728253}
[2026-06-15T13:34:29.697Z] INFO Skipped trade. {"slug":"eth-updown-5m-1781530200","reason":"no_ask_liquidity_under_cap","outcome":"DOWN"}
[2026-06-15T13:34:31.298Z] INFO Trade attempt recorded. {"mode":"sim","slug":"btc-updown-5m-1781530200","outcome":"DOWN","amountUsd":5,"bestAsk":0.73,"estimatedShares":6.8493150684931505}
[2026-06-15T13:34:32.491Z] INFO Skipped trade. {"slug":"btc-updown-5m-1781530200","reason":"market_already_traded"}
[2026-06-15T13:35:00.717Z] INFO Tracking market. {"market":"BTC","slug":"btc-updown-5m-1781530500","title":"Bitcoin Up or Down - June 15, 9:35AM-9:40AM ET","end":"2026-06-15T13:40:00.000Z","upToken":"38436565919205109727544040467705202766598198383885543477444593278390546148419","downToken":"100108374982233882080610433072913341927480641834918721996142859313372107504321","orderMinSize":5,"tickSize":"0.01"}
[2026-06-15T13:35:00.717Z] INFO Skipped trade. {"slug":"btc-updown-5m-1781530500","reason":"missing_opening_chainlink_tick"}
[2026-06-15T13:35:00.717Z] INFO Tracking market. {"market":"ETH","slug":"eth-updown-5m-1781530500","title":"Ethereum Up or Down - June 15, 9:35AM-9:40AM ET","end":"2026-06-15T13:40:00.000Z","upToken":"61273680201687895392883266096926237774929373448674862012827677487497729271605","downToken":"78509669581506688311515308776661332682752956798963047256153556019488616312987","orderMinSize":5,"tickSize":"0.01"}
[2026-06-15T13:35:00.717Z] INFO Skipped trade. {"slug":"eth-updown-5m-1781530500","reason":"missing_opening_chainlink_tick"}
[2026-06-15T13:35:00.717Z] INFO Tracking market. {"market":"DOGE","slug":"doge-updown-5m-1781530500","title":"Dogecoin Up or Down - June 15, 9:35AM-9:40AM ET","end":"2026-06-15T13:40:00.000Z","upToken":"10319090363971586216466505307242947226300235898054517319245622939622971638800","downToken":"83546904451462278048370222155849698814073876387688663824280802929304917650009","orderMinSize":5,"tickSize":"0.01"}
[2026-06-15T13:35:00.717Z] INFO Skipped trade. {"slug":"doge-updown-5m-1781530500","reason":"missing_opening_chainlink_tick"}
[2026-06-15T13:35:01.799Z] INFO Resolved trade. {"mode":"sim","slug":"btc-updown-5m-1781530200","outcome":"DOWN","winningOutcome":"DOWN","won":true,"finalPrice":66786.64539510367}
[2026-06-15T13:35:01.835Z] INFO Captured Chainlink opening tick. {"slug":"btc-updown-5m-1781530500","openingPrice":66786.64539510367,"tickTimestamp":"2026-06-15T13:35:00.000Z"}
[2026-06-15T13:35:01.840Z] INFO Skipped trade. {"slug":"btc-updown-5m-1781530500","reason":"btc_distance_below_threshold","market":"BTC","minDistanceUsd":{"UP":12,"DOWN":12},"openingPrice":66786.64539510367,"currentPrice":66786.64539510367}
[2026-06-15T13:35:02.874Z] INFO Captured Chainlink opening tick. {"slug":"eth-updown-5m-1781530500","openingPrice":1815.4728203153938,"tickTimestamp":"2026-06-15T13:35:00.000Z"}
[2026-06-15T13:35:02.878Z] INFO Skipped trade. {"slug":"eth-updown-5m-1781530500","reason":"btc_distance_below_threshold","market":"ETH","minDistanceUsd":{"UP":2,"DOWN":2},"openingPrice":1815.4728203153938,"currentPrice":1815.4728203153938}
[2026-06-15T13:35:02.906Z] INFO Captured Chainlink opening tick. {"slug":"doge-updown-5m-1781530500","openingPrice":0.090613328,"tickTimestamp":"2026-06-15T13:35:00.000Z"}
[2026-06-15T13:35:02.911Z] INFO Skipped trade. {"slug":"doge-updown-5m-1781530500","reason":"btc_distance_below_threshold","market":"DOGE","minDistanceUsd":{"UP":0.0003,"DOWN":0.0003},"openingPrice":0.090613328,"currentPrice":0.090613328}
[2026-06-15T13:39:29.860Z] INFO Skipped trade. {"slug":"btc-updown-5m-1781530500","reason":"no_ask_liquidity_under_cap","outcome":"DOWN"}
[2026-06-15T13:39:58.420Z] INFO Skipped trade. {"slug":"eth-updown-5m-1781530500","reason":"no_ask_liquidity_under_cap","outcome":"DOWN"}
[2026-06-15T13:39:58.420Z] INFO Skipped trade. {"slug":"doge-updown-5m-1781530500","reason":"no_ask_liquidity_under_cap","outcome":"DOWN"}
[2026-06-15T13:40:01.056Z] INFO Tracking market. {"market":"BTC","slug":"btc-updown-5m-1781530800","title":"Bitcoin Up or Down - June 15, 9:40AM-9:45AM ET","end":"2026-06-15T13:45:00.000Z","upToken":"60130429391937198527146554523018106904792362222015452405573875836275918551306","downToken":"20439006202666719291204186772841926791391221133297072138394485353757829487716","orderMinSize":5,"tickSize":"0.01"}
[2026-06-15T13:40:01.057Z] INFO Skipped trade. {"slug":"btc-updown-5m-1781530800","reason":"missing_opening_chainlink_tick"}
[2026-06-15T13:40:01.057Z] INFO Tracking market. {"market":"ETH","slug":"eth-updown-5m-1781530800","title":"Ethereum Up or Down - June 15, 9:40AM-9:45AM ET","end":"2026-06-15T13:45:00.000Z","upToken":"29515787878304594454142351236118706291558802671558681069863744023856265203511","downToken":"54316306650479656808191656005000091968672303247452967242471782045878642258718","orderMinSize":5,"tickSize":"0.01"}
[2026-06-15T13:40:01.057Z] INFO Skipped trade. {"slug":"eth-updown-5m-1781530800","reason":"missing_opening_chainlink_tick"}
[2026-06-15T13:40:01.057Z] INFO Tracking market. {"market":"DOGE","slug":"doge-updown-5m-1781530800","title":"Dogecoin Up or Down - June 15, 9:40AM-9:45AM ET","end":"2026-06-15T13:45:00.000Z","upToken":"9874204556642049674973792565759577820250072737631982968584396691609469135532","downToken":"80563722850179925854622861542302089653509079810721491979495003959578575280426","orderMinSize":5,"tickSize":"0.01"}
[2026-06-15T13:40:01.057Z] INFO Skipped trade. {"slug":"doge-updown-5m-1781530800","reason":"missing_opening_chainlink_tick"}
[2026-06-15T13:40:02.108Z] INFO Captured Chainlink opening tick. {"slug":"btc-updown-5m-1781530800","openingPrice":66612.0206841273,"tickTimestamp":"2026-06-15T13:40:00.000Z"}
[2026-06-15T13:40:02.118Z] INFO Skipped trade. {"slug":"btc-updown-5m-1781530800","reason":"btc_distance_below_threshold","market":"BTC","minDistanceUsd":{"UP":12,"DOWN":12},"openingPrice":66612.0206841273,"currentPrice":66612.0206841273}
[2026-06-15T13:40:03.175Z] INFO Captured Chainlink opening tick. {"slug":"eth-updown-5m-1781530800","openingPrice":1813.4527710751431,"tickTimestamp":"2026-06-15T13:40:00.000Z"}
[2026-06-15T13:40:03.179Z] INFO Skipped trade. {"slug":"eth-updown-5m-1781530800","reason":"btc_distance_below_threshold","market":"ETH","minDistanceUsd":{"UP":2,"DOWN":2},"openingPrice":1813.4527710751431,"currentPrice":1813.4821545791513}
[2026-06-15T13:40:03.225Z] INFO Captured Chainlink opening tick. {"slug":"doge-updown-5m-1781530800","openingPrice":0.0902824378073333,"tickTimestamp":"2026-06-15T13:40:00.000Z"}
[2026-06-15T13:40:03.229Z] INFO Skipped trade. {"slug":"doge-updown-5m-1781530800","reason":"btc_distance_below_threshold","market":"DOGE","minDistanceUsd":{"UP":0.0003,"DOWN":0.0003},"openingPrice":0.0902824378073333,"currentPrice":0.0902853305609514}
[2026-06-15T13:44:29.644Z] INFO Skipped trade. {"slug":"btc-updown-5m-1781530800","reason":"no_ask_liquidity_under_cap","outcome":"DOWN"}
[2026-06-15T13:44:29.644Z] INFO Skipped trade. {"slug":"eth-updown-5m-1781530800","reason":"no_ask_liquidity_under_cap","outcome":"DOWN"}
[2026-06-15T13:44:42.729Z] WARN RTDS websocket closed; reconnecting soon.
[2026-06-15T13:44:43.249Z] WARN RTDS websocket closed; reconnecting soon.
[2026-06-15T13:44:46.315Z] INFO Connected to Polymarket RTDS Chainlink feed.
[2026-06-15T13:44:46.785Z] INFO Connected to Polymarket RTDS Chainlink feed.
[2026-06-15T13:45:00.534Z] INFO Tracking market. {"market":"BTC","slug":"btc-updown-5m-1781531100","title":"Bitcoin Up or Down - June 15, 9:45AM-9:50AM ET","end":"2026-06-15T13:50:00.000Z","upToken":"93045483097505130803823058694384487500551434322507878867535508553998515800808","downToken":"78336179715084027429547475592842546535889885115481229601485322784872836155475","orderMinSize":5,"tickSize":"0.01"}
[2026-06-15T13:45:00.534Z] INFO Skipped trade. {"slug":"btc-updown-5m-1781531100","reason":"missing_opening_chainlink_tick"}
[2026-06-15T13:45:00.534Z] INFO Tracking market. {"market":"ETH","slug":"eth-updown-5m-1781531100","title":"Ethereum Up or Down - June 15, 9:45AM-9:50AM ET","end":"2026-06-15T13:50:00.000Z","upToken":"43887643698429714669969528341758301179781053350344618944888968698321088912777","downToken":"82815225349205713152085296736308879234742811892889691992040557510435394995234","orderMinSize":5,"tickSize":"0.01"}
[2026-06-15T13:45:00.535Z] INFO Skipped trade. {"slug":"eth-updown-5m-1781531100","reason":"missing_opening_chainlink_tick"}
[2026-06-15T13:45:00.535Z] INFO Tracking market. {"market":"DOGE","slug":"doge-updown-5m-1781531100","title":"Dogecoin Up or Down - June 15, 9:45AM-9:50AM ET","end":"2026-06-15T13:50:00.000Z","upToken":"19800878528100138982830052737203777139895397569942293962775373974888747490358","downToken":"110051734769628801607754477153603262594878575372357660712616213003673174153164","orderMinSize":5,"tickSize":"0.01"}
[2026-06-15T13:45:00.535Z] INFO Skipped trade. {"slug":"doge-updown-5m-1781531100","reason":"missing_opening_chainlink_tick"}
[2026-06-15T13:45:02.602Z] INFO Captured Chainlink opening tick. {"slug":"btc-updown-5m-1781531100","openingPrice":66534.62885681352,"tickTimestamp":"2026-06-15T13:45:00.000Z"}
[2026-06-15T13:45:02.611Z] INFO Skipped trade. {"slug":"btc-updown-5m-1781531100","reason":"btc_distance_below_threshold","market":"BTC","minDistanceUsd":{"UP":12,"DOWN":12},"openingPrice":66534.62885681352,"currentPrice":66534.62885681352}
[2026-06-15T13:45:07.786Z] INFO Captured Chainlink opening tick. {"slug":"eth-updown-5m-1781531100","openingPrice":1811.92258,"tickTimestamp":"2026-06-15T13:45:00.000Z"}
[2026-06-15T13:45:07.794Z] INFO Skipped trade. {"slug":"eth-updown-5m-1781531100","reason":"btc_distance_below_threshold","market":"ETH","minDistanceUsd":{"UP":2,"DOWN":2},"openingPrice":1811.92258,"currentPrice":1812.7589113995887}
[2026-06-15T13:45:07.826Z] INFO Captured Chainlink opening tick. {"slug":"doge-updown-5m-1781531100","openingPrice":0.0903319732617254,"tickTimestamp":"2026-06-15T13:45:00.000Z"}
[2026-06-15T13:45:07.830Z] INFO Skipped trade. {"slug":"doge-updown-5m-1781531100","reason":"btc_distance_below_threshold","market":"DOGE","minDistanceUsd":{"UP":0.0003,"DOWN":0.0003},"openingPrice":0.0903319732617254,"currentPrice":0.0903421}
[2026-06-15T13:49:00.896Z] WARN Analytics sample recording failed; continuing. {"market":"BTC","slug":"btc-updown-5m-1781531100","error":"ENOENT: no such file or directory, rename 'C:\\DEV\\tests\\Workspace de Yarbis\\Polybot\\data\\analytics-active.json.tmp' -> 'C:\\DEV\\tests\\Workspace de Yarbis\\Polybot\\data\\analytics-active.json'"}
[2026-06-15T13:49:14.145Z] WARN Analytics sample recording failed; continuing. {"market":"DOGE","slug":"doge-updown-5m-1781531100","error":"ENOENT: no such file or directory, rename 'C:\\DEV\\tests\\Workspace de Yarbis\\Polybot\\data\\analytics-active.json.tmp' -> 'C:\\DEV\\tests\\Workspace de Yarbis\\Polybot\\data\\analytics-active.json'"}
[2026-06-15T13:49:30.086Z] INFO Skipped trade. {"slug":"eth-updown-5m-1781531100","reason":"no_ask_liquidity_under_cap","outcome":"UP"}
[2026-06-15T13:49:41.037Z] INFO Skipped trade. {"slug":"btc-updown-5m-1781531100","reason":"no_ask_liquidity_under_cap","outcome":"UP"}
[2026-06-15T13:50:01.293Z] INFO Tracking market. {"market":"BTC","slug":"btc-updown-5m-1781531400","title":"Bitcoin Up or Down - June 15, 9:50AM-9:55AM ET","end":"2026-06-15T13:55:00.000Z","upToken":"88786065894006255475980888095736135081628318409140067423296561910401215856286","downToken":"91096139203841081963624209489306302338610393837055407818907863903936665873463","orderMinSize":5,"tickSize":"0.01"}
[2026-06-15T13:50:01.293Z] INFO Skipped trade. {"slug":"btc-updown-5m-1781531400","reason":"missing_opening_chainlink_tick"}
[2026-06-15T13:50:01.293Z] INFO Tracking market. {"market":"ETH","slug":"eth-updown-5m-1781531400","title":"Ethereum Up or Down - June 15, 9:50AM-9:55AM ET","end":"2026-06-15T13:55:00.000Z","upToken":"99366941699547375772670279429859194837270067388096824831781463503337029529213","downToken":"97611471587983377970836251011663446657634334251598082781429704587725402563349","orderMinSize":5,"tickSize":"0.01"}
[2026-06-15T13:50:01.293Z] INFO Skipped trade. {"slug":"eth-updown-5m-1781531400","reason":"missing_opening_chainlink_tick"}
[2026-06-15T13:50:01.293Z] INFO Tracking market. {"market":"DOGE","slug":"doge-updown-5m-1781531400","title":"Dogecoin Up or Down - June 15, 9:50AM-9:55AM ET","end":"2026-06-15T13:55:00.000Z","upToken":"60698338181184590332783052192050364523030696694271165936901054713964134716910","downToken":"61841495736778171434425786222233371394899050265772175305169665057689165031295","orderMinSize":5,"tickSize":"0.01"}
[2026-06-15T13:50:01.294Z] INFO Skipped trade. {"slug":"doge-updown-5m-1781531400","reason":"missing_opening_chainlink_tick"}
[2026-06-15T13:50:02.391Z] INFO Captured Chainlink opening tick. {"slug":"btc-updown-5m-1781531400","openingPrice":66563.28106716457,"tickTimestamp":"2026-06-15T13:50:00.000Z"}
[2026-06-15T13:50:02.397Z] INFO Skipped trade. {"slug":"btc-updown-5m-1781531400","reason":"btc_distance_below_threshold","market":"BTC","minDistanceUsd":{"UP":12,"DOWN":12},"openingPrice":66563.28106716457,"currentPrice":66563.28106716457}
[2026-06-15T13:50:03.442Z] INFO Captured Chainlink opening tick. {"slug":"eth-updown-5m-1781531400","openingPrice":1814.938828616595,"tickTimestamp":"2026-06-15T13:50:00.000Z"}
[2026-06-15T13:50:03.446Z] INFO Skipped trade. {"slug":"eth-updown-5m-1781531400","reason":"btc_distance_below_threshold","market":"ETH","minDistanceUsd":{"UP":2,"DOWN":2},"openingPrice":1814.938828616595,"currentPrice":1814.938828616595}
[2026-06-15T13:50:03.476Z] INFO Captured Chainlink opening tick. {"slug":"doge-updown-5m-1781531400","openingPrice":0.0901753035833879,"tickTimestamp":"2026-06-15T13:50:00.000Z"}
[2026-06-15T13:50:03.481Z] INFO Skipped trade. {"slug":"doge-updown-5m-1781531400","reason":"btc_distance_below_threshold","market":"DOGE","minDistanceUsd":{"UP":0.0003,"DOWN":0.0003},"openingPrice":0.0901753035833879,"currentPrice":0.0901753035833879}
[2026-06-15T13:54:29.602Z] INFO Skipped trade. {"slug":"btc-updown-5m-1781531400","reason":"no_ask_liquidity_under_cap","outcome":"DOWN"}
[2026-06-15T13:54:29.603Z] INFO Skipped trade. {"slug":"eth-updown-5m-1781531400","reason":"no_ask_liquidity_under_cap","outcome":"DOWN"}
[2026-06-15T13:55:00.733Z] INFO Tracking market. {"market":"BTC","slug":"btc-updown-5m-1781531700","title":"Bitcoin Up or Down - June 15, 9:55AM-10:00AM ET","end":"2026-06-15T14:00:00.000Z","upToken":"78379614005961036601892409294680016802090381554757058889251500735331998577769","downToken":"85178802471605510269216268505467711220403987489024000033129443178279933706221","orderMinSize":5,"tickSize":"0.01"}
[2026-06-15T13:55:00.734Z] INFO Skipped trade. {"slug":"btc-updown-5m-1781531700","reason":"missing_opening_chainlink_tick"}
[2026-06-15T13:55:00.734Z] INFO Tracking market. {"market":"ETH","slug":"eth-updown-5m-1781531700","title":"Ethereum Up or Down - June 15, 9:55AM-10:00AM ET","end":"2026-06-15T14:00:00.000Z","upToken":"63429593883797742899007003988124716098859135845373303474449741263473382051332","downToken":"96725122336654724488972668740702958407273529281180913957306540925455800445162","orderMinSize":5,"tickSize":"0.01"}
[2026-06-15T13:55:00.734Z] INFO Skipped trade. {"slug":"eth-updown-5m-1781531700","reason":"missing_opening_chainlink_tick"}
[2026-06-15T13:55:00.734Z] INFO Tracking market. {"market":"DOGE","slug":"doge-updown-5m-1781531700","title":"Dogecoin Up or Down - June 15, 9:55AM-10:00AM ET","end":"2026-06-15T14:00:00.000Z","upToken":"106498548857322914611804746535304302196608875909582863501242204874538063694839","downToken":"62429860052080246700119611776359457941654328150821306046641904740497050702105","orderMinSize":5,"tickSize":"0.01"}
[2026-06-15T13:55:00.735Z] INFO Skipped trade. {"slug":"doge-updown-5m-1781531700","reason":"missing_opening_chainlink_tick"}
[2026-06-15T13:55:01.796Z] INFO Captured Chainlink opening tick. {"slug":"btc-updown-5m-1781531700","openingPrice":66412.31630491895,"tickTimestamp":"2026-06-15T13:55:00.000Z"}
[2026-06-15T13:55:01.803Z] INFO Skipped trade. {"slug":"btc-updown-5m-1781531700","reason":"btc_distance_below_threshold","market":"BTC","minDistanceUsd":{"UP":12,"DOWN":12},"openingPrice":66412.31630491895,"currentPrice":66412.31630491895}
[2026-06-15T13:55:03.864Z] INFO Captured Chainlink opening tick. {"slug":"eth-updown-5m-1781531700","openingPrice":1811.4223897690965,"tickTimestamp":"2026-06-15T13:55:00.000Z"}
[2026-06-15T13:55:03.869Z] INFO Skipped trade. {"slug":"eth-updown-5m-1781531700","reason":"btc_distance_below_threshold","market":"ETH","minDistanceUsd":{"UP":2,"DOWN":2},"openingPrice":1811.4223897690965,"currentPrice":1811.4532053264907}
[2026-06-15T13:55:03.913Z] INFO Captured Chainlink opening tick. {"slug":"doge-updown-5m-1781531700","openingPrice":0.0900345,"tickTimestamp":"2026-06-15T13:55:00.000Z"}
[2026-06-15T13:55:03.918Z] INFO Skipped trade. {"slug":"doge-updown-5m-1781531700","reason":"btc_distance_below_threshold","market":"DOGE","minDistanceUsd":{"UP":0.0003,"DOWN":0.0003},"openingPrice":0.0900345,"currentPrice":0.090033615}
[2026-06-15T13:55:50.216Z] INFO Skipped trade. {"slug":"eth-updown-5m-1781531700","reason":"stale_chainlink_tick","tickTimestamp":"2026-06-15T13:55:40.000Z"}
[2026-06-15T13:55:50.217Z] INFO Skipped trade. {"slug":"doge-updown-5m-1781531700","reason":"stale_chainlink_tick","tickTimestamp":"2026-06-15T13:55:40.000Z"}
[2026-06-15T13:59:33.079Z] INFO Skipped trade. {"slug":"btc-updown-5m-1781531700","reason":"no_ask_liquidity_under_cap","outcome":"DOWN"}
[2026-06-15T14:00:01.468Z] INFO Tracking market. {"market":"BTC","slug":"btc-updown-5m-1781532000","title":"Bitcoin Up or Down - June 15, 10:00AM-10:05AM ET","end":"2026-06-15T14:05:00.000Z","upToken":"29830074708063417128660099621049830213372247985981149658129586866693719108451","downToken":"25746219171033376368199343430064335839898297327575233829246985400162919873679","orderMinSize":5,"tickSize":"0.01"}
[2026-06-15T14:00:01.468Z] INFO Skipped trade. {"slug":"btc-updown-5m-1781532000","reason":"missing_opening_chainlink_tick"}
[2026-06-15T14:00:01.468Z] INFO Tracking market. {"market":"ETH","slug":"eth-updown-5m-1781532000","title":"Ethereum Up or Down - June 15, 10:00AM-10:05AM ET","end":"2026-06-15T14:05:00.000Z","upToken":"30608553943574715214052981112148063709681362594483686179724911070371091895901","downToken":"46169522946937350349060620248990461306358089653755734658652729683850411300439","orderMinSize":5,"tickSize":"0.01"}
[2026-06-15T14:00:01.468Z] INFO Skipped trade. {"slug":"eth-updown-5m-1781532000","reason":"missing_opening_chainlink_tick"}
[2026-06-15T14:00:01.468Z] INFO Tracking market. {"market":"DOGE","slug":"doge-updown-5m-1781532000","title":"Dogecoin Up or Down - June 15, 10:00AM-10:05AM ET","end":"2026-06-15T14:05:00.000Z","upToken":"64373567445053664644768936687104638418359997096648233389007081172046472191818","downToken":"87491532003860378849018349987137274262274106934218246505147152440864599559848","orderMinSize":5,"tickSize":"0.01"}
[2026-06-15T14:00:01.469Z] INFO Skipped trade. {"slug":"doge-updown-5m-1781532000","reason":"missing_opening_chainlink_tick"}
[2026-06-15T14:00:02.519Z] INFO Captured Chainlink opening tick. {"slug":"btc-updown-5m-1781532000","openingPrice":66400.27850738393,"tickTimestamp":"2026-06-15T14:00:00.000Z"}
[2026-06-15T14:00:02.525Z] INFO Skipped trade. {"slug":"btc-updown-5m-1781532000","reason":"btc_distance_below_threshold","market":"BTC","minDistanceUsd":{"UP":12,"DOWN":12},"openingPrice":66400.27850738393,"currentPrice":66400.27850738393}
[2026-06-15T14:00:03.603Z] INFO Captured Chainlink opening tick. {"slug":"eth-updown-5m-1781532000","openingPrice":1813.2253696075254,"tickTimestamp":"2026-06-15T14:00:00.000Z"}
[2026-06-15T14:00:03.607Z] INFO Skipped trade. {"slug":"eth-updown-5m-1781532000","reason":"btc_distance_below_threshold","market":"ETH","minDistanceUsd":{"UP":2,"DOWN":2},"openingPrice":1813.2253696075254,"currentPrice":1813.0946876657017}
[2026-06-15T14:00:03.660Z] INFO Captured Chainlink opening tick. {"slug":"doge-updown-5m-1781532000","openingPrice":0.09027122727242,"tickTimestamp":"2026-06-15T14:00:00.000Z"}
[2026-06-15T14:00:03.664Z] INFO Skipped trade. {"slug":"doge-updown-5m-1781532000","reason":"btc_distance_below_threshold","market":"DOGE","minDistanceUsd":{"UP":0.0003,"DOWN":0.0003},"openingPrice":0.09027122727242,"currentPrice":0.0902628}
[2026-06-15T14:04:30.141Z] INFO Skipped trade. {"slug":"btc-updown-5m-1781532000","reason":"no_ask_liquidity_under_cap","outcome":"DOWN"}
[2026-06-15T14:04:30.142Z] INFO Skipped trade. {"slug":"eth-updown-5m-1781532000","reason":"no_ask_liquidity_under_cap","outcome":"DOWN"}
[2026-06-15T14:04:30.142Z] INFO Skipped trade. {"slug":"doge-updown-5m-1781532000","reason":"no_ask_liquidity_under_cap","outcome":"DOWN"}
[2026-06-15T14:05:01.447Z] INFO Tracking market. {"market":"BTC","slug":"btc-updown-5m-1781532300","title":"Bitcoin Up or Down - June 15, 10:05AM-10:10AM ET","end":"2026-06-15T14:10:00.000Z","upToken":"3634193240056359351867647506763180385599611068939424416787833588703075974444","downToken":"43756347359073695001847533869569867222212192024934061652600990790069812865064","orderMinSize":5,"tickSize":"0.01"}
[2026-06-15T14:05:01.448Z] INFO Skipped trade. {"slug":"btc-updown-5m-1781532300","reason":"missing_opening_chainlink_tick"}
[2026-06-15T14:05:01.448Z] INFO Tracking market. {"market":"ETH","slug":"eth-updown-5m-1781532300","title":"Ethereum Up or Down - June 15, 10:05AM-10:10AM ET","end":"2026-06-15T14:10:00.000Z","upToken":"81963100522147734273859207838458063141998211185497988514518592686499966382925","downToken":"107008661248193204192191227901482341245464429825881657785679292025751557188608","orderMinSize":5,"tickSize":"0.01"}
[2026-06-15T14:05:01.448Z] INFO Skipped trade. {"slug":"eth-updown-5m-1781532300","reason":"missing_opening_chainlink_tick"}
[2026-06-15T14:05:01.448Z] INFO Tracking market. {"market":"DOGE","slug":"doge-updown-5m-1781532300","title":"Dogecoin Up or Down - June 15, 10:05AM-10:10AM ET","end":"2026-06-15T14:10:00.000Z","upToken":"24997070691746378990953482164217842860120970033706691348365747820689291507111","downToken":"78595531858831588175493268002000661611398670409427670504917367673288374756291","orderMinSize":5,"tickSize":"0.01"}
[2026-06-15T14:05:01.448Z] INFO Skipped trade. {"slug":"doge-updown-5m-1781532300","reason":"missing_opening_chainlink_tick"}
[2026-06-15T14:05:02.488Z] INFO Captured Chainlink opening tick. {"slug":"btc-updown-5m-1781532300","openingPrice":66310.6708906328,"tickTimestamp":"2026-06-15T14:05:00.000Z"}
[2026-06-15T14:05:02.503Z] INFO Skipped trade. {"slug":"btc-updown-5m-1781532300","reason":"btc_distance_below_threshold","market":"BTC","minDistanceUsd":{"UP":12,"DOWN":12},"openingPrice":66310.6708906328,"currentPrice":66310.6708906328}
[2026-06-15T14:05:04.557Z] INFO Captured Chainlink opening tick. {"slug":"eth-updown-5m-1781532300","openingPrice":1808.239378220843,"tickTimestamp":"2026-06-15T14:05:00.000Z"}
[2026-06-15T14:05:04.561Z] INFO Skipped trade. {"slug":"eth-updown-5m-1781532300","reason":"btc_distance_below_threshold","market":"ETH","minDistanceUsd":{"UP":2,"DOWN":2},"openingPrice":1808.239378220843,"currentPrice":1808.06108}
[2026-06-15T14:05:04.592Z] INFO Captured Chainlink opening tick. {"slug":"doge-updown-5m-1781532300","openingPrice":0.0899777771338407,"tickTimestamp":"2026-06-15T14:05:00.000Z"}
[2026-06-15T14:05:04.596Z] INFO Skipped trade. {"slug":"doge-updown-5m-1781532300","reason":"btc_distance_below_threshold","market":"DOGE","minDistanceUsd":{"UP":0.0003,"DOWN":0.0003},"openingPrice":0.0899777771338407,"currentPrice":0.089991238}
[2026-06-15T14:09:28.927Z] INFO Trade attempt recorded. {"mode":"sim","slug":"btc-updown-5m-1781532300","outcome":"UP","amountUsd":5,"bestAsk":0.66,"estimatedShares":7.575757575757575}
[2026-06-15T14:09:30.140Z] INFO Skipped trade. {"slug":"btc-updown-5m-1781532300","reason":"market_already_traded"}
[2026-06-15T14:09:35.340Z] INFO Skipped trade. {"slug":"eth-updown-5m-1781532300","reason":"no_ask_liquidity_under_cap","outcome":"DOWN"}
[2026-06-15T14:10:00.294Z] INFO Tracking market. {"market":"BTC","slug":"btc-updown-5m-1781532600","title":"Bitcoin Up or Down - June 15, 10:10AM-10:15AM ET","end":"2026-06-15T14:15:00.000Z","upToken":"96341329800534051053392171143947571693773212772048442561041931558589538144838","downToken":"33912818216677884913798971174004080331894066816936160452387225319874973871313","orderMinSize":5,"tickSize":"0.01"}
[2026-06-15T14:10:00.294Z] INFO Skipped trade. {"slug":"btc-updown-5m-1781532600","reason":"missing_opening_chainlink_tick"}
[2026-06-15T14:10:00.294Z] INFO Tracking market. {"market":"ETH","slug":"eth-updown-5m-1781532600","title":"Ethereum Up or Down - June 15, 10:10AM-10:15AM ET","end":"2026-06-15T14:15:00.000Z","upToken":"22216273892375892292509150902923016716169594328304276455651036591128319121299","downToken":"90968141077628653365068886310847026956896411063505682720516902652793717304152","orderMinSize":5,"tickSize":"0.01"}
[2026-06-15T14:10:00.294Z] INFO Skipped trade. {"slug":"eth-updown-5m-1781532600","reason":"missing_opening_chainlink_tick"}
[2026-06-15T14:10:00.294Z] INFO Tracking market. {"market":"DOGE","slug":"doge-updown-5m-1781532600","title":"Dogecoin Up or Down - June 15, 10:10AM-10:15AM ET","end":"2026-06-15T14:15:00.000Z","upToken":"73870891054000358572536814351033818180995975453914663697449132421800366986967","downToken":"77045934237839087779910588189785268530909971944631824018294989564090106464364","orderMinSize":5,"tickSize":"0.01"}
[2026-06-15T14:10:00.295Z] INFO Skipped trade. {"slug":"doge-updown-5m-1781532600","reason":"missing_opening_chainlink_tick"}
[2026-06-15T14:10:02.392Z] INFO Resolved trade. {"mode":"sim","slug":"btc-updown-5m-1781532300","outcome":"UP","winningOutcome":"UP","won":true,"finalPrice":66336.49473714826}
[2026-06-15T14:10:02.477Z] INFO Captured Chainlink opening tick. {"slug":"btc-updown-5m-1781532600","openingPrice":66336.49473714826,"tickTimestamp":"2026-06-15T14:10:00.000Z"}
[2026-06-15T14:10:02.480Z] INFO Skipped trade. {"slug":"btc-updown-5m-1781532600","reason":"btc_distance_below_threshold","market":"BTC","minDistanceUsd":{"UP":12,"DOWN":12},"openingPrice":66336.49473714826,"currentPrice":66336.49473714826}
[2026-06-15T14:10:04.523Z] INFO Captured Chainlink opening tick. {"slug":"eth-updown-5m-1781532600","openingPrice":1806.9481564154164,"tickTimestamp":"2026-06-15T14:10:00.000Z"}
[2026-06-15T14:10:04.527Z] INFO Skipped trade. {"slug":"eth-updown-5m-1781532600","reason":"btc_distance_below_threshold","market":"ETH","minDistanceUsd":{"UP":2,"DOWN":2},"openingPrice":1806.9481564154164,"currentPrice":1806.6947}
[2026-06-15T14:10:04.557Z] INFO Captured Chainlink opening tick. {"slug":"doge-updown-5m-1781532600","openingPrice":0.0899455,"tickTimestamp":"2026-06-15T14:10:00.000Z"}
[2026-06-15T14:10:04.564Z] INFO Skipped trade. {"slug":"doge-updown-5m-1781532600","reason":"btc_distance_below_threshold","market":"DOGE","minDistanceUsd":{"UP":0.0003,"DOWN":0.0003},"openingPrice":0.0899455,"currentPrice":0.0899437918045273}
[2026-06-15T14:13:17.453Z] INFO Skipped trade. {"slug":"eth-updown-5m-1781532600","reason":"stale_chainlink_tick","tickTimestamp":"2026-06-15T14:13:07.000Z"}
[2026-06-15T14:13:17.453Z] INFO Skipped trade. {"slug":"doge-updown-5m-1781532600","reason":"stale_chainlink_tick","tickTimestamp":"2026-06-15T14:13:07.000Z"}
[2026-06-15T14:14:00.945Z] WARN Analytics sample recording failed; continuing. {"market":"BTC","slug":"btc-updown-5m-1781532600","error":"ENOENT: no such file or directory, rename 'C:\\DEV\\tests\\Workspace de Yarbis\\Polybot\\data\\analytics-active.json.tmp' -> 'C:\\DEV\\tests\\Workspace de Yarbis\\Polybot\\data\\analytics-active.json'"}
[2026-06-15T14:14:35.001Z] INFO Skipped trade. {"slug":"btc-updown-5m-1781532600","reason":"no_ask_liquidity_under_cap","outcome":"UP"}
[2026-06-15T14:14:56.160Z] INFO Skipped trade. {"slug":"eth-updown-5m-1781532600","reason":"no_ask_liquidity_under_cap","outcome":"UP"}
[2026-06-15T14:15:00.405Z] INFO Tracking market. {"market":"BTC","slug":"btc-updown-5m-1781532900","title":"Bitcoin Up or Down - June 15, 10:15AM-10:20AM ET","end":"2026-06-15T14:20:00.000Z","upToken":"56853888449464592701455089125558937581603626398244133288930357658560194260229","downToken":"9414231926056828627697162823428969177229211936365473430072984133201696209880","orderMinSize":5,"tickSize":"0.01"}
[2026-06-15T14:15:00.405Z] INFO Skipped trade. {"slug":"btc-updown-5m-1781532900","reason":"missing_opening_chainlink_tick"}
[2026-06-15T14:15:00.405Z] INFO Tracking market. {"market":"ETH","slug":"eth-updown-5m-1781532900","title":"Ethereum Up or Down - June 15, 10:15AM-10:20AM ET","end":"2026-06-15T14:20:00.000Z","upToken":"76869140457411846994102860237439189280148397388580190330624576859670021876948","downToken":"8744851024092440308744119582778467433965388664918217220055106150818920630933","orderMinSize":5,"tickSize":"0.01"}
[2026-06-15T14:15:00.406Z] INFO Skipped trade. {"slug":"eth-updown-5m-1781532900","reason":"missing_opening_chainlink_tick"}
[2026-06-15T14:15:00.406Z] INFO Tracking market. {"market":"DOGE","slug":"doge-updown-5m-1781532900","title":"Dogecoin Up or Down - June 15, 10:15AM-10:20AM ET","end":"2026-06-15T14:20:00.000Z","upToken":"76114337885559470903793660271458314367956645349095737145472245945680889445022","downToken":"39914661873446041230301613826436216741802678950430095103544898308447450378846","orderMinSize":5,"tickSize":"0.01"}
[2026-06-15T14:15:00.406Z] INFO Skipped trade. {"slug":"doge-updown-5m-1781532900","reason":"missing_opening_chainlink_tick"}
[2026-06-15T14:15:02.464Z] INFO Captured Chainlink opening tick. {"slug":"btc-updown-5m-1781532900","openingPrice":66393.4588334198,"tickTimestamp":"2026-06-15T14:15:00.000Z"}
[2026-06-15T14:15:02.469Z] INFO Skipped trade. {"slug":"btc-updown-5m-1781532900","reason":"btc_distance_below_threshold","market":"BTC","minDistanceUsd":{"UP":12,"DOWN":12},"openingPrice":66393.4588334198,"currentPrice":66393.4588334198}
[2026-06-15T14:15:05.750Z] INFO Captured Chainlink opening tick. {"slug":"eth-updown-5m-1781532900","openingPrice":1809.218639695131,"tickTimestamp":"2026-06-15T14:15:00.000Z"}
[2026-06-15T14:15:05.755Z] INFO Skipped trade. {"slug":"eth-updown-5m-1781532900","reason":"btc_distance_below_threshold","market":"ETH","minDistanceUsd":{"UP":2,"DOWN":2},"openingPrice":1809.218639695131,"currentPrice":1809.099934104268}
[2026-06-15T14:15:05.804Z] INFO Captured Chainlink opening tick. {"slug":"doge-updown-5m-1781532900","openingPrice":0.0900391956381209,"tickTimestamp":"2026-06-15T14:15:00.000Z"}
[2026-06-15T14:15:05.812Z] INFO Skipped trade. {"slug":"doge-updown-5m-1781532900","reason":"btc_distance_below_threshold","market":"DOGE","minDistanceUsd":{"UP":0.0003,"DOWN":0.0003},"openingPrice":0.0900391956381209,"currentPrice":0.0900415639395274}
[2026-06-15T14:19:02.789Z] WARN Analytics sample recording failed; continuing. {"market":"DOGE","slug":"doge-updown-5m-1781532900","error":"ENOENT: no such file or directory, rename 'C:\\DEV\\tests\\Workspace de Yarbis\\Polybot\\data\\analytics-active.json.tmp' -> 'C:\\DEV\\tests\\Workspace de Yarbis\\Polybot\\data\\analytics-active.json'"}
[2026-06-15T14:19:21.752Z] WARN Analytics sample recording failed; continuing. {"market":"ETH","slug":"eth-updown-5m-1781532900","error":"ENOENT: no such file or directory, rename 'C:\\DEV\\tests\\Workspace de Yarbis\\Polybot\\data\\analytics-active.json.tmp' -> 'C:\\DEV\\tests\\Workspace de Yarbis\\Polybot\\data\\analytics-active.json'"}
[2026-06-15T14:19:30.045Z] INFO Skipped trade. {"slug":"btc-updown-5m-1781532900","reason":"no_ask_liquidity_under_cap","outcome":"UP"}
[2026-06-15T14:19:30.045Z] INFO Skipped trade. {"slug":"eth-updown-5m-1781532900","reason":"no_ask_liquidity_under_cap","outcome":"UP"}
[2026-06-15T14:20:01.414Z] INFO Tracking market. {"market":"BTC","slug":"btc-updown-5m-1781533200","title":"Bitcoin Up or Down - June 15, 10:20AM-10:25AM ET","end":"2026-06-15T14:25:00.000Z","upToken":"71254969519937790673802504356309622660992435901141317780455143143807327322875","downToken":"47057945606763867569404240647066570405091142203527963829037094692915211578185","orderMinSize":5,"tickSize":"0.01"}
[2026-06-15T14:20:01.414Z] INFO Skipped trade. {"slug":"btc-updown-5m-1781533200","reason":"missing_opening_chainlink_tick"}
[2026-06-15T14:20:01.414Z] INFO Tracking market. {"market":"ETH","slug":"eth-updown-5m-1781533200","title":"Ethereum Up or Down - June 15, 10:20AM-10:25AM ET","end":"2026-06-15T14:25:00.000Z","upToken":"56990286115589063249671205213011624573430105563578243019441421878684680824805","downToken":"39413535407452201507211862723296482463349764028913438386005117030570159957510","orderMinSize":5,"tickSize":"0.01"}
[2026-06-15T14:20:01.414Z] INFO Skipped trade. {"slug":"eth-updown-5m-1781533200","reason":"missing_opening_chainlink_tick"}
[2026-06-15T14:20:01.415Z] INFO Tracking market. {"market":"DOGE","slug":"doge-updown-5m-1781533200","title":"Dogecoin Up or Down - June 15, 10:20AM-10:25AM ET","end":"2026-06-15T14:25:00.000Z","upToken":"80575895238493830575668571814477637447918758833623451989878525630160122786356","downToken":"37818170309144161764436967476883635667671808481814271995367037131118697907255","orderMinSize":5,"tickSize":"0.01"}
[2026-06-15T14:20:01.415Z] INFO Skipped trade. {"slug":"doge-updown-5m-1781533200","reason":"missing_opening_chainlink_tick"}
[2026-06-15T14:20:02.466Z] INFO Captured Chainlink opening tick. {"slug":"btc-updown-5m-1781533200","openingPrice":66492.03739349436,"tickTimestamp":"2026-06-15T14:20:00.000Z"}
[2026-06-15T14:20:02.470Z] INFO Skipped trade. {"slug":"btc-updown-5m-1781533200","reason":"btc_distance_below_threshold","market":"BTC","minDistanceUsd":{"UP":12,"DOWN":12},"openingPrice":66492.03739349436,"currentPrice":66492.03739349436}
[2026-06-15T14:20:05.546Z] INFO Captured Chainlink opening tick. {"slug":"eth-updown-5m-1781533200","openingPrice":1812.6360513733775,"tickTimestamp":"2026-06-15T14:20:00.000Z"}
[2026-06-15T14:20:05.552Z] INFO Skipped trade. {"slug":"eth-updown-5m-1781533200","reason":"btc_distance_below_threshold","market":"ETH","minDistanceUsd":{"UP":2,"DOWN":2},"openingPrice":1812.6360513733775,"currentPrice":1812.160410406944}
[2026-06-15T14:20:05.595Z] INFO Captured Chainlink opening tick. {"slug":"doge-updown-5m-1781533200","openingPrice":0.0901537715116653,"tickTimestamp":"2026-06-15T14:20:00.000Z"}
[2026-06-15T14:20:05.598Z] INFO Skipped trade. {"slug":"doge-updown-5m-1781533200","reason":"btc_distance_below_threshold","market":"DOGE","minDistanceUsd":{"UP":0.0003,"DOWN":0.0003},"openingPrice":0.0901537715116653,"currentPrice":0.0901205}
[2026-06-15T14:24:28.880Z] INFO Skipped trade. {"slug":"btc-updown-5m-1781533200","reason":"no_ask_liquidity_under_cap","outcome":"DOWN"}
[2026-06-15T14:24:28.880Z] INFO Skipped trade. {"slug":"eth-updown-5m-1781533200","reason":"no_ask_liquidity_under_cap","outcome":"DOWN"}
[2026-06-15T14:24:56.288Z] INFO Skipped trade. {"slug":"doge-updown-5m-1781533200","reason":"no_ask_liquidity_under_cap","outcome":"DOWN"}
[2026-06-15T14:25:00.668Z] INFO Tracking market. {"market":"BTC","slug":"btc-updown-5m-1781533500","title":"Bitcoin Up or Down - June 15, 10:25AM-10:30AM ET","end":"2026-06-15T14:30:00.000Z","upToken":"57908629436291867045360294671874748490686596299318088315789883838501764588146","downToken":"83623947500918712207041950212458032626366921236428500174276825289287568303246","orderMinSize":5,"tickSize":"0.01"}
[2026-06-15T14:25:00.669Z] INFO Skipped trade. {"slug":"btc-updown-5m-1781533500","reason":"missing_opening_chainlink_tick"}
[2026-06-15T14:25:00.669Z] INFO Tracking market. {"market":"ETH","slug":"eth-updown-5m-1781533500","title":"Ethereum Up or Down - June 15, 10:25AM-10:30AM ET","end":"2026-06-15T14:30:00.000Z","upToken":"17593960188110701895870034659652925087214737975115297641801609696593684283669","downToken":"9336411390919924683849343746231584726414946730335369930852454217500401528861","orderMinSize":5,"tickSize":"0.01"}
[2026-06-15T14:25:00.669Z] INFO Skipped trade. {"slug":"eth-updown-5m-1781533500","reason":"missing_opening_chainlink_tick"}
[2026-06-15T14:25:00.669Z] INFO Tracking market. {"market":"DOGE","slug":"doge-updown-5m-1781533500","title":"Dogecoin Up or Down - June 15, 10:25AM-10:30AM ET","end":"2026-06-15T14:30:00.000Z","upToken":"8655958456759673890878146227729434199712626525832805836807053404774231840393","downToken":"62538697349722698356343273948668087499562718843372850397233117977109957937207","orderMinSize":5,"tickSize":"0.01"}
[2026-06-15T14:25:00.669Z] INFO Skipped trade. {"slug":"doge-updown-5m-1781533500","reason":"missing_opening_chainlink_tick"}
[2026-06-15T14:25:02.731Z] INFO Captured Chainlink opening tick. {"slug":"btc-updown-5m-1781533500","openingPrice":66365.15493763308,"tickTimestamp":"2026-06-15T14:25:00.000Z"}
[2026-06-15T14:25:02.740Z] INFO Skipped trade. {"slug":"btc-updown-5m-1781533500","reason":"btc_distance_below_threshold","market":"BTC","minDistanceUsd":{"UP":12,"DOWN":12},"openingPrice":66365.15493763308,"currentPrice":66365.01635195117}
[2026-06-15T14:25:05.893Z] INFO Captured Chainlink opening tick. {"slug":"eth-updown-5m-1781533500","openingPrice":1807.323252236742,"tickTimestamp":"2026-06-15T14:25:00.000Z"}
[2026-06-15T14:25:05.898Z] INFO Skipped trade. {"slug":"eth-updown-5m-1781533500","reason":"btc_distance_below_threshold","market":"ETH","minDistanceUsd":{"UP":2,"DOWN":2},"openingPrice":1807.323252236742,"currentPrice":1807.18343}
[2026-06-15T14:25:05.931Z] INFO Captured Chainlink opening tick. {"slug":"doge-updown-5m-1781533500","openingPrice":0.089841,"tickTimestamp":"2026-06-15T14:25:00.000Z"}
[2026-06-15T14:25:05.935Z] INFO Skipped trade. {"slug":"doge-updown-5m-1781533500","reason":"btc_distance_below_threshold","market":"DOGE","minDistanceUsd":{"UP":0.0003,"DOWN":0.0003},"openingPrice":0.089841,"currentPrice":0.0898439711568971}
[2026-06-15T14:29:30.052Z] INFO Skipped trade. {"slug":"btc-updown-5m-1781533500","reason":"no_ask_liquidity_under_cap","outcome":"UP"}
[2026-06-15T14:29:31.605Z] INFO Skipped trade. {"slug":"eth-updown-5m-1781533500","reason":"no_ask_liquidity_under_cap","outcome":"UP"}
[2026-06-15T14:30:01.604Z] INFO Tracking market. {"market":"BTC","slug":"btc-updown-5m-1781533800","title":"Bitcoin Up or Down - June 15, 10:30AM-10:35AM ET","end":"2026-06-15T14:35:00.000Z","upToken":"57664264713870944661308999112045735704729556276829079914088433092853012971710","downToken":"2417933311068846672116071877500559800837642776089058503772054708296725307283","orderMinSize":5,"tickSize":"0.01"}
[2026-06-15T14:30:01.605Z] INFO Skipped trade. {"slug":"btc-updown-5m-1781533800","reason":"missing_opening_chainlink_tick"}
[2026-06-15T14:30:01.605Z] INFO Tracking market. {"market":"ETH","slug":"eth-updown-5m-1781533800","title":"Ethereum Up or Down - June 15, 10:30AM-10:35AM ET","end":"2026-06-15T14:35:00.000Z","upToken":"3471179297876745580592756650318045727394970166396382269593821957566535366962","downToken":"47764611030594509212094379339063162894146462910092588603117267198237623988889","orderMinSize":5,"tickSize":"0.01"}
[2026-06-15T14:30:01.605Z] INFO Skipped trade. {"slug":"eth-updown-5m-1781533800","reason":"missing_opening_chainlink_tick"}
[2026-06-15T14:30:01.605Z] INFO Tracking market. {"market":"DOGE","slug":"doge-updown-5m-1781533800","title":"Dogecoin Up or Down - June 15, 10:30AM-10:35AM ET","end":"2026-06-15T14:35:00.000Z","upToken":"108007220750566128608901862202648566188055640687371208932317814008349204897970","downToken":"94150940876645316443024976394036108569199043078358730499229794766174628206556","orderMinSize":5,"tickSize":"0.01"}
[2026-06-15T14:30:01.605Z] INFO Skipped trade. {"slug":"doge-updown-5m-1781533800","reason":"missing_opening_chainlink_tick"}
[2026-06-15T14:30:02.685Z] INFO Captured Chainlink opening tick. {"slug":"btc-updown-5m-1781533800","openingPrice":66513.53988789185,"tickTimestamp":"2026-06-15T14:30:00.000Z"}
[2026-06-15T14:30:02.694Z] INFO Skipped trade. {"slug":"btc-updown-5m-1781533800","reason":"btc_distance_below_threshold","market":"BTC","minDistanceUsd":{"UP":12,"DOWN":12},"openingPrice":66513.53988789185,"currentPrice":66513.15560584526}
[2026-06-15T14:30:06.881Z] INFO Captured Chainlink opening tick. {"slug":"eth-updown-5m-1781533800","openingPrice":1812.117379031145,"tickTimestamp":"2026-06-15T14:30:00.000Z"}
[2026-06-15T14:30:06.886Z] INFO Skipped trade. {"slug":"eth-updown-5m-1781533800","reason":"btc_distance_below_threshold","market":"ETH","minDistanceUsd":{"UP":2,"DOWN":2},"openingPrice":1812.117379031145,"currentPrice":1811.6428954338564}
[2026-06-15T14:30:06.922Z] INFO Captured Chainlink opening tick. {"slug":"doge-updown-5m-1781533800","openingPrice":0.089864,"tickTimestamp":"2026-06-15T14:30:00.000Z"}
[2026-06-15T14:30:06.927Z] INFO Skipped trade. {"slug":"doge-updown-5m-1781533800","reason":"btc_distance_below_threshold","market":"DOGE","minDistanceUsd":{"UP":0.0003,"DOWN":0.0003},"openingPrice":0.089864,"currentPrice":0.0898722034504449}
[2026-06-15T14:34:29.860Z] INFO Skipped trade. {"slug":"btc-updown-5m-1781533800","reason":"no_ask_liquidity_under_cap","outcome":"DOWN"}
[2026-06-15T14:35:00.309Z] INFO Tracking market. {"market":"BTC","slug":"btc-updown-5m-1781534100","title":"Bitcoin Up or Down - June 15, 10:35AM-10:40AM ET","end":"2026-06-15T14:40:00.000Z","upToken":"48466687355670716561038824229291112042266876179264096471743514005459154563410","downToken":"81676477100888816087172890168737117211333295380421833760641858346140884573213","orderMinSize":5,"tickSize":"0.01"}
[2026-06-15T14:35:00.309Z] INFO Skipped trade. {"slug":"btc-updown-5m-1781534100","reason":"missing_opening_chainlink_tick"}
[2026-06-15T14:35:00.309Z] INFO Tracking market. {"market":"ETH","slug":"eth-updown-5m-1781534100","title":"Ethereum Up or Down - June 15, 10:35AM-10:40AM ET","end":"2026-06-15T14:40:00.000Z","upToken":"81699332457254321944263201554617888626066444040895179235756230137610223644342","downToken":"39041648191857400888783868910881536608790873783966108540429788091268567326032","orderMinSize":5,"tickSize":"0.01"}
[2026-06-15T14:35:00.310Z] INFO Skipped trade. {"slug":"eth-updown-5m-1781534100","reason":"missing_opening_chainlink_tick"}
[2026-06-15T14:35:00.310Z] INFO Tracking market. {"market":"DOGE","slug":"doge-updown-5m-1781534100","title":"Dogecoin Up or Down - June 15, 10:35AM-10:40AM ET","end":"2026-06-15T14:40:00.000Z","upToken":"38534968741120538501952836840212277596608582768920450205382781882780267774231","downToken":"11464955093667270083669607749257757604606987651507225238845341816246556895972","orderMinSize":5,"tickSize":"0.01"}
[2026-06-15T14:35:00.311Z] INFO Skipped trade. {"slug":"doge-updown-5m-1781534100","reason":"missing_opening_chainlink_tick"}
[2026-06-15T14:35:02.410Z] INFO Captured Chainlink opening tick. {"slug":"btc-updown-5m-1781534100","openingPrice":66490.60859,"tickTimestamp":"2026-06-15T14:35:00.000Z"}
[2026-06-15T14:35:02.419Z] INFO Skipped trade. {"slug":"btc-updown-5m-1781534100","reason":"btc_distance_below_threshold","market":"BTC","minDistanceUsd":{"UP":12,"DOWN":12},"openingPrice":66490.60859,"currentPrice":66490.60859}
[2026-06-15T14:35:07.591Z] INFO Captured Chainlink opening tick. {"slug":"eth-updown-5m-1781534100","openingPrice":1811.408280047037,"tickTimestamp":"2026-06-15T14:35:00.000Z"}
[2026-06-15T14:35:07.597Z] INFO Skipped trade. {"slug":"eth-updown-5m-1781534100","reason":"btc_distance_below_threshold","market":"ETH","minDistanceUsd":{"UP":2,"DOWN":2},"openingPrice":1811.408280047037,"currentPrice":1811.844986862201}
[2026-06-15T14:35:07.653Z] INFO Captured Chainlink opening tick. {"slug":"doge-updown-5m-1781534100","openingPrice":0.0897044,"tickTimestamp":"2026-06-15T14:35:00.000Z"}
[2026-06-15T14:35:07.670Z] INFO Skipped trade. {"slug":"doge-updown-5m-1781534100","reason":"btc_distance_below_threshold","market":"DOGE","minDistanceUsd":{"UP":0.0003,"DOWN":0.0003},"openingPrice":0.0897044,"currentPrice":0.0897182}
[2026-06-15T14:36:14.034Z] INFO Skipped trade. {"slug":"eth-updown-5m-1781534100","reason":"stale_chainlink_tick","tickTimestamp":"2026-06-15T14:36:04.000Z"}
[2026-06-15T14:36:14.034Z] INFO Skipped trade. {"slug":"doge-updown-5m-1781534100","reason":"stale_chainlink_tick","tickTimestamp":"2026-06-15T14:36:04.000Z"}
[2026-06-15T14:39:30.011Z] INFO Skipped trade. {"slug":"btc-updown-5m-1781534100","reason":"no_ask_liquidity_under_cap","outcome":"DOWN"}
[2026-06-15T14:39:30.016Z] INFO Skipped trade. {"slug":"doge-updown-5m-1781534100","reason":"no_ask_liquidity_under_cap","outcome":"DOWN"}
[2026-06-15T14:39:40.837Z] WARN Analytics sample recording failed; continuing. {"market":"ETH","slug":"eth-updown-5m-1781534100","error":"EPERM: operation not permitted, rename 'C:\\DEV\\tests\\Workspace de Yarbis\\Polybot\\data\\analytics-active.json.tmp' -> 'C:\\DEV\\tests\\Workspace de Yarbis\\Polybot\\data\\analytics-active.json'"}
[2026-06-15T14:40:01.342Z] INFO Tracking market. {"market":"BTC","slug":"btc-updown-5m-1781534400","title":"Bitcoin Up or Down - June 15, 10:40AM-10:45AM ET","end":"2026-06-15T14:45:00.000Z","upToken":"102657841893240905283720952090596328288186842424631998135431077287266142662958","downToken":"110495248957470173865284064852226022678727417870274646044646750066784458487452","orderMinSize":5,"tickSize":"0.01"}
[2026-06-15T14:40:01.344Z] INFO Skipped trade. {"slug":"btc-updown-5m-1781534400","reason":"missing_opening_chainlink_tick"}
[2026-06-15T14:40:01.344Z] INFO Tracking market. {"market":"ETH","slug":"eth-updown-5m-1781534400","title":"Ethereum Up or Down - June 15, 10:40AM-10:45AM ET","end":"2026-06-15T14:45:00.000Z","upToken":"64364636130033539796228902753210983247585496864869298548000258782506136871975","downToken":"34087480960976784462236865182038140627619627839179881811265456846047336792697","orderMinSize":5,"tickSize":"0.01"}
[2026-06-15T14:40:01.344Z] INFO Skipped trade. {"slug":"eth-updown-5m-1781534400","reason":"missing_opening_chainlink_tick"}
[2026-06-15T14:40:01.344Z] INFO Tracking market. {"market":"DOGE","slug":"doge-updown-5m-1781534400","title":"Dogecoin Up or Down - June 15, 10:40AM-10:45AM ET","end":"2026-06-15T14:45:00.000Z","upToken":"30923298479818427388438763126236131794130041860245434964629916876492411293099","downToken":"113387119525922690226360756769499620954086731450411732926394923197443583835569","orderMinSize":5,"tickSize":"0.01"}
[2026-06-15T14:40:01.345Z] INFO Skipped trade. {"slug":"doge-updown-5m-1781534400","reason":"missing_opening_chainlink_tick"}
[2026-06-15T14:40:02.479Z] INFO Captured Chainlink opening tick. {"slug":"btc-updown-5m-1781534400","openingPrice":66442.638405,"tickTimestamp":"2026-06-15T14:40:00.000Z"}
[2026-06-15T14:40:02.484Z] INFO Skipped trade. {"slug":"btc-updown-5m-1781534400","reason":"btc_distance_below_threshold","market":"BTC","minDistanceUsd":{"UP":12,"DOWN":12},"openingPrice":66442.638405,"currentPrice":66442.638405}
[2026-06-15T14:40:02.520Z] INFO Captured Chainlink opening tick. {"slug":"eth-updown-5m-1781534400","openingPrice":1810.927924610684,"tickTimestamp":"2026-06-15T14:40:00.000Z"}
[2026-06-15T14:40:02.523Z] INFO Skipped trade. {"slug":"eth-updown-5m-1781534400","reason":"btc_distance_below_threshold","market":"ETH","minDistanceUsd":{"UP":2,"DOWN":2},"openingPrice":1810.927924610684,"currentPrice":1810.927924610684}
[2026-06-15T14:40:02.553Z] INFO Captured Chainlink opening tick. {"slug":"doge-updown-5m-1781534400","openingPrice":0.089328885,"tickTimestamp":"2026-06-15T14:40:00.000Z"}
[2026-06-15T14:40:02.556Z] INFO Skipped trade. {"slug":"doge-updown-5m-1781534400","reason":"btc_distance_below_threshold","market":"DOGE","minDistanceUsd":{"UP":0.0003,"DOWN":0.0003},"openingPrice":0.089328885,"currentPrice":0.089328885}
[2026-06-15T14:42:57.526Z] WARN Bot loop iteration failed; retrying. {"error":"fetch failed"}
[2026-06-15T14:44:09.191Z] WARN Analytics sample recording failed; continuing. {"market":"DOGE","slug":"doge-updown-5m-1781534400","error":"ENOENT: no such file or directory, rename 'C:\\DEV\\tests\\Workspace de Yarbis\\Polybot\\data\\analytics-active.json.tmp' -> 'C:\\DEV\\tests\\Workspace de Yarbis\\Polybot\\data\\analytics-active.json'"}
[2026-06-15T14:44:28.717Z] INFO Skipped trade. {"slug":"btc-updown-5m-1781534400","reason":"no_ask_liquidity_under_cap","outcome":"UP"}
[2026-06-15T14:44:49.676Z] WARN Analytics sample recording failed; continuing. {"market":"DOGE","slug":"doge-updown-5m-1781534400","error":"ENOENT: no such file or directory, rename 'C:\\DEV\\tests\\Workspace de Yarbis\\Polybot\\data\\analytics-active.json.tmp' -> 'C:\\DEV\\tests\\Workspace de Yarbis\\Polybot\\data\\analytics-active.json'"}
[2026-06-15T14:45:00.770Z] INFO Tracking market. {"market":"BTC","slug":"btc-updown-5m-1781534700","title":"Bitcoin Up or Down - June 15, 10:45AM-10:50AM ET","end":"2026-06-15T14:50:00.000Z","upToken":"109167330103457007965049646620621920263683326608951905334114448958615059548934","downToken":"39722349163176115124296460316427901698331498780094356997788780626488599328717","orderMinSize":5,"tickSize":"0.01"}
[2026-06-15T14:45:00.772Z] INFO Skipped trade. {"slug":"btc-updown-5m-1781534700","reason":"missing_opening_chainlink_tick"}
[2026-06-15T14:45:00.772Z] INFO Tracking market. {"market":"ETH","slug":"eth-updown-5m-1781534700","title":"Ethereum Up or Down - June 15, 10:45AM-10:50AM ET","end":"2026-06-15T14:50:00.000Z","upToken":"28457390777004165715014940408998537512668967598396443556235515461460035145167","downToken":"64309705321521052678419347401891761855571376756652438419213652506897762782523","orderMinSize":5,"tickSize":"0.01"}
[2026-06-15T14:45:00.777Z] INFO Skipped trade. {"slug":"eth-updown-5m-1781534700","reason":"missing_opening_chainlink_tick"}
[2026-06-15T14:45:00.777Z] INFO Tracking market. {"market":"DOGE","slug":"doge-updown-5m-1781534700","title":"Dogecoin Up or Down - June 15, 10:45AM-10:50AM ET","end":"2026-06-15T14:50:00.000Z","upToken":"81855951468676622191298762264013238931725651875197763871581152591155391839293","downToken":"67846760106047911446123265182216462892788763046936069509105985726430176271756","orderMinSize":5,"tickSize":"0.01"}
[2026-06-15T14:45:00.779Z] INFO Skipped trade. {"slug":"doge-updown-5m-1781534700","reason":"missing_opening_chainlink_tick"}
[2026-06-15T14:45:02.238Z] INFO Captured Chainlink opening tick. {"slug":"btc-updown-5m-1781534700","openingPrice":66487.12586717213,"tickTimestamp":"2026-06-15T14:45:00.000Z"}
[2026-06-15T14:45:02.253Z] INFO Skipped trade. {"slug":"btc-updown-5m-1781534700","reason":"btc_distance_below_threshold","market":"BTC","minDistanceUsd":{"UP":12,"DOWN":12},"openingPrice":66487.12586717213,"currentPrice":66487.12586717213}
[2026-06-15T14:45:04.354Z] INFO Captured Chainlink opening tick. {"slug":"eth-updown-5m-1781534700","openingPrice":1810.796693157161,"tickTimestamp":"2026-06-15T14:45:00.000Z"}
[2026-06-15T14:45:04.360Z] INFO Skipped trade. {"slug":"eth-updown-5m-1781534700","reason":"btc_distance_below_threshold","market":"ETH","minDistanceUsd":{"UP":2,"DOWN":2},"openingPrice":1810.796693157161,"currentPrice":1810.9199774375375}
[2026-06-15T14:45:11.505Z] INFO Captured Chainlink opening tick. {"slug":"doge-updown-5m-1781534700","openingPrice":0.0892294197764882,"tickTimestamp":"2026-06-15T14:45:00.000Z"}
[2026-06-15T14:45:11.559Z] INFO Skipped trade. {"slug":"doge-updown-5m-1781534700","reason":"btc_distance_below_threshold","market":"DOGE","minDistanceUsd":{"UP":0.0003,"DOWN":0.0003},"openingPrice":0.0892294197764882,"currentPrice":0.0892359}
[2026-06-15T14:48:27.154Z] INFO Skipped trade. {"slug":"eth-updown-5m-1781534700","reason":"stale_chainlink_tick","tickTimestamp":"2026-06-15T14:48:11.000Z"}
[2026-06-15T14:48:27.159Z] INFO Skipped trade. {"slug":"doge-updown-5m-1781534700","reason":"stale_chainlink_tick","tickTimestamp":"2026-06-15T14:48:11.000Z"}
[2026-06-15T14:49:30.431Z] INFO Skipped trade. {"slug":"btc-updown-5m-1781534700","reason":"no_ask_liquidity_under_cap","outcome":"UP"}
[2026-06-15T14:49:30.440Z] INFO Skipped trade. {"slug":"eth-updown-5m-1781534700","reason":"no_ask_liquidity_under_cap","outcome":"UP"}
[2026-06-15T14:49:30.440Z] INFO Skipped trade. {"slug":"doge-updown-5m-1781534700","reason":"no_ask_liquidity_under_cap","outcome":"UP"}
[2026-06-15T14:50:00.731Z] INFO Tracking market. {"market":"BTC","slug":"btc-updown-5m-1781535000","title":"Bitcoin Up or Down - June 15, 10:50AM-10:55AM ET","end":"2026-06-15T14:55:00.000Z","upToken":"67444585452341265696172830437618542798870199183388453452945972602375624361357","downToken":"93241212124959152935997813945970519573390877938619365477696071220941233647120","orderMinSize":5,"tickSize":"0.01"}
[2026-06-15T14:50:00.731Z] INFO Skipped trade. {"slug":"btc-updown-5m-1781535000","reason":"missing_opening_chainlink_tick"}
[2026-06-15T14:50:00.731Z] INFO Tracking market. {"market":"ETH","slug":"eth-updown-5m-1781535000","title":"Ethereum Up or Down - June 15, 10:50AM-10:55AM ET","end":"2026-06-15T14:55:00.000Z","upToken":"76271373656792857079449289466586743985961575878021004213022234833193549832115","downToken":"48451916095808527125025935999518561214741565376571843077896145372005828461504","orderMinSize":5,"tickSize":"0.01"}
[2026-06-15T14:50:00.731Z] INFO Skipped trade. {"slug":"eth-updown-5m-1781535000","reason":"missing_opening_chainlink_tick"}
[2026-06-15T14:50:00.731Z] INFO Tracking market. {"market":"DOGE","slug":"doge-updown-5m-1781535000","title":"Dogecoin Up or Down - June 15, 10:50AM-10:55AM ET","end":"2026-06-15T14:55:00.000Z","upToken":"95081778000561466269178450312566811233645828646594340660941646012942727610386","downToken":"61551385657308755850171607065199862936642866281786832674387964859203331095181","orderMinSize":5,"tickSize":"0.01"}
[2026-06-15T14:50:00.731Z] INFO Skipped trade. {"slug":"doge-updown-5m-1781535000","reason":"missing_opening_chainlink_tick"}
[2026-06-15T14:50:02.810Z] INFO Captured Chainlink opening tick. {"slug":"btc-updown-5m-1781535000","openingPrice":66575.26170755422,"tickTimestamp":"2026-06-15T14:50:00.000Z"}
[2026-06-15T14:50:02.815Z] INFO Skipped trade. {"slug":"btc-updown-5m-1781535000","reason":"btc_distance_below_threshold","market":"BTC","minDistanceUsd":{"UP":12,"DOWN":12},"openingPrice":66575.26170755422,"currentPrice":66574.79088}
[2026-06-15T14:50:05.974Z] INFO Captured Chainlink opening tick. {"slug":"eth-updown-5m-1781535000","openingPrice":1815.1644765352025,"tickTimestamp":"2026-06-15T14:50:00.000Z"}
[2026-06-15T14:50:05.977Z] INFO Skipped trade. {"slug":"eth-updown-5m-1781535000","reason":"btc_distance_below_threshold","market":"ETH","minDistanceUsd":{"UP":2,"DOWN":2},"openingPrice":1815.1644765352025,"currentPrice":1815.180236996937}
[2026-06-15T14:50:06.023Z] INFO Captured Chainlink opening tick. {"slug":"doge-updown-5m-1781535000","openingPrice":0.0895235463917927,"tickTimestamp":"2026-06-15T14:50:00.000Z"}
[2026-06-15T14:50:06.028Z] INFO Skipped trade. {"slug":"doge-updown-5m-1781535000","reason":"btc_distance_below_threshold","market":"DOGE","minDistanceUsd":{"UP":0.0003,"DOWN":0.0003},"openingPrice":0.0895235463917927,"currentPrice":0.0895067208902038}
[2026-06-15T14:54:03.176Z] WARN Analytics sample recording failed; continuing. {"market":"DOGE","slug":"doge-updown-5m-1781535000","error":"ENOENT: no such file or directory, rename 'C:\\DEV\\tests\\Workspace de Yarbis\\Polybot\\data\\analytics-active.json.tmp' -> 'C:\\DEV\\tests\\Workspace de Yarbis\\Polybot\\data\\analytics-active.json'"}
[2026-06-15T14:54:47.826Z] INFO Skipped trade. {"slug":"btc-updown-5m-1781535000","reason":"no_ask_liquidity_under_cap","outcome":"UP"}
[2026-06-15T14:55:00.183Z] INFO Tracking market. {"market":"BTC","slug":"btc-updown-5m-1781535300","title":"Bitcoin Up or Down - June 15, 10:55AM-11:00AM ET","end":"2026-06-15T15:00:00.000Z","upToken":"87239025924038038280585673580942181578898688162255594144015368077712067361397","downToken":"92193383451793238134252075255959319229058927005842142656887186760659269443794","orderMinSize":5,"tickSize":"0.01"}
[2026-06-15T14:55:00.183Z] INFO Skipped trade. {"slug":"btc-updown-5m-1781535300","reason":"missing_opening_chainlink_tick"}
[2026-06-15T14:55:00.183Z] INFO Tracking market. {"market":"ETH","slug":"eth-updown-5m-1781535300","title":"Ethereum Up or Down - June 15, 10:55AM-11:00AM ET","end":"2026-06-15T15:00:00.000Z","upToken":"94341030061044541671792565883449609441271956157070824581829381060644591097307","downToken":"404498284097111750895595041403924968408685935212031867632044665798549812106","orderMinSize":5,"tickSize":"0.01"}
[2026-06-15T14:55:00.184Z] INFO Skipped trade. {"slug":"eth-updown-5m-1781535300","reason":"missing_opening_chainlink_tick"}
[2026-06-15T14:55:00.184Z] INFO Tracking market. {"market":"DOGE","slug":"doge-updown-5m-1781535300","title":"Dogecoin Up or Down - June 15, 10:55AM-11:00AM ET","end":"2026-06-15T15:00:00.000Z","upToken":"9393521983123589599685918609814072317991922984630949624829758116489980669550","downToken":"46964227095011503381641178786083686085835012202245301234784994230055958482187","orderMinSize":5,"tickSize":"0.01"}
[2026-06-15T14:55:00.184Z] INFO Skipped trade. {"slug":"doge-updown-5m-1781535300","reason":"missing_opening_chainlink_tick"}
[2026-06-15T14:55:02.255Z] INFO Captured Chainlink opening tick. {"slug":"btc-updown-5m-1781535300","openingPrice":66599.00587002464,"tickTimestamp":"2026-06-15T14:55:00.000Z"}
[2026-06-15T14:55:02.269Z] INFO Skipped trade. {"slug":"btc-updown-5m-1781535300","reason":"btc_distance_below_threshold","market":"BTC","minDistanceUsd":{"UP":12,"DOWN":12},"openingPrice":66599.00587002464,"currentPrice":66599.00587002464}
[2026-06-15T14:55:06.444Z] INFO Captured Chainlink opening tick. {"slug":"eth-updown-5m-1781535300","openingPrice":1815.1266414022427,"tickTimestamp":"2026-06-15T14:55:00.000Z"}
[2026-06-15T14:55:06.451Z] INFO Skipped trade. {"slug":"eth-updown-5m-1781535300","reason":"btc_distance_below_threshold","market":"ETH","minDistanceUsd":{"UP":2,"DOWN":2},"openingPrice":1815.1266414022427,"currentPrice":1815.216921503779}
[2026-06-15T14:55:06.489Z] INFO Captured Chainlink opening tick. {"slug":"doge-updown-5m-1781535300","openingPrice":0.0895769,"tickTimestamp":"2026-06-15T14:55:00.000Z"}
[2026-06-15T14:55:06.493Z] INFO Skipped trade. {"slug":"doge-updown-5m-1781535300","reason":"btc_distance_below_threshold","market":"DOGE","minDistanceUsd":{"UP":0.0003,"DOWN":0.0003},"openingPrice":0.0895769,"currentPrice":0.0895855607505726}
[2026-06-15T14:59:28.878Z] INFO Skipped trade. {"slug":"btc-updown-5m-1781535300","reason":"no_ask_liquidity_under_cap","outcome":"DOWN"}
[2026-06-15T14:59:28.879Z] INFO Skipped trade. {"slug":"eth-updown-5m-1781535300","reason":"no_ask_liquidity_under_cap","outcome":"DOWN"}
[2026-06-15T15:00:01.343Z] INFO Tracking market. {"market":"BTC","slug":"btc-updown-5m-1781535600","title":"Bitcoin Up or Down - June 15, 11:00AM-11:05AM ET","end":"2026-06-15T15:05:00.000Z","upToken":"114504137425281983232561184776257846585636611122612016320244942371187718498719","downToken":"68945027578311319104713148969972829367313872804122557993179103129930316286447","orderMinSize":5,"tickSize":"0.01"}
[2026-06-15T15:00:01.344Z] INFO Skipped trade. {"slug":"btc-updown-5m-1781535600","reason":"missing_opening_chainlink_tick"}
[2026-06-15T15:00:01.344Z] INFO Tracking market. {"market":"ETH","slug":"eth-updown-5m-1781535600","title":"Ethereum Up or Down - June 15, 11:00AM-11:05AM ET","end":"2026-06-15T15:05:00.000Z","upToken":"83137591296335724461492651511843143255397067748600790705067171036988965102383","downToken":"82021259727790131113089685976336114139437983396036563763266247372647542705571","orderMinSize":5,"tickSize":"0.01"}
[2026-06-15T15:00:01.344Z] INFO Skipped trade. {"slug":"eth-updown-5m-1781535600","reason":"missing_opening_chainlink_tick"}
[2026-06-15T15:00:01.344Z] INFO Tracking market. {"market":"DOGE","slug":"doge-updown-5m-1781535600","title":"Dogecoin Up or Down - June 15, 11:00AM-11:05AM ET","end":"2026-06-15T15:05:00.000Z","upToken":"99517320767402006570725693201398600305105101747570682118241988959462141395971","downToken":"17667909932962297133889756979819085235792664227300830174509376771967042027377","orderMinSize":5,"tickSize":"0.01"}
[2026-06-15T15:00:01.345Z] INFO Skipped trade. {"slug":"doge-updown-5m-1781535600","reason":"missing_opening_chainlink_tick"}
[2026-06-15T15:00:02.783Z] WARN Bot loop iteration failed; retrying. {"error":"ENOENT: no such file or directory, rename 'C:\\DEV\\tests\\Workspace de Yarbis\\Polybot\\data\\state.json.tmp' -> 'C:\\DEV\\tests\\Workspace de Yarbis\\Polybot\\data\\state.json'"}
[2026-06-15T15:00:04.175Z] INFO Skipped trade. {"slug":"btc-updown-5m-1781535600","reason":"btc_distance_below_threshold","market":"BTC","minDistanceUsd":{"UP":12,"DOWN":12},"openingPrice":66550.14658269464,"currentPrice":66545.03469593653}
[2026-06-15T15:00:04.455Z] INFO Captured Chainlink opening tick. {"slug":"eth-updown-5m-1781535600","openingPrice":1813.4284253206226,"tickTimestamp":"2026-06-15T15:00:00.000Z"}
[2026-06-15T15:00:04.469Z] INFO Skipped trade. {"slug":"eth-updown-5m-1781535600","reason":"btc_distance_below_threshold","market":"ETH","minDistanceUsd":{"UP":2,"DOWN":2},"openingPrice":1813.4284253206226,"currentPrice":1813.4284253206226}
[2026-06-15T15:00:04.567Z] INFO Captured Chainlink opening tick. {"slug":"doge-updown-5m-1781535600","openingPrice":0.089466655,"tickTimestamp":"2026-06-15T15:00:00.000Z"}
[2026-06-15T15:00:04.577Z] INFO Skipped trade. {"slug":"doge-updown-5m-1781535600","reason":"btc_distance_below_threshold","market":"DOGE","minDistanceUsd":{"UP":0.0003,"DOWN":0.0003},"openingPrice":0.089466655,"currentPrice":0.089466655}
[2026-06-15T15:04:31.376Z] INFO Skipped trade. {"slug":"btc-updown-5m-1781535600","reason":"no_ask_liquidity_under_cap","outcome":"UP"}
[2026-06-15T15:04:56.476Z] WARN Analytics sample recording failed; continuing. {"market":"DOGE","slug":"doge-updown-5m-1781535600","error":"ENOENT: no such file or directory, rename 'C:\\DEV\\tests\\Workspace de Yarbis\\Polybot\\data\\analytics-active.json.tmp' -> 'C:\\DEV\\tests\\Workspace de Yarbis\\Polybot\\data\\analytics-active.json'"}
[2026-06-15T15:05:02.390Z] INFO Tracking market. {"market":"BTC","slug":"btc-updown-5m-1781535900","title":"Bitcoin Up or Down - June 15, 11:05AM-11:10AM ET","end":"2026-06-15T15:10:00.000Z","upToken":"98120159074511969387697017338002268436363915250698356033192871982236945279450","downToken":"46210402947286841159705059121724116136863892627749017308168354794130971553796","orderMinSize":5,"tickSize":"0.01"}
[2026-06-15T15:05:02.459Z] INFO Captured Chainlink opening tick. {"slug":"btc-updown-5m-1781535900","openingPrice":66584.90171724377,"tickTimestamp":"2026-06-15T15:05:00.000Z"}
[2026-06-15T15:05:02.466Z] INFO Skipped trade. {"slug":"btc-updown-5m-1781535900","reason":"btc_distance_below_threshold","market":"BTC","minDistanceUsd":{"UP":12,"DOWN":12},"openingPrice":66584.90171724377,"currentPrice":66584.48738653708}
[2026-06-15T15:05:02.466Z] INFO Tracking market. {"market":"ETH","slug":"eth-updown-5m-1781535900","title":"Ethereum Up or Down - June 15, 11:05AM-11:10AM ET","end":"2026-06-15T15:10:00.000Z","upToken":"23070477092825631776776980455993239585334143677724113436926303243765933771526","downToken":"66422616943314013108011327617896126289451906481823824233350471841505020477420","orderMinSize":5,"tickSize":"0.01"}
[2026-06-15T15:05:02.466Z] INFO Skipped trade. {"slug":"eth-updown-5m-1781535900","reason":"missing_opening_chainlink_tick"}
[2026-06-15T15:05:02.466Z] INFO Tracking market. {"market":"DOGE","slug":"doge-updown-5m-1781535900","title":"Dogecoin Up or Down - June 15, 11:05AM-11:10AM ET","end":"2026-06-15T15:10:00.000Z","upToken":"71623840039243871461526887608180552857208003190341679691346732267689987826396","downToken":"10667303183022791843100247894580500736142349658792079397726733755632482291497","orderMinSize":5,"tickSize":"0.01"}
[2026-06-15T15:05:02.466Z] INFO Skipped trade. {"slug":"doge-updown-5m-1781535900","reason":"missing_opening_chainlink_tick"}
[2026-06-15T15:05:04.565Z] INFO Captured Chainlink opening tick. {"slug":"eth-updown-5m-1781535900","openingPrice":1813.1873898989554,"tickTimestamp":"2026-06-15T15:05:00.000Z"}
[2026-06-15T15:05:04.597Z] INFO Skipped trade. {"slug":"eth-updown-5m-1781535900","reason":"btc_distance_below_threshold","market":"ETH","minDistanceUsd":{"UP":2,"DOWN":2},"openingPrice":1813.1873898989554,"currentPrice":1813.1919348989554}
[2026-06-15T15:05:04.691Z] INFO Captured Chainlink opening tick. {"slug":"doge-updown-5m-1781535900","openingPrice":0.0894476,"tickTimestamp":"2026-06-15T15:05:00.000Z"}
[2026-06-15T15:05:04.697Z] INFO Skipped trade. {"slug":"doge-updown-5m-1781535900","reason":"btc_distance_below_threshold","market":"DOGE","minDistanceUsd":{"UP":0.0003,"DOWN":0.0003},"openingPrice":0.0894476,"currentPrice":0.0894479}
[2026-06-15T15:09:29.253Z] INFO Skipped trade. {"slug":"btc-updown-5m-1781535900","reason":"no_ask_liquidity_under_cap","outcome":"UP"}
[2026-06-15T15:09:37.394Z] INFO Skipped trade. {"slug":"eth-updown-5m-1781535900","reason":"no_ask_liquidity_under_cap","outcome":"UP"}
[2026-06-15T15:10:01.188Z] INFO Tracking market. {"market":"BTC","slug":"btc-updown-5m-1781536200","title":"Bitcoin Up or Down - June 15, 11:10AM-11:15AM ET","end":"2026-06-15T15:15:00.000Z","upToken":"48039751794095167473742558577789231334374302999963425477528978119616958099758","downToken":"62424396679172053537059832428081806993907121828688224070454906859496280843761","orderMinSize":5,"tickSize":"0.01"}
[2026-06-15T15:10:01.189Z] INFO Skipped trade. {"slug":"btc-updown-5m-1781536200","reason":"missing_opening_chainlink_tick"}
[2026-06-15T15:10:01.189Z] INFO Tracking market. {"market":"ETH","slug":"eth-updown-5m-1781536200","title":"Ethereum Up or Down - June 15, 11:10AM-11:15AM ET","end":"2026-06-15T15:15:00.000Z","upToken":"12697889413591922279690656932111472403148206095077074091514798206209156638237","downToken":"97896003802350254609194523814094192807593504196190758695996450237396631162610","orderMinSize":5,"tickSize":"0.01"}
[2026-06-15T15:10:01.190Z] INFO Skipped trade. {"slug":"eth-updown-5m-1781536200","reason":"missing_opening_chainlink_tick"}
[2026-06-15T15:10:01.190Z] INFO Tracking market. {"market":"DOGE","slug":"doge-updown-5m-1781536200","title":"Dogecoin Up or Down - June 15, 11:10AM-11:15AM ET","end":"2026-06-15T15:15:00.000Z","upToken":"10660906198938579020820597696576981840956785157846481869383208057022954039845","downToken":"39943436053116170796278181466444324906911058299670688154183970855445644898505","orderMinSize":5,"tickSize":"0.01"}
[2026-06-15T15:10:01.190Z] INFO Skipped trade. {"slug":"doge-updown-5m-1781536200","reason":"missing_opening_chainlink_tick"}
[2026-06-15T15:10:02.297Z] INFO Captured Chainlink opening tick. {"slug":"btc-updown-5m-1781536200","openingPrice":66608.90870536082,"tickTimestamp":"2026-06-15T15:10:00.000Z"}
[2026-06-15T15:10:02.325Z] INFO Skipped trade. {"slug":"btc-updown-5m-1781536200","reason":"btc_distance_below_threshold","market":"BTC","minDistanceUsd":{"UP":12,"DOWN":12},"openingPrice":66608.90870536082,"currentPrice":66608.90870536082}
[2026-06-15T15:10:02.391Z] INFO Captured Chainlink opening tick. {"slug":"eth-updown-5m-1781536200","openingPrice":1815.2034137034987,"tickTimestamp":"2026-06-15T15:10:00.000Z"}
[2026-06-15T15:10:02.397Z] INFO Skipped trade. {"slug":"eth-updown-5m-1781536200","reason":"btc_distance_below_threshold","market":"ETH","minDistanceUsd":{"UP":2,"DOWN":2},"openingPrice":1815.2034137034987,"currentPrice":1815.2034137034987}
[2026-06-15T15:10:02.474Z] INFO Captured Chainlink opening tick. {"slug":"doge-updown-5m-1781536200","openingPrice":0.0895353275123674,"tickTimestamp":"2026-06-15T15:10:00.000Z"}
[2026-06-15T15:10:02.494Z] INFO Skipped trade. {"slug":"doge-updown-5m-1781536200","reason":"btc_distance_below_threshold","market":"DOGE","minDistanceUsd":{"UP":0.0003,"DOWN":0.0003},"openingPrice":0.0895353275123674,"currentPrice":0.0895353275123674}
[2026-06-15T15:11:25.387Z] WARN Bot loop iteration failed; retrying. {"error":"fetch failed"}
[2026-06-15T15:14:06.790Z] WARN Analytics sample recording failed; continuing. {"market":"ETH","slug":"eth-updown-5m-1781536200","error":"EPERM: operation not permitted, rename 'C:\\DEV\\tests\\Workspace de Yarbis\\Polybot\\data\\analytics-active.json.tmp' -> 'C:\\DEV\\tests\\Workspace de Yarbis\\Polybot\\data\\analytics-active.json'"}
[2026-06-15T15:14:07.661Z] WARN Analytics sample recording failed; continuing. {"market":"DOGE","slug":"doge-updown-5m-1781536200","error":"EPERM: operation not permitted, rename 'C:\\DEV\\tests\\Workspace de Yarbis\\Polybot\\data\\analytics-active.json.tmp' -> 'C:\\DEV\\tests\\Workspace de Yarbis\\Polybot\\data\\analytics-active.json'"}
[2026-06-15T15:14:42.097Z] INFO Skipped trade. {"slug":"btc-updown-5m-1781536200","reason":"no_ask_liquidity_under_cap","outcome":"DOWN"}
[2026-06-15T15:15:01.651Z] INFO Tracking market. {"market":"BTC","slug":"btc-updown-5m-1781536500","title":"Bitcoin Up or Down - June 15, 11:15AM-11:20AM ET","end":"2026-06-15T15:20:00.000Z","upToken":"82278758637691513211957373017283005293348841184405025181634459508586597045202","downToken":"94869455979270185898716201631107407133520774052984143773376787727127695060991","orderMinSize":5,"tickSize":"0.01"}
[2026-06-15T15:15:01.651Z] INFO Skipped trade. {"slug":"btc-updown-5m-1781536500","reason":"missing_opening_chainlink_tick"}
[2026-06-15T15:15:01.651Z] INFO Tracking market. {"market":"ETH","slug":"eth-updown-5m-1781536500","title":"Ethereum Up or Down - June 15, 11:15AM-11:20AM ET","end":"2026-06-15T15:20:00.000Z","upToken":"115363297316247305671512436140073981333633347642815156529916161965944610242496","downToken":"22514848185274050382761556680118401940233358907156343596522728442149214470495","orderMinSize":5,"tickSize":"0.01"}
[2026-06-15T15:15:01.651Z] INFO Skipped trade. {"slug":"eth-updown-5m-1781536500","reason":"missing_opening_chainlink_tick"}
[2026-06-15T15:15:01.651Z] INFO Tracking market. {"market":"DOGE","slug":"doge-updown-5m-1781536500","title":"Dogecoin Up or Down - June 15, 11:15AM-11:20AM ET","end":"2026-06-15T15:20:00.000Z","upToken":"2937303855395151892079512185979453857204917329047434890166221990728958972528","downToken":"26937561028026756934580590775519158798345199737073988945466284609580917888502","orderMinSize":5,"tickSize":"0.01"}
[2026-06-15T15:15:01.652Z] INFO Skipped trade. {"slug":"doge-updown-5m-1781536500","reason":"missing_opening_chainlink_tick"}
[2026-06-15T15:15:03.121Z] INFO Captured Chainlink opening tick. {"slug":"btc-updown-5m-1781536500","openingPrice":66584.87523539353,"tickTimestamp":"2026-06-15T15:15:00.000Z"}
[2026-06-15T15:15:03.131Z] INFO Skipped trade. {"slug":"btc-updown-5m-1781536500","reason":"btc_distance_below_threshold","market":"BTC","minDistanceUsd":{"UP":12,"DOWN":12},"openingPrice":66584.87523539353,"currentPrice":66582.64294265214}
[2026-06-15T15:15:04.236Z] INFO Captured Chainlink opening tick. {"slug":"eth-updown-5m-1781536500","openingPrice":1814.812524603236,"tickTimestamp":"2026-06-15T15:15:00.000Z"}
[2026-06-15T15:15:04.244Z] INFO Skipped trade. {"slug":"eth-updown-5m-1781536500","reason":"btc_distance_below_threshold","market":"ETH","minDistanceUsd":{"UP":2,"DOWN":2},"openingPrice":1814.812524603236,"currentPrice":1814.721383685299}
[2026-06-15T15:15:04.348Z] INFO Captured Chainlink opening tick. {"slug":"doge-updown-5m-1781536500","openingPrice":0.089457374,"tickTimestamp":"2026-06-15T15:15:00.000Z"}
[2026-06-15T15:15:04.357Z] INFO Skipped trade. {"slug":"doge-updown-5m-1781536500","reason":"btc_distance_below_threshold","market":"DOGE","minDistanceUsd":{"UP":0.0003,"DOWN":0.0003},"openingPrice":0.089457374,"currentPrice":0.0894550593714073}
[2026-06-15T15:16:03.397Z] INFO Skipped trade. {"slug":"doge-updown-5m-1781536500","reason":"stale_chainlink_tick","tickTimestamp":"2026-06-15T15:15:53.000Z"}
[2026-06-15T15:19:00.382Z] WARN Analytics sample recording failed; continuing. {"market":"BTC","slug":"btc-updown-5m-1781536500","error":"ENOENT: no such file or directory, rename 'C:\\DEV\\tests\\Workspace de Yarbis\\Polybot\\data\\analytics-active.json.tmp' -> 'C:\\DEV\\tests\\Workspace de Yarbis\\Polybot\\data\\analytics-active.json'"}
[2026-06-15T15:19:28.795Z] INFO Skipped trade. {"slug":"btc-updown-5m-1781536500","reason":"no_ask_liquidity_under_cap","outcome":"UP"}
[2026-06-15T15:19:29.983Z] WARN Analytics sample recording failed; continuing. {"market":"BTC","slug":"btc-updown-5m-1781536500","error":"ENOENT: no such file or directory, rename 'C:\\DEV\\tests\\Workspace de Yarbis\\Polybot\\data\\analytics-active.json.tmp' -> 'C:\\DEV\\tests\\Workspace de Yarbis\\Polybot\\data\\analytics-active.json'"}
[2026-06-15T15:19:30.354Z] WARN Analytics sample recording failed; continuing. {"market":"DOGE","slug":"doge-updown-5m-1781536500","error":"ENOENT: no such file or directory, rename 'C:\\DEV\\tests\\Workspace de Yarbis\\Polybot\\data\\analytics-active.json.tmp' -> 'C:\\DEV\\tests\\Workspace de Yarbis\\Polybot\\data\\analytics-active.json'"}
[2026-06-15T15:19:31.955Z] WARN Analytics sample recording failed; continuing. {"market":"DOGE","slug":"doge-updown-5m-1781536500","error":"ENOENT: no such file or directory, rename 'C:\\DEV\\tests\\Workspace de Yarbis\\Polybot\\data\\analytics-active.json.tmp' -> 'C:\\DEV\\tests\\Workspace de Yarbis\\Polybot\\data\\analytics-active.json'"}
[2026-06-15T15:19:35.243Z] INFO Skipped trade. {"slug":"eth-updown-5m-1781536500","reason":"no_ask_liquidity_under_cap","outcome":"UP"}
[2026-06-15T15:20:00.603Z] INFO Tracking market. {"market":"BTC","slug":"btc-updown-5m-1781536800","title":"Bitcoin Up or Down - June 15, 11:20AM-11:25AM ET","end":"2026-06-15T15:25:00.000Z","upToken":"4092575790302537148202871218190898737624162872414824571012989952731922615039","downToken":"91484580360298178480975835305329240069050269154174770808191596139984876788286","orderMinSize":5,"tickSize":"0.01"}
[2026-06-15T15:20:00.603Z] INFO Skipped trade. {"slug":"btc-updown-5m-1781536800","reason":"missing_opening_chainlink_tick"}
[2026-06-15T15:20:00.603Z] INFO Tracking market. {"market":"ETH","slug":"eth-updown-5m-1781536800","title":"Ethereum Up or Down - June 15, 11:20AM-11:25AM ET","end":"2026-06-15T15:25:00.000Z","upToken":"18980276098577595348971680671799178146337401927501745885842382894972431683517","downToken":"6986594876570951864624405336494271923412138613739243128912134666529402366056","orderMinSize":5,"tickSize":"0.01"}
[2026-06-15T15:20:00.603Z] INFO Skipped trade. {"slug":"eth-updown-5m-1781536800","reason":"missing_opening_chainlink_tick"}
[2026-06-15T15:20:00.603Z] INFO Tracking market. {"market":"DOGE","slug":"doge-updown-5m-1781536800","title":"Dogecoin Up or Down - June 15, 11:20AM-11:25AM ET","end":"2026-06-15T15:25:00.000Z","upToken":"14038863128838491557795512870515656627969390090838103351215099763421054500065","downToken":"42890604574971623741787812290512418807438818014626180969903742535238439609220","orderMinSize":5,"tickSize":"0.01"}
[2026-06-15T15:20:00.603Z] INFO Skipped trade. {"slug":"doge-updown-5m-1781536800","reason":"missing_opening_chainlink_tick"}
[2026-06-15T15:20:01.660Z] INFO Captured Chainlink opening tick. {"slug":"btc-updown-5m-1781536800","openingPrice":66677.64764607091,"tickTimestamp":"2026-06-15T15:20:00.000Z"}
[2026-06-15T15:20:01.674Z] INFO Skipped trade. {"slug":"btc-updown-5m-1781536800","reason":"btc_distance_below_threshold","market":"BTC","minDistanceUsd":{"UP":12,"DOWN":12},"openingPrice":66677.64764607091,"currentPrice":66677.64764607091}
[2026-06-15T15:20:04.762Z] INFO Captured Chainlink opening tick. {"slug":"eth-updown-5m-1781536800","openingPrice":1819.117063375649,"tickTimestamp":"2026-06-15T15:20:00.000Z"}
[2026-06-15T15:20:04.779Z] INFO Skipped trade. {"slug":"eth-updown-5m-1781536800","reason":"btc_distance_below_threshold","market":"ETH","minDistanceUsd":{"UP":2,"DOWN":2},"openingPrice":1819.117063375649,"currentPrice":1818.357287272917}
[2026-06-15T15:20:04.822Z] INFO Captured Chainlink opening tick. {"slug":"doge-updown-5m-1781536800","openingPrice":0.0895745,"tickTimestamp":"2026-06-15T15:20:00.000Z"}
[2026-06-15T15:20:04.825Z] INFO Skipped trade. {"slug":"doge-updown-5m-1781536800","reason":"btc_distance_below_threshold","market":"DOGE","minDistanceUsd":{"UP":0.0003,"DOWN":0.0003},"openingPrice":0.0895745,"currentPrice":0.0895401298345173}
[2026-06-15T15:24:28.954Z] INFO Skipped trade. {"slug":"btc-updown-5m-1781536800","reason":"no_ask_liquidity_under_cap","outcome":"DOWN"}
[2026-06-15T15:24:28.954Z] INFO Skipped trade. {"slug":"eth-updown-5m-1781536800","reason":"no_ask_liquidity_under_cap","outcome":"DOWN"}
[2026-06-15T15:25:01.032Z] INFO Tracking market. {"market":"BTC","slug":"btc-updown-5m-1781537100","title":"Bitcoin Up or Down - June 15, 11:25AM-11:30AM ET","end":"2026-06-15T15:30:00.000Z","upToken":"76200780032529682264552462501700682565836838276465540401792197988165833087941","downToken":"13160341522779313981868835764654044043187088063534074422661893011343953839036","orderMinSize":5,"tickSize":"0.01"}
[2026-06-15T15:25:01.032Z] INFO Skipped trade. {"slug":"btc-updown-5m-1781537100","reason":"missing_opening_chainlink_tick"}
[2026-06-15T15:25:01.032Z] INFO Tracking market. {"market":"ETH","slug":"eth-updown-5m-1781537100","title":"Ethereum Up or Down - June 15, 11:25AM-11:30AM ET","end":"2026-06-15T15:30:00.000Z","upToken":"3993917361847994901531909864334428013576918269358174806343473848318637739260","downToken":"105058420727772280251653868298878758124259168768097261020668989706152924157140","orderMinSize":5,"tickSize":"0.01"}
[2026-06-15T15:25:01.033Z] INFO Skipped trade. {"slug":"eth-updown-5m-1781537100","reason":"missing_opening_chainlink_tick"}
[2026-06-15T15:25:01.033Z] INFO Tracking market. {"market":"DOGE","slug":"doge-updown-5m-1781537100","title":"Dogecoin Up or Down - June 15, 11:25AM-11:30AM ET","end":"2026-06-15T15:30:00.000Z","upToken":"46622963066555837136213063871852940779419337162920126222781929698675733496996","downToken":"68687792195710426474521579342305074719318345289324015151820844816497790767279","orderMinSize":5,"tickSize":"0.01"}
[2026-06-15T15:25:01.033Z] INFO Skipped trade. {"slug":"doge-updown-5m-1781537100","reason":"missing_opening_chainlink_tick"}
[2026-06-15T15:25:02.088Z] INFO Captured Chainlink opening tick. {"slug":"btc-updown-5m-1781537100","openingPrice":66622.40663124427,"tickTimestamp":"2026-06-15T15:25:00.000Z"}
[2026-06-15T15:25:02.095Z] INFO Skipped trade. {"slug":"btc-updown-5m-1781537100","reason":"btc_distance_below_threshold","market":"BTC","minDistanceUsd":{"UP":12,"DOWN":12},"openingPrice":66622.40663124427,"currentPrice":66622.40663124427}
[2026-06-15T15:25:05.169Z] INFO Captured Chainlink opening tick. {"slug":"eth-updown-5m-1781537100","openingPrice":1815.70166506996,"tickTimestamp":"2026-06-15T15:25:00.000Z"}
[2026-06-15T15:25:05.177Z] INFO Skipped trade. {"slug":"eth-updown-5m-1781537100","reason":"btc_distance_below_threshold","market":"ETH","minDistanceUsd":{"UP":2,"DOWN":2},"openingPrice":1815.70166506996,"currentPrice":1815.6437489399705}
[2026-06-15T15:25:05.207Z] INFO Captured Chainlink opening tick. {"slug":"doge-updown-5m-1781537100","openingPrice":0.0894318656214749,"tickTimestamp":"2026-06-15T15:25:00.000Z"}
[2026-06-15T15:25:05.211Z] INFO Skipped trade. {"slug":"doge-updown-5m-1781537100","reason":"btc_distance_below_threshold","market":"DOGE","minDistanceUsd":{"UP":0.0003,"DOWN":0.0003},"openingPrice":0.0894318656214749,"currentPrice":0.0894327}
[2026-06-15T15:30:01.312Z] INFO Tracking market. {"market":"BTC","slug":"btc-updown-5m-1781537400","title":"Bitcoin Up or Down - June 15, 11:30AM-11:35AM ET","end":"2026-06-15T15:35:00.000Z","upToken":"105379700420168537021681198611571475908253163256914281938348865286149367090700","downToken":"17791901925999693029499629867657714853052310378020523429867654634604728991148","orderMinSize":5,"tickSize":"0.01"}
[2026-06-15T15:30:01.313Z] INFO Skipped trade. {"slug":"btc-updown-5m-1781537400","reason":"missing_opening_chainlink_tick"}
[2026-06-15T15:30:01.313Z] INFO Tracking market. {"market":"ETH","slug":"eth-updown-5m-1781537400","title":"Ethereum Up or Down - June 15, 11:30AM-11:35AM ET","end":"2026-06-15T15:35:00.000Z","upToken":"31166254608272845536392449791710638244674833525010985946399034118964834610200","downToken":"108610444120353844865556202898163066873863287392584241663339103105884366094756","orderMinSize":5,"tickSize":"0.01"}
[2026-06-15T15:30:01.313Z] INFO Skipped trade. {"slug":"eth-updown-5m-1781537400","reason":"missing_opening_chainlink_tick"}
[2026-06-15T15:30:01.313Z] INFO Tracking market. {"market":"DOGE","slug":"doge-updown-5m-1781537400","title":"Dogecoin Up or Down - June 15, 11:30AM-11:35AM ET","end":"2026-06-15T15:35:00.000Z","upToken":"54725149991209986777179713767264979237508899474052898859870174787892876854783","downToken":"23478114199500785145669805063928641363282575497559976945300080642631262977654","orderMinSize":5,"tickSize":"0.01"}
[2026-06-15T15:30:01.313Z] INFO Skipped trade. {"slug":"doge-updown-5m-1781537400","reason":"missing_opening_chainlink_tick"}
[2026-06-15T15:30:02.388Z] INFO Captured Chainlink opening tick. {"slug":"btc-updown-5m-1781537400","openingPrice":66616.19845974987,"tickTimestamp":"2026-06-15T15:30:00.000Z"}
[2026-06-15T15:30:02.392Z] INFO Skipped trade. {"slug":"btc-updown-5m-1781537400","reason":"btc_distance_below_threshold","market":"BTC","minDistanceUsd":{"UP":12,"DOWN":12},"openingPrice":66616.19845974987,"currentPrice":66616.19845974987}
[2026-06-15T15:30:06.571Z] INFO Captured Chainlink opening tick. {"slug":"eth-updown-5m-1781537400","openingPrice":1815.437450795294,"tickTimestamp":"2026-06-15T15:30:00.000Z"}
[2026-06-15T15:30:06.576Z] INFO Skipped trade. {"slug":"eth-updown-5m-1781537400","reason":"btc_distance_below_threshold","market":"ETH","minDistanceUsd":{"UP":2,"DOWN":2},"openingPrice":1815.437450795294,"currentPrice":1815.4600340651107}
[2026-06-15T15:30:06.612Z] INFO Captured Chainlink opening tick. {"slug":"doge-updown-5m-1781537400","openingPrice":0.0894270898703353,"tickTimestamp":"2026-06-15T15:30:00.000Z"}
[2026-06-15T15:30:06.619Z] INFO Skipped trade. {"slug":"doge-updown-5m-1781537400","reason":"btc_distance_below_threshold","market":"DOGE","minDistanceUsd":{"UP":0.0003,"DOWN":0.0003},"openingPrice":0.0894270898703353,"currentPrice":0.089436311703754}
[2026-06-15T15:34:29.361Z] INFO Skipped trade. {"slug":"btc-updown-5m-1781537400","reason":"no_ask_liquidity_under_cap","outcome":"DOWN"}
[2026-06-15T15:34:29.361Z] INFO Skipped trade. {"slug":"eth-updown-5m-1781537400","reason":"no_ask_liquidity_under_cap","outcome":"DOWN"}
[2026-06-15T15:35:00.412Z] INFO Tracking market. {"market":"BTC","slug":"btc-updown-5m-1781537700","title":"Bitcoin Up or Down - June 15, 11:35AM-11:40AM ET","end":"2026-06-15T15:40:00.000Z","upToken":"11210551313362551250111824992473143080866546565325379286753469037646820642750","downToken":"28354426453770618613788407971870162115722018845077903313356571713459372939300","orderMinSize":5,"tickSize":"0.01"}
[2026-06-15T15:35:00.412Z] INFO Skipped trade. {"slug":"btc-updown-5m-1781537700","reason":"missing_opening_chainlink_tick"}
[2026-06-15T15:35:00.412Z] INFO Tracking market. {"market":"ETH","slug":"eth-updown-5m-1781537700","title":"Ethereum Up or Down - June 15, 11:35AM-11:40AM ET","end":"2026-06-15T15:40:00.000Z","upToken":"82261000158120196507954248223363136782151428092359134410510235401341817604501","downToken":"104583341796320141999328543906831986730929315828986591318517630565923910967364","orderMinSize":5,"tickSize":"0.01"}
[2026-06-15T15:35:00.412Z] INFO Skipped trade. {"slug":"eth-updown-5m-1781537700","reason":"missing_opening_chainlink_tick"}
[2026-06-15T15:35:00.412Z] INFO Tracking market. {"market":"DOGE","slug":"doge-updown-5m-1781537700","title":"Dogecoin Up or Down - June 15, 11:35AM-11:40AM ET","end":"2026-06-15T15:40:00.000Z","upToken":"60274627562308729938320186854466153483168492059366489527250831522267504193003","downToken":"19964462752769690601040784373497346946814428401867821669234700360112610208446","orderMinSize":5,"tickSize":"0.01"}
[2026-06-15T15:35:00.412Z] INFO Skipped trade. {"slug":"doge-updown-5m-1781537700","reason":"missing_opening_chainlink_tick"}
[2026-06-15T15:35:02.479Z] INFO Captured Chainlink opening tick. {"slug":"btc-updown-5m-1781537700","openingPrice":66616.03311800984,"tickTimestamp":"2026-06-15T15:35:00.000Z"}
[2026-06-15T15:35:02.488Z] INFO Skipped trade. {"slug":"btc-updown-5m-1781537700","reason":"btc_distance_below_threshold","market":"BTC","minDistanceUsd":{"UP":12,"DOWN":12},"openingPrice":66616.03311800984,"currentPrice":66616.03311800984}
[2026-06-15T15:35:06.702Z] INFO Captured Chainlink opening tick. {"slug":"eth-updown-5m-1781537700","openingPrice":1814.73038749151,"tickTimestamp":"2026-06-15T15:35:00.000Z"}
[2026-06-15T15:35:06.714Z] INFO Skipped trade. {"slug":"eth-updown-5m-1781537700","reason":"btc_distance_below_threshold","market":"ETH","minDistanceUsd":{"UP":2,"DOWN":2},"openingPrice":1814.73038749151,"currentPrice":1814.7335}
[2026-06-15T15:35:06.750Z] INFO Captured Chainlink opening tick. {"slug":"doge-updown-5m-1781537700","openingPrice":0.0893078,"tickTimestamp":"2026-06-15T15:35:00.000Z"}
[2026-06-15T15:35:06.753Z] INFO Skipped trade. {"slug":"doge-updown-5m-1781537700","reason":"btc_distance_below_threshold","market":"DOGE","minDistanceUsd":{"UP":0.0003,"DOWN":0.0003},"openingPrice":0.0893078,"currentPrice":0.0893157669854858}
[2026-06-15T15:39:29.201Z] INFO Skipped trade. {"slug":"btc-updown-5m-1781537700","reason":"no_ask_liquidity_under_cap","outcome":"UP"}
[2026-06-15T15:39:29.201Z] INFO Skipped trade. {"slug":"eth-updown-5m-1781537700","reason":"no_ask_liquidity_under_cap","outcome":"UP"}
[2026-06-15T15:39:29.201Z] INFO Skipped trade. {"slug":"doge-updown-5m-1781537700","reason":"no_ask_liquidity_under_cap","outcome":"UP"}
[2026-06-15T15:40:01.588Z] INFO Tracking market. {"market":"BTC","slug":"btc-updown-5m-1781538000","title":"Bitcoin Up or Down - June 15, 11:40AM-11:45AM ET","end":"2026-06-15T15:45:00.000Z","upToken":"56947580883006902761025816621174148539953549222558622953061335248525010869457","downToken":"88401465934196404070837715821515751153416042339923460858775937343246151136565","orderMinSize":5,"tickSize":"0.01"}
[2026-06-15T15:40:01.633Z] INFO Captured Chainlink opening tick. {"slug":"btc-updown-5m-1781538000","openingPrice":66763.62008827379,"tickTimestamp":"2026-06-15T15:40:00.000Z"}
[2026-06-15T15:40:01.639Z] INFO Skipped trade. {"slug":"btc-updown-5m-1781538000","reason":"btc_distance_below_threshold","market":"BTC","minDistanceUsd":{"UP":12,"DOWN":12},"openingPrice":66763.62008827379,"currentPrice":66763.62008827379}
[2026-06-15T15:40:01.639Z] INFO Tracking market. {"market":"ETH","slug":"eth-updown-5m-1781538000","title":"Ethereum Up or Down - June 15, 11:40AM-11:45AM ET","end":"2026-06-15T15:45:00.000Z","upToken":"50050988156136569700346286098260607785407339121473353956587090418235789961230","downToken":"21201377956940719838093415543167366048534174926342576197686947593338044942065","orderMinSize":5,"tickSize":"0.01"}
[2026-06-15T15:40:01.640Z] INFO Skipped trade. {"slug":"eth-updown-5m-1781538000","reason":"missing_opening_chainlink_tick"}
[2026-06-15T15:40:01.640Z] INFO Tracking market. {"market":"DOGE","slug":"doge-updown-5m-1781538000","title":"Dogecoin Up or Down - June 15, 11:40AM-11:45AM ET","end":"2026-06-15T15:45:00.000Z","upToken":"3686167462335995661011079703625963413194394899894793056984051879285904300233","downToken":"57355032344895073017130296808467102777716311173168811241866533963637873331709","orderMinSize":5,"tickSize":"0.01"}
[2026-06-15T15:40:01.640Z] INFO Skipped trade. {"slug":"doge-updown-5m-1781538000","reason":"missing_opening_chainlink_tick"}
[2026-06-15T15:40:02.694Z] INFO Captured Chainlink opening tick. {"slug":"eth-updown-5m-1781538000","openingPrice":1822.277,"tickTimestamp":"2026-06-15T15:40:00.000Z"}
[2026-06-15T15:40:02.700Z] INFO Skipped trade. {"slug":"eth-updown-5m-1781538000","reason":"btc_distance_below_threshold","market":"ETH","minDistanceUsd":{"UP":2,"DOWN":2},"openingPrice":1822.277,"currentPrice":1822.277}
[2026-06-15T15:40:02.728Z] INFO Captured Chainlink opening tick. {"slug":"doge-updown-5m-1781538000","openingPrice":0.0895959377188971,"tickTimestamp":"2026-06-15T15:40:00.000Z"}
[2026-06-15T15:40:02.732Z] INFO Skipped trade. {"slug":"doge-updown-5m-1781538000","reason":"btc_distance_below_threshold","market":"DOGE","minDistanceUsd":{"UP":0.0003,"DOWN":0.0003},"openingPrice":0.0895959377188971,"currentPrice":0.0895959377188971}
[2026-06-15T15:40:15.035Z] INFO Skipped trade. {"slug":"eth-updown-5m-1781538000","reason":"stale_chainlink_tick","tickTimestamp":"2026-06-15T15:40:05.000Z"}
[2026-06-15T15:40:15.035Z] INFO Skipped trade. {"slug":"doge-updown-5m-1781538000","reason":"stale_chainlink_tick","tickTimestamp":"2026-06-15T15:40:05.000Z"}
[2026-06-15T15:40:17.152Z] INFO Skipped trade. {"slug":"btc-updown-5m-1781538000","reason":"stale_chainlink_tick","tickTimestamp":"2026-06-15T15:40:07.000Z"}
[2026-06-15T15:40:51.934Z] WARN RTDS websocket closed; reconnecting soon.
[2026-06-15T15:40:55.631Z] INFO Connected to Polymarket RTDS Chainlink feed.
[2026-06-15T15:44:53.845Z] INFO Skipped trade. {"slug":"btc-updown-5m-1781538000","reason":"no_ask_liquidity_under_cap","outcome":"UP"}
[2026-06-15T15:44:53.846Z] INFO Skipped trade. {"slug":"eth-updown-5m-1781538000","reason":"no_ask_liquidity_under_cap","outcome":"UP"}
[2026-06-15T15:44:53.846Z] INFO Skipped trade. {"slug":"doge-updown-5m-1781538000","reason":"no_ask_liquidity_under_cap","outcome":"UP"}
[2026-06-15T15:44:54.980Z] WARN RTDS websocket closed; reconnecting soon.
[2026-06-15T15:44:59.624Z] INFO Connected to Polymarket RTDS Chainlink feed.
[2026-06-15T15:45:05.556Z] INFO Tracking market. {"market":"BTC","slug":"btc-updown-5m-1781538300","title":"Bitcoin Up or Down - June 15, 11:45AM-11:50AM ET","end":"2026-06-15T15:50:00.000Z","upToken":"63027610415471702293315535584646073351202389263855454087470195122906226596262","downToken":"12754801544930292114612672952875171423456964091036759202670338436445853880068","orderMinSize":5,"tickSize":"0.01"}
[2026-06-15T15:45:05.636Z] INFO Captured Chainlink opening tick. {"slug":"btc-updown-5m-1781538300","openingPrice":66871.56783755748,"tickTimestamp":"2026-06-15T15:45:00.000Z"}
[2026-06-15T15:45:05.650Z] INFO Skipped trade. {"slug":"btc-updown-5m-1781538300","reason":"btc_distance_below_threshold","market":"BTC","minDistanceUsd":{"UP":12,"DOWN":12},"openingPrice":66871.56783755748,"currentPrice":66873.54102578855}
[2026-06-15T15:45:05.650Z] INFO Tracking market. {"market":"ETH","slug":"eth-updown-5m-1781538300","title":"Ethereum Up or Down - June 15, 11:45AM-11:50AM ET","end":"2026-06-15T15:50:00.000Z","upToken":"86372719301826373550166488008969886248013657468333050567269127946788818624049","downToken":"22202964985343783764022814617908248907449169657609668113303970195414014573999","orderMinSize":5,"tickSize":"0.01"}
[2026-06-15T15:45:05.650Z] INFO Skipped trade. {"slug":"eth-updown-5m-1781538300","reason":"missing_opening_chainlink_tick"}
[2026-06-15T15:45:05.650Z] INFO Tracking market. {"market":"DOGE","slug":"doge-updown-5m-1781538300","title":"Dogecoin Up or Down - June 15, 11:45AM-11:50AM ET","end":"2026-06-15T15:50:00.000Z","upToken":"76936532168426586960517902978315892874717249738230202371294043353482325426117","downToken":"108425496640022907240562473554533140759580259515863301248448988632314459904049","orderMinSize":5,"tickSize":"0.01"}
[2026-06-15T15:45:05.651Z] INFO Skipped trade. {"slug":"doge-updown-5m-1781538300","reason":"missing_opening_chainlink_tick"}
[2026-06-15T15:45:06.745Z] INFO Captured Chainlink opening tick. {"slug":"eth-updown-5m-1781538300","openingPrice":1829.073590855844,"tickTimestamp":"2026-06-15T15:45:00.000Z"}
[2026-06-15T15:45:06.765Z] INFO Skipped trade. {"slug":"eth-updown-5m-1781538300","reason":"btc_distance_below_threshold","market":"ETH","minDistanceUsd":{"UP":2,"DOWN":2},"openingPrice":1829.073590855844,"currentPrice":1829.4426937708238}
[2026-06-15T15:45:06.798Z] INFO Captured Chainlink opening tick. {"slug":"doge-updown-5m-1781538300","openingPrice":0.0900361668099195,"tickTimestamp":"2026-06-15T15:45:00.000Z"}
[2026-06-15T15:45:06.802Z] INFO Skipped trade. {"slug":"doge-updown-5m-1781538300","reason":"btc_distance_below_threshold","market":"DOGE","minDistanceUsd":{"UP":0.0003,"DOWN":0.0003},"openingPrice":0.0900361668099195,"currentPrice":0.090051789}
[2026-06-15T15:49:31.164Z] INFO Skipped trade. {"slug":"btc-updown-5m-1781538300","reason":"no_ask_liquidity_under_cap","outcome":"UP"}
[2026-06-15T15:49:31.165Z] INFO Skipped trade. {"slug":"eth-updown-5m-1781538300","reason":"no_ask_liquidity_under_cap","outcome":"UP"}
[2026-06-15T15:49:31.165Z] INFO Skipped trade. {"slug":"doge-updown-5m-1781538300","reason":"no_ask_liquidity_under_cap","outcome":"UP"}
[2026-06-15T15:50:01.704Z] INFO Tracking market. {"market":"BTC","slug":"btc-updown-5m-1781538600","title":"Bitcoin Up or Down - June 15, 11:50AM-11:55AM ET","end":"2026-06-15T15:55:00.000Z","upToken":"4147909164866257173837261425303191229885218019524640826667941103365407735205","downToken":"64854512251942574119320563909340704440017253260338679178252440428454828171426","orderMinSize":5,"tickSize":"0.01"}
[2026-06-15T15:50:05.861Z] INFO Captured Chainlink opening tick. {"slug":"btc-updown-5m-1781538600","openingPrice":67154.78096626175,"tickTimestamp":"2026-06-15T15:50:00.000Z"}
[2026-06-15T15:50:06.240Z] INFO Skipped trade. {"slug":"btc-updown-5m-1781538600","reason":"btc_distance_below_threshold","market":"BTC","minDistanceUsd":{"UP":12,"DOWN":12},"openingPrice":67154.78096626175,"currentPrice":67154.78096626175}
[2026-06-15T15:50:06.241Z] INFO Tracking market. {"market":"ETH","slug":"eth-updown-5m-1781538600","title":"Ethereum Up or Down - June 15, 11:50AM-11:55AM ET","end":"2026-06-15T15:55:00.000Z","upToken":"24931822229048256708645360967672568208489870910525900472830027072957895849915","downToken":"53970524943417658754482235608790505215065035969742289581974328525061181291926","orderMinSize":5,"tickSize":"0.01"}
[2026-06-15T15:50:06.380Z] INFO Captured Chainlink opening tick. {"slug":"eth-updown-5m-1781538600","openingPrice":1843.020965,"tickTimestamp":"2026-06-15T15:50:00.000Z"}
[2026-06-15T15:50:06.391Z] INFO Skipped trade. {"slug":"eth-updown-5m-1781538600","reason":"btc_distance_below_threshold","market":"ETH","minDistanceUsd":{"UP":2,"DOWN":2},"openingPrice":1843.020965,"currentPrice":1843.020965}
[2026-06-15T15:50:06.392Z] INFO Tracking market. {"market":"DOGE","slug":"doge-updown-5m-1781538600","title":"Dogecoin Up or Down - June 15, 11:50AM-11:55AM ET","end":"2026-06-15T15:55:00.000Z","upToken":"84173989742667210646580943494472383066304563883300901470433535973353091378368","downToken":"33080639510701555662356370334570103870888759705447095121764948960714982610314","orderMinSize":5,"tickSize":"0.01"}
[2026-06-15T15:50:06.516Z] INFO Captured Chainlink opening tick. {"slug":"doge-updown-5m-1781538600","openingPrice":0.0904429612130763,"tickTimestamp":"2026-06-15T15:50:00.000Z"}
[2026-06-15T15:50:06.533Z] INFO Skipped trade. {"slug":"doge-updown-5m-1781538600","reason":"btc_distance_below_threshold","market":"DOGE","minDistanceUsd":{"UP":0.0003,"DOWN":0.0003},"openingPrice":0.0904429612130763,"currentPrice":0.0904429612130763}
[2026-06-15T15:53:09.499Z] INFO Skipped trade. {"slug":"eth-updown-5m-1781538600","reason":"stale_chainlink_tick","tickTimestamp":"2026-06-15T15:52:57.000Z"}
[2026-06-15T15:53:09.697Z] INFO Skipped trade. {"slug":"doge-updown-5m-1781538600","reason":"stale_chainlink_tick","tickTimestamp":"2026-06-15T15:52:57.000Z"}
[2026-06-15T15:54:29.995Z] INFO Skipped trade. {"slug":"btc-updown-5m-1781538600","reason":"no_ask_liquidity_under_cap","outcome":"UP"}
[2026-06-15T15:54:29.996Z] INFO Skipped trade. {"slug":"eth-updown-5m-1781538600","reason":"no_ask_liquidity_under_cap","outcome":"UP"}
[2026-06-15T15:54:46.909Z] WARN Analytics sample recording failed; continuing. {"market":"BTC","slug":"btc-updown-5m-1781538600","error":"ENOENT: no such file or directory, rename 'C:\\DEV\\tests\\Workspace de Yarbis\\Polybot\\data\\analytics-active.json.tmp' -> 'C:\\DEV\\tests\\Workspace de Yarbis\\Polybot\\data\\analytics-active.json'"}
[2026-06-15T15:55:05.656Z] WARN Analytics sample recording failed; continuing. {"market":"ETH","slug":"eth-updown-5m-1781538600","error":"ENOENT: no such file or directory, rename 'C:\\DEV\\tests\\Workspace de Yarbis\\Polybot\\data\\analytics-active.json.tmp' -> 'C:\\DEV\\tests\\Workspace de Yarbis\\Polybot\\data\\analytics-active.json'"}
[2026-06-15T15:55:09.649Z] INFO Tracking market. {"market":"BTC","slug":"btc-updown-5m-1781538900","title":"Bitcoin Up or Down - June 15, 11:55AM-12:00PM ET","end":"2026-06-15T16:00:00.000Z","upToken":"65681335906928107187207037750884635402164629534275110140669169677332711129146","downToken":"104829393516287253040526656026395751831405038443567989391858928919990710829948","orderMinSize":5,"tickSize":"0.01"}
[2026-06-15T15:55:10.862Z] INFO Captured Chainlink opening tick. {"slug":"btc-updown-5m-1781538900","openingPrice":67208.70482769705,"tickTimestamp":"2026-06-15T15:55:00.000Z"}
[2026-06-15T15:55:10.903Z] INFO Skipped trade. {"slug":"btc-updown-5m-1781538900","reason":"btc_distance_below_threshold","market":"BTC","minDistanceUsd":{"UP":12,"DOWN":12},"openingPrice":67208.70482769705,"currentPrice":67197.22133364798}
[2026-06-15T15:55:10.903Z] INFO Tracking market. {"market":"ETH","slug":"eth-updown-5m-1781538900","title":"Ethereum Up or Down - June 15, 11:55AM-12:00PM ET","end":"2026-06-15T16:00:00.000Z","upToken":"89791471652007779586790845443653693650174101993732774213640923236106595952463","downToken":"12592987166567723380690732396012973933130117099108674184145320083497041386385","orderMinSize":5,"tickSize":"0.01"}
[2026-06-15T15:55:11.087Z] INFO Captured Chainlink opening tick. {"slug":"eth-updown-5m-1781538900","openingPrice":1844.168064580071,"tickTimestamp":"2026-06-15T15:55:00.000Z"}
[2026-06-15T15:55:11.151Z] INFO Skipped trade. {"slug":"eth-updown-5m-1781538900","reason":"btc_distance_below_threshold","market":"ETH","minDistanceUsd":{"UP":2,"DOWN":2},"openingPrice":1844.168064580071,"currentPrice":1843.7670263176524}
[2026-06-15T15:55:11.151Z] INFO Tracking market. {"market":"DOGE","slug":"doge-updown-5m-1781538900","title":"Dogecoin Up or Down - June 15, 11:55AM-12:00PM ET","end":"2026-06-15T16:00:00.000Z","upToken":"29898645446340025143701990550597796525094542529058660058090243418477817548113","downToken":"66667120568101367445692144528372426376168225465948918138449684593817872393765","orderMinSize":5,"tickSize":"0.01"}
[2026-06-15T15:55:11.410Z] INFO Captured Chainlink opening tick. {"slug":"doge-updown-5m-1781538900","openingPrice":0.0906801564147515,"tickTimestamp":"2026-06-15T15:55:00.000Z"}
[2026-06-15T15:55:11.454Z] INFO Skipped trade. {"slug":"doge-updown-5m-1781538900","reason":"btc_distance_below_threshold","market":"DOGE","minDistanceUsd":{"UP":0.0003,"DOWN":0.0003},"openingPrice":0.0906801564147515,"currentPrice":0.0906306870720828}
[2026-06-15T15:55:37.472Z] INFO Skipped trade. {"slug":"eth-updown-5m-1781538900","reason":"stale_chainlink_tick","tickTimestamp":"2026-06-15T15:55:27.000Z"}
[2026-06-15T15:55:39.335Z] INFO Skipped trade. {"slug":"doge-updown-5m-1781538900","reason":"stale_chainlink_tick","tickTimestamp":"2026-06-15T15:55:27.000Z"}
[2026-06-15T15:56:14.072Z] WARN Bot loop iteration failed; retrying. {"error":"fetch failed"}
[2026-06-15T15:58:02.146Z] WARN Bot loop iteration failed; retrying. {"error":"fetch failed"}
[2026-06-15T15:59:47.265Z] INFO Trade attempt recorded. {"mode":"sim","slug":"btc-updown-5m-1781538900","outcome":"UP","amountUsd":5,"bestAsk":0.72,"estimatedShares":6.944444444444445}
[2026-06-15T15:59:48.467Z] INFO Skipped trade. {"slug":"btc-updown-5m-1781538900","reason":"market_already_traded"}
[2026-06-15T16:00:03.047Z] INFO Tracking market. {"market":"BTC","slug":"btc-updown-5m-1781539200","title":"Bitcoin Up or Down - June 15, 12:00PM-12:05PM ET","end":"2026-06-15T16:05:00.000Z","upToken":"39483447062086371226213339660132866974192786374964393355592857063931757937672","downToken":"17746169650143548800823324988846040902403581207207277311027782433530700665395","orderMinSize":5,"tickSize":"0.01"}
[2026-06-15T16:00:07.585Z] INFO Captured Chainlink opening tick. {"slug":"btc-updown-5m-1781539200","openingPrice":67244.2624352346,"tickTimestamp":"2026-06-15T16:00:00.000Z"}
[2026-06-15T16:00:16.252Z] INFO Skipped trade. {"slug":"btc-updown-5m-1781539200","reason":"btc_distance_below_threshold","market":"BTC","minDistanceUsd":{"UP":12,"DOWN":12},"openingPrice":67244.2624352346,"currentPrice":67248.50205971337}
[2026-06-15T16:00:16.252Z] INFO Tracking market. {"market":"ETH","slug":"eth-updown-5m-1781539200","title":"Ethereum Up or Down - June 15, 12:00PM-12:05PM ET","end":"2026-06-15T16:05:00.000Z","upToken":"40226343197436671964332833440700436702418736413095284375110919203761528701773","downToken":"107517099092721431147288330716752082804308880304135580670188017092573429860266","orderMinSize":5,"tickSize":"0.01"}
[2026-06-15T16:00:16.376Z] INFO Captured Chainlink opening tick. {"slug":"eth-updown-5m-1781539200","openingPrice":1844.1836431119093,"tickTimestamp":"2026-06-15T16:00:00.000Z"}
[2026-06-15T16:00:16.398Z] INFO Skipped trade. {"slug":"eth-updown-5m-1781539200","reason":"btc_distance_below_threshold","market":"ETH","minDistanceUsd":{"UP":2,"DOWN":2},"openingPrice":1844.1836431119093,"currentPrice":1843.859509214827}
[2026-06-15T16:00:16.398Z] INFO Tracking market. {"market":"DOGE","slug":"doge-updown-5m-1781539200","title":"Dogecoin Up or Down - June 15, 12:00PM-12:05PM ET","end":"2026-06-15T16:05:00.000Z","upToken":"101836919150308139348509067762031797499156569473715230040350455999386474466764","downToken":"54463825120621735860780998385483592748101061546313169543396864483240979888021","orderMinSize":5,"tickSize":"0.01"}
[2026-06-15T16:00:16.483Z] INFO Captured Chainlink opening tick. {"slug":"doge-updown-5m-1781539200","openingPrice":0.090638541,"tickTimestamp":"2026-06-15T16:00:00.000Z"}
[2026-06-15T16:00:16.495Z] INFO Skipped trade. {"slug":"doge-updown-5m-1781539200","reason":"btc_distance_below_threshold","market":"DOGE","minDistanceUsd":{"UP":0.0003,"DOWN":0.0003},"openingPrice":0.090638541,"currentPrice":0.0906441534141618}
[2026-06-15T16:00:17.621Z] INFO Resolved trade. {"mode":"sim","slug":"btc-updown-5m-1781538900","outcome":"UP","winningOutcome":"UP","won":true,"finalPrice":67216.97275070474}
[2026-06-15T16:01:55.175Z] WARN Bot loop iteration failed; retrying. {"error":"fetch failed"}
[2026-06-15T16:04:29.984Z] INFO Skipped trade. {"slug":"btc-updown-5m-1781539200","reason":"no_ask_liquidity_under_cap","outcome":"DOWN"}
[2026-06-15T16:04:29.984Z] INFO Skipped trade. {"slug":"eth-updown-5m-1781539200","reason":"no_ask_liquidity_under_cap","outcome":"DOWN"}
[2026-06-15T16:04:39.171Z] WARN Analytics sample recording failed; continuing. {"market":"ETH","slug":"eth-updown-5m-1781539200","error":"ENOENT: no such file or directory, rename 'C:\\DEV\\tests\\Workspace de Yarbis\\Polybot\\data\\analytics-active.json.tmp' -> 'C:\\DEV\\tests\\Workspace de Yarbis\\Polybot\\data\\analytics-active.json'"}
[2026-06-15T16:05:00.261Z] INFO Tracking market. {"market":"BTC","slug":"btc-updown-5m-1781539500","title":"Bitcoin Up or Down - June 15, 12:05PM-12:10PM ET","end":"2026-06-15T16:10:00.000Z","upToken":"82775153546160135267470134856602262708492775739869850678080799167490351420320","downToken":"69827356430851814559729365153830974339968719378558871386486946105388603755867","orderMinSize":5,"tickSize":"0.01"}
[2026-06-15T16:05:00.261Z] INFO Skipped trade. {"slug":"btc-updown-5m-1781539500","reason":"missing_opening_chainlink_tick"}
[2026-06-15T16:05:00.262Z] INFO Tracking market. {"market":"ETH","slug":"eth-updown-5m-1781539500","title":"Ethereum Up or Down - June 15, 12:05PM-12:10PM ET","end":"2026-06-15T16:10:00.000Z","upToken":"39115588824972207801617268107911308623971967926790865260694947414904764066927","downToken":"21220244238790164848144343113388584554464550437395199239267993884972475611810","orderMinSize":5,"tickSize":"0.01"}
[2026-06-15T16:05:00.262Z] INFO Skipped trade. {"slug":"eth-updown-5m-1781539500","reason":"missing_opening_chainlink_tick"}
[2026-06-15T16:05:00.262Z] INFO Tracking market. {"market":"DOGE","slug":"doge-updown-5m-1781539500","title":"Dogecoin Up or Down - June 15, 12:05PM-12:10PM ET","end":"2026-06-15T16:10:00.000Z","upToken":"81552363000580681730514360326351271562144462664790880171789127978976869431979","downToken":"12917175109950423281916157643390394794327060248887203314561212646708817880638","orderMinSize":5,"tickSize":"0.01"}
[2026-06-15T16:05:00.262Z] INFO Skipped trade. {"slug":"doge-updown-5m-1781539500","reason":"missing_opening_chainlink_tick"}
[2026-06-15T16:05:01.348Z] INFO Captured Chainlink opening tick. {"slug":"btc-updown-5m-1781539500","openingPrice":67127.89349205908,"tickTimestamp":"2026-06-15T16:05:00.000Z"}
[2026-06-15T16:05:01.353Z] INFO Skipped trade. {"slug":"btc-updown-5m-1781539500","reason":"btc_distance_below_threshold","market":"BTC","minDistanceUsd":{"UP":12,"DOWN":12},"openingPrice":67127.89349205908,"currentPrice":67127.89349205908}
[2026-06-15T16:05:06.906Z] INFO Captured Chainlink opening tick. {"slug":"eth-updown-5m-1781539500","openingPrice":1840.4123650699655,"tickTimestamp":"2026-06-15T16:05:00.000Z"}
[2026-06-15T16:05:06.909Z] INFO Skipped trade. {"slug":"eth-updown-5m-1781539500","reason":"btc_distance_below_threshold","market":"ETH","minDistanceUsd":{"UP":2,"DOWN":2},"openingPrice":1840.4123650699655,"currentPrice":1840.240933143951}
[2026-06-15T16:05:06.991Z] INFO Captured Chainlink opening tick. {"slug":"doge-updown-5m-1781539500","openingPrice":0.0904626965968353,"tickTimestamp":"2026-06-15T16:05:00.000Z"}
[2026-06-15T16:05:06.995Z] INFO Skipped trade. {"slug":"doge-updown-5m-1781539500","reason":"btc_distance_below_threshold","market":"DOGE","minDistanceUsd":{"UP":0.0003,"DOWN":0.0003},"openingPrice":0.0904626965968353,"currentPrice":0.0904403832205402}
[2026-06-15T16:09:29.269Z] INFO Trade attempt recorded. {"mode":"sim","slug":"btc-updown-5m-1781539500","outcome":"DOWN","amountUsd":5,"bestAsk":0.74,"estimatedShares":6.756756756756757}
[2026-06-15T16:09:30.812Z] INFO Skipped trade. {"slug":"btc-updown-5m-1781539500","reason":"market_already_traded"}
[2026-06-15T16:09:39.125Z] WARN Analytics sample recording failed; continuing. {"market":"BTC","slug":"btc-updown-5m-1781539500","error":"ENOENT: no such file or directory, rename 'C:\\DEV\\tests\\Workspace de Yarbis\\Polybot\\data\\analytics-active.json.tmp' -> 'C:\\DEV\\tests\\Workspace de Yarbis\\Polybot\\data\\analytics-active.json'"}
[2026-06-15T16:10:00.461Z] INFO Tracking market. {"market":"BTC","slug":"btc-updown-5m-1781539800","title":"Bitcoin Up or Down - June 15, 12:10PM-12:15PM ET","end":"2026-06-15T16:15:00.000Z","upToken":"37917300434808899936339720662164371644936138490102478176291970078936037931116","downToken":"63793319497192927282470895571442109377619050974160610075156274207621268021168","orderMinSize":5,"tickSize":"0.01"}
[2026-06-15T16:10:00.462Z] INFO Skipped trade. {"slug":"btc-updown-5m-1781539800","reason":"missing_opening_chainlink_tick"}
[2026-06-15T16:10:00.462Z] INFO Tracking market. {"market":"ETH","slug":"eth-updown-5m-1781539800","title":"Ethereum Up or Down - June 15, 12:10PM-12:15PM ET","end":"2026-06-15T16:15:00.000Z","upToken":"94226973169222898523978160467206690997764834216603181190725632857349698114376","downToken":"31229502647346078190108477705004780705538381044397641162819326219871863727414","orderMinSize":5,"tickSize":"0.01"}
[2026-06-15T16:10:00.462Z] INFO Skipped trade. {"slug":"eth-updown-5m-1781539800","reason":"missing_opening_chainlink_tick"}
[2026-06-15T16:10:00.462Z] INFO Tracking market. {"market":"DOGE","slug":"doge-updown-5m-1781539800","title":"Dogecoin Up or Down - June 15, 12:10PM-12:15PM ET","end":"2026-06-15T16:15:00.000Z","upToken":"63858839595055258570766066393202671728215153434342373556754852915554340118236","downToken":"9310255117199010804470651712616347560679284295789775418996984558408612074672","orderMinSize":5,"tickSize":"0.01"}
[2026-06-15T16:10:00.462Z] INFO Skipped trade. {"slug":"doge-updown-5m-1781539800","reason":"missing_opening_chainlink_tick"}
[2026-06-15T16:10:01.533Z] INFO Resolved trade. {"mode":"sim","slug":"btc-updown-5m-1781539500","outcome":"DOWN","winningOutcome":"UP","won":false,"finalPrice":67159.97110090658}
[2026-06-15T16:10:01.620Z] INFO Captured Chainlink opening tick. {"slug":"btc-updown-5m-1781539800","openingPrice":67159.97110090658,"tickTimestamp":"2026-06-15T16:10:00.000Z"}
[2026-06-15T16:10:01.624Z] INFO Skipped trade. {"slug":"btc-updown-5m-1781539800","reason":"btc_distance_below_threshold","market":"BTC","minDistanceUsd":{"UP":12,"DOWN":12},"openingPrice":67159.97110090658,"currentPrice":67159.97110090658}
[2026-06-15T16:10:06.113Z] INFO Captured Chainlink opening tick. {"slug":"eth-updown-5m-1781539800","openingPrice":1842.7870947387933,"tickTimestamp":"2026-06-15T16:10:00.000Z"}
[2026-06-15T16:10:06.119Z] INFO Skipped trade. {"slug":"eth-updown-5m-1781539800","reason":"btc_distance_below_threshold","market":"ETH","minDistanceUsd":{"UP":2,"DOWN":2},"openingPrice":1842.7870947387933,"currentPrice":1843.206545076805}
[2026-06-15T16:10:06.171Z] INFO Captured Chainlink opening tick. {"slug":"doge-updown-5m-1781539800","openingPrice":0.090414114,"tickTimestamp":"2026-06-15T16:10:00.000Z"}
[2026-06-15T16:10:06.176Z] INFO Skipped trade. {"slug":"doge-updown-5m-1781539800","reason":"btc_distance_below_threshold","market":"DOGE","minDistanceUsd":{"UP":0.0003,"DOWN":0.0003},"openingPrice":0.090414114,"currentPrice":0.0904181288653179}
[2026-06-15T16:14:29.492Z] INFO Skipped trade. {"slug":"btc-updown-5m-1781539800","reason":"no_ask_liquidity_under_cap","outcome":"UP"}
[2026-06-15T16:15:00.328Z] INFO Tracking market. {"market":"BTC","slug":"btc-updown-5m-1781540100","title":"Bitcoin Up or Down - June 15, 12:15PM-12:20PM ET","end":"2026-06-15T16:20:00.000Z","upToken":"20917977970252791197084614648076339974379102366849054313520891894192661843563","downToken":"25974252388783155218120420813891390414899476376053741002529331445421836156336","orderMinSize":5,"tickSize":"0.01"}
[2026-06-15T16:15:00.328Z] INFO Skipped trade. {"slug":"btc-updown-5m-1781540100","reason":"missing_opening_chainlink_tick"}
[2026-06-15T16:15:00.328Z] INFO Tracking market. {"market":"ETH","slug":"eth-updown-5m-1781540100","title":"Ethereum Up or Down - June 15, 12:15PM-12:20PM ET","end":"2026-06-15T16:20:00.000Z","upToken":"110385991848919066078243606193579607791498290025127768945522442922202990364182","downToken":"11917526612010155617826593950821518071668275815808384052654277680904843770157","orderMinSize":5,"tickSize":"0.01"}
[2026-06-15T16:15:00.328Z] INFO Skipped trade. {"slug":"eth-updown-5m-1781540100","reason":"missing_opening_chainlink_tick"}
[2026-06-15T16:15:00.328Z] INFO Tracking market. {"market":"DOGE","slug":"doge-updown-5m-1781540100","title":"Dogecoin Up or Down - June 15, 12:15PM-12:20PM ET","end":"2026-06-15T16:20:00.000Z","upToken":"51282754782930542118884509520254333492367486652858511966928626363360683485401","downToken":"35407911421324169362209785192924214372654967247628874089459998367195602579498","orderMinSize":5,"tickSize":"0.01"}
[2026-06-15T16:15:00.328Z] INFO Skipped trade. {"slug":"doge-updown-5m-1781540100","reason":"missing_opening_chainlink_tick"}
[2026-06-15T16:15:04.041Z] INFO Captured Chainlink opening tick. {"slug":"btc-updown-5m-1781540100","openingPrice":67225.18855579596,"tickTimestamp":"2026-06-15T16:15:00.000Z"}
[2026-06-15T16:15:06.882Z] INFO Skipped trade. {"slug":"btc-updown-5m-1781540100","reason":"btc_distance_below_threshold","market":"BTC","minDistanceUsd":{"UP":12,"DOWN":12},"openingPrice":67225.18855579596,"currentPrice":67225.18855579596}
[2026-06-15T16:15:08.929Z] INFO Captured Chainlink opening tick. {"slug":"eth-updown-5m-1781540100","openingPrice":1842.9852267101005,"tickTimestamp":"2026-06-15T16:15:00.000Z"}
[2026-06-15T16:15:08.946Z] INFO Skipped trade. {"slug":"eth-updown-5m-1781540100","reason":"btc_distance_below_threshold","market":"ETH","minDistanceUsd":{"UP":2,"DOWN":2},"openingPrice":1842.9852267101005,"currentPrice":1842.9852267101005}
[2026-06-15T16:15:09.110Z] INFO Captured Chainlink opening tick. {"slug":"doge-updown-5m-1781540100","openingPrice":0.090340545,"tickTimestamp":"2026-06-15T16:15:00.000Z"}
[2026-06-15T16:15:09.142Z] INFO Skipped trade. {"slug":"doge-updown-5m-1781540100","reason":"btc_distance_below_threshold","market":"DOGE","minDistanceUsd":{"UP":0.0003,"DOWN":0.0003},"openingPrice":0.090340545,"currentPrice":0.0903573732687779}
[2026-06-15T16:19:29.387Z] INFO Skipped trade. {"slug":"btc-updown-5m-1781540100","reason":"no_ask_liquidity_under_cap","outcome":"DOWN"}
[2026-06-15T16:19:29.387Z] INFO Skipped trade. {"slug":"eth-updown-5m-1781540100","reason":"no_ask_liquidity_under_cap","outcome":"DOWN"}
[2026-06-15T16:20:00.528Z] INFO Tracking market. {"market":"BTC","slug":"btc-updown-5m-1781540400","title":"Bitcoin Up or Down - June 15, 12:20PM-12:25PM ET","end":"2026-06-15T16:25:00.000Z","upToken":"40114454791266736310937566471637408220003936206073842125754032410529500230244","downToken":"110828372763912445640249109545459282621459892839254340666749237121406815021719","orderMinSize":5,"tickSize":"0.01"}
[2026-06-15T16:20:00.528Z] INFO Skipped trade. {"slug":"btc-updown-5m-1781540400","reason":"missing_opening_chainlink_tick"}
[2026-06-15T16:20:00.529Z] INFO Tracking market. {"market":"ETH","slug":"eth-updown-5m-1781540400","title":"Ethereum Up or Down - June 15, 12:20PM-12:25PM ET","end":"2026-06-15T16:25:00.000Z","upToken":"28267166724922210757977973707817449524547881016947809092278030823784250242266","downToken":"14255853255624048438571352142841960673776394923483101210977472058243414003455","orderMinSize":5,"tickSize":"0.01"}
[2026-06-15T16:20:00.529Z] INFO Skipped trade. {"slug":"eth-updown-5m-1781540400","reason":"missing_opening_chainlink_tick"}
[2026-06-15T16:20:00.529Z] INFO Tracking market. {"market":"DOGE","slug":"doge-updown-5m-1781540400","title":"Dogecoin Up or Down - June 15, 12:20PM-12:25PM ET","end":"2026-06-15T16:25:00.000Z","upToken":"96014625143336254421814998795082219487010610042646033860624353206862467040882","downToken":"34504746895276169881622957408260234292608271721217524213803918962001252245167","orderMinSize":5,"tickSize":"0.01"}
[2026-06-15T16:20:00.530Z] INFO Skipped trade. {"slug":"doge-updown-5m-1781540400","reason":"missing_opening_chainlink_tick"}
[2026-06-15T16:20:01.620Z] INFO Captured Chainlink opening tick. {"slug":"btc-updown-5m-1781540400","openingPrice":67076.60064659575,"tickTimestamp":"2026-06-15T16:20:00.000Z"}
[2026-06-15T16:20:01.625Z] INFO Skipped trade. {"slug":"btc-updown-5m-1781540400","reason":"btc_distance_below_threshold","market":"BTC","minDistanceUsd":{"UP":12,"DOWN":12},"openingPrice":67076.60064659575,"currentPrice":67076.60064659575}
[2026-06-15T16:20:02.680Z] INFO Captured Chainlink opening tick. {"slug":"eth-updown-5m-1781540400","openingPrice":1838.533985,"tickTimestamp":"2026-06-15T16:20:00.000Z"}
[2026-06-15T16:20:02.687Z] INFO Skipped trade. {"slug":"eth-updown-5m-1781540400","reason":"btc_distance_below_threshold","market":"ETH","minDistanceUsd":{"UP":2,"DOWN":2},"openingPrice":1838.533985,"currentPrice":1838.52748}
[2026-06-15T16:20:02.742Z] INFO Captured Chainlink opening tick. {"slug":"doge-updown-5m-1781540400","openingPrice":0.0901628067181538,"tickTimestamp":"2026-06-15T16:20:00.000Z"}
[2026-06-15T16:20:02.757Z] INFO Skipped trade. {"slug":"doge-updown-5m-1781540400","reason":"btc_distance_below_threshold","market":"DOGE","minDistanceUsd":{"UP":0.0003,"DOWN":0.0003},"openingPrice":0.0901628067181538,"currentPrice":0.0901628067181538}
[2026-06-15T16:22:08.388Z] WARN Bot loop iteration failed; retrying. {"error":"fetch failed"}
[2026-06-15T16:23:14.452Z] INFO Skipped trade. {"slug":"eth-updown-5m-1781540400","reason":"stale_chainlink_tick","tickTimestamp":"2026-06-15T16:23:04.000Z"}
[2026-06-15T16:24:31.070Z] WARN Analytics sample recording failed; continuing. {"market":"ETH","slug":"eth-updown-5m-1781540400","error":"ENOENT: no such file or directory, rename 'C:\\DEV\\tests\\Workspace de Yarbis\\Polybot\\data\\analytics-active.json.tmp' -> 'C:\\DEV\\tests\\Workspace de Yarbis\\Polybot\\data\\analytics-active.json'"}
[2026-06-15T16:24:33.272Z] INFO Skipped trade. {"slug":"btc-updown-5m-1781540400","reason":"no_ask_liquidity_under_cap","outcome":"UP"}
[2026-06-15T16:24:57.918Z] INFO Skipped trade. {"slug":"eth-updown-5m-1781540400","reason":"no_ask_liquidity_under_cap","outcome":"UP"}
[2026-06-15T16:25:00.645Z] INFO Tracking market. {"market":"BTC","slug":"btc-updown-5m-1781540700","title":"Bitcoin Up or Down - June 15, 12:25PM-12:30PM ET","end":"2026-06-15T16:30:00.000Z","upToken":"73373962119584554271837442091137571475086060959152560164453790039730659532529","downToken":"3872299536677611734521266727983423082574716613371279452626467051367099125299","orderMinSize":5,"tickSize":"0.01"}
[2026-06-15T16:25:00.645Z] INFO Skipped trade. {"slug":"btc-updown-5m-1781540700","reason":"missing_opening_chainlink_tick"}
[2026-06-15T16:25:00.645Z] INFO Tracking market. {"market":"ETH","slug":"eth-updown-5m-1781540700","title":"Ethereum Up or Down - June 15, 12:25PM-12:30PM ET","end":"2026-06-15T16:30:00.000Z","upToken":"26719010028748189286172258674288273781668163445561317851065761571411128298533","downToken":"89812831374105137145429580099913745127534274062568402889990396918210474085534","orderMinSize":5,"tickSize":"0.01"}
[2026-06-15T16:25:00.646Z] INFO Skipped trade. {"slug":"eth-updown-5m-1781540700","reason":"missing_opening_chainlink_tick"}
[2026-06-15T16:25:00.646Z] INFO Tracking market. {"market":"DOGE","slug":"doge-updown-5m-1781540700","title":"Dogecoin Up or Down - June 15, 12:25PM-12:30PM ET","end":"2026-06-15T16:30:00.000Z","upToken":"23203304785788585324410466147779558620189473057245173881301923914947627738576","downToken":"60046817543455341069371566736470127660440588920224016239807192724902452745662","orderMinSize":5,"tickSize":"0.01"}
[2026-06-15T16:25:00.646Z] INFO Skipped trade. {"slug":"doge-updown-5m-1781540700","reason":"missing_opening_chainlink_tick"}
[2026-06-15T16:25:01.721Z] INFO Captured Chainlink opening tick. {"slug":"btc-updown-5m-1781540700","openingPrice":67181.71606087925,"tickTimestamp":"2026-06-15T16:25:00.000Z"}
[2026-06-15T16:25:01.726Z] INFO Skipped trade. {"slug":"btc-updown-5m-1781540700","reason":"btc_distance_below_threshold","market":"BTC","minDistanceUsd":{"UP":12,"DOWN":12},"openingPrice":67181.71606087925,"currentPrice":67181.71606087925}
[2026-06-15T16:25:02.780Z] INFO Captured Chainlink opening tick. {"slug":"eth-updown-5m-1781540700","openingPrice":1840.438855,"tickTimestamp":"2026-06-15T16:25:00.000Z"}
[2026-06-15T16:25:02.785Z] INFO Skipped trade. {"slug":"eth-updown-5m-1781540700","reason":"btc_distance_below_threshold","market":"ETH","minDistanceUsd":{"UP":2,"DOWN":2},"openingPrice":1840.438855,"currentPrice":1840.438855}
[2026-06-15T16:25:02.848Z] INFO Captured Chainlink opening tick. {"slug":"doge-updown-5m-1781540700","openingPrice":0.090406,"tickTimestamp":"2026-06-15T16:25:00.000Z"}
[2026-06-15T16:25:02.853Z] INFO Skipped trade. {"slug":"doge-updown-5m-1781540700","reason":"btc_distance_below_threshold","market":"DOGE","minDistanceUsd":{"UP":0.0003,"DOWN":0.0003},"openingPrice":0.090406,"currentPrice":0.090406}
[2026-06-15T16:25:23.363Z] WARN Bot loop iteration failed; retrying. {"error":"fetch failed"}
[2026-06-15T16:29:30.230Z] INFO Skipped trade. {"slug":"btc-updown-5m-1781540700","reason":"no_ask_liquidity_under_cap","outcome":"DOWN"}
[2026-06-15T16:30:00.722Z] INFO Tracking market. {"market":"BTC","slug":"btc-updown-5m-1781541000","title":"Bitcoin Up or Down - June 15, 12:30PM-12:35PM ET","end":"2026-06-15T16:35:00.000Z","upToken":"38840219916803312695476114656203211839413200016366294264760314098884786510912","downToken":"50685880774124466705767304882543943361922566052731345610365129697599523919120","orderMinSize":5,"tickSize":"0.01"}
[2026-06-15T16:30:00.722Z] INFO Skipped trade. {"slug":"btc-updown-5m-1781541000","reason":"missing_opening_chainlink_tick"}
[2026-06-15T16:30:00.722Z] INFO Tracking market. {"market":"ETH","slug":"eth-updown-5m-1781541000","title":"Ethereum Up or Down - June 15, 12:30PM-12:35PM ET","end":"2026-06-15T16:35:00.000Z","upToken":"92624002883607967221108946512618039522565285618768233949457843981423005276629","downToken":"26437427863637606267338061093692731297787746372851864284314975282307457185077","orderMinSize":5,"tickSize":"0.01"}
[2026-06-15T16:30:00.723Z] INFO Skipped trade. {"slug":"eth-updown-5m-1781541000","reason":"missing_opening_chainlink_tick"}
[2026-06-15T16:30:00.723Z] INFO Tracking market. {"market":"DOGE","slug":"doge-updown-5m-1781541000","title":"Dogecoin Up or Down - June 15, 12:30PM-12:35PM ET","end":"2026-06-15T16:35:00.000Z","upToken":"52167126574197270704868954408192165713220661830716782846250948575550645166324","downToken":"59700649971047564585704292640360846531529195007566280435752454955681393306556","orderMinSize":5,"tickSize":"0.01"}
[2026-06-15T16:30:00.723Z] INFO Skipped trade. {"slug":"doge-updown-5m-1781541000","reason":"missing_opening_chainlink_tick"}
[2026-06-15T16:30:01.806Z] INFO Captured Chainlink opening tick. {"slug":"btc-updown-5m-1781541000","openingPrice":67154.16442864055,"tickTimestamp":"2026-06-15T16:30:00.000Z"}
[2026-06-15T16:30:01.813Z] INFO Skipped trade. {"slug":"btc-updown-5m-1781541000","reason":"btc_distance_below_threshold","market":"BTC","minDistanceUsd":{"UP":12,"DOWN":12},"openingPrice":67154.16442864055,"currentPrice":67154.16442864055}
[2026-06-15T16:30:02.893Z] INFO Captured Chainlink opening tick. {"slug":"eth-updown-5m-1781541000","openingPrice":1841.1675784393542,"tickTimestamp":"2026-06-15T16:30:00.000Z"}
[2026-06-15T16:30:02.907Z] INFO Skipped trade. {"slug":"eth-updown-5m-1781541000","reason":"btc_distance_below_threshold","market":"ETH","minDistanceUsd":{"UP":2,"DOWN":2},"openingPrice":1841.1675784393542,"currentPrice":1841.333228803142}
[2026-06-15T16:30:02.990Z] INFO Captured Chainlink opening tick. {"slug":"doge-updown-5m-1781541000","openingPrice":0.090427,"tickTimestamp":"2026-06-15T16:30:00.000Z"}
[2026-06-15T16:30:02.998Z] INFO Skipped trade. {"slug":"doge-updown-5m-1781541000","reason":"btc_distance_below_threshold","market":"DOGE","minDistanceUsd":{"UP":0.0003,"DOWN":0.0003},"openingPrice":0.090427,"currentPrice":0.090440538}
[2026-06-15T16:34:10.515Z] WARN Analytics sample recording failed; continuing. {"market":"BTC","slug":"btc-updown-5m-1781541000","error":"ENOENT: no such file or directory, rename 'C:\\DEV\\tests\\Workspace de Yarbis\\Polybot\\data\\analytics-active.json.tmp' -> 'C:\\DEV\\tests\\Workspace de Yarbis\\Polybot\\data\\analytics-active.json'"}
[2026-06-15T16:34:14.243Z] WARN Analytics sample recording failed; continuing. {"market":"DOGE","slug":"doge-updown-5m-1781541000","error":"ENOENT: no such file or directory, rename 'C:\\DEV\\tests\\Workspace de Yarbis\\Polybot\\data\\analytics-active.json.tmp' -> 'C:\\DEV\\tests\\Workspace de Yarbis\\Polybot\\data\\analytics-active.json'"}
[2026-06-15T16:34:23.012Z] WARN Analytics sample recording failed; continuing. {"market":"DOGE","slug":"doge-updown-5m-1781541000","error":"ENOENT: no such file or directory, rename 'C:\\DEV\\tests\\Workspace de Yarbis\\Polybot\\data\\analytics-active.json.tmp' -> 'C:\\DEV\\tests\\Workspace de Yarbis\\Polybot\\data\\analytics-active.json'"}
[2026-06-15T16:34:30.250Z] INFO Skipped trade. {"slug":"btc-updown-5m-1781541000","reason":"no_ask_liquidity_under_cap","outcome":"UP"}
[2026-06-15T16:34:46.014Z] INFO Skipped trade. {"slug":"eth-updown-5m-1781541000","reason":"no_ask_liquidity_under_cap","outcome":"UP"}
[2026-06-15T16:34:54.728Z] WARN Analytics sample recording failed; continuing. {"market":"BTC","slug":"btc-updown-5m-1781541000","error":"ENOENT: no such file or directory, rename 'C:\\DEV\\tests\\Workspace de Yarbis\\Polybot\\data\\analytics-active.json.tmp' -> 'C:\\DEV\\tests\\Workspace de Yarbis\\Polybot\\data\\analytics-active.json'"}
[2026-06-15T16:35:10.929Z] INFO Tracking market. {"market":"BTC","slug":"btc-updown-5m-1781541300","title":"Bitcoin Up or Down - June 15, 12:35PM-12:40PM ET","end":"2026-06-15T16:40:00.000Z","upToken":"22341517767291010509890902208597489113950776038458362588941054948130777249934","downToken":"1861475832655483987002086939463309587166280503559189826228022915629766766942","orderMinSize":5,"tickSize":"0.01"}
[2026-06-15T16:35:11.280Z] INFO Captured Chainlink opening tick. {"slug":"btc-updown-5m-1781541300","openingPrice":67195.55611634908,"tickTimestamp":"2026-06-15T16:35:00.000Z"}
[2026-06-15T16:35:11.390Z] INFO Skipped trade. {"slug":"btc-updown-5m-1781541300","reason":"btc_distance_below_threshold","market":"BTC","minDistanceUsd":{"UP":12,"DOWN":12},"openingPrice":67195.55611634908,"currentPrice":67197.0317738317}
[2026-06-15T16:35:11.390Z] INFO Tracking market. {"market":"ETH","slug":"eth-updown-5m-1781541300","title":"Ethereum Up or Down - June 15, 12:35PM-12:40PM ET","end":"2026-06-15T16:40:00.000Z","upToken":"114695108310204068401135658671191379076236596976374803814526772860073031929473","downToken":"14736446579736785768733705897143755595766962429980207561400649855063351306275","orderMinSize":5,"tickSize":"0.01"}
[2026-06-15T16:35:11.560Z] WARN Bot loop iteration failed; retrying. {"error":"EPERM: operation not permitted, rename 'C:\\DEV\\tests\\Workspace de Yarbis\\Polybot\\data\\state.json.tmp' -> 'C:\\DEV\\tests\\Workspace de Yarbis\\Polybot\\data\\state.json'"}
[2026-06-15T16:35:12.574Z] INFO Skipped trade. {"slug":"eth-updown-5m-1781541300","reason":"btc_distance_below_threshold","market":"ETH","minDistanceUsd":{"UP":2,"DOWN":2},"openingPrice":1843.8857425632964,"currentPrice":1843.6780796574042}
[2026-06-15T16:35:12.574Z] INFO Tracking market. {"market":"DOGE","slug":"doge-updown-5m-1781541300","title":"Dogecoin Up or Down - June 15, 12:35PM-12:40PM ET","end":"2026-06-15T16:40:00.000Z","upToken":"112900804237662530089641802853222182383247576652992404020629869117499886682052","downToken":"98607916870630311329209766714480300222155460162345183089520471857286185779092","orderMinSize":5,"tickSize":"0.01"}
[2026-06-15T16:35:12.695Z] INFO Captured Chainlink opening tick. {"slug":"doge-updown-5m-1781541300","openingPrice":0.0904828377991873,"tickTimestamp":"2026-06-15T16:35:00.000Z"}
[2026-06-15T16:35:12.699Z] INFO Skipped trade. {"slug":"doge-updown-5m-1781541300","reason":"btc_distance_below_threshold","market":"DOGE","minDistanceUsd":{"UP":0.0003,"DOWN":0.0003},"openingPrice":0.0904828377991873,"currentPrice":0.090475742}
[2026-06-15T16:36:32.181Z] INFO Skipped trade. {"slug":"doge-updown-5m-1781541300","reason":"stale_chainlink_tick","tickTimestamp":"2026-06-15T16:36:21.000Z"}
[2026-06-15T16:39:29.881Z] WARN Analytics sample recording failed; continuing. {"market":"BTC","slug":"btc-updown-5m-1781541300","error":"ENOENT: no such file or directory, rename 'C:\\DEV\\tests\\Workspace de Yarbis\\Polybot\\data\\analytics-active.json.tmp' -> 'C:\\DEV\\tests\\Workspace de Yarbis\\Polybot\\data\\analytics-active.json'"}
[2026-06-15T16:39:30.356Z] INFO Skipped trade. {"slug":"btc-updown-5m-1781541300","reason":"no_ask_liquidity_under_cap","outcome":"DOWN"}
[2026-06-15T16:39:30.356Z] INFO Skipped trade. {"slug":"eth-updown-5m-1781541300","reason":"no_ask_liquidity_under_cap","outcome":"DOWN"}
[2026-06-15T16:39:37.216Z] WARN Analytics sample recording failed; continuing. {"market":"ETH","slug":"eth-updown-5m-1781541300","error":"ENOENT: no such file or directory, rename 'C:\\DEV\\tests\\Workspace de Yarbis\\Polybot\\data\\analytics-active.json.tmp' -> 'C:\\DEV\\tests\\Workspace de Yarbis\\Polybot\\data\\analytics-active.json'"}
[2026-06-15T16:39:59.305Z] WARN Analytics sample recording failed; continuing. {"market":"ETH","slug":"eth-updown-5m-1781541300","error":"EPERM: operation not permitted, rename 'C:\\DEV\\tests\\Workspace de Yarbis\\Polybot\\data\\analytics-active.json.tmp' -> 'C:\\DEV\\tests\\Workspace de Yarbis\\Polybot\\data\\analytics-active.json'"}
[2026-06-15T16:40:00.850Z] WARN Analytics sample recording failed; continuing. {"market":"DOGE","slug":"doge-updown-5m-1781541300","error":"EPERM: operation not permitted, rename 'C:\\DEV\\tests\\Workspace de Yarbis\\Polybot\\data\\analytics-active.json.tmp' -> 'C:\\DEV\\tests\\Workspace de Yarbis\\Polybot\\data\\analytics-active.json'"}
[2026-06-15T16:40:02.760Z] INFO Tracking market. {"market":"BTC","slug":"btc-updown-5m-1781541600","title":"Bitcoin Up or Down - June 15, 12:40PM-12:45PM ET","end":"2026-06-15T16:45:00.000Z","upToken":"89216334839688678049412667307918913478715193942089162323089673422245384477364","downToken":"4856422429811503425712522362334248955281076889448558343866229365952614649285","orderMinSize":5,"tickSize":"0.01"}
[2026-06-15T16:40:08.496Z] INFO Captured Chainlink opening tick. {"slug":"btc-updown-5m-1781541600","openingPrice":67134.79824746399,"tickTimestamp":"2026-06-15T16:40:00.000Z"}
[2026-06-15T16:40:08.721Z] INFO Skipped trade. {"slug":"btc-updown-5m-1781541600","reason":"btc_distance_below_threshold","market":"BTC","minDistanceUsd":{"UP":12,"DOWN":12},"openingPrice":67134.79824746399,"currentPrice":67138.44990877456}
[2026-06-15T16:40:08.721Z] INFO Tracking market. {"market":"ETH","slug":"eth-updown-5m-1781541600","title":"Ethereum Up or Down - June 15, 12:40PM-12:45PM ET","end":"2026-06-15T16:45:00.000Z","upToken":"91013972290179124884006336459719124824058272334255785628670030238015225091927","downToken":"82679686318335670264880460000168760319186226910004094337492610954895289899936","orderMinSize":5,"tickSize":"0.01"}
[2026-06-15T16:40:08.875Z] INFO Captured Chainlink opening tick. {"slug":"eth-updown-5m-1781541600","openingPrice":1840.28325,"tickTimestamp":"2026-06-15T16:40:00.000Z"}
[2026-06-15T16:40:08.881Z] INFO Skipped trade. {"slug":"eth-updown-5m-1781541600","reason":"btc_distance_below_threshold","market":"ETH","minDistanceUsd":{"UP":2,"DOWN":2},"openingPrice":1840.28325,"currentPrice":1840.5495150713175}
[2026-06-15T16:40:08.881Z] INFO Tracking market. {"market":"DOGE","slug":"doge-updown-5m-1781541600","title":"Dogecoin Up or Down - June 15, 12:40PM-12:45PM ET","end":"2026-06-15T16:45:00.000Z","upToken":"9133256423048218336271082230557931675319904487695338697718719322020982381509","downToken":"82507968075008919605147735223713599328068736921384682408826012198297709770630","orderMinSize":5,"tickSize":"0.01"}
[2026-06-15T16:40:09.142Z] INFO Captured Chainlink opening tick. {"slug":"doge-updown-5m-1781541600","openingPrice":0.0902453724518517,"tickTimestamp":"2026-06-15T16:40:00.000Z"}
[2026-06-15T16:40:09.157Z] INFO Skipped trade. {"slug":"doge-updown-5m-1781541600","reason":"btc_distance_below_threshold","market":"DOGE","minDistanceUsd":{"UP":0.0003,"DOWN":0.0003},"openingPrice":0.0902453724518517,"currentPrice":0.0902453}
[2026-06-15T16:40:24.249Z] INFO Skipped trade. {"slug":"eth-updown-5m-1781541600","reason":"stale_chainlink_tick","tickTimestamp":"2026-06-15T16:40:06.000Z"}
[2026-06-15T16:41:00.199Z] INFO Skipped trade. {"slug":"doge-updown-5m-1781541600","reason":"stale_chainlink_tick","tickTimestamp":"2026-06-15T16:40:46.000Z"}
[2026-06-15T16:41:24.501Z] WARN Bot loop iteration failed; retrying. {"error":"fetch failed"}
[2026-06-15T16:44:26.902Z] WARN Analytics sample recording failed; continuing. {"market":"DOGE","slug":"doge-updown-5m-1781541600","error":"ENOENT: no such file or directory, rename 'C:\\DEV\\tests\\Workspace de Yarbis\\Polybot\\data\\analytics-active.json.tmp' -> 'C:\\DEV\\tests\\Workspace de Yarbis\\Polybot\\data\\analytics-active.json'"}
[2026-06-15T16:44:30.696Z] INFO Skipped trade. {"slug":"eth-updown-5m-1781541600","reason":"no_ask_liquidity_under_cap","outcome":"UP"}
[2026-06-15T16:44:33.074Z] WARN Bot loop iteration failed; retrying. {"error":"fetch failed"}
[2026-06-15T16:45:00.716Z] INFO Tracking market. {"market":"BTC","slug":"btc-updown-5m-1781541900","title":"Bitcoin Up or Down - June 15, 12:45PM-12:50PM ET","end":"2026-06-15T16:50:00.000Z","upToken":"69151848112978563649644168123285379216604455144768828388200824342713185578946","downToken":"26549624758376362938916731222943328746292945990589880252441840992743394976217","orderMinSize":5,"tickSize":"0.01"}
[2026-06-15T16:45:00.716Z] INFO Skipped trade. {"slug":"btc-updown-5m-1781541900","reason":"missing_opening_chainlink_tick"}
[2026-06-15T16:45:00.716Z] INFO Tracking market. {"market":"ETH","slug":"eth-updown-5m-1781541900","title":"Ethereum Up or Down - June 15, 12:45PM-12:50PM ET","end":"2026-06-15T16:50:00.000Z","upToken":"3993788339136625673871847968710757074071666026530622988557353692966183179200","downToken":"62468172781678770379893917758971888696121336579661933383050719852358747275980","orderMinSize":5,"tickSize":"0.01"}
[2026-06-15T16:45:00.717Z] INFO Skipped trade. {"slug":"eth-updown-5m-1781541900","reason":"missing_opening_chainlink_tick"}
[2026-06-15T16:45:00.717Z] INFO Tracking market. {"market":"DOGE","slug":"doge-updown-5m-1781541900","title":"Dogecoin Up or Down - June 15, 12:45PM-12:50PM ET","end":"2026-06-15T16:50:00.000Z","upToken":"56780682164747046126954464508663081230200657099344136299205478900977842479238","downToken":"25531362692845466755927024031386611560005014536904232382886715206598637583555","orderMinSize":5,"tickSize":"0.01"}
[2026-06-15T16:45:00.718Z] INFO Skipped trade. {"slug":"doge-updown-5m-1781541900","reason":"missing_opening_chainlink_tick"}
[2026-06-15T16:45:01.821Z] INFO Captured Chainlink opening tick. {"slug":"btc-updown-5m-1781541900","openingPrice":67133.19806079277,"tickTimestamp":"2026-06-15T16:45:00.000Z"}
[2026-06-15T16:45:01.843Z] INFO Skipped trade. {"slug":"btc-updown-5m-1781541900","reason":"btc_distance_below_threshold","market":"BTC","minDistanceUsd":{"UP":12,"DOWN":12},"openingPrice":67133.19806079277,"currentPrice":67133.19806079277}
[2026-06-15T16:45:01.899Z] INFO Captured Chainlink opening tick. {"slug":"eth-updown-5m-1781541900","openingPrice":1842.972255,"tickTimestamp":"2026-06-15T16:45:00.000Z"}
[2026-06-15T16:45:01.904Z] INFO Skipped trade. {"slug":"eth-updown-5m-1781541900","reason":"btc_distance_below_threshold","market":"ETH","minDistanceUsd":{"UP":2,"DOWN":2},"openingPrice":1842.972255,"currentPrice":1842.972255}
[2026-06-15T16:45:01.976Z] INFO Captured Chainlink opening tick. {"slug":"doge-updown-5m-1781541900","openingPrice":0.0903786132830295,"tickTimestamp":"2026-06-15T16:45:00.000Z"}
[2026-06-15T16:45:01.981Z] INFO Skipped trade. {"slug":"doge-updown-5m-1781541900","reason":"btc_distance_below_threshold","market":"DOGE","minDistanceUsd":{"UP":0.0003,"DOWN":0.0003},"openingPrice":0.0903786132830295,"currentPrice":0.0903786132830295}
[2026-06-15T16:47:50.600Z] WARN Bot loop iteration failed; retrying. {"error":"fetch failed"}
[2026-06-15T16:49:23.725Z] WARN Analytics sample recording failed; continuing. {"market":"ETH","slug":"eth-updown-5m-1781541900","error":"ENOENT: no such file or directory, rename 'C:\\DEV\\tests\\Workspace de Yarbis\\Polybot\\data\\analytics-active.json.tmp' -> 'C:\\DEV\\tests\\Workspace de Yarbis\\Polybot\\data\\analytics-active.json'"}
[2026-06-15T16:49:40.044Z] INFO Skipped trade. {"slug":"btc-updown-5m-1781541900","reason":"no_ask_liquidity_under_cap","outcome":"DOWN"}
[2026-06-15T16:49:40.045Z] INFO Skipped trade. {"slug":"eth-updown-5m-1781541900","reason":"no_ask_liquidity_under_cap","outcome":"DOWN"}
[2026-06-15T16:49:47.537Z] WARN Analytics sample recording failed; continuing. {"market":"DOGE","slug":"doge-updown-5m-1781541900","error":"EPERM: operation not permitted, rename 'C:\\DEV\\tests\\Workspace de Yarbis\\Polybot\\data\\analytics-active.json.tmp' -> 'C:\\DEV\\tests\\Workspace de Yarbis\\Polybot\\data\\analytics-active.json'"}
[2026-06-15T16:49:51.813Z] WARN Analytics sample recording failed; continuing. {"market":"BTC","slug":"btc-updown-5m-1781541900","error":"EPERM: operation not permitted, rename 'C:\\DEV\\tests\\Workspace de Yarbis\\Polybot\\data\\analytics-active.json.tmp' -> 'C:\\DEV\\tests\\Workspace de Yarbis\\Polybot\\data\\analytics-active.json'"}
[2026-06-15T16:49:57.652Z] WARN Analytics sample recording failed; continuing. {"market":"BTC","slug":"btc-updown-5m-1781541900","error":"EPERM: operation not permitted, rename 'C:\\DEV\\tests\\Workspace de Yarbis\\Polybot\\data\\analytics-active.json.tmp' -> 'C:\\DEV\\tests\\Workspace de Yarbis\\Polybot\\data\\analytics-active.json'"}
[2026-06-15T16:50:00.550Z] INFO Tracking market. {"market":"BTC","slug":"btc-updown-5m-1781542200","title":"Bitcoin Up or Down - June 15, 12:50PM-12:55PM ET","end":"2026-06-15T16:55:00.000Z","upToken":"35384707529916923814759287231990994350484948799356589914965610920442096390807","downToken":"50199657776001440261500515385174109589238716530331479663144030906311120663146","orderMinSize":5,"tickSize":"0.01"}
[2026-06-15T16:50:00.551Z] INFO Skipped trade. {"slug":"btc-updown-5m-1781542200","reason":"missing_opening_chainlink_tick"}
[2026-06-15T16:50:00.552Z] INFO Tracking market. {"market":"ETH","slug":"eth-updown-5m-1781542200","title":"Ethereum Up or Down - June 15, 12:50PM-12:55PM ET","end":"2026-06-15T16:55:00.000Z","upToken":"44892698641448671439830355696470980073782121351761798811189870524104562656949","downToken":"17959690132781907953128517104317583773427930228496640518954344720769663444758","orderMinSize":5,"tickSize":"0.01"}
[2026-06-15T16:50:00.553Z] INFO Skipped trade. {"slug":"eth-updown-5m-1781542200","reason":"missing_opening_chainlink_tick"}
[2026-06-15T16:50:00.554Z] INFO Tracking market. {"market":"DOGE","slug":"doge-updown-5m-1781542200","title":"Dogecoin Up or Down - June 15, 12:50PM-12:55PM ET","end":"2026-06-15T16:55:00.000Z","upToken":"36324960441609085758132382268008343191644929597271024168090318373323294042679","downToken":"7772999469230717972432851089210785779180263264125368686926589453712795085258","orderMinSize":5,"tickSize":"0.01"}
[2026-06-15T16:50:00.554Z] INFO Skipped trade. {"slug":"doge-updown-5m-1781542200","reason":"missing_opening_chainlink_tick"}
[2026-06-15T16:50:01.977Z] INFO Captured Chainlink opening tick. {"slug":"btc-updown-5m-1781542200","openingPrice":67067.762745,"tickTimestamp":"2026-06-15T16:50:00.000Z"}
[2026-06-15T16:50:01.995Z] INFO Skipped trade. {"slug":"btc-updown-5m-1781542200","reason":"btc_distance_below_threshold","market":"BTC","minDistanceUsd":{"UP":12,"DOWN":12},"openingPrice":67067.762745,"currentPrice":67067.762745}
[2026-06-15T16:50:04.321Z] INFO Captured Chainlink opening tick. {"slug":"eth-updown-5m-1781542200","openingPrice":1839.7996244208334,"tickTimestamp":"2026-06-15T16:50:00.000Z"}
[2026-06-15T16:50:04.357Z] INFO Skipped trade. {"slug":"eth-updown-5m-1781542200","reason":"btc_distance_below_threshold","market":"ETH","minDistanceUsd":{"UP":2,"DOWN":2},"openingPrice":1839.7996244208334,"currentPrice":1839.929659015066}
[2026-06-15T16:50:04.463Z] INFO Captured Chainlink opening tick. {"slug":"doge-updown-5m-1781542200","openingPrice":0.090165109,"tickTimestamp":"2026-06-15T16:50:00.000Z"}
[2026-06-15T16:50:04.473Z] INFO Skipped trade. {"slug":"doge-updown-5m-1781542200","reason":"btc_distance_below_threshold","market":"DOGE","minDistanceUsd":{"UP":0.0003,"DOWN":0.0003},"openingPrice":0.090165109,"currentPrice":0.090165701}
[2026-06-15T16:53:11.332Z] WARN Bot loop iteration failed; retrying. {"error":"fetch failed"}
[2026-06-15T16:53:43.113Z] WARN Bot loop iteration failed; retrying. {"error":"fetch failed"}
[2026-06-15T16:54:49.272Z] WARN Analytics sample recording failed; continuing. {"market":"ETH","slug":"eth-updown-5m-1781542200","error":"EPERM: operation not permitted, rename 'C:\\DEV\\tests\\Workspace de Yarbis\\Polybot\\data\\analytics-active.json.tmp' -> 'C:\\DEV\\tests\\Workspace de Yarbis\\Polybot\\data\\analytics-active.json'"}
[2026-06-15T16:54:49.753Z] WARN Analytics sample recording failed; continuing. {"market":"DOGE","slug":"doge-updown-5m-1781542200","error":"ENOENT: no such file or directory, rename 'C:\\DEV\\tests\\Workspace de Yarbis\\Polybot\\data\\analytics-active.json.tmp' -> 'C:\\DEV\\tests\\Workspace de Yarbis\\Polybot\\data\\analytics-active.json'"}
[2026-06-15T16:54:49.784Z] INFO Skipped trade. {"slug":"btc-updown-5m-1781542200","reason":"no_ask_liquidity_under_cap","outcome":"UP"}
[2026-06-15T16:55:08.462Z] INFO Tracking market. {"market":"BTC","slug":"btc-updown-5m-1781542500","title":"Bitcoin Up or Down - June 15, 12:55PM-1:00PM ET","end":"2026-06-15T17:00:00.000Z","upToken":"96322719779269082226487653091377712181555634919928146356915495319419121863013","downToken":"70342837175488384805528850461106359731646410049856858310665177840902966818777","orderMinSize":5,"tickSize":"0.01"}
[2026-06-15T16:55:08.820Z] INFO Captured Chainlink opening tick. {"slug":"btc-updown-5m-1781542500","openingPrice":67123.97817416604,"tickTimestamp":"2026-06-15T16:55:00.000Z"}
[2026-06-15T16:55:08.832Z] INFO Skipped trade. {"slug":"btc-updown-5m-1781542500","reason":"btc_distance_below_threshold","market":"BTC","minDistanceUsd":{"UP":12,"DOWN":12},"openingPrice":67123.97817416604,"currentPrice":67124.88865914522}
[2026-06-15T16:55:08.832Z] INFO Tracking market. {"market":"ETH","slug":"eth-updown-5m-1781542500","title":"Ethereum Up or Down - June 15, 12:55PM-1:00PM ET","end":"2026-06-15T17:00:00.000Z","upToken":"101759380515959909918160755555951684517198150787711189551704340600002378893569","downToken":"115564271695355868449475704091901277402362526283074464995808083484434687786040","orderMinSize":5,"tickSize":"0.01"}
[2026-06-15T16:55:09.121Z] INFO Captured Chainlink opening tick. {"slug":"eth-updown-5m-1781542500","openingPrice":1841.35177637703,"tickTimestamp":"2026-06-15T16:55:00.000Z"}
[2026-06-15T16:55:09.247Z] INFO Skipped trade. {"slug":"eth-updown-5m-1781542500","reason":"btc_distance_below_threshold","market":"ETH","minDistanceUsd":{"UP":2,"DOWN":2},"openingPrice":1841.35177637703,"currentPrice":1841.607659873366}
[2026-06-15T16:55:09.248Z] INFO Tracking market. {"market":"DOGE","slug":"doge-updown-5m-1781542500","title":"Dogecoin Up or Down - June 15, 12:55PM-1:00PM ET","end":"2026-06-15T17:00:00.000Z","upToken":"28175518266364599080993282179486135159586212479615567798582226732807471483061","downToken":"101804214176805457604224695463223035275480858303035102345799980325166167484194","orderMinSize":5,"tickSize":"0.01"}
[2026-06-15T16:55:09.410Z] INFO Captured Chainlink opening tick. {"slug":"doge-updown-5m-1781542500","openingPrice":0.0902329694936599,"tickTimestamp":"2026-06-15T16:55:00.000Z"}
[2026-06-15T16:55:09.417Z] INFO Skipped trade. {"slug":"doge-updown-5m-1781542500","reason":"btc_distance_below_threshold","market":"DOGE","minDistanceUsd":{"UP":0.0003,"DOWN":0.0003},"openingPrice":0.0902329694936599,"currentPrice":0.090233128}
[2026-06-15T16:56:27.949Z] WARN Bot loop iteration failed; retrying. {"error":"fetch failed"}
[2026-06-15T16:56:39.344Z] WARN Bot loop iteration failed; retrying. {"error":"fetch failed"}
[2026-06-15T16:57:39.902Z] INFO Skipped trade. {"slug":"eth-updown-5m-1781542500","reason":"stale_chainlink_tick","tickTimestamp":"2026-06-15T16:57:29.000Z"}
[2026-06-15T16:57:39.907Z] INFO Skipped trade. {"slug":"doge-updown-5m-1781542500","reason":"stale_chainlink_tick","tickTimestamp":"2026-06-15T16:57:29.000Z"}
[2026-06-15T16:59:07.733Z] WARN Bot loop iteration failed; retrying. {"error":"fetch failed"}
[2026-06-15T16:59:35.286Z] INFO Trade attempt recorded. {"mode":"sim","slug":"btc-updown-5m-1781542500","outcome":"UP","amountUsd":5,"bestAsk":0.59,"estimatedShares":8.474576271186441}
[2026-06-15T16:59:36.640Z] INFO Skipped trade. {"slug":"btc-updown-5m-1781542500","reason":"market_already_traded"}
[2026-06-15T16:59:40.383Z] WARN Analytics sample recording failed; continuing. {"market":"ETH","slug":"eth-updown-5m-1781542500","error":"ENOENT: no such file or directory, rename 'C:\\DEV\\tests\\Workspace de Yarbis\\Polybot\\data\\analytics-active.json.tmp' -> 'C:\\DEV\\tests\\Workspace de Yarbis\\Polybot\\data\\analytics-active.json'"}
[2026-06-15T17:00:08.734Z] INFO Resolved trade. {"mode":"sim","slug":"btc-updown-5m-1781542500","outcome":"UP","winningOutcome":"DOWN","won":false,"finalPrice":67119.60636777617}
[2026-06-15T17:00:09.032Z] INFO Tracking market. {"market":"BTC","slug":"btc-updown-5m-1781542800","title":"Bitcoin Up or Down - June 15, 1:00PM-1:05PM ET","end":"2026-06-15T17:05:00.000Z","upToken":"70606425295145319333052861734593770609433254430473750581563803384456955320277","downToken":"47303963542912678497961999754061956433547068103835453943350001457373623938427","orderMinSize":5,"tickSize":"0.01"}
[2026-06-15T17:00:09.144Z] INFO Captured Chainlink opening tick. {"slug":"btc-updown-5m-1781542800","openingPrice":67124.03709561474,"tickTimestamp":"2026-06-15T17:00:00.000Z"}
[2026-06-15T17:00:09.166Z] INFO Tracking market. {"market":"ETH","slug":"eth-updown-5m-1781542800","title":"Ethereum Up or Down - June 15, 1:00PM-1:05PM ET","end":"2026-06-15T17:05:00.000Z","upToken":"58716326981976493010942976852136280856501124133258096866122557217584467478437","downToken":"103139292610350546811688839763357038901994356068027782229424797973915130973","orderMinSize":5,"tickSize":"0.01"}
[2026-06-15T17:00:09.256Z] INFO Captured Chainlink opening tick. {"slug":"eth-updown-5m-1781542800","openingPrice":1841.862114647586,"tickTimestamp":"2026-06-15T17:00:00.000Z"}
[2026-06-15T17:00:09.268Z] INFO Skipped trade. {"slug":"eth-updown-5m-1781542800","reason":"btc_distance_below_threshold","market":"ETH","minDistanceUsd":{"UP":2,"DOWN":2},"openingPrice":1841.862114647586,"currentPrice":1841.326308340326}
[2026-06-15T17:00:09.268Z] INFO Tracking market. {"market":"DOGE","slug":"doge-updown-5m-1781542800","title":"Dogecoin Up or Down - June 15, 1:00PM-1:05PM ET","end":"2026-06-15T17:05:00.000Z","upToken":"47597700360170761865228132402904933741824919981924839058745344061496450547170","downToken":"10316551923672893236501602756007615915585592203997415109433369270339630529151","orderMinSize":5,"tickSize":"0.01"}
[2026-06-15T17:00:09.353Z] INFO Captured Chainlink opening tick. {"slug":"doge-updown-5m-1781542800","openingPrice":0.090025963,"tickTimestamp":"2026-06-15T17:00:00.000Z"}
[2026-06-15T17:00:09.362Z] INFO Skipped trade. {"slug":"doge-updown-5m-1781542800","reason":"btc_distance_below_threshold","market":"DOGE","minDistanceUsd":{"UP":0.0003,"DOWN":0.0003},"openingPrice":0.090025963,"currentPrice":0.0900240376616613}
[2026-06-15T17:04:29.257Z] INFO Skipped trade. {"slug":"btc-updown-5m-1781542800","reason":"no_ask_liquidity_under_cap","outcome":"DOWN"}
[2026-06-15T17:04:29.259Z] INFO Skipped trade. {"slug":"eth-updown-5m-1781542800","reason":"no_ask_liquidity_under_cap","outcome":"DOWN"}
[2026-06-15T17:04:29.259Z] INFO Skipped trade. {"slug":"doge-updown-5m-1781542800","reason":"no_ask_liquidity_under_cap","outcome":"DOWN"}
[2026-06-15T17:05:10.549Z] WARN Bot loop iteration failed; retrying. {"error":"fetch failed"}
[2026-06-15T17:05:11.706Z] INFO Tracking market. {"market":"BTC","slug":"btc-updown-5m-1781543100","title":"Bitcoin Up or Down - June 15, 1:05PM-1:10PM ET","end":"2026-06-15T17:10:00.000Z","upToken":"88345483959479546242205317364256376103878272338375903862177635127018496216728","downToken":"31418455862556912352416139778428335608607327172596059626126573332346109544250","orderMinSize":5,"tickSize":"0.01"}
[2026-06-15T17:05:12.209Z] INFO Captured Chainlink opening tick. {"slug":"btc-updown-5m-1781543100","openingPrice":66831.37148938193,"tickTimestamp":"2026-06-15T17:05:00.000Z"}
[2026-06-15T17:05:12.237Z] WARN Analytics sample recording failed; continuing. {"market":"BTC","slug":"btc-updown-5m-1781543100","error":"ENOENT: no such file or directory, rename 'C:\\DEV\\tests\\Workspace de Yarbis\\Polybot\\data\\analytics-active.json.tmp' -> 'C:\\DEV\\tests\\Workspace de Yarbis\\Polybot\\data\\analytics-active.json'"}
[2026-06-15T17:05:12.244Z] INFO Skipped trade. {"slug":"btc-updown-5m-1781543100","reason":"btc_distance_below_threshold","market":"BTC","minDistanceUsd":{"UP":12,"DOWN":12},"openingPrice":66831.37148938193,"currentPrice":66841.7103504423}
[2026-06-15T17:05:12.244Z] INFO Tracking market. {"market":"ETH","slug":"eth-updown-5m-1781543100","title":"Ethereum Up or Down - June 15, 1:05PM-1:10PM ET","end":"2026-06-15T17:10:00.000Z","upToken":"102581213059657625182152876902083034378454164412313908016634735072810808735170","downToken":"16093813604563951235293191320306742489819571382931433516146370898009267581577","orderMinSize":5,"tickSize":"0.01"}
[2026-06-15T17:05:12.445Z] INFO Captured Chainlink opening tick. {"slug":"eth-updown-5m-1781543100","openingPrice":1827.961028569281,"tickTimestamp":"2026-06-15T17:05:00.000Z"}
[2026-06-15T17:05:12.452Z] INFO Skipped trade. {"slug":"eth-updown-5m-1781543100","reason":"btc_distance_below_threshold","market":"ETH","minDistanceUsd":{"UP":2,"DOWN":2},"openingPrice":1827.961028569281,"currentPrice":1828.5806522296023}
[2026-06-15T17:05:12.452Z] INFO Tracking market. {"market":"DOGE","slug":"doge-updown-5m-1781543100","title":"Dogecoin Up or Down - June 15, 1:05PM-1:10PM ET","end":"2026-06-15T17:10:00.000Z","upToken":"114851281077973825746748064627871781172512669028444360536341643284660531079215","downToken":"29941914699940961167291887068306829044733268676532353398043284989768500457417","orderMinSize":5,"tickSize":"0.01"}
[2026-06-15T17:05:12.527Z] INFO Captured Chainlink opening tick. {"slug":"doge-updown-5m-1781543100","openingPrice":0.08964221,"tickTimestamp":"2026-06-15T17:05:00.000Z"}
[2026-06-15T17:05:12.532Z] INFO Skipped trade. {"slug":"doge-updown-5m-1781543100","reason":"btc_distance_below_threshold","market":"DOGE","minDistanceUsd":{"UP":0.0003,"DOWN":0.0003},"openingPrice":0.08964221,"currentPrice":0.0896471278962922}
[2026-06-15T17:06:11.760Z] WARN Bot loop iteration failed; retrying. {"error":"fetch failed"}
[2026-06-15T17:09:29.877Z] INFO Skipped trade. {"slug":"btc-updown-5m-1781543100","reason":"no_ask_liquidity_under_cap","outcome":"DOWN"}
[2026-06-15T17:10:03.685Z] INFO Tracking market. {"market":"BTC","slug":"btc-updown-5m-1781543400","title":"Bitcoin Up or Down - June 15, 1:10PM-1:15PM ET","end":"2026-06-15T17:15:00.000Z","upToken":"48023305222578355259833586809094232477920692276612867740067489277528355542968","downToken":"72567875476842848496608800939680905404187028693355168667467635303051479927997","orderMinSize":5,"tickSize":"0.01"}
[2026-06-15T17:10:03.730Z] INFO Captured Chainlink opening tick. {"slug":"btc-updown-5m-1781543400","openingPrice":66798.55805532518,"tickTimestamp":"2026-06-15T17:10:00.000Z"}
[2026-06-15T17:10:03.760Z] INFO Skipped trade. {"slug":"btc-updown-5m-1781543400","reason":"btc_distance_below_threshold","market":"BTC","minDistanceUsd":{"UP":12,"DOWN":12},"openingPrice":66798.55805532518,"currentPrice":66794.32315228043}
[2026-06-15T17:10:03.760Z] INFO Tracking market. {"market":"ETH","slug":"eth-updown-5m-1781543400","title":"Ethereum Up or Down - June 15, 1:10PM-1:15PM ET","end":"2026-06-15T17:15:00.000Z","upToken":"37451907200545076112600841843325201551286144679818140399765179185911930072243","downToken":"98854255532595383336669579756528712778130881451391033315811032925059635770507","orderMinSize":5,"tickSize":"0.01"}
[2026-06-15T17:10:03.760Z] INFO Skipped trade. {"slug":"eth-updown-5m-1781543400","reason":"missing_opening_chainlink_tick"}
[2026-06-15T17:10:03.760Z] INFO Tracking market. {"market":"DOGE","slug":"doge-updown-5m-1781543400","title":"Dogecoin Up or Down - June 15, 1:10PM-1:15PM ET","end":"2026-06-15T17:15:00.000Z","upToken":"4549405245916626496311649123363490279398015414588411339034555695623715085572","downToken":"102006726090195692805527737020611173641692945737818851039946201596119736059342","orderMinSize":5,"tickSize":"0.01"}
[2026-06-15T17:10:03.760Z] INFO Skipped trade. {"slug":"doge-updown-5m-1781543400","reason":"missing_opening_chainlink_tick"}
[2026-06-15T17:10:05.802Z] INFO Captured Chainlink opening tick. {"slug":"eth-updown-5m-1781543400","openingPrice":1826.8163060600946,"tickTimestamp":"2026-06-15T17:10:00.000Z"}
[2026-06-15T17:10:05.807Z] INFO Skipped trade. {"slug":"eth-updown-5m-1781543400","reason":"btc_distance_below_threshold","market":"ETH","minDistanceUsd":{"UP":2,"DOWN":2},"openingPrice":1826.8163060600946,"currentPrice":1826.5331884764655}
[2026-06-15T17:10:05.846Z] INFO Captured Chainlink opening tick. {"slug":"doge-updown-5m-1781543400","openingPrice":0.0896654902022695,"tickTimestamp":"2026-06-15T17:10:00.000Z"}
[2026-06-15T17:10:05.850Z] INFO Skipped trade. {"slug":"doge-updown-5m-1781543400","reason":"btc_distance_below_threshold","market":"DOGE","minDistanceUsd":{"UP":0.0003,"DOWN":0.0003},"openingPrice":0.0896654902022695,"currentPrice":0.089638337}
[2026-06-15T17:14:29.383Z] INFO Skipped trade. {"slug":"btc-updown-5m-1781543400","reason":"no_ask_liquidity_under_cap","outcome":"UP"}
[2026-06-15T17:14:29.383Z] INFO Skipped trade. {"slug":"eth-updown-5m-1781543400","reason":"no_ask_liquidity_under_cap","outcome":"UP"}
[2026-06-15T17:15:01.540Z] INFO Tracking market. {"market":"BTC","slug":"btc-updown-5m-1781543700","title":"Bitcoin Up or Down - June 15, 1:15PM-1:20PM ET","end":"2026-06-15T17:20:00.000Z","upToken":"42941441850484520376096977673923652673306831278487414948042549107628398445572","downToken":"16422673860960111454371853542175202819055721836154880676266438351094965503597","orderMinSize":5,"tickSize":"0.01"}
[2026-06-15T17:15:01.540Z] INFO Skipped trade. {"slug":"btc-updown-5m-1781543700","reason":"missing_opening_chainlink_tick"}
[2026-06-15T17:15:01.540Z] INFO Tracking market. {"market":"ETH","slug":"eth-updown-5m-1781543700","title":"Ethereum Up or Down - June 15, 1:15PM-1:20PM ET","end":"2026-06-15T17:20:00.000Z","upToken":"72678196822773668888338928425004456410182440556949248423159341214433443241046","downToken":"30384703814394763958135949715011724589655556796126930402408642423565867341227","orderMinSize":5,"tickSize":"0.01"}
[2026-06-15T17:15:01.541Z] INFO Skipped trade. {"slug":"eth-updown-5m-1781543700","reason":"missing_opening_chainlink_tick"}
[2026-06-15T17:15:01.541Z] INFO Tracking market. {"market":"DOGE","slug":"doge-updown-5m-1781543700","title":"Dogecoin Up or Down - June 15, 1:15PM-1:20PM ET","end":"2026-06-15T17:20:00.000Z","upToken":"45991529198171879571306161302221678255862130249053984001377667911649108033332","downToken":"81306203004385551146519438921017386802964415446297214337149893474737900583827","orderMinSize":5,"tickSize":"0.01"}
[2026-06-15T17:15:01.541Z] INFO Skipped trade. {"slug":"doge-updown-5m-1781543700","reason":"missing_opening_chainlink_tick"}
[2026-06-15T17:15:02.591Z] INFO Captured Chainlink opening tick. {"slug":"btc-updown-5m-1781543700","openingPrice":66865.67657017993,"tickTimestamp":"2026-06-15T17:15:00.000Z"}
[2026-06-15T17:15:02.595Z] INFO Skipped trade. {"slug":"btc-updown-5m-1781543700","reason":"btc_distance_below_threshold","market":"BTC","minDistanceUsd":{"UP":12,"DOWN":12},"openingPrice":66865.67657017993,"currentPrice":66865.67657017993}
[2026-06-15T17:15:05.671Z] INFO Captured Chainlink opening tick. {"slug":"eth-updown-5m-1781543700","openingPrice":1831.1145089007152,"tickTimestamp":"2026-06-15T17:15:00.000Z"}
[2026-06-15T17:15:05.675Z] INFO Skipped trade. {"slug":"eth-updown-5m-1781543700","reason":"btc_distance_below_threshold","market":"ETH","minDistanceUsd":{"UP":2,"DOWN":2},"openingPrice":1831.1145089007152,"currentPrice":1830.604584865213}
[2026-06-15T17:15:05.708Z] INFO Captured Chainlink opening tick. {"slug":"doge-updown-5m-1781543700","openingPrice":0.0896077292325101,"tickTimestamp":"2026-06-15T17:15:00.000Z"}
[2026-06-15T17:15:05.713Z] INFO Skipped trade. {"slug":"doge-updown-5m-1781543700","reason":"btc_distance_below_threshold","market":"DOGE","minDistanceUsd":{"UP":0.0003,"DOWN":0.0003},"openingPrice":0.0896077292325101,"currentPrice":0.0895665811620905}
[2026-06-15T17:15:30.097Z] WARN RTDS websocket closed; reconnecting soon.
[2026-06-15T17:15:33.704Z] INFO Connected to Polymarket RTDS Chainlink feed.
[2026-06-15T17:19:29.453Z] INFO Skipped trade. {"slug":"btc-updown-5m-1781543700","reason":"no_ask_liquidity_under_cap","outcome":"UP"}
[2026-06-15T17:20:00.285Z] INFO Tracking market. {"market":"BTC","slug":"btc-updown-5m-1781544000","title":"Bitcoin Up or Down - June 15, 1:20PM-1:25PM ET","end":"2026-06-15T17:25:00.000Z","upToken":"101182875947600159965420820197951764605991123140352835026709134803220473586989","downToken":"2706920826197759578845005605081367951349527105230070364242348021303929833966","orderMinSize":5,"tickSize":"0.01"}
[2026-06-15T17:20:00.285Z] INFO Skipped trade. {"slug":"btc-updown-5m-1781544000","reason":"missing_opening_chainlink_tick"}
[2026-06-15T17:20:00.285Z] INFO Tracking market. {"market":"ETH","slug":"eth-updown-5m-1781544000","title":"Ethereum Up or Down - June 15, 1:20PM-1:25PM ET","end":"2026-06-15T17:25:00.000Z","upToken":"53053340662858485998368719368763235411538285727143979543997338180020272101724","downToken":"8182515757192798460914682494958031674773716932651520004114991044324298962006","orderMinSize":5,"tickSize":"0.01"}
[2026-06-15T17:20:00.285Z] INFO Skipped trade. {"slug":"eth-updown-5m-1781544000","reason":"missing_opening_chainlink_tick"}
[2026-06-15T17:20:00.286Z] INFO Tracking market. {"market":"DOGE","slug":"doge-updown-5m-1781544000","title":"Dogecoin Up or Down - June 15, 1:20PM-1:25PM ET","end":"2026-06-15T17:25:00.000Z","upToken":"5990248339800469473439073839269962695751627546413457607850807015102428096722","downToken":"100730910927391084313597662983426607789745321441113652942552244383852990334005","orderMinSize":5,"tickSize":"0.01"}
[2026-06-15T17:20:00.286Z] INFO Skipped trade. {"slug":"doge-updown-5m-1781544000","reason":"missing_opening_chainlink_tick"}
[2026-06-15T17:20:03.355Z] INFO Captured Chainlink opening tick. {"slug":"btc-updown-5m-1781544000","openingPrice":66870.42650379107,"tickTimestamp":"2026-06-15T17:20:00.000Z"}
[2026-06-15T17:20:03.359Z] INFO Skipped trade. {"slug":"btc-updown-5m-1781544000","reason":"btc_distance_below_threshold","market":"BTC","minDistanceUsd":{"UP":12,"DOWN":12},"openingPrice":66870.42650379107,"currentPrice":66868.85815642875}
[2026-06-15T17:20:04.406Z] INFO Captured Chainlink opening tick. {"slug":"eth-updown-5m-1781544000","openingPrice":1829.06084,"tickTimestamp":"2026-06-15T17:20:00.000Z"}
[2026-06-15T17:20:04.409Z] INFO Skipped trade. {"slug":"eth-updown-5m-1781544000","reason":"btc_distance_below_threshold","market":"ETH","minDistanceUsd":{"UP":2,"DOWN":2},"openingPrice":1829.06084,"currentPrice":1828.681455}
[2026-06-15T17:20:04.442Z] INFO Captured Chainlink opening tick. {"slug":"doge-updown-5m-1781544000","openingPrice":0.0895679,"tickTimestamp":"2026-06-15T17:20:00.000Z"}
[2026-06-15T17:20:04.446Z] INFO Skipped trade. {"slug":"doge-updown-5m-1781544000","reason":"btc_distance_below_threshold","market":"DOGE","minDistanceUsd":{"UP":0.0003,"DOWN":0.0003},"openingPrice":0.0895679,"currentPrice":0.0895469}
[2026-06-15T17:22:29.293Z] INFO Skipped trade. {"slug":"eth-updown-5m-1781544000","reason":"stale_chainlink_tick","tickTimestamp":"2026-06-15T17:22:19.000Z"}
[2026-06-15T17:22:29.293Z] INFO Skipped trade. {"slug":"doge-updown-5m-1781544000","reason":"stale_chainlink_tick","tickTimestamp":"2026-06-15T17:22:19.000Z"}
