[2026-06-05T18:47:42.575Z] INFO Polybot UI listening. {"url":"http://0.0.0.0:8788","host":"0.0.0.0","port":8788,"staticClient":false}
[2026-06-05T18:47:42.602Z] INFO Bot started. {"mode":"sim","enabledMarkets":["BTC","ETH","DOGE"],"minDistanceUsdByMarket":{"BTC":5,"ETH":0.5,"DOGE":0.0001},"minDistanceUsdByMarketOutcome":{"BTC":{"UP":5,"DOWN":5},"ETH":{"UP":0.5,"DOWN":0.5},"DOGE":{"UP":0.0001,"DOWN":0.0001}},"entryWindowSeconds":32,"entryWindowSecondsByMarket":{"BTC":32,"ETH":32,"DOGE":32},"entryWindowSecondsByMarketOutcome":{"BTC":{"UP":32,"DOWN":32},"ETH":{"UP":32,"DOWN":32},"DOGE":{"UP":32,"DOWN":32}},"maxAskPrice":0.6,"maxAskPriceByMarketOutcome":{"BTC":{"UP":0.6,"DOWN":0.6},"ETH":{"UP":0.6,"DOWN":0.6},"DOGE":{"UP":0.6,"DOWN":0.6}},"dailySpendLimitUsd":1000}
[2026-06-05T18:47:42.847Z] INFO Tracking market. {"market":"BTC","slug":"btc-updown-5m-1780685100","title":"Bitcoin Up or Down - June 5, 2:45PM-2:50PM ET","end":"2026-06-05T18:50:00.000Z","upToken":"4307403907693892106485188904849468229308465893413903621154077385405819902838","downToken":"10440664705018461235527020335186953709207865497303417777166773352189985685719","orderMinSize":5,"tickSize":"0.01"}
[2026-06-05T18:47:42.862Z] INFO Skipped trade. {"slug":"btc-updown-5m-1780685100","reason":"missing_current_chainlink_tick"}
[2026-06-05T18:47:42.862Z] INFO Tracking market. {"market":"ETH","slug":"eth-updown-5m-1780685100","title":"Ethereum Up or Down - June 5, 2:45PM-2:50PM ET","end":"2026-06-05T18:50:00.000Z","upToken":"14275816875847040594252726633776971331854529076583944477603662974316528377979","downToken":"91453136485890338506701830287285260476317555472137875148964424699086908009436","orderMinSize":5,"tickSize":"0.01"}
[2026-06-05T18:47:42.862Z] INFO Skipped trade. {"slug":"eth-updown-5m-1780685100","reason":"missing_current_chainlink_tick"}
[2026-06-05T18:47:42.862Z] INFO Tracking market. {"market":"DOGE","slug":"doge-updown-5m-1780685100","title":"Dogecoin Up or Down - June 5, 2:45PM-2:50PM ET","end":"2026-06-05T18:50:00.000Z","upToken":"87554478788166514320142502562945379403448566748096163237950426855500199036523","downToken":"76130843555668130613878614046283126320616906035886161862595012507852430847946","orderMinSize":5,"tickSize":"0.01"}
[2026-06-05T18:47:42.863Z] INFO Skipped trade. {"slug":"doge-updown-5m-1780685100","reason":"missing_current_chainlink_tick"}
[2026-06-05T18:47:43.057Z] INFO Connected to Polymarket RTDS Chainlink feed.
[2026-06-05T18:47:43.316Z] INFO Connected to Polymarket RTDS Chainlink feed.
[2026-06-05T18:49:28.933Z] INFO Skipped trade. {"slug":"btc-updown-5m-1780685100","reason":"no_ask_liquidity_under_cap","outcome":"DOWN"}
[2026-06-05T18:49:28.934Z] INFO Skipped trade. {"slug":"eth-updown-5m-1780685100","reason":"no_ask_liquidity_under_cap","outcome":"DOWN"}
[2026-06-05T18:49:28.934Z] INFO Skipped trade. {"slug":"doge-updown-5m-1780685100","reason":"no_ask_liquidity_under_cap","outcome":"DOWN"}
[2026-06-05T18:50:16.767Z] INFO Tracking market. {"market":"BTC","slug":"btc-updown-5m-1780685400","title":"Bitcoin Up or Down - June 5, 2:50PM-2:55PM ET","end":"2026-06-05T18:55:00.000Z","upToken":"26447274741406813131746255263526131436812075938347024919150705540197897414931","downToken":"52435137458618740393030656083566789678275024703689673686735681372244098725190","orderMinSize":5,"tickSize":"0.01"}
[2026-06-05T18:50:16.790Z] INFO Captured Chainlink opening tick. {"slug":"btc-updown-5m-1780685400","openingPrice":59734.27210383146,"tickTimestamp":"2026-06-05T18:50:00.000Z"}
[2026-06-05T18:50:16.799Z] INFO Tracking market. {"market":"ETH","slug":"eth-updown-5m-1780685400","title":"Ethereum Up or Down - June 5, 2:50PM-2:55PM ET","end":"2026-06-05T18:55:00.000Z","upToken":"111434460567500015045984481942954247482784831819419650162919717146926774247900","downToken":"27546785621990935060016516208632430185904940393635782854086887463367275853464","orderMinSize":5,"tickSize":"0.01"}
[2026-06-05T18:50:16.814Z] INFO Captured Chainlink opening tick. {"slug":"eth-updown-5m-1780685400","openingPrice":1559.7195227298523,"tickTimestamp":"2026-06-05T18:50:00.000Z"}
[2026-06-05T18:50:16.822Z] INFO Tracking market. {"market":"DOGE","slug":"doge-updown-5m-1780685400","title":"Dogecoin Up or Down - June 5, 2:50PM-2:55PM ET","end":"2026-06-05T18:55:00.000Z","upToken":"16055973140693296143957629112744960492475464625436671417628374255289165109459","downToken":"5446602076303512973730881853072456609365257759078857958661044414036823617938","orderMinSize":5,"tickSize":"0.01"}
[2026-06-05T18:50:16.833Z] INFO Captured Chainlink opening tick. {"slug":"doge-updown-5m-1780685400","openingPrice":0.080746,"tickTimestamp":"2026-06-05T18:50:00.000Z"}
[2026-06-05T18:50:16.838Z] INFO Skipped trade. {"slug":"doge-updown-5m-1780685400","reason":"btc_distance_below_threshold","market":"DOGE","minDistanceUsd":{"UP":0.0001,"DOWN":0.0001},"openingPrice":0.080746,"currentPrice":0.080748}
[2026-06-05T18:50:21.934Z] INFO Skipped trade. {"slug":"eth-updown-5m-1780685400","reason":"btc_distance_below_threshold","market":"ETH","minDistanceUsd":{"UP":0.5,"DOWN":0.5},"openingPrice":1559.7195227298523,"currentPrice":1559.250825}
[2026-06-05T18:50:34.106Z] INFO Skipped trade. {"slug":"btc-updown-5m-1780685400","reason":"btc_distance_below_threshold","market":"BTC","minDistanceUsd":{"UP":5,"DOWN":5},"openingPrice":59734.27210383146,"currentPrice":59738.444961461675}
[2026-06-05T18:54:29.674Z] INFO Skipped trade. {"slug":"btc-updown-5m-1780685400","reason":"no_ask_liquidity_under_cap","outcome":"DOWN"}
[2026-06-05T18:54:29.681Z] INFO Skipped trade. {"slug":"eth-updown-5m-1780685400","reason":"no_ask_liquidity_under_cap","outcome":"DOWN"}
[2026-06-05T18:54:29.681Z] INFO Skipped trade. {"slug":"doge-updown-5m-1780685400","reason":"no_ask_liquidity_under_cap","outcome":"DOWN"}
[2026-06-05T18:55:01.059Z] INFO Tracking market. {"market":"BTC","slug":"btc-updown-5m-1780685700","title":"Bitcoin Up or Down - June 5, 2:55PM-3:00PM ET","end":"2026-06-05T19:00:00.000Z","upToken":"66330786569487306491533155273972836139977966691609234587963802145314432742664","downToken":"96891715884217962244008242019107874927521993256597455549283872903835983700460","orderMinSize":5,"tickSize":"0.01"}
[2026-06-05T18:55:01.068Z] INFO Captured Chainlink opening tick. {"slug":"btc-updown-5m-1780685700","openingPrice":59163.7370085805,"tickTimestamp":"2026-06-05T18:55:00.000Z"}
[2026-06-05T18:55:01.075Z] INFO Skipped trade. {"slug":"btc-updown-5m-1780685700","reason":"btc_distance_below_threshold","market":"BTC","minDistanceUsd":{"UP":5,"DOWN":5},"openingPrice":59163.7370085805,"currentPrice":59163.7370085805}
[2026-06-05T18:55:01.075Z] INFO Tracking market. {"market":"ETH","slug":"eth-updown-5m-1780685700","title":"Ethereum Up or Down - June 5, 2:55PM-3:00PM ET","end":"2026-06-05T19:00:00.000Z","upToken":"110008400044057088333616409532647092103671736864613289434915227882300313226446","downToken":"76356736579689600909133342100418201625365795296159044476243686425816931257496","orderMinSize":5,"tickSize":"0.01"}
[2026-06-05T18:55:01.075Z] INFO Skipped trade. {"slug":"eth-updown-5m-1780685700","reason":"missing_opening_chainlink_tick"}
[2026-06-05T18:55:01.075Z] INFO Tracking market. {"market":"DOGE","slug":"doge-updown-5m-1780685700","title":"Dogecoin Up or Down - June 5, 2:55PM-3:00PM ET","end":"2026-06-05T19:00:00.000Z","upToken":"375200908773058370939558163290147985758381772227887555872791003514872199830","downToken":"28130245521410830577996539876037760747879178363939344023067946587286188262788","orderMinSize":5,"tickSize":"0.01"}
[2026-06-05T18:55:01.076Z] INFO Skipped trade. {"slug":"doge-updown-5m-1780685700","reason":"missing_opening_chainlink_tick"}
[2026-06-05T18:55:02.115Z] INFO Captured Chainlink opening tick. {"slug":"eth-updown-5m-1780685700","openingPrice":1549.286108750365,"tickTimestamp":"2026-06-05T18:55:00.000Z"}
[2026-06-05T18:55:02.122Z] INFO Skipped trade. {"slug":"eth-updown-5m-1780685700","reason":"btc_distance_below_threshold","market":"ETH","minDistanceUsd":{"UP":0.5,"DOWN":0.5},"openingPrice":1549.286108750365,"currentPrice":1549.5567534597863}
[2026-06-05T18:55:02.133Z] INFO Captured Chainlink opening tick. {"slug":"doge-updown-5m-1780685700","openingPrice":0.0799192,"tickTimestamp":"2026-06-05T18:55:00.000Z"}
[2026-06-05T18:55:02.139Z] INFO Skipped trade. {"slug":"doge-updown-5m-1780685700","reason":"btc_distance_below_threshold","market":"DOGE","minDistanceUsd":{"UP":0.0001,"DOWN":0.0001},"openingPrice":0.0799192,"currentPrice":0.079947569}
[2026-06-05T18:59:30.005Z] INFO Skipped trade. {"slug":"btc-updown-5m-1780685700","reason":"no_ask_liquidity_under_cap","outcome":"UP"}
[2026-06-05T18:59:30.005Z] INFO Skipped trade. {"slug":"eth-updown-5m-1780685700","reason":"no_ask_liquidity_under_cap","outcome":"UP"}
[2026-06-05T18:59:30.005Z] INFO Skipped trade. {"slug":"doge-updown-5m-1780685700","reason":"no_ask_liquidity_under_cap","outcome":"UP"}
[2026-06-05T19:00:01.282Z] INFO Tracking market. {"market":"BTC","slug":"btc-updown-5m-1780686000","title":"Bitcoin Up or Down - June 5, 3:00PM-3:05PM ET","end":"2026-06-05T19:05:00.000Z","upToken":"72004047925784897703050100806295077199671983903702142882480998680324744614805","downToken":"43859233706651085472610101852123143736894368063419709598964717668682015474518","orderMinSize":5,"tickSize":"0.01"}
[2026-06-05T19:00:01.289Z] INFO Captured Chainlink opening tick. {"slug":"btc-updown-5m-1780686000","openingPrice":59349.37730657696,"tickTimestamp":"2026-06-05T19:00:00.000Z"}
[2026-06-05T19:00:01.297Z] INFO Skipped trade. {"slug":"btc-updown-5m-1780686000","reason":"btc_distance_below_threshold","market":"BTC","minDistanceUsd":{"UP":5,"DOWN":5},"openingPrice":59349.37730657696,"currentPrice":59353.444013472414}
[2026-06-05T19:00:01.298Z] INFO Tracking market. {"market":"ETH","slug":"eth-updown-5m-1780686000","title":"Ethereum Up or Down - June 5, 3:00PM-3:05PM ET","end":"2026-06-05T19:05:00.000Z","upToken":"14625571517027157864121548374761293900289498168026563259604289931116215956329","downToken":"99239243625128219378025508311646612392638547494892837646594822513675416294508","orderMinSize":5,"tickSize":"0.01"}
[2026-06-05T19:00:01.298Z] INFO Skipped trade. {"slug":"eth-updown-5m-1780686000","reason":"missing_opening_chainlink_tick"}
[2026-06-05T19:00:01.299Z] INFO Tracking market. {"market":"DOGE","slug":"doge-updown-5m-1780686000","title":"Dogecoin Up or Down - June 5, 3:00PM-3:05PM ET","end":"2026-06-05T19:05:00.000Z","upToken":"51274356806784232010364248960178387270308834225602840218382178695446104424122","downToken":"115669291654871343906182423861864646580430666816112548368722954375680896768562","orderMinSize":5,"tickSize":"0.01"}
[2026-06-05T19:00:01.299Z] INFO Skipped trade. {"slug":"doge-updown-5m-1780686000","reason":"missing_opening_chainlink_tick"}
[2026-06-05T19:00:02.316Z] INFO Captured Chainlink opening tick. {"slug":"eth-updown-5m-1780686000","openingPrice":1552.060249504976,"tickTimestamp":"2026-06-05T19:00:00.000Z"}
[2026-06-05T19:00:02.320Z] INFO Skipped trade. {"slug":"eth-updown-5m-1780686000","reason":"btc_distance_below_threshold","market":"ETH","minDistanceUsd":{"UP":0.5,"DOWN":0.5},"openingPrice":1552.060249504976,"currentPrice":1551.9976790872306}
[2026-06-05T19:00:02.327Z] INFO Captured Chainlink opening tick. {"slug":"doge-updown-5m-1780686000","openingPrice":0.0799588984815567,"tickTimestamp":"2026-06-05T19:00:00.000Z"}
[2026-06-05T19:00:02.332Z] INFO Skipped trade. {"slug":"doge-updown-5m-1780686000","reason":"btc_distance_below_threshold","market":"DOGE","minDistanceUsd":{"UP":0.0001,"DOWN":0.0001},"openingPrice":0.0799588984815567,"currentPrice":0.0799584078571891}
[2026-06-05T19:04:29.498Z] INFO Skipped trade. {"slug":"btc-updown-5m-1780686000","reason":"no_ask_liquidity_under_cap","outcome":"DOWN"}
[2026-06-05T19:04:29.499Z] INFO Skipped trade. {"slug":"eth-updown-5m-1780686000","reason":"no_ask_liquidity_under_cap","outcome":"DOWN"}
[2026-06-05T19:04:29.499Z] INFO Skipped trade. {"slug":"doge-updown-5m-1780686000","reason":"no_ask_liquidity_under_cap","outcome":"DOWN"}
[2026-06-05T19:04:41.231Z] INFO Trade attempt recorded. {"mode":"sim","slug":"btc-updown-5m-1780686000","outcome":"DOWN","amountUsd":5,"bestAsk":0.43,"estimatedShares":11.627906976744185}
[2026-06-05T19:04:42.461Z] INFO Skipped trade. {"slug":"btc-updown-5m-1780686000","reason":"market_already_traded"}
[2026-06-05T19:05:01.825Z] INFO Resolved trade. {"mode":"sim","slug":"btc-updown-5m-1780686000","outcome":"DOWN","winningOutcome":"UP","won":false,"finalPrice":59371.87318675043}
[2026-06-05T19:05:01.949Z] INFO Tracking market. {"market":"BTC","slug":"btc-updown-5m-1780686300","title":"Bitcoin Up or Down - June 5, 3:05PM-3:10PM ET","end":"2026-06-05T19:10:00.000Z","upToken":"64980876296060848827555099702950529341250751403081238042378287936764623082754","downToken":"33183752070552509355108271125391277435848078081182403579787431902045911458479","orderMinSize":5,"tickSize":"0.01"}
[2026-06-05T19:05:01.955Z] INFO Captured Chainlink opening tick. {"slug":"btc-updown-5m-1780686300","openingPrice":59364.139162013285,"tickTimestamp":"2026-06-05T19:05:00.000Z"}
[2026-06-05T19:05:01.959Z] INFO Tracking market. {"market":"ETH","slug":"eth-updown-5m-1780686300","title":"Ethereum Up or Down - June 5, 3:05PM-3:10PM ET","end":"2026-06-05T19:10:00.000Z","upToken":"76935298863620812172896749057360391804799047056982962935911105960223705866438","downToken":"24594570219375494575040613875652063712954193478039718101526831854555823261491","orderMinSize":5,"tickSize":"0.01"}
[2026-06-05T19:05:01.960Z] INFO Skipped trade. {"slug":"eth-updown-5m-1780686300","reason":"missing_opening_chainlink_tick"}
[2026-06-05T19:05:01.960Z] INFO Tracking market. {"market":"DOGE","slug":"doge-updown-5m-1780686300","title":"Dogecoin Up or Down - June 5, 3:05PM-3:10PM ET","end":"2026-06-05T19:10:00.000Z","upToken":"52448091528656247102443004820277352973237812008668698765935590931755351594498","downToken":"33276346451085321311968435052796217581639786770858286043140142686606131238989","orderMinSize":5,"tickSize":"0.01"}
[2026-06-05T19:05:01.960Z] INFO Skipped trade. {"slug":"doge-updown-5m-1780686300","reason":"missing_opening_chainlink_tick"}
[2026-06-05T19:05:02.963Z] INFO Skipped trade. {"slug":"btc-updown-5m-1780686300","reason":"btc_distance_below_threshold","market":"BTC","minDistanceUsd":{"UP":5,"DOWN":5},"openingPrice":59364.139162013285,"currentPrice":59366.69139526782}
[2026-06-05T19:05:02.978Z] INFO Captured Chainlink opening tick. {"slug":"eth-updown-5m-1780686300","openingPrice":1550.8532684459217,"tickTimestamp":"2026-06-05T19:05:00.000Z"}
[2026-06-05T19:05:02.983Z] INFO Skipped trade. {"slug":"eth-updown-5m-1780686300","reason":"btc_distance_below_threshold","market":"ETH","minDistanceUsd":{"UP":0.5,"DOWN":0.5},"openingPrice":1550.8532684459217,"currentPrice":1550.8563}
[2026-06-05T19:05:02.991Z] INFO Captured Chainlink opening tick. {"slug":"doge-updown-5m-1780686300","openingPrice":0.0794412340644637,"tickTimestamp":"2026-06-05T19:05:00.000Z"}
[2026-06-05T19:05:02.995Z] INFO Skipped trade. {"slug":"doge-updown-5m-1780686300","reason":"btc_distance_below_threshold","market":"DOGE","minDistanceUsd":{"UP":0.0001,"DOWN":0.0001},"openingPrice":0.0794412340644637,"currentPrice":0.079480552}
[2026-06-05T19:09:30.383Z] INFO Skipped trade. {"slug":"btc-updown-5m-1780686300","reason":"no_ask_liquidity_under_cap","outcome":"DOWN"}
[2026-06-05T19:09:32.334Z] INFO Trade attempt recorded. {"mode":"sim","slug":"btc-updown-5m-1780686300","outcome":"DOWN","amountUsd":5,"bestAsk":0.6,"estimatedShares":8.333333333333334}
[2026-06-05T19:09:33.757Z] INFO Skipped trade. {"slug":"btc-updown-5m-1780686300","reason":"market_already_traded"}
[2026-06-05T19:09:34.231Z] INFO Skipped trade. {"slug":"eth-updown-5m-1780686300","reason":"no_ask_liquidity_under_cap","outcome":"UP"}
[2026-06-05T19:09:43.283Z] INFO Skipped trade. {"slug":"doge-updown-5m-1780686300","reason":"no_ask_liquidity_under_cap","outcome":"UP"}
[2026-06-05T19:10:18.139Z] INFO Resolved trade. {"mode":"sim","slug":"btc-updown-5m-1780686300","outcome":"DOWN","winningOutcome":"DOWN","won":true,"finalPrice":59358.385215363145}
[2026-06-05T19:10:18.192Z] INFO Tracking market. {"market":"BTC","slug":"btc-updown-5m-1780686600","title":"Bitcoin Up or Down - June 5, 3:10PM-3:15PM ET","end":"2026-06-05T19:15:00.000Z","upToken":"19592441434064867621110358766789884219925421662793668546579761680030606038240","downToken":"39697716940779838161654552758188665968779101438887671574258357811673894613695","orderMinSize":5,"tickSize":"0.01"}
[2026-06-05T19:10:18.201Z] INFO Captured Chainlink opening tick. {"slug":"btc-updown-5m-1780686600","openingPrice":59363.409133491165,"tickTimestamp":"2026-06-05T19:10:00.000Z"}
[2026-06-05T19:10:18.206Z] INFO Tracking market. {"market":"ETH","slug":"eth-updown-5m-1780686600","title":"Ethereum Up or Down - June 5, 3:10PM-3:15PM ET","end":"2026-06-05T19:15:00.000Z","upToken":"67515694177303460507873566966682524490058404216275835014884047416016338327526","downToken":"110633994099756962931709774062284977098607452433720978008834870613988230709021","orderMinSize":5,"tickSize":"0.01"}
[2026-06-05T19:10:18.214Z] INFO Captured Chainlink opening tick. {"slug":"eth-updown-5m-1780686600","openingPrice":1553.265995,"tickTimestamp":"2026-06-05T19:10:00.000Z"}
[2026-06-05T19:10:18.219Z] INFO Skipped trade. {"slug":"eth-updown-5m-1780686600","reason":"btc_distance_below_threshold","market":"ETH","minDistanceUsd":{"UP":0.5,"DOWN":0.5},"openingPrice":1553.265995,"currentPrice":1553.346708344024}
[2026-06-05T19:10:18.219Z] INFO Tracking market. {"market":"DOGE","slug":"doge-updown-5m-1780686600","title":"Dogecoin Up or Down - June 5, 3:10PM-3:15PM ET","end":"2026-06-05T19:15:00.000Z","upToken":"72242152931854261362174675973470191788355490878602592476240225384375452145505","downToken":"13453501428618820249686145285248136142276431670286473784256580403070719078414","orderMinSize":5,"tickSize":"0.01"}
[2026-06-05T19:10:18.227Z] INFO Captured Chainlink opening tick. {"slug":"doge-updown-5m-1780686600","openingPrice":0.079573,"tickTimestamp":"2026-06-05T19:10:00.000Z"}
[2026-06-05T19:10:18.230Z] INFO Skipped trade. {"slug":"doge-updown-5m-1780686600","reason":"btc_distance_below_threshold","market":"DOGE","minDistanceUsd":{"UP":0.0001,"DOWN":0.0001},"openingPrice":0.079573,"currentPrice":0.0796264}
[2026-06-05T19:10:26.611Z] INFO Skipped trade. {"slug":"btc-updown-5m-1780686600","reason":"btc_distance_below_threshold","market":"BTC","minDistanceUsd":{"UP":5,"DOWN":5},"openingPrice":59363.409133491165,"currentPrice":59363.713689689066}
[2026-06-05T19:14:30.322Z] INFO Skipped trade. {"slug":"btc-updown-5m-1780686600","reason":"no_ask_liquidity_under_cap","outcome":"DOWN"}
[2026-06-05T19:14:30.322Z] INFO Skipped trade. {"slug":"eth-updown-5m-1780686600","reason":"no_ask_liquidity_under_cap","outcome":"DOWN"}
[2026-06-05T19:14:32.032Z] INFO Trade attempt recorded. {"mode":"sim","slug":"btc-updown-5m-1780686600","outcome":"DOWN","amountUsd":5,"bestAsk":0.58,"estimatedShares":8.620689655172415}
[2026-06-05T19:14:33.283Z] INFO Skipped trade. {"slug":"btc-updown-5m-1780686600","reason":"market_already_traded"}
[2026-06-05T19:14:49.325Z] INFO Skipped trade. {"slug":"doge-updown-5m-1780686600","reason":"no_ask_liquidity_under_cap","outcome":"DOWN"}
[2026-06-05T19:15:00.935Z] INFO Resolved trade. {"mode":"sim","slug":"btc-updown-5m-1780686600","outcome":"DOWN","winningOutcome":"DOWN","won":true,"finalPrice":59361.28821947261}
[2026-06-05T19:15:01.161Z] INFO Tracking market. {"market":"BTC","slug":"btc-updown-5m-1780686900","title":"Bitcoin Up or Down - June 5, 3:15PM-3:20PM ET","end":"2026-06-05T19:20:00.000Z","upToken":"99563003857604688113329888650538019371162695487373600364463306250413999934167","downToken":"35250536857275122144216167317612529764545985244624123926644685072112357793237","orderMinSize":5,"tickSize":"0.01"}
[2026-06-05T19:15:01.175Z] INFO Captured Chainlink opening tick. {"slug":"btc-updown-5m-1780686900","openingPrice":59361.28821947261,"tickTimestamp":"2026-06-05T19:15:00.000Z"}
[2026-06-05T19:15:01.180Z] INFO Skipped trade. {"slug":"btc-updown-5m-1780686900","reason":"btc_distance_below_threshold","market":"BTC","minDistanceUsd":{"UP":5,"DOWN":5},"openingPrice":59361.28821947261,"currentPrice":59361.28821947261}
[2026-06-05T19:15:01.180Z] INFO Tracking market. {"market":"ETH","slug":"eth-updown-5m-1780686900","title":"Ethereum Up or Down - June 5, 3:15PM-3:20PM ET","end":"2026-06-05T19:20:00.000Z","upToken":"50749038260616139769737680179703440373284707644819528114870688630624575158111","downToken":"33973361740907900755373643572246319120472188444058804701216667326234457555843","orderMinSize":5,"tickSize":"0.01"}
[2026-06-05T19:15:01.180Z] INFO Skipped trade. {"slug":"eth-updown-5m-1780686900","reason":"missing_opening_chainlink_tick"}
[2026-06-05T19:15:01.180Z] INFO Tracking market. {"market":"DOGE","slug":"doge-updown-5m-1780686900","title":"Dogecoin Up or Down - June 5, 3:15PM-3:20PM ET","end":"2026-06-05T19:20:00.000Z","upToken":"41967427540447586069312982367573101166029898026198116112124653885058958054139","downToken":"83498507525046981656092187253036904973013706307465275933217121635804916860677","orderMinSize":5,"tickSize":"0.01"}
[2026-06-05T19:15:01.180Z] INFO Skipped trade. {"slug":"doge-updown-5m-1780686900","reason":"missing_opening_chainlink_tick"}
[2026-06-05T19:15:03.200Z] INFO Captured Chainlink opening tick. {"slug":"eth-updown-5m-1780686900","openingPrice":1550.5217048371535,"tickTimestamp":"2026-06-05T19:15:00.000Z"}
[2026-06-05T19:15:03.212Z] INFO Captured Chainlink opening tick. {"slug":"doge-updown-5m-1780686900","openingPrice":0.0794775354435652,"tickTimestamp":"2026-06-05T19:15:00.000Z"}
[2026-06-05T19:15:03.215Z] INFO Skipped trade. {"slug":"doge-updown-5m-1780686900","reason":"btc_distance_below_threshold","market":"DOGE","minDistanceUsd":{"UP":0.0001,"DOWN":0.0001},"openingPrice":0.0794775354435652,"currentPrice":0.079446}
[2026-06-05T19:19:40.869Z] INFO Skipped trade. {"slug":"btc-updown-5m-1780686900","reason":"no_ask_liquidity_under_cap","outcome":"DOWN"}
[2026-06-05T19:19:40.870Z] INFO Skipped trade. {"slug":"eth-updown-5m-1780686900","reason":"no_ask_liquidity_under_cap","outcome":"DOWN"}
[2026-06-05T19:19:40.870Z] INFO Skipped trade. {"slug":"doge-updown-5m-1780686900","reason":"no_ask_liquidity_under_cap","outcome":"DOWN"}
[2026-06-05T19:20:01.834Z] INFO Tracking market. {"market":"BTC","slug":"btc-updown-5m-1780687200","title":"Bitcoin Up or Down - June 5, 3:20PM-3:25PM ET","end":"2026-06-05T19:25:00.000Z","upToken":"63152377086355519037322569489185455146922677918806243133570376741822755981809","downToken":"111268155085282041690814820039831690120624412767423767667794403224137210274217","orderMinSize":5,"tickSize":"0.01"}
[2026-06-05T19:20:01.856Z] INFO Captured Chainlink opening tick. {"slug":"btc-updown-5m-1780687200","openingPrice":59200.57042588413,"tickTimestamp":"2026-06-05T19:20:00.000Z"}
[2026-06-05T19:20:01.863Z] INFO Skipped trade. {"slug":"btc-updown-5m-1780687200","reason":"btc_distance_below_threshold","market":"BTC","minDistanceUsd":{"UP":5,"DOWN":5},"openingPrice":59200.57042588413,"currentPrice":59200.57042588413}
[2026-06-05T19:20:01.863Z] INFO Tracking market. {"market":"ETH","slug":"eth-updown-5m-1780687200","title":"Ethereum Up or Down - June 5, 3:20PM-3:25PM ET","end":"2026-06-05T19:25:00.000Z","upToken":"51539458516614706788446992021332929380105128829409376735829816399039996688452","downToken":"108773205709562399294676233471062830720656145657255153439791339108872472598419","orderMinSize":5,"tickSize":"0.01"}
[2026-06-05T19:20:01.863Z] INFO Skipped trade. {"slug":"eth-updown-5m-1780687200","reason":"missing_opening_chainlink_tick"}
[2026-06-05T19:20:01.863Z] INFO Tracking market. {"market":"DOGE","slug":"doge-updown-5m-1780687200","title":"Dogecoin Up or Down - June 5, 3:20PM-3:25PM ET","end":"2026-06-05T19:25:00.000Z","upToken":"74687443250434439984083967029237099615235053326018417319914556011171985510735","downToken":"81451918184104179476952536666287838160891955407446567011962118463165928682474","orderMinSize":5,"tickSize":"0.01"}
[2026-06-05T19:20:01.864Z] INFO Skipped trade. {"slug":"doge-updown-5m-1780687200","reason":"missing_opening_chainlink_tick"}
[2026-06-05T19:20:02.898Z] INFO Captured Chainlink opening tick. {"slug":"eth-updown-5m-1780687200","openingPrice":1544.751675229731,"tickTimestamp":"2026-06-05T19:20:00.000Z"}
[2026-06-05T19:20:02.904Z] INFO Skipped trade. {"slug":"eth-updown-5m-1780687200","reason":"btc_distance_below_threshold","market":"ETH","minDistanceUsd":{"UP":0.5,"DOWN":0.5},"openingPrice":1544.751675229731,"currentPrice":1545.0733817418366}
[2026-06-05T19:20:02.913Z] INFO Captured Chainlink opening tick. {"slug":"doge-updown-5m-1780687200","openingPrice":0.0792518,"tickTimestamp":"2026-06-05T19:20:00.000Z"}
[2026-06-05T19:20:02.916Z] INFO Skipped trade. {"slug":"doge-updown-5m-1780687200","reason":"btc_distance_below_threshold","market":"DOGE","minDistanceUsd":{"UP":0.0001,"DOWN":0.0001},"openingPrice":0.0792518,"currentPrice":0.0792567854167695}
[2026-06-05T19:24:29.321Z] INFO Skipped trade. {"slug":"btc-updown-5m-1780687200","reason":"no_ask_liquidity_under_cap","outcome":"UP"}
[2026-06-05T19:24:29.321Z] INFO Skipped trade. {"slug":"eth-updown-5m-1780687200","reason":"no_ask_liquidity_under_cap","outcome":"UP"}
[2026-06-05T19:24:29.321Z] INFO Skipped trade. {"slug":"doge-updown-5m-1780687200","reason":"no_ask_liquidity_under_cap","outcome":"UP"}
[2026-06-05T19:25:01.643Z] INFO Tracking market. {"market":"BTC","slug":"btc-updown-5m-1780687500","title":"Bitcoin Up or Down - June 5, 3:25PM-3:30PM ET","end":"2026-06-05T19:30:00.000Z","upToken":"74853156454154595739108586939129700585798098974261024074408821972149228543264","downToken":"80225190656262629438703835999006638344595490493515150762011515112818394523732","orderMinSize":5,"tickSize":"0.01"}
[2026-06-05T19:25:01.653Z] INFO Captured Chainlink opening tick. {"slug":"btc-updown-5m-1780687500","openingPrice":59565.52778104159,"tickTimestamp":"2026-06-05T19:25:00.000Z"}
[2026-06-05T19:25:01.662Z] INFO Skipped trade. {"slug":"btc-updown-5m-1780687500","reason":"btc_distance_below_threshold","market":"BTC","minDistanceUsd":{"UP":5,"DOWN":5},"openingPrice":59565.52778104159,"currentPrice":59565.52778104159}
[2026-06-05T19:25:01.662Z] INFO Tracking market. {"market":"ETH","slug":"eth-updown-5m-1780687500","title":"Ethereum Up or Down - June 5, 3:25PM-3:30PM ET","end":"2026-06-05T19:30:00.000Z","upToken":"42218939737375871372639188916702082548078137584876548683727555567931982852516","downToken":"46501490000360701508168069605574346453056721065854151869458968918652838769029","orderMinSize":5,"tickSize":"0.01"}
[2026-06-05T19:25:01.662Z] INFO Skipped trade. {"slug":"eth-updown-5m-1780687500","reason":"missing_opening_chainlink_tick"}
[2026-06-05T19:25:01.662Z] INFO Tracking market. {"market":"DOGE","slug":"doge-updown-5m-1780687500","title":"Dogecoin Up or Down - June 5, 3:25PM-3:30PM ET","end":"2026-06-05T19:30:00.000Z","upToken":"49460512825364311620280947296064924571600374453438267388863594668517900859908","downToken":"111735588352345028399549147619051524240024318370967019154127177083801278021292","orderMinSize":5,"tickSize":"0.01"}
[2026-06-05T19:25:01.663Z] INFO Skipped trade. {"slug":"doge-updown-5m-1780687500","reason":"missing_opening_chainlink_tick"}
[2026-06-05T19:25:03.697Z] INFO Captured Chainlink opening tick. {"slug":"eth-updown-5m-1780687500","openingPrice":1553.3800769499383,"tickTimestamp":"2026-06-05T19:25:00.000Z"}
[2026-06-05T19:25:03.709Z] INFO Captured Chainlink opening tick. {"slug":"doge-updown-5m-1780687500","openingPrice":0.0798391581020803,"tickTimestamp":"2026-06-05T19:25:00.000Z"}
[2026-06-05T19:25:03.713Z] INFO Skipped trade. {"slug":"doge-updown-5m-1780687500","reason":"btc_distance_below_threshold","market":"DOGE","minDistanceUsd":{"UP":0.0001,"DOWN":0.0001},"openingPrice":0.0798391581020803,"currentPrice":0.0798646}
[2026-06-05T19:25:53.864Z] INFO Skipped trade. {"slug":"eth-updown-5m-1780687500","reason":"btc_distance_below_threshold","market":"ETH","minDistanceUsd":{"UP":0.5,"DOWN":0.5},"openingPrice":1553.3800769499383,"currentPrice":1553.3151742547234}
[2026-06-05T19:29:28.942Z] INFO Skipped trade. {"slug":"btc-updown-5m-1780687500","reason":"no_ask_liquidity_under_cap","outcome":"UP"}
[2026-06-05T19:29:28.942Z] INFO Skipped trade. {"slug":"eth-updown-5m-1780687500","reason":"no_ask_liquidity_under_cap","outcome":"UP"}
[2026-06-05T19:29:28.942Z] INFO Skipped trade. {"slug":"doge-updown-5m-1780687500","reason":"no_ask_liquidity_under_cap","outcome":"UP"}
[2026-06-05T19:30:00.430Z] INFO Tracking market. {"market":"BTC","slug":"btc-updown-5m-1780687800","title":"Bitcoin Up or Down - June 5, 3:30PM-3:35PM ET","end":"2026-06-05T19:35:00.000Z","upToken":"59983381199483572393412364905717575041544789638634861050921417684665511708394","downToken":"2874940213258969702987514098945594475913713703561612467996788865182910608180","orderMinSize":5,"tickSize":"0.01"}
[2026-06-05T19:30:00.438Z] INFO Captured Chainlink opening tick. {"slug":"btc-updown-5m-1780687800","openingPrice":59818.10483071465,"tickTimestamp":"2026-06-05T19:30:00.000Z"}
[2026-06-05T19:30:00.444Z] INFO Skipped trade. {"slug":"btc-updown-5m-1780687800","reason":"btc_distance_below_threshold","market":"BTC","minDistanceUsd":{"UP":5,"DOWN":5},"openingPrice":59818.10483071465,"currentPrice":59818.10483071465}
[2026-06-05T19:30:00.444Z] INFO Tracking market. {"market":"ETH","slug":"eth-updown-5m-1780687800","title":"Ethereum Up or Down - June 5, 3:30PM-3:35PM ET","end":"2026-06-05T19:35:00.000Z","upToken":"102894290316361326719508620089023046858218373998636054224830902241079607297853","downToken":"89556869312673297149416564361605190837202739800312604732904900988871938511154","orderMinSize":5,"tickSize":"0.01"}
[2026-06-05T19:30:00.444Z] INFO Skipped trade. {"slug":"eth-updown-5m-1780687800","reason":"missing_opening_chainlink_tick"}
[2026-06-05T19:30:00.444Z] INFO Tracking market. {"market":"DOGE","slug":"doge-updown-5m-1780687800","title":"Dogecoin Up or Down - June 5, 3:30PM-3:35PM ET","end":"2026-06-05T19:35:00.000Z","upToken":"47294310678025652470950794266326830237816682391510064037288264014094267088138","downToken":"24703776680216832178180155249450494771014065347277258223039139408398105715517","orderMinSize":5,"tickSize":"0.01"}
[2026-06-05T19:30:00.444Z] INFO Skipped trade. {"slug":"doge-updown-5m-1780687800","reason":"missing_opening_chainlink_tick"}
[2026-06-05T19:30:04.494Z] INFO Captured Chainlink opening tick. {"slug":"eth-updown-5m-1780687800","openingPrice":1559.9333499895447,"tickTimestamp":"2026-06-05T19:30:00.000Z"}
[2026-06-05T19:30:04.499Z] INFO Skipped trade. {"slug":"eth-updown-5m-1780687800","reason":"btc_distance_below_threshold","market":"ETH","minDistanceUsd":{"UP":0.5,"DOWN":0.5},"openingPrice":1559.9333499895447,"currentPrice":1559.5892035851118}
[2026-06-05T19:30:04.508Z] INFO Captured Chainlink opening tick. {"slug":"doge-updown-5m-1780687800","openingPrice":0.0801618612437161,"tickTimestamp":"2026-06-05T19:30:00.000Z"}
[2026-06-05T19:30:04.512Z] INFO Skipped trade. {"slug":"doge-updown-5m-1780687800","reason":"btc_distance_below_threshold","market":"DOGE","minDistanceUsd":{"UP":0.0001,"DOWN":0.0001},"openingPrice":0.0801618612437161,"currentPrice":0.0801347263952696}
[2026-06-05T19:34:29.205Z] INFO Skipped trade. {"slug":"btc-updown-5m-1780687800","reason":"no_ask_liquidity_under_cap","outcome":"DOWN"}
[2026-06-05T19:34:29.205Z] INFO Skipped trade. {"slug":"eth-updown-5m-1780687800","reason":"no_ask_liquidity_under_cap","outcome":"DOWN"}
[2026-06-05T19:34:29.205Z] INFO Skipped trade. {"slug":"doge-updown-5m-1780687800","reason":"no_ask_liquidity_under_cap","outcome":"DOWN"}
[2026-06-05T19:35:01.727Z] INFO Tracking market. {"market":"BTC","slug":"btc-updown-5m-1780688100","title":"Bitcoin Up or Down - June 5, 3:35PM-3:40PM ET","end":"2026-06-05T19:40:00.000Z","upToken":"91245795412876843838791997451202309372326092448720530715147528134011647456568","downToken":"84674877976990852957757837212771110132963420263044285452667925884689997775587","orderMinSize":5,"tickSize":"0.01"}
[2026-06-05T19:35:01.740Z] INFO Captured Chainlink opening tick. {"slug":"btc-updown-5m-1780688100","openingPrice":59667.361734601174,"tickTimestamp":"2026-06-05T19:35:00.000Z"}
[2026-06-05T19:35:01.746Z] INFO Tracking market. {"market":"ETH","slug":"eth-updown-5m-1780688100","title":"Ethereum Up or Down - June 5, 3:35PM-3:40PM ET","end":"2026-06-05T19:40:00.000Z","upToken":"44324501943948557704492982907674597672039669209515034300509791617260123414254","downToken":"87428524702945573929385526293754435598649624046840885432408310403038450250003","orderMinSize":5,"tickSize":"0.01"}
[2026-06-05T19:35:01.746Z] INFO Skipped trade. {"slug":"eth-updown-5m-1780688100","reason":"missing_opening_chainlink_tick"}
[2026-06-05T19:35:01.746Z] INFO Tracking market. {"market":"DOGE","slug":"doge-updown-5m-1780688100","title":"Dogecoin Up or Down - June 5, 3:35PM-3:40PM ET","end":"2026-06-05T19:40:00.000Z","upToken":"65402865288443557227643834238158518748116287804213102727462090518364797597097","downToken":"55553054638385411154264455973435888044974369981816439889118007301379042812667","orderMinSize":5,"tickSize":"0.01"}
[2026-06-05T19:35:01.746Z] INFO Skipped trade. {"slug":"doge-updown-5m-1780688100","reason":"missing_opening_chainlink_tick"}
[2026-06-05T19:35:04.768Z] INFO Captured Chainlink opening tick. {"slug":"eth-updown-5m-1780688100","openingPrice":1550.2321872919317,"tickTimestamp":"2026-06-05T19:35:00.000Z"}
[2026-06-05T19:35:04.790Z] INFO Captured Chainlink opening tick. {"slug":"doge-updown-5m-1780688100","openingPrice":0.0799525,"tickTimestamp":"2026-06-05T19:35:00.000Z"}
[2026-06-05T19:35:04.797Z] INFO Skipped trade. {"slug":"doge-updown-5m-1780688100","reason":"btc_distance_below_threshold","market":"DOGE","minDistanceUsd":{"UP":0.0001,"DOWN":0.0001},"openingPrice":0.0799525,"currentPrice":0.079902}
[2026-06-05T19:35:14.445Z] INFO Skipped trade. {"slug":"eth-updown-5m-1780688100","reason":"btc_distance_below_threshold","market":"ETH","minDistanceUsd":{"UP":0.5,"DOWN":0.5},"openingPrice":1550.2321872919317,"currentPrice":1550.0487803255533}
[2026-06-05T19:35:19.822Z] INFO Skipped trade. {"slug":"btc-updown-5m-1780688100","reason":"btc_distance_below_threshold","market":"BTC","minDistanceUsd":{"UP":5,"DOWN":5},"openingPrice":59667.361734601174,"currentPrice":59666.373165}
[2026-06-05T19:38:02.298Z] INFO Skipped trade. {"slug":"eth-updown-5m-1780688100","reason":"stale_chainlink_tick","tickTimestamp":"2026-06-05T19:37:52.000Z"}
[2026-06-05T19:38:02.298Z] INFO Skipped trade. {"slug":"doge-updown-5m-1780688100","reason":"stale_chainlink_tick","tickTimestamp":"2026-06-05T19:37:52.000Z"}
[2026-06-05T19:39:29.197Z] INFO Skipped trade. {"slug":"btc-updown-5m-1780688100","reason":"no_ask_liquidity_under_cap","outcome":"UP"}
[2026-06-05T19:39:29.197Z] INFO Skipped trade. {"slug":"eth-updown-5m-1780688100","reason":"no_ask_liquidity_under_cap","outcome":"UP"}
[2026-06-05T19:40:01.987Z] INFO Tracking market. {"market":"BTC","slug":"btc-updown-5m-1780688400","title":"Bitcoin Up or Down - June 5, 3:40PM-3:45PM ET","end":"2026-06-05T19:45:00.000Z","upToken":"21711661885797560346034149378473497506545279310241052551178340080484427462570","downToken":"109139975733180297244642547024170872268781972801289111532672994081699828651808","orderMinSize":5,"tickSize":"0.01"}
[2026-06-05T19:40:01.998Z] INFO Captured Chainlink opening tick. {"slug":"btc-updown-5m-1780688400","openingPrice":59773.62954066959,"tickTimestamp":"2026-06-05T19:40:00.000Z"}
[2026-06-05T19:40:02.003Z] INFO Skipped trade. {"slug":"btc-updown-5m-1780688400","reason":"btc_distance_below_threshold","market":"BTC","minDistanceUsd":{"UP":5,"DOWN":5},"openingPrice":59773.62954066959,"currentPrice":59771.399306293555}
[2026-06-05T19:40:02.003Z] INFO Tracking market. {"market":"ETH","slug":"eth-updown-5m-1780688400","title":"Ethereum Up or Down - June 5, 3:40PM-3:45PM ET","end":"2026-06-05T19:45:00.000Z","upToken":"99540147316076856905886832199651382852988990202406579373202834033094486398748","downToken":"83350327080168362412488835531469500169462994934722942060847722718096322215743","orderMinSize":5,"tickSize":"0.01"}
[2026-06-05T19:40:02.011Z] INFO Captured Chainlink opening tick. {"slug":"eth-updown-5m-1780688400","openingPrice":1554.531975,"tickTimestamp":"2026-06-05T19:40:00.000Z"}
[2026-06-05T19:40:02.016Z] INFO Skipped trade. {"slug":"eth-updown-5m-1780688400","reason":"btc_distance_below_threshold","market":"ETH","minDistanceUsd":{"UP":0.5,"DOWN":0.5},"openingPrice":1554.531975,"currentPrice":1554.531975}
[2026-06-05T19:40:02.016Z] INFO Tracking market. {"market":"DOGE","slug":"doge-updown-5m-1780688400","title":"Dogecoin Up or Down - June 5, 3:40PM-3:45PM ET","end":"2026-06-05T19:45:00.000Z","upToken":"86474636868957928735163830155535541817429886090449598040122103128650609368176","downToken":"81250649983196630682241479615439719404370886862867961044649520174736148837110","orderMinSize":5,"tickSize":"0.01"}
[2026-06-05T19:40:02.025Z] INFO Captured Chainlink opening tick. {"slug":"doge-updown-5m-1780688400","openingPrice":0.080025,"tickTimestamp":"2026-06-05T19:40:00.000Z"}
[2026-06-05T19:40:02.028Z] INFO Skipped trade. {"slug":"doge-updown-5m-1780688400","reason":"btc_distance_below_threshold","market":"DOGE","minDistanceUsd":{"UP":0.0001,"DOWN":0.0001},"openingPrice":0.080025,"currentPrice":0.080025}
[2026-06-05T19:40:34.333Z] INFO Skipped trade. {"slug":"btc-updown-5m-1780688400","reason":"stale_chainlink_tick","tickTimestamp":"2026-06-05T19:40:19.000Z"}
[2026-06-05T19:40:34.333Z] INFO Skipped trade. {"slug":"eth-updown-5m-1780688400","reason":"stale_chainlink_tick","tickTimestamp":"2026-06-05T19:40:09.000Z"}
[2026-06-05T19:40:34.334Z] INFO Skipped trade. {"slug":"doge-updown-5m-1780688400","reason":"stale_chainlink_tick","tickTimestamp":"2026-06-05T19:40:09.000Z"}
[2026-06-05T19:46:19.150Z] INFO Tracking market. {"market":"BTC","slug":"btc-updown-5m-1780688700","title":"Bitcoin Up or Down - June 5, 3:45PM-3:50PM ET","end":"2026-06-05T19:50:00.000Z","upToken":"24064231206176917362108341204582316955243268893088617336749855624135414155209","downToken":"8075273154075694979088100376102860054286652628976462167978910891739870410860","orderMinSize":5,"tickSize":"0.01"}
[2026-06-05T19:46:19.176Z] INFO Captured Chainlink opening tick. {"slug":"btc-updown-5m-1780688700","openingPrice":59710.72823969853,"tickTimestamp":"2026-06-05T19:45:00.000Z"}
[2026-06-05T19:46:19.184Z] INFO Tracking market. {"market":"ETH","slug":"eth-updown-5m-1780688700","title":"Ethereum Up or Down - June 5, 3:45PM-3:50PM ET","end":"2026-06-05T19:50:00.000Z","upToken":"94704517230959360915048119826707422678897866079182140730101023689413434264216","downToken":"98891589100368298844013661877582212424372283258524538478661028696013413687773","orderMinSize":5,"tickSize":"0.01"}
[2026-06-05T19:46:19.200Z] INFO Captured Chainlink opening tick. {"slug":"eth-updown-5m-1780688700","openingPrice":1552.2304699873287,"tickTimestamp":"2026-06-05T19:45:00.000Z"}
[2026-06-05T19:46:19.205Z] INFO Tracking market. {"market":"DOGE","slug":"doge-updown-5m-1780688700","title":"Dogecoin Up or Down - June 5, 3:45PM-3:50PM ET","end":"2026-06-05T19:50:00.000Z","upToken":"107189808110556676085577703283816513445744307306499182791771293848324845142648","downToken":"102572419537919926989162213010490321662158266583487475191303156333673559041909","orderMinSize":5,"tickSize":"0.01"}
[2026-06-05T19:46:19.218Z] INFO Captured Chainlink opening tick. {"slug":"doge-updown-5m-1780688700","openingPrice":0.0801548,"tickTimestamp":"2026-06-05T19:45:00.000Z"}
[2026-06-05T19:49:29.530Z] INFO Skipped trade. {"slug":"btc-updown-5m-1780688700","reason":"no_ask_liquidity_under_cap","outcome":"UP"}
[2026-06-05T19:49:29.530Z] INFO Skipped trade. {"slug":"eth-updown-5m-1780688700","reason":"no_ask_liquidity_under_cap","outcome":"UP"}
[2026-06-05T19:49:29.530Z] INFO Skipped trade. {"slug":"doge-updown-5m-1780688700","reason":"no_ask_liquidity_under_cap","outcome":"UP"}
[2026-06-05T19:50:01.122Z] INFO Tracking market. {"market":"BTC","slug":"btc-updown-5m-1780689000","title":"Bitcoin Up or Down - June 5, 3:50PM-3:55PM ET","end":"2026-06-05T19:55:00.000Z","upToken":"112797930842606443369972037846802340999539088208322504276269160265730396693438","downToken":"101387838632540280731356916213028141668397205978107209460423534807069822432229","orderMinSize":5,"tickSize":"0.01"}
[2026-06-05T19:50:01.147Z] INFO Captured Chainlink opening tick. {"slug":"btc-updown-5m-1780689000","openingPrice":60181.27129042508,"tickTimestamp":"2026-06-05T19:50:00.000Z"}
[2026-06-05T19:50:01.164Z] INFO Skipped trade. {"slug":"btc-updown-5m-1780689000","reason":"btc_distance_below_threshold","market":"BTC","minDistanceUsd":{"UP":5,"DOWN":5},"openingPrice":60181.27129042508,"currentPrice":60181.27129042508}
[2026-06-05T19:50:01.164Z] INFO Tracking market. {"market":"ETH","slug":"eth-updown-5m-1780689000","title":"Ethereum Up or Down - June 5, 3:50PM-3:55PM ET","end":"2026-06-05T19:55:00.000Z","upToken":"9346200766416682422157968784281261807428926592092336642619912209810347363058","downToken":"95529461258613841256586160004287512349041435296846687364076256964740379737104","orderMinSize":5,"tickSize":"0.01"}
[2026-06-05T19:50:01.188Z] INFO Captured Chainlink opening tick. {"slug":"eth-updown-5m-1780689000","openingPrice":1573.3290953722667,"tickTimestamp":"2026-06-05T19:50:00.000Z"}
[2026-06-05T19:50:01.202Z] INFO Skipped trade. {"slug":"eth-updown-5m-1780689000","reason":"btc_distance_below_threshold","market":"ETH","minDistanceUsd":{"UP":0.5,"DOWN":0.5},"openingPrice":1573.3290953722667,"currentPrice":1573.3290953722667}
[2026-06-05T19:50:01.202Z] INFO Tracking market. {"market":"DOGE","slug":"doge-updown-5m-1780689000","title":"Dogecoin Up or Down - June 5, 3:50PM-3:55PM ET","end":"2026-06-05T19:55:00.000Z","upToken":"110532733225985053520953116304156735688669237459434874442331789430206265293939","downToken":"97385222268665429553074113009610625598175005265784958529381478287413615564202","orderMinSize":5,"tickSize":"0.01"}
[2026-06-05T19:50:01.227Z] INFO Captured Chainlink opening tick. {"slug":"doge-updown-5m-1780689000","openingPrice":0.081392701,"tickTimestamp":"2026-06-05T19:50:00.000Z"}
[2026-06-05T19:50:01.236Z] INFO Skipped trade. {"slug":"doge-updown-5m-1780689000","reason":"btc_distance_below_threshold","market":"DOGE","minDistanceUsd":{"UP":0.0001,"DOWN":0.0001},"openingPrice":0.081392701,"currentPrice":0.081392701}
[2026-06-05T19:54:28.944Z] INFO Skipped trade. {"slug":"btc-updown-5m-1780689000","reason":"no_ask_liquidity_under_cap","outcome":"DOWN"}
[2026-06-05T19:54:28.946Z] INFO Skipped trade. {"slug":"eth-updown-5m-1780689000","reason":"no_ask_liquidity_under_cap","outcome":"DOWN"}
[2026-06-05T19:54:28.946Z] INFO Skipped trade. {"slug":"doge-updown-5m-1780689000","reason":"no_ask_liquidity_under_cap","outcome":"DOWN"}
[2026-06-05T19:54:31.012Z] INFO Trade attempt recorded. {"mode":"sim","slug":"btc-updown-5m-1780689000","outcome":"DOWN","amountUsd":5,"bestAsk":0.55,"estimatedShares":9.09090909090909}
[2026-06-05T19:54:32.269Z] INFO Skipped trade. {"slug":"btc-updown-5m-1780689000","reason":"market_already_traded"}
[2026-06-05T19:55:00.162Z] INFO Tracking market. {"market":"BTC","slug":"btc-updown-5m-1780689300","title":"Bitcoin Up or Down - June 5, 3:55PM-4:00PM ET","end":"2026-06-05T20:00:00.000Z","upToken":"28961039687484832755199649500594946693564619116697348256325102825818853322796","downToken":"42110149321494713806478448637327598493365338485113682881058466131408037849396","orderMinSize":5,"tickSize":"0.01"}
[2026-06-05T19:55:00.162Z] INFO Skipped trade. {"slug":"btc-updown-5m-1780689300","reason":"missing_opening_chainlink_tick"}
[2026-06-05T19:55:00.163Z] INFO Tracking market. {"market":"ETH","slug":"eth-updown-5m-1780689300","title":"Ethereum Up or Down - June 5, 3:55PM-4:00PM ET","end":"2026-06-05T20:00:00.000Z","upToken":"103879777467845596525439146034430712953723281998403379777688879951233292183371","downToken":"19430704924695925151815608604841078373240191128712985804135074505757127107666","orderMinSize":5,"tickSize":"0.01"}
[2026-06-05T19:55:00.163Z] INFO Skipped trade. {"slug":"eth-updown-5m-1780689300","reason":"missing_opening_chainlink_tick"}
[2026-06-05T19:55:00.163Z] INFO Tracking market. {"market":"DOGE","slug":"doge-updown-5m-1780689300","title":"Dogecoin Up or Down - June 5, 3:55PM-4:00PM ET","end":"2026-06-05T20:00:00.000Z","upToken":"64604098764070398769085342597934347337742888376204231912670301140395713054529","downToken":"82293945969192504518818759932001774626488168496756310023141354044240584730511","orderMinSize":5,"tickSize":"0.01"}
[2026-06-05T19:55:00.163Z] INFO Skipped trade. {"slug":"doge-updown-5m-1780689300","reason":"missing_opening_chainlink_tick"}
[2026-06-05T19:55:01.213Z] INFO Resolved trade. {"mode":"sim","slug":"btc-updown-5m-1780689000","outcome":"DOWN","winningOutcome":"UP","won":false,"finalPrice":60184.25954297675}
[2026-06-05T19:55:01.264Z] INFO Captured Chainlink opening tick. {"slug":"btc-updown-5m-1780689300","openingPrice":60189.13012892037,"tickTimestamp":"2026-06-05T19:55:00.000Z"}
[2026-06-05T19:55:01.268Z] INFO Skipped trade. {"slug":"btc-updown-5m-1780689300","reason":"btc_distance_below_threshold","market":"BTC","minDistanceUsd":{"UP":5,"DOWN":5},"openingPrice":60189.13012892037,"currentPrice":60184.25954297675}
[2026-06-05T19:55:01.277Z] INFO Captured Chainlink opening tick. {"slug":"eth-updown-5m-1780689300","openingPrice":1571.0954679918132,"tickTimestamp":"2026-06-05T19:55:00.000Z"}
[2026-06-05T19:55:01.283Z] INFO Skipped trade. {"slug":"eth-updown-5m-1780689300","reason":"btc_distance_below_threshold","market":"ETH","minDistanceUsd":{"UP":0.5,"DOWN":0.5},"openingPrice":1571.0954679918132,"currentPrice":1571.010986560463}
[2026-06-05T19:55:01.289Z] INFO Captured Chainlink opening tick. {"slug":"doge-updown-5m-1780689300","openingPrice":0.0812715982536665,"tickTimestamp":"2026-06-05T19:55:00.000Z"}
[2026-06-05T19:55:01.294Z] INFO Skipped trade. {"slug":"doge-updown-5m-1780689300","reason":"btc_distance_below_threshold","market":"DOGE","minDistanceUsd":{"UP":0.0001,"DOWN":0.0001},"openingPrice":0.0812715982536665,"currentPrice":0.0812527735728764}
[2026-06-05T19:59:29.883Z] INFO Skipped trade. {"slug":"btc-updown-5m-1780689300","reason":"no_ask_liquidity_under_cap","outcome":"UP"}
[2026-06-05T19:59:29.883Z] INFO Skipped trade. {"slug":"eth-updown-5m-1780689300","reason":"no_ask_liquidity_under_cap","outcome":"UP"}
[2026-06-05T19:59:29.884Z] INFO Skipped trade. {"slug":"doge-updown-5m-1780689300","reason":"no_ask_liquidity_under_cap","outcome":"DOWN"}
[2026-06-05T20:00:01.771Z] INFO Tracking market. {"market":"BTC","slug":"btc-updown-5m-1780689600","title":"Bitcoin Up or Down - June 5, 4:00PM-4:05PM ET","end":"2026-06-05T20:05:00.000Z","upToken":"63208450591995149330014461697825273562185909633565634351191299178762297479905","downToken":"52062419649593307134679824149188083403522359678050871492550863587705655799692","orderMinSize":5,"tickSize":"0.01"}
[2026-06-05T20:00:01.790Z] INFO Captured Chainlink opening tick. {"slug":"btc-updown-5m-1780689600","openingPrice":60277.32125053512,"tickTimestamp":"2026-06-05T20:00:00.000Z"}
[2026-06-05T20:00:01.799Z] INFO Skipped trade. {"slug":"btc-updown-5m-1780689600","reason":"btc_distance_below_threshold","market":"BTC","minDistanceUsd":{"UP":5,"DOWN":5},"openingPrice":60277.32125053512,"currentPrice":60273.56024432431}
[2026-06-05T20:00:01.799Z] INFO Tracking market. {"market":"ETH","slug":"eth-updown-5m-1780689600","title":"Ethereum Up or Down - June 5, 4:00PM-4:05PM ET","end":"2026-06-05T20:05:00.000Z","upToken":"13248393361748226716202536968623199383777840829844495908227424692469074308416","downToken":"10428186001411845220072291961139285554107610268338956150205302107756441255230","orderMinSize":5,"tickSize":"0.01"}
[2026-06-05T20:00:01.825Z] INFO Captured Chainlink opening tick. {"slug":"eth-updown-5m-1780689600","openingPrice":1573.4150197292881,"tickTimestamp":"2026-06-05T20:00:00.000Z"}
[2026-06-05T20:00:01.838Z] INFO Skipped trade. {"slug":"eth-updown-5m-1780689600","reason":"btc_distance_below_threshold","market":"ETH","minDistanceUsd":{"UP":0.5,"DOWN":0.5},"openingPrice":1573.4150197292881,"currentPrice":1573.3627498669578}
[2026-06-05T20:00:01.838Z] INFO Tracking market. {"market":"DOGE","slug":"doge-updown-5m-1780689600","title":"Dogecoin Up or Down - June 5, 4:00PM-4:05PM ET","end":"2026-06-05T20:05:00.000Z","upToken":"54828288865638400661146457992206701919573481269801137825113043163696914455294","downToken":"63420591730611345323086862224602957250211689625694380350311106465639285958019","orderMinSize":5,"tickSize":"0.01"}
[2026-06-05T20:00:01.856Z] INFO Captured Chainlink opening tick. {"slug":"doge-updown-5m-1780689600","openingPrice":0.0809882749278985,"tickTimestamp":"2026-06-05T20:00:00.000Z"}
[2026-06-05T20:00:01.865Z] INFO Skipped trade. {"slug":"doge-updown-5m-1780689600","reason":"btc_distance_below_threshold","market":"DOGE","minDistanceUsd":{"UP":0.0001,"DOWN":0.0001},"openingPrice":0.0809882749278985,"currentPrice":0.0809884}
[2026-06-05T20:03:32.854Z] WARN Bot loop iteration failed; retrying. {"error":"fetch failed"}
[2026-06-05T20:04:29.246Z] INFO Skipped trade. {"slug":"btc-updown-5m-1780689600","reason":"no_ask_liquidity_under_cap","outcome":"DOWN"}
[2026-06-05T20:04:29.246Z] INFO Skipped trade. {"slug":"eth-updown-5m-1780689600","reason":"no_ask_liquidity_under_cap","outcome":"DOWN"}
[2026-06-05T20:04:29.246Z] INFO Skipped trade. {"slug":"doge-updown-5m-1780689600","reason":"no_ask_liquidity_under_cap","outcome":"DOWN"}
[2026-06-05T20:05:01.344Z] INFO Tracking market. {"market":"BTC","slug":"btc-updown-5m-1780689900","title":"Bitcoin Up or Down - June 5, 4:05PM-4:10PM ET","end":"2026-06-05T20:10:00.000Z","upToken":"24944030449516622323420458645830424536143345697937096124320955323861959063831","downToken":"108152729473021904857150660858370874589737474844734181975692619669630037313367","orderMinSize":5,"tickSize":"0.01"}
[2026-06-05T20:05:01.351Z] INFO Captured Chainlink opening tick. {"slug":"btc-updown-5m-1780689900","openingPrice":60041.51703472078,"tickTimestamp":"2026-06-05T20:05:00.000Z"}
[2026-06-05T20:05:01.355Z] INFO Skipped trade. {"slug":"btc-updown-5m-1780689900","reason":"btc_distance_below_threshold","market":"BTC","minDistanceUsd":{"UP":5,"DOWN":5},"openingPrice":60041.51703472078,"currentPrice":60041.50109116433}
[2026-06-05T20:05:01.355Z] INFO Tracking market. {"market":"ETH","slug":"eth-updown-5m-1780689900","title":"Ethereum Up or Down - June 5, 4:05PM-4:10PM ET","end":"2026-06-05T20:10:00.000Z","upToken":"22406228186646389948538383947707881093614623273179737077916370663620612223075","downToken":"64618644745547762255599825982355928711055505312947469211856788216136858777574","orderMinSize":5,"tickSize":"0.01"}
[2026-06-05T20:05:01.355Z] INFO Skipped trade. {"slug":"eth-updown-5m-1780689900","reason":"missing_opening_chainlink_tick"}
[2026-06-05T20:05:01.355Z] INFO Tracking market. {"market":"DOGE","slug":"doge-updown-5m-1780689900","title":"Dogecoin Up or Down - June 5, 4:05PM-4:10PM ET","end":"2026-06-05T20:10:00.000Z","upToken":"26422232755875333475286734835802151935164079250918616786166377627935228279332","downToken":"34893206512315599548602359193934969103516435143323044716789988776149924225531","orderMinSize":5,"tickSize":"0.01"}
[2026-06-05T20:05:01.355Z] INFO Skipped trade. {"slug":"doge-updown-5m-1780689900","reason":"missing_opening_chainlink_tick"}
[2026-06-05T20:05:02.392Z] INFO Captured Chainlink opening tick. {"slug":"eth-updown-5m-1780689900","openingPrice":1559.8167398911894,"tickTimestamp":"2026-06-05T20:05:00.000Z"}
[2026-06-05T20:05:02.399Z] INFO Skipped trade. {"slug":"eth-updown-5m-1780689900","reason":"btc_distance_below_threshold","market":"ETH","minDistanceUsd":{"UP":0.5,"DOWN":0.5},"openingPrice":1559.8167398911894,"currentPrice":1559.961678174231}
[2026-06-05T20:05:02.416Z] INFO Captured Chainlink opening tick. {"slug":"doge-updown-5m-1780689900","openingPrice":0.0803772,"tickTimestamp":"2026-06-05T20:05:00.000Z"}
[2026-06-05T20:05:02.421Z] INFO Skipped trade. {"slug":"doge-updown-5m-1780689900","reason":"btc_distance_below_threshold","market":"DOGE","minDistanceUsd":{"UP":0.0001,"DOWN":0.0001},"openingPrice":0.0803772,"currentPrice":0.080372712}
[2026-06-05T20:08:32.153Z] WARN Bot loop iteration failed; retrying. {"error":"fetch failed"}
[2026-06-05T20:09:29.735Z] INFO Skipped trade. {"slug":"btc-updown-5m-1780689900","reason":"no_ask_liquidity_under_cap","outcome":"UP"}
[2026-06-05T20:09:29.735Z] INFO Skipped trade. {"slug":"eth-updown-5m-1780689900","reason":"no_ask_liquidity_under_cap","outcome":"UP"}
[2026-06-05T20:09:29.735Z] INFO Skipped trade. {"slug":"doge-updown-5m-1780689900","reason":"no_ask_liquidity_under_cap","outcome":"UP"}
[2026-06-05T20:11:49.304Z] INFO Tracking market. {"market":"BTC","slug":"btc-updown-5m-1780690200","title":"Bitcoin Up or Down - June 5, 4:10PM-4:15PM ET","end":"2026-06-05T20:15:00.000Z","upToken":"23217741980853613955472162912578835730534177585738835180974231027643876322406","downToken":"60253257224302936568069749132658660616471844258501767503993349359712913409852","orderMinSize":5,"tickSize":"0.01"}
[2026-06-05T20:11:49.314Z] INFO Captured Chainlink opening tick. {"slug":"btc-updown-5m-1780690200","openingPrice":60860.66633330629,"tickTimestamp":"2026-06-05T20:10:00.000Z"}
[2026-06-05T20:11:49.318Z] INFO Tracking market. {"market":"ETH","slug":"eth-updown-5m-1780690200","title":"Ethereum Up or Down - June 5, 4:10PM-4:15PM ET","end":"2026-06-05T20:15:00.000Z","upToken":"93752787741979163891726541037386645205791576706779290884825569360990893226457","downToken":"99690644429249591932653847081245132461822267502335177549898590087677890803054","orderMinSize":5,"tickSize":"0.01"}
[2026-06-05T20:11:49.329Z] INFO Captured Chainlink opening tick. {"slug":"eth-updown-5m-1780690200","openingPrice":1586.26829,"tickTimestamp":"2026-06-05T20:10:00.000Z"}
[2026-06-05T20:11:49.333Z] INFO Tracking market. {"market":"DOGE","slug":"doge-updown-5m-1780690200","title":"Dogecoin Up or Down - June 5, 4:10PM-4:15PM ET","end":"2026-06-05T20:15:00.000Z","upToken":"29390774540204493493327281998185363617500043071544221160109891479098112865898","downToken":"42059216232671900592738161203074509268346100214921315979505245994963535223181","orderMinSize":5,"tickSize":"0.01"}
[2026-06-05T20:11:49.343Z] INFO Captured Chainlink opening tick. {"slug":"doge-updown-5m-1780690200","openingPrice":0.081566257112242,"tickTimestamp":"2026-06-05T20:10:00.000Z"}
[2026-06-05T20:14:30.121Z] INFO Skipped trade. {"slug":"btc-updown-5m-1780690200","reason":"no_ask_liquidity_under_cap","outcome":"DOWN"}
[2026-06-05T20:14:30.121Z] INFO Skipped trade. {"slug":"eth-updown-5m-1780690200","reason":"no_ask_liquidity_under_cap","outcome":"DOWN"}
[2026-06-05T20:14:30.121Z] INFO Skipped trade. {"slug":"doge-updown-5m-1780690200","reason":"no_ask_liquidity_under_cap","outcome":"DOWN"}
[2026-06-05T20:15:00.392Z] INFO Tracking market. {"market":"BTC","slug":"btc-updown-5m-1780690500","title":"Bitcoin Up or Down - June 5, 4:15PM-4:20PM ET","end":"2026-06-05T20:20:00.000Z","upToken":"80162730622067283491099312218233669911067661495989740132563788028722384620750","downToken":"90979474528105015784082144522653002221363124181688798966409661464233093599298","orderMinSize":5,"tickSize":"0.01"}
[2026-06-05T20:15:00.407Z] INFO Captured Chainlink opening tick. {"slug":"btc-updown-5m-1780690500","openingPrice":60817.40372802937,"tickTimestamp":"2026-06-05T20:15:00.000Z"}
[2026-06-05T20:15:00.414Z] INFO Skipped trade. {"slug":"btc-updown-5m-1780690500","reason":"btc_distance_below_threshold","market":"BTC","minDistanceUsd":{"UP":5,"DOWN":5},"openingPrice":60817.40372802937,"currentPrice":60817.40372802937}
[2026-06-05T20:15:00.415Z] INFO Tracking market. {"market":"ETH","slug":"eth-updown-5m-1780690500","title":"Ethereum Up or Down - June 5, 4:15PM-4:20PM ET","end":"2026-06-05T20:20:00.000Z","upToken":"110600696966195120180612339865900836275104455546879639679846096651039629762836","downToken":"93247628719486134072077857457115352380138677844471559072301355508433240113755","orderMinSize":5,"tickSize":"0.01"}
[2026-06-05T20:15:00.415Z] INFO Skipped trade. {"slug":"eth-updown-5m-1780690500","reason":"missing_opening_chainlink_tick"}
[2026-06-05T20:15:00.415Z] INFO Tracking market. {"market":"DOGE","slug":"doge-updown-5m-1780690500","title":"Dogecoin Up or Down - June 5, 4:15PM-4:20PM ET","end":"2026-06-05T20:20:00.000Z","upToken":"2371724502799814615858963366788256253863134785580636319481185132339767530743","downToken":"25614416263161849134221951818788927379260398180205830737795765758491690831107","orderMinSize":5,"tickSize":"0.01"}
[2026-06-05T20:15:00.415Z] INFO Skipped trade. {"slug":"doge-updown-5m-1780690500","reason":"missing_opening_chainlink_tick"}
[2026-06-05T20:15:03.475Z] INFO Captured Chainlink opening tick. {"slug":"eth-updown-5m-1780690500","openingPrice":1582.9845287930152,"tickTimestamp":"2026-06-05T20:15:00.000Z"}
[2026-06-05T20:15:03.483Z] INFO Skipped trade. {"slug":"eth-updown-5m-1780690500","reason":"btc_distance_below_threshold","market":"ETH","minDistanceUsd":{"UP":0.5,"DOWN":0.5},"openingPrice":1582.9845287930152,"currentPrice":1583.4686617628922}
[2026-06-05T20:15:03.513Z] INFO Captured Chainlink opening tick. {"slug":"doge-updown-5m-1780690500","openingPrice":0.0814129622886607,"tickTimestamp":"2026-06-05T20:15:00.000Z"}
[2026-06-05T20:15:03.525Z] INFO Skipped trade. {"slug":"doge-updown-5m-1780690500","reason":"btc_distance_below_threshold","market":"DOGE","minDistanceUsd":{"UP":0.0001,"DOWN":0.0001},"openingPrice":0.0814129622886607,"currentPrice":0.0814543}
[2026-06-05T20:19:29.343Z] INFO Skipped trade. {"slug":"btc-updown-5m-1780690500","reason":"no_ask_liquidity_under_cap","outcome":"UP"}
[2026-06-05T20:19:29.343Z] INFO Skipped trade. {"slug":"eth-updown-5m-1780690500","reason":"no_ask_liquidity_under_cap","outcome":"UP"}
[2026-06-05T20:19:29.343Z] INFO Skipped trade. {"slug":"doge-updown-5m-1780690500","reason":"no_ask_liquidity_under_cap","outcome":"UP"}
[2026-06-05T20:20:01.700Z] INFO Tracking market. {"market":"BTC","slug":"btc-updown-5m-1780690800","title":"Bitcoin Up or Down - June 5, 4:20PM-4:25PM ET","end":"2026-06-05T20:25:00.000Z","upToken":"40617565274170718230930502033472079595119808373898691628628603019616117893294","downToken":"61319596296697234118015141965466143041265494989113351781867426637599216327269","orderMinSize":5,"tickSize":"0.01"}
[2026-06-05T20:20:01.710Z] INFO Captured Chainlink opening tick. {"slug":"btc-updown-5m-1780690800","openingPrice":60934.38444195201,"tickTimestamp":"2026-06-05T20:20:00.000Z"}
[2026-06-05T20:20:01.716Z] INFO Skipped trade. {"slug":"btc-updown-5m-1780690800","reason":"btc_distance_below_threshold","market":"BTC","minDistanceUsd":{"UP":5,"DOWN":5},"openingPrice":60934.38444195201,"currentPrice":60934.09982069194}
[2026-06-05T20:20:01.716Z] INFO Tracking market. {"market":"ETH","slug":"eth-updown-5m-1780690800","title":"Ethereum Up or Down - June 5, 4:20PM-4:25PM ET","end":"2026-06-05T20:25:00.000Z","upToken":"58410383796227014403811745988862010673566097301412173205744830507567350756588","downToken":"88019246028185753477659135488308432444838910477215629630869664041655897639779","orderMinSize":5,"tickSize":"0.01"}
[2026-06-05T20:20:01.717Z] INFO Skipped trade. {"slug":"eth-updown-5m-1780690800","reason":"missing_opening_chainlink_tick"}
[2026-06-05T20:20:01.717Z] INFO Tracking market. {"market":"DOGE","slug":"doge-updown-5m-1780690800","title":"Dogecoin Up or Down - June 5, 4:20PM-4:25PM ET","end":"2026-06-05T20:25:00.000Z","upToken":"107872790372076062326972557555606378303448014592451231246316080902094627976434","downToken":"98976269213129448850523041183536685321163416477508685029747020893489677620744","orderMinSize":5,"tickSize":"0.01"}
[2026-06-05T20:20:01.717Z] INFO Skipped trade. {"slug":"doge-updown-5m-1780690800","reason":"missing_opening_chainlink_tick"}
[2026-06-05T20:20:03.756Z] INFO Captured Chainlink opening tick. {"slug":"eth-updown-5m-1780690800","openingPrice":1594.30739,"tickTimestamp":"2026-06-05T20:20:00.000Z"}
[2026-06-05T20:20:03.772Z] INFO Captured Chainlink opening tick. {"slug":"doge-updown-5m-1780690800","openingPrice":0.0817129284351703,"tickTimestamp":"2026-06-05T20:20:00.000Z"}
[2026-06-05T20:20:03.777Z] INFO Skipped trade. {"slug":"doge-updown-5m-1780690800","reason":"btc_distance_below_threshold","market":"DOGE","minDistanceUsd":{"UP":0.0001,"DOWN":0.0001},"openingPrice":0.0817129284351703,"currentPrice":0.0817099}
[2026-06-05T20:20:08.860Z] INFO Skipped trade. {"slug":"eth-updown-5m-1780690800","reason":"btc_distance_below_threshold","market":"ETH","minDistanceUsd":{"UP":0.5,"DOWN":0.5},"openingPrice":1594.30739,"currentPrice":1594.1162519134239}
[2026-06-05T20:24:29.180Z] INFO Skipped trade. {"slug":"btc-updown-5m-1780690800","reason":"no_ask_liquidity_under_cap","outcome":"DOWN"}
[2026-06-05T20:24:29.180Z] INFO Skipped trade. {"slug":"eth-updown-5m-1780690800","reason":"no_ask_liquidity_under_cap","outcome":"UP"}
[2026-06-05T20:24:29.180Z] INFO Skipped trade. {"slug":"doge-updown-5m-1780690800","reason":"no_ask_liquidity_under_cap","outcome":"UP"}
[2026-06-05T20:24:34.432Z] INFO Trade attempt recorded. {"mode":"sim","slug":"eth-updown-5m-1780690800","outcome":"UP","amountUsd":5,"bestAsk":0.6,"estimatedShares":8.333333333333334}
[2026-06-05T20:24:35.964Z] INFO Skipped trade. {"slug":"eth-updown-5m-1780690800","reason":"market_already_traded"}
[2026-06-05T20:25:01.682Z] INFO Tracking market. {"market":"BTC","slug":"btc-updown-5m-1780691100","title":"Bitcoin Up or Down - June 5, 4:25PM-4:30PM ET","end":"2026-06-05T20:30:00.000Z","upToken":"45618773901856234643082200175260447818281353999489756816837098692356231055932","downToken":"67970499393393690715830296233263278016961841418317534319759051014797167957980","orderMinSize":5,"tickSize":"0.01"}
[2026-06-05T20:25:01.693Z] INFO Captured Chainlink opening tick. {"slug":"btc-updown-5m-1780691100","openingPrice":60859.194714994665,"tickTimestamp":"2026-06-05T20:25:00.000Z"}
[2026-06-05T20:25:01.697Z] INFO Tracking market. {"market":"ETH","slug":"eth-updown-5m-1780691100","title":"Ethereum Up or Down - June 5, 4:25PM-4:30PM ET","end":"2026-06-05T20:30:00.000Z","upToken":"2629470363236195830204520662928990718100052777742759683584293740220777939674","downToken":"114686371314823432409682695642467882307260754466769185509586785790696980160230","orderMinSize":5,"tickSize":"0.01"}
[2026-06-05T20:25:01.698Z] INFO Skipped trade. {"slug":"eth-updown-5m-1780691100","reason":"missing_opening_chainlink_tick"}
[2026-06-05T20:25:01.698Z] INFO Tracking market. {"market":"DOGE","slug":"doge-updown-5m-1780691100","title":"Dogecoin Up or Down - June 5, 4:25PM-4:30PM ET","end":"2026-06-05T20:30:00.000Z","upToken":"63092953667804444598245838184419924234776633407800146051138775581469160110409","downToken":"67116534419666545276981026156674024131834299052744699987528301428104649420062","orderMinSize":5,"tickSize":"0.01"}
[2026-06-05T20:25:01.698Z] INFO Skipped trade. {"slug":"doge-updown-5m-1780691100","reason":"missing_opening_chainlink_tick"}
[2026-06-05T20:25:02.703Z] INFO Skipped trade. {"slug":"btc-updown-5m-1780691100","reason":"btc_distance_below_threshold","market":"BTC","minDistanceUsd":{"UP":5,"DOWN":5},"openingPrice":60859.194714994665,"currentPrice":60861.193758124995}
[2026-06-05T20:25:03.765Z] INFO Resolved trade. {"mode":"sim","slug":"eth-updown-5m-1780690800","outcome":"UP","winningOutcome":"UP","won":true,"finalPrice":1594.9166684501088}
[2026-06-05T20:25:03.843Z] INFO Captured Chainlink opening tick. {"slug":"eth-updown-5m-1780691100","openingPrice":1595.1844970442344,"tickTimestamp":"2026-06-05T20:25:00.000Z"}
[2026-06-05T20:25:03.853Z] INFO Skipped trade. {"slug":"eth-updown-5m-1780691100","reason":"btc_distance_below_threshold","market":"ETH","minDistanceUsd":{"UP":0.5,"DOWN":0.5},"openingPrice":1595.1844970442344,"currentPrice":1594.9166684501088}
[2026-06-05T20:25:03.884Z] INFO Captured Chainlink opening tick. {"slug":"doge-updown-5m-1780691100","openingPrice":0.0819556,"tickTimestamp":"2026-06-05T20:25:00.000Z"}
[2026-06-05T20:25:03.895Z] INFO Skipped trade. {"slug":"doge-updown-5m-1780691100","reason":"btc_distance_below_threshold","market":"DOGE","minDistanceUsd":{"UP":0.0001,"DOWN":0.0001},"openingPrice":0.0819556,"currentPrice":0.0819391}
[2026-06-05T20:29:28.701Z] INFO Skipped trade. {"slug":"btc-updown-5m-1780691100","reason":"no_ask_liquidity_under_cap","outcome":"UP"}
[2026-06-05T20:29:28.701Z] INFO Skipped trade. {"slug":"doge-updown-5m-1780691100","reason":"no_ask_liquidity_under_cap","outcome":"DOWN"}
[2026-06-05T20:30:01.383Z] INFO Tracking market. {"market":"BTC","slug":"btc-updown-5m-1780691400","title":"Bitcoin Up or Down - June 5, 4:30PM-4:35PM ET","end":"2026-06-05T20:35:00.000Z","upToken":"13230759719868917326893611640420104472431268378953852214178789381912360787559","downToken":"31280121096290119270664687479838559524127814361198962900907762019035939799781","orderMinSize":5,"tickSize":"0.01"}
[2026-06-05T20:30:01.391Z] INFO Captured Chainlink opening tick. {"slug":"btc-updown-5m-1780691400","openingPrice":60921.26435273838,"tickTimestamp":"2026-06-05T20:30:00.000Z"}
[2026-06-05T20:30:01.396Z] INFO Skipped trade. {"slug":"btc-updown-5m-1780691400","reason":"btc_distance_below_threshold","market":"BTC","minDistanceUsd":{"UP":5,"DOWN":5},"openingPrice":60921.26435273838,"currentPrice":60922.44058802034}
[2026-06-05T20:30:01.396Z] INFO Tracking market. {"market":"ETH","slug":"eth-updown-5m-1780691400","title":"Ethereum Up or Down - June 5, 4:30PM-4:35PM ET","end":"2026-06-05T20:35:00.000Z","upToken":"25914731525413480599710144508419941401325069062412958221078736697353453781291","downToken":"52810432934625693680107075666664236205885752021960208434070204125510386096295","orderMinSize":5,"tickSize":"0.01"}
[2026-06-05T20:30:01.396Z] INFO Skipped trade. {"slug":"eth-updown-5m-1780691400","reason":"missing_opening_chainlink_tick"}
[2026-06-05T20:30:01.396Z] INFO Tracking market. {"market":"DOGE","slug":"doge-updown-5m-1780691400","title":"Dogecoin Up or Down - June 5, 4:30PM-4:35PM ET","end":"2026-06-05T20:35:00.000Z","upToken":"104078150965995890276859578011613474909582995309330058311484008507951730576622","downToken":"78045108152702376449763372418578829704974167897100953573900440936670363840366","orderMinSize":5,"tickSize":"0.01"}
[2026-06-05T20:30:01.396Z] INFO Skipped trade. {"slug":"doge-updown-5m-1780691400","reason":"missing_opening_chainlink_tick"}
[2026-06-05T20:30:04.436Z] INFO Captured Chainlink opening tick. {"slug":"eth-updown-5m-1780691400","openingPrice":1594.23774,"tickTimestamp":"2026-06-05T20:30:00.000Z"}
[2026-06-05T20:30:04.440Z] INFO Skipped trade. {"slug":"eth-updown-5m-1780691400","reason":"btc_distance_below_threshold","market":"ETH","minDistanceUsd":{"UP":0.5,"DOWN":0.5},"openingPrice":1594.23774,"currentPrice":1594.597188618164}
[2026-06-05T20:30:04.454Z] INFO Captured Chainlink opening tick. {"slug":"doge-updown-5m-1780691400","openingPrice":0.081868016,"tickTimestamp":"2026-06-05T20:30:00.000Z"}
[2026-06-05T20:30:04.460Z] INFO Skipped trade. {"slug":"doge-updown-5m-1780691400","reason":"btc_distance_below_threshold","market":"DOGE","minDistanceUsd":{"UP":0.0001,"DOWN":0.0001},"openingPrice":0.081868016,"currentPrice":0.0818643671210182}
[2026-06-05T20:34:29.688Z] INFO Skipped trade. {"slug":"btc-updown-5m-1780691400","reason":"no_ask_liquidity_under_cap","outcome":"UP"}
[2026-06-05T20:34:29.688Z] INFO Skipped trade. {"slug":"eth-updown-5m-1780691400","reason":"no_ask_liquidity_under_cap","outcome":"DOWN"}
[2026-06-05T20:34:29.689Z] INFO Skipped trade. {"slug":"doge-updown-5m-1780691400","reason":"no_ask_liquidity_under_cap","outcome":"DOWN"}
[2026-06-05T20:35:00.387Z] INFO Tracking market. {"market":"BTC","slug":"btc-updown-5m-1780691700","title":"Bitcoin Up or Down - June 5, 4:35PM-4:40PM ET","end":"2026-06-05T20:40:00.000Z","upToken":"106543945470874983419507402641982857108725114064556214953613187468298212536267","downToken":"59367272429022242606786881436523928063040412851941031043097481326003002990454","orderMinSize":5,"tickSize":"0.01"}
[2026-06-05T20:35:00.397Z] INFO Captured Chainlink opening tick. {"slug":"btc-updown-5m-1780691700","openingPrice":61029.91810967563,"tickTimestamp":"2026-06-05T20:35:00.000Z"}
[2026-06-05T20:35:00.401Z] INFO Skipped trade. {"slug":"btc-updown-5m-1780691700","reason":"btc_distance_below_threshold","market":"BTC","minDistanceUsd":{"UP":5,"DOWN":5},"openingPrice":61029.91810967563,"currentPrice":61029.91810967563}
[2026-06-05T20:35:00.402Z] INFO Tracking market. {"market":"ETH","slug":"eth-updown-5m-1780691700","title":"Ethereum Up or Down - June 5, 4:35PM-4:40PM ET","end":"2026-06-05T20:40:00.000Z","upToken":"89341823185999057939793914134455026735192737932574016283381268168714015616807","downToken":"30032556636214521910047703091009191226695360669192157560853493628019421444063","orderMinSize":5,"tickSize":"0.01"}
[2026-06-05T20:35:00.402Z] INFO Skipped trade. {"slug":"eth-updown-5m-1780691700","reason":"missing_opening_chainlink_tick"}
[2026-06-05T20:35:00.402Z] INFO Tracking market. {"market":"DOGE","slug":"doge-updown-5m-1780691700","title":"Dogecoin Up or Down - June 5, 4:35PM-4:40PM ET","end":"2026-06-05T20:40:00.000Z","upToken":"76463512922733599838592887990214887981155599008180992823604346938714759227780","downToken":"27107205707455669584711449007664871355123454620118423079631491412350234136192","orderMinSize":5,"tickSize":"0.01"}
[2026-06-05T20:35:00.402Z] INFO Skipped trade. {"slug":"doge-updown-5m-1780691700","reason":"missing_opening_chainlink_tick"}
[2026-06-05T20:35:04.452Z] INFO Captured Chainlink opening tick. {"slug":"eth-updown-5m-1780691700","openingPrice":1592.69171,"tickTimestamp":"2026-06-05T20:35:00.000Z"}
[2026-06-05T20:35:04.458Z] INFO Skipped trade. {"slug":"eth-updown-5m-1780691700","reason":"btc_distance_below_threshold","market":"ETH","minDistanceUsd":{"UP":0.5,"DOWN":0.5},"openingPrice":1592.69171,"currentPrice":1592.9651431601403}
[2026-06-05T20:35:04.474Z] INFO Captured Chainlink opening tick. {"slug":"doge-updown-5m-1780691700","openingPrice":0.081771,"tickTimestamp":"2026-06-05T20:35:00.000Z"}
[2026-06-05T20:35:04.478Z] INFO Skipped trade. {"slug":"doge-updown-5m-1780691700","reason":"btc_distance_below_threshold","market":"DOGE","minDistanceUsd":{"UP":0.0001,"DOWN":0.0001},"openingPrice":0.081771,"currentPrice":0.081781}
[2026-06-05T20:39:32.536Z] INFO Skipped trade. {"slug":"btc-updown-5m-1780691700","reason":"no_ask_liquidity_under_cap","outcome":"UP"}
[2026-06-05T20:39:32.537Z] INFO Skipped trade. {"slug":"eth-updown-5m-1780691700","reason":"no_ask_liquidity_under_cap","outcome":"UP"}
[2026-06-05T20:39:32.537Z] INFO Skipped trade. {"slug":"doge-updown-5m-1780691700","reason":"no_ask_liquidity_under_cap","outcome":"UP"}
[2026-06-05T20:40:02.030Z] INFO Tracking market. {"market":"BTC","slug":"btc-updown-5m-1780692000","title":"Bitcoin Up or Down - June 5, 4:40PM-4:45PM ET","end":"2026-06-05T20:45:00.000Z","upToken":"55209132177163865429241714192921733345810886830208110609416897119132673691160","downToken":"108622295472887448666721990619757560120085591140801456304725104440667591765540","orderMinSize":5,"tickSize":"0.01"}
[2026-06-05T20:40:02.042Z] INFO Captured Chainlink opening tick. {"slug":"btc-updown-5m-1780692000","openingPrice":61202.485705,"tickTimestamp":"2026-06-05T20:40:00.000Z"}
[2026-06-05T20:40:02.047Z] INFO Tracking market. {"market":"ETH","slug":"eth-updown-5m-1780692000","title":"Ethereum Up or Down - June 5, 4:40PM-4:45PM ET","end":"2026-06-05T20:45:00.000Z","upToken":"52624565635882635438282698931567512011447755246592760290110915757126678478177","downToken":"100614797009112482740266919508582637364317052477924235206025494410149753781552","orderMinSize":5,"tickSize":"0.01"}
[2026-06-05T20:40:02.048Z] INFO Skipped trade. {"slug":"eth-updown-5m-1780692000","reason":"missing_opening_chainlink_tick"}
[2026-06-05T20:40:02.048Z] INFO Tracking market. {"market":"DOGE","slug":"doge-updown-5m-1780692000","title":"Dogecoin Up or Down - June 5, 4:40PM-4:45PM ET","end":"2026-06-05T20:45:00.000Z","upToken":"497042941730985957972284895809351767496827925071077199066804284887728839635","downToken":"107730645325186250845018414290613155401877838342808260314806771128773971232828","orderMinSize":5,"tickSize":"0.01"}
[2026-06-05T20:40:02.048Z] INFO Skipped trade. {"slug":"doge-updown-5m-1780692000","reason":"missing_opening_chainlink_tick"}
[2026-06-05T20:40:05.086Z] INFO Captured Chainlink opening tick. {"slug":"eth-updown-5m-1780692000","openingPrice":1598.4698645087265,"tickTimestamp":"2026-06-05T20:40:00.000Z"}
[2026-06-05T20:40:05.108Z] INFO Captured Chainlink opening tick. {"slug":"doge-updown-5m-1780692000","openingPrice":0.0821007,"tickTimestamp":"2026-06-05T20:40:00.000Z"}
[2026-06-05T20:40:05.116Z] INFO Skipped trade. {"slug":"doge-updown-5m-1780692000","reason":"btc_distance_below_threshold","market":"DOGE","minDistanceUsd":{"UP":0.0001,"DOWN":0.0001},"openingPrice":0.0821007,"currentPrice":0.0820317906451205}
[2026-06-05T20:40:15.704Z] INFO Skipped trade. {"slug":"eth-updown-5m-1780692000","reason":"btc_distance_below_threshold","market":"ETH","minDistanceUsd":{"UP":0.5,"DOWN":0.5},"openingPrice":1598.4698645087265,"currentPrice":1598.161377211161}
[2026-06-05T20:40:21.840Z] INFO Skipped trade. {"slug":"btc-updown-5m-1780692000","reason":"btc_distance_below_threshold","market":"BTC","minDistanceUsd":{"UP":5,"DOWN":5},"openingPrice":61202.485705,"currentPrice":61201.535145970556}
[2026-06-05T20:44:30.110Z] INFO Skipped trade. {"slug":"btc-updown-5m-1780692000","reason":"no_ask_liquidity_under_cap","outcome":"UP"}
[2026-06-05T20:44:31.882Z] INFO Trade attempt recorded. {"mode":"sim","slug":"eth-updown-5m-1780692000","outcome":"UP","amountUsd":5,"bestAsk":0.49,"estimatedShares":10.204081632653061}
[2026-06-05T20:44:36.906Z] INFO Skipped trade. {"slug":"eth-updown-5m-1780692000","reason":"market_already_traded"}
[CLOB Client] request error {"status":404,"statusText":"Not Found","data":{"error":"No orderbook exists for the requested token id"},"config":{"transitional":{"silentJSONParsing":true,"forcedJSONParsing":true,"clarifyTimeoutError":false,"legacyInterceptorReqResOrdering":true},"adapter":["xhr","http","fetch"],"transformRequest":[null],"transformResponse":[null],"timeout":0,"xsrfCookieName":"XSRF-TOKEN","xsrfHeaderName":"X-XSRF-TOKEN","maxContentLength":-1,"maxBodyLength":-1,"env":{},"headers":{"Accept":"application/json, text/plain, */*","User-Agent":"axios/1.16.0","Accept-Encoding":"gzip, compress, deflate, br"},"method":"get","url":"https://clob.polymarket.com/book","params":{"token_id":"497042941730985957972284895809351767496827925071077199066804284887728839635"},"allowAbsoluteUrls":true}}
[CLOB Client] request error {"status":404,"statusText":"Not Found","data":{"error":"No orderbook exists for the requested token id"},"config":{"transitional":{"silentJSONParsing":true,"forcedJSONParsing":true,"clarifyTimeoutError":false,"legacyInterceptorReqResOrdering":true},"adapter":["xhr","http","fetch"],"transformRequest":[null],"transformResponse":[null],"timeout":0,"xsrfCookieName":"XSRF-TOKEN","xsrfHeaderName":"X-XSRF-TOKEN","maxContentLength":-1,"maxBodyLength":-1,"env":{},"headers":{"Accept":"application/json, text/plain, */*","User-Agent":"axios/1.16.0","Accept-Encoding":"gzip, compress, deflate, br"},"method":"get","url":"https://clob.polymarket.com/book","params":{"token_id":"107730645325186250845018414290613155401877838342808260314806771128773971232828"},"allowAbsoluteUrls":true}}
[CLOB Client] request error {"status":404,"statusText":"Not Found","data":{"error":"No orderbook exists for the requested token id"},"config":{"transitional":{"silentJSONParsing":true,"forcedJSONParsing":true,"clarifyTimeoutError":false,"legacyInterceptorReqResOrdering":true},"adapter":["xhr","http","fetch"],"transformRequest":[null],"transformResponse":[null],"timeout":0,"xsrfCookieName":"XSRF-TOKEN","xsrfHeaderName":"X-XSRF-TOKEN","maxContentLength":-1,"maxBodyLength":-1,"env":{},"headers":{"Accept":"application/json, text/plain, */*","User-Agent":"axios/1.16.0","Accept-Encoding":"gzip, compress, deflate, br"},"method":"get","url":"https://clob.polymarket.com/book","params":{"token_id":"107730645325186250845018414290613155401877838342808260314806771128773971232828"},"allowAbsoluteUrls":true}}
[2026-06-05T20:46:43.152Z] INFO Skipped trade. {"slug":"doge-updown-5m-1780692000","reason":"orderbook_quote_failed","outcome":"DOWN","error":"No orderbook exists for the requested token id"}
[2026-06-05T20:46:44.176Z] INFO Resolved trade. {"mode":"sim","slug":"eth-updown-5m-1780692000","outcome":"UP","winningOutcome":"DOWN","won":false,"finalPrice":1595.1121060618864}
[2026-06-05T20:46:44.476Z] INFO Tracking market. {"market":"BTC","slug":"btc-updown-5m-1780692300","title":"Bitcoin Up or Down - June 5, 4:45PM-4:50PM ET","end":"2026-06-05T20:50:00.000Z","upToken":"114065524589689802436141904740807498677516101763545224199099579001026983658401","downToken":"78093182892486105584870895409093683730278785600215975780099122210567863546478","orderMinSize":5,"tickSize":"0.01"}
[2026-06-05T20:46:44.488Z] INFO Captured Chainlink opening tick. {"slug":"btc-updown-5m-1780692300","openingPrice":61245.88636507297,"tickTimestamp":"2026-06-05T20:45:00.000Z"}
[2026-06-05T20:46:44.492Z] INFO Tracking market. {"market":"ETH","slug":"eth-updown-5m-1780692300","title":"Ethereum Up or Down - June 5, 4:45PM-4:50PM ET","end":"2026-06-05T20:50:00.000Z","upToken":"41716422881623660850586041391691635102463723051247242461127047568890271342418","downToken":"15453585799127517084466042139065586409560070845903297272813115053242325439771","orderMinSize":5,"tickSize":"0.01"}
[2026-06-05T20:46:44.499Z] INFO Captured Chainlink opening tick. {"slug":"eth-updown-5m-1780692300","openingPrice":1598.2893520703028,"tickTimestamp":"2026-06-05T20:45:00.000Z"}
[2026-06-05T20:46:44.502Z] INFO Tracking market. {"market":"DOGE","slug":"doge-updown-5m-1780692300","title":"Dogecoin Up or Down - June 5, 4:45PM-4:50PM ET","end":"2026-06-05T20:50:00.000Z","upToken":"10655087912971932547789772459768043101668913997463030998769429141987232281375","downToken":"40887683340756350172297447018000583868560968682771132550034127481155533986129","orderMinSize":5,"tickSize":"0.01"}
[2026-06-05T20:46:44.512Z] INFO Captured Chainlink opening tick. {"slug":"doge-updown-5m-1780692300","openingPrice":0.082106,"tickTimestamp":"2026-06-05T20:45:00.000Z"}
[2026-06-05T20:46:55.787Z] INFO Skipped trade. {"slug":"doge-updown-5m-1780692300","reason":"btc_distance_below_threshold","market":"DOGE","minDistanceUsd":{"UP":0.0001,"DOWN":0.0001},"openingPrice":0.082106,"currentPrice":0.0820233799554383}
[2026-06-05T20:47:01.933Z] INFO Skipped trade. {"slug":"btc-updown-5m-1780692300","reason":"btc_distance_below_threshold","market":"BTC","minDistanceUsd":{"UP":5,"DOWN":5},"openingPrice":61245.88636507297,"currentPrice":61241.885158203055}
[2026-06-05T20:47:06.061Z] INFO Skipped trade. {"slug":"eth-updown-5m-1780692300","reason":"btc_distance_below_threshold","market":"ETH","minDistanceUsd":{"UP":0.5,"DOWN":0.5},"openingPrice":1598.2893520703028,"currentPrice":1597.9380126185854}
[2026-06-05T20:47:43.146Z] WARN RTDS websocket closed; reconnecting soon.
[2026-06-05T20:47:43.382Z] WARN RTDS websocket closed; reconnecting soon.
[2026-06-05T20:47:46.920Z] INFO Connected to Polymarket RTDS Chainlink feed.
[2026-06-05T20:47:47.069Z] INFO Connected to Polymarket RTDS Chainlink feed.
[2026-06-05T20:49:30.195Z] INFO Skipped trade. {"slug":"btc-updown-5m-1780692300","reason":"no_ask_liquidity_under_cap","outcome":"UP"}
[2026-06-05T20:49:30.196Z] INFO Skipped trade. {"slug":"eth-updown-5m-1780692300","reason":"no_ask_liquidity_under_cap","outcome":"UP"}
[2026-06-05T20:49:30.196Z] INFO Skipped trade. {"slug":"doge-updown-5m-1780692300","reason":"no_ask_liquidity_under_cap","outcome":"UP"}
[2026-06-05T20:50:01.179Z] INFO Tracking market. {"market":"BTC","slug":"btc-updown-5m-1780692600","title":"Bitcoin Up or Down - June 5, 4:50PM-4:55PM ET","end":"2026-06-05T20:55:00.000Z","upToken":"32689486120811379049815315508790387191289190981577482829067928121642875111511","downToken":"20530511763145124579868378075877918919558404598894631799027987008167036431764","orderMinSize":5,"tickSize":"0.01"}
[2026-06-05T20:50:01.196Z] INFO Captured Chainlink opening tick. {"slug":"btc-updown-5m-1780692600","openingPrice":61425.23719265784,"tickTimestamp":"2026-06-05T20:50:00.000Z"}
[2026-06-05T20:50:01.208Z] INFO Skipped trade. {"slug":"btc-updown-5m-1780692600","reason":"btc_distance_below_threshold","market":"BTC","minDistanceUsd":{"UP":5,"DOWN":5},"openingPrice":61425.23719265784,"currentPrice":61425.59442792832}
[2026-06-05T20:50:01.208Z] INFO Tracking market. {"market":"ETH","slug":"eth-updown-5m-1780692600","title":"Ethereum Up or Down - June 5, 4:50PM-4:55PM ET","end":"2026-06-05T20:55:00.000Z","upToken":"97852263463184706064342184399382951954158346815850011015134754670784418158055","downToken":"9280936781369475248549042637288548986902934555361606548835990788872605079568","orderMinSize":5,"tickSize":"0.01"}
[2026-06-05T20:50:01.209Z] INFO Skipped trade. {"slug":"eth-updown-5m-1780692600","reason":"missing_opening_chainlink_tick"}
[2026-06-05T20:50:01.209Z] INFO Tracking market. {"market":"DOGE","slug":"doge-updown-5m-1780692600","title":"Dogecoin Up or Down - June 5, 4:50PM-4:55PM ET","end":"2026-06-05T20:55:00.000Z","upToken":"84886679375709042205625213086758024044835332551363705303618312977809745399775","downToken":"42550175109149869707222737202819930661432540886548321673074243377027418196666","orderMinSize":5,"tickSize":"0.01"}
[2026-06-05T20:50:01.209Z] INFO Skipped trade. {"slug":"doge-updown-5m-1780692600","reason":"missing_opening_chainlink_tick"}
[2026-06-05T20:50:03.279Z] INFO Captured Chainlink opening tick. {"slug":"eth-updown-5m-1780692600","openingPrice":1601.7976115856545,"tickTimestamp":"2026-06-05T20:50:00.000Z"}
[2026-06-05T20:50:03.317Z] INFO Skipped trade. {"slug":"eth-updown-5m-1780692600","reason":"btc_distance_below_threshold","market":"ETH","minDistanceUsd":{"UP":0.5,"DOWN":0.5},"openingPrice":1601.7976115856545,"currentPrice":1601.91828}
[2026-06-05T20:50:03.360Z] INFO Captured Chainlink opening tick. {"slug":"doge-updown-5m-1780692600","openingPrice":0.0823592792468766,"tickTimestamp":"2026-06-05T20:50:00.000Z"}
[2026-06-05T20:50:03.410Z] INFO Skipped trade. {"slug":"doge-updown-5m-1780692600","reason":"btc_distance_below_threshold","market":"DOGE","minDistanceUsd":{"UP":0.0001,"DOWN":0.0001},"openingPrice":0.0823592792468766,"currentPrice":0.082373828}
[2026-06-05T20:54:29.846Z] INFO Skipped trade. {"slug":"btc-updown-5m-1780692600","reason":"no_ask_liquidity_under_cap","outcome":"UP"}
[2026-06-05T20:54:29.847Z] INFO Skipped trade. {"slug":"eth-updown-5m-1780692600","reason":"no_ask_liquidity_under_cap","outcome":"DOWN"}
[2026-06-05T20:55:01.783Z] INFO Tracking market. {"market":"BTC","slug":"btc-updown-5m-1780692900","title":"Bitcoin Up or Down - June 5, 4:55PM-5:00PM ET","end":"2026-06-05T21:00:00.000Z","upToken":"99448193595446785180928630326157439713897772495338798841880614636598478899668","downToken":"63042899278367964927510449616578391238977089429801972745118622635172934830501","orderMinSize":5,"tickSize":"0.01"}
[2026-06-05T20:55:01.807Z] INFO Captured Chainlink opening tick. {"slug":"btc-updown-5m-1780692900","openingPrice":61487.90062,"tickTimestamp":"2026-06-05T20:55:00.000Z"}
[2026-06-05T20:55:01.814Z] INFO Skipped trade. {"slug":"btc-updown-5m-1780692900","reason":"btc_distance_below_threshold","market":"BTC","minDistanceUsd":{"UP":5,"DOWN":5},"openingPrice":61487.90062,"currentPrice":61488.04604}
[2026-06-05T20:55:01.814Z] INFO Tracking market. {"market":"ETH","slug":"eth-updown-5m-1780692900","title":"Ethereum Up or Down - June 5, 4:55PM-5:00PM ET","end":"2026-06-05T21:00:00.000Z","upToken":"60079657900118284018899188386275003407131352875571655796579921614064652051466","downToken":"53809254810850621568130483700763978552641492754285256849471318929196067916850","orderMinSize":5,"tickSize":"0.01"}
[2026-06-05T20:55:01.815Z] INFO Skipped trade. {"slug":"eth-updown-5m-1780692900","reason":"missing_opening_chainlink_tick"}
[2026-06-05T20:55:01.815Z] INFO Tracking market. {"market":"DOGE","slug":"doge-updown-5m-1780692900","title":"Dogecoin Up or Down - June 5, 4:55PM-5:00PM ET","end":"2026-06-05T21:00:00.000Z","upToken":"26749892364587126897467008419481721994658526397053033718802226828594255909423","downToken":"89934480265529302658788224270813681355310667039604141663360455063044728937219","orderMinSize":5,"tickSize":"0.01"}
[2026-06-05T20:55:01.815Z] INFO Skipped trade. {"slug":"doge-updown-5m-1780692900","reason":"missing_opening_chainlink_tick"}
[2026-06-05T20:55:03.852Z] INFO Captured Chainlink opening tick. {"slug":"eth-updown-5m-1780692900","openingPrice":1599.9960148943835,"tickTimestamp":"2026-06-05T20:55:00.000Z"}
[2026-06-05T20:55:03.866Z] INFO Skipped trade. {"slug":"eth-updown-5m-1780692900","reason":"btc_distance_below_threshold","market":"ETH","minDistanceUsd":{"UP":0.5,"DOWN":0.5},"openingPrice":1599.9960148943835,"currentPrice":1600.1330053774695}
[2026-06-05T20:55:03.891Z] INFO Captured Chainlink opening tick. {"slug":"doge-updown-5m-1780692900","openingPrice":0.082299495,"tickTimestamp":"2026-06-05T20:55:00.000Z"}
[2026-06-05T20:55:03.911Z] INFO Skipped trade. {"slug":"doge-updown-5m-1780692900","reason":"btc_distance_below_threshold","market":"DOGE","minDistanceUsd":{"UP":0.0001,"DOWN":0.0001},"openingPrice":0.082299495,"currentPrice":0.0823252836994653}
[2026-06-05T20:59:55.162Z] INFO Skipped trade. {"slug":"btc-updown-5m-1780692900","reason":"no_ask_liquidity_under_cap","outcome":"UP"}
[2026-06-05T20:59:55.162Z] INFO Skipped trade. {"slug":"eth-updown-5m-1780692900","reason":"no_ask_liquidity_under_cap","outcome":"UP"}
[2026-06-05T20:59:55.162Z] INFO Skipped trade. {"slug":"doge-updown-5m-1780692900","reason":"no_ask_liquidity_under_cap","outcome":"UP"}
[2026-06-05T21:00:03.423Z] INFO Tracking market. {"market":"BTC","slug":"btc-updown-5m-1780693200","title":"Bitcoin Up or Down - June 5, 5:00PM-5:05PM ET","end":"2026-06-05T21:05:00.000Z","upToken":"104539452415552147072135116880742438542722738826227960084000981368267985857879","downToken":"35536593251480150665272093487031292457970490704392462318714191834108177284686","orderMinSize":5,"tickSize":"0.01"}
[2026-06-05T21:00:03.434Z] INFO Captured Chainlink opening tick. {"slug":"btc-updown-5m-1780693200","openingPrice":61598.971633932524,"tickTimestamp":"2026-06-05T21:00:01.000Z"}
[2026-06-05T21:00:03.440Z] INFO Tracking market. {"market":"ETH","slug":"eth-updown-5m-1780693200","title":"Ethereum Up or Down - June 5, 5:00PM-5:05PM ET","end":"2026-06-05T21:05:00.000Z","upToken":"104834315564060019190967619658291088621454678637368821098047726271012247070827","downToken":"72901523425174348996482873337578408638496879593072449463090569249704017970111","orderMinSize":5,"tickSize":"0.01"}
[2026-06-05T21:00:03.453Z] INFO Captured Chainlink opening tick. {"slug":"eth-updown-5m-1780693200","openingPrice":1603.5019,"tickTimestamp":"2026-06-05T21:00:01.000Z"}
[2026-06-05T21:00:03.458Z] INFO Skipped trade. {"slug":"eth-updown-5m-1780693200","reason":"btc_distance_below_threshold","market":"ETH","minDistanceUsd":{"UP":0.5,"DOWN":0.5},"openingPrice":1603.5019,"currentPrice":1603.29383}
[2026-06-05T21:00:03.458Z] INFO Tracking market. {"market":"DOGE","slug":"doge-updown-5m-1780693200","title":"Dogecoin Up or Down - June 5, 5:00PM-5:05PM ET","end":"2026-06-05T21:05:00.000Z","upToken":"97137374863188657910360897396963325270756675458342954997627579186001954745014","downToken":"75046583645664202995223760594468794591828673118203236492685306541103774677527","orderMinSize":5,"tickSize":"0.01"}
[2026-06-05T21:00:03.468Z] INFO Captured Chainlink opening tick. {"slug":"doge-updown-5m-1780693200","openingPrice":0.0825017618007578,"tickTimestamp":"2026-06-05T21:00:01.000Z"}
[2026-06-05T21:00:03.472Z] INFO Skipped trade. {"slug":"doge-updown-5m-1780693200","reason":"btc_distance_below_threshold","market":"DOGE","minDistanceUsd":{"UP":0.0001,"DOWN":0.0001},"openingPrice":0.0825017618007578,"currentPrice":0.082508157}
[2026-06-05T21:00:09.096Z] INFO Skipped trade. {"slug":"btc-updown-5m-1780693200","reason":"btc_distance_below_threshold","market":"BTC","minDistanceUsd":{"UP":5,"DOWN":5},"openingPrice":61598.971633932524,"currentPrice":61599.97788183456}
[2026-06-05T21:01:00.336Z] WARN RTDS websocket closed; reconnecting soon.
[2026-06-05T21:01:04.170Z] INFO Connected to Polymarket RTDS Chainlink feed.
[2026-06-05T21:05:12.863Z] INFO Skipped trade. {"slug":"btc-updown-5m-1780693200","reason":"no_ask_liquidity_under_cap","outcome":"UP"}
[2026-06-05T21:05:12.863Z] INFO Skipped trade. {"slug":"eth-updown-5m-1780693200","reason":"no_ask_liquidity_under_cap","outcome":"UP"}
[2026-06-05T21:05:12.864Z] INFO Skipped trade. {"slug":"doge-updown-5m-1780693200","reason":"no_ask_liquidity_under_cap","outcome":"UP"}
[2026-06-05T21:05:14.094Z] INFO Tracking market. {"market":"BTC","slug":"btc-updown-5m-1780693500","title":"Bitcoin Up or Down - June 5, 5:05PM-5:10PM ET","end":"2026-06-05T21:10:00.000Z","upToken":"85394035973812104800485359441830634246193626421321313249381986044688589558397","downToken":"62022793998040121906723750886113140062663025055174972133735991081876029322433","orderMinSize":5,"tickSize":"0.01"}
[2026-06-05T21:05:14.102Z] INFO Captured Chainlink opening tick. {"slug":"btc-updown-5m-1780693500","openingPrice":61806.27355329776,"tickTimestamp":"2026-06-05T21:05:00.000Z"}
[2026-06-05T21:05:14.105Z] INFO Tracking market. {"market":"ETH","slug":"eth-updown-5m-1780693500","title":"Ethereum Up or Down - June 5, 5:05PM-5:10PM ET","end":"2026-06-05T21:10:00.000Z","upToken":"84431162882502246162295830269396052984698102867731229748022523960754604635510","downToken":"41486293555714170947132244931687979314324584434863296940956538039865387171591","orderMinSize":5,"tickSize":"0.01"}
[2026-06-05T21:05:14.113Z] INFO Captured Chainlink opening tick. {"slug":"eth-updown-5m-1780693500","openingPrice":1610.760418662765,"tickTimestamp":"2026-06-05T21:05:00.000Z"}
[2026-06-05T21:05:14.115Z] INFO Tracking market. {"market":"DOGE","slug":"doge-updown-5m-1780693500","title":"Dogecoin Up or Down - June 5, 5:05PM-5:10PM ET","end":"2026-06-05T21:10:00.000Z","upToken":"70170080901561189473235649534454465158229264581708987817469310929161350798954","downToken":"9129067431232357828870506171582462656319654864326920852403297598397348480919","orderMinSize":5,"tickSize":"0.01"}
[2026-06-05T21:05:14.122Z] INFO Captured Chainlink opening tick. {"slug":"doge-updown-5m-1780693500","openingPrice":0.0827780157799349,"tickTimestamp":"2026-06-05T21:05:00.000Z"}
[2026-06-05T21:06:00.942Z] INFO Skipped trade. {"slug":"eth-updown-5m-1780693500","reason":"btc_distance_below_threshold","market":"ETH","minDistanceUsd":{"UP":0.5,"DOWN":0.5},"openingPrice":1610.760418662765,"currentPrice":1610.7343770789737}
[2026-06-05T21:06:00.942Z] INFO Skipped trade. {"slug":"doge-updown-5m-1780693500","reason":"btc_distance_below_threshold","market":"DOGE","minDistanceUsd":{"UP":0.0001,"DOWN":0.0001},"openingPrice":0.0827780157799349,"currentPrice":0.0828355}
[2026-06-05T21:06:08.155Z] INFO Skipped trade. {"slug":"btc-updown-5m-1780693500","reason":"btc_distance_below_threshold","market":"BTC","minDistanceUsd":{"UP":5,"DOWN":5},"openingPrice":61806.27355329776,"currentPrice":61808.8560968315}
[2026-06-05T21:09:29.671Z] INFO Trade attempt recorded. {"mode":"sim","slug":"btc-updown-5m-1780693500","outcome":"DOWN","amountUsd":5,"bestAsk":0.6,"estimatedShares":8.333333333333334}
[2026-06-05T21:09:30.930Z] INFO Skipped trade. {"slug":"btc-updown-5m-1780693500","reason":"market_already_traded"}
[2026-06-05T21:09:31.362Z] INFO Skipped trade. {"slug":"eth-updown-5m-1780693500","reason":"no_ask_liquidity_under_cap","outcome":"UP"}
[2026-06-05T21:09:42.055Z] INFO Trade attempt recorded. {"mode":"sim","slug":"eth-updown-5m-1780693500","outcome":"UP","amountUsd":5,"bestAsk":0.42,"estimatedShares":11.818181818181818}
[2026-06-05T21:09:43.704Z] INFO Skipped trade. {"slug":"eth-updown-5m-1780693500","reason":"market_already_traded"}
[2026-06-05T21:10:00.756Z] INFO Resolved trade. {"mode":"sim","slug":"btc-updown-5m-1780693500","outcome":"DOWN","winningOutcome":"DOWN","won":true,"finalPrice":61800.72726605809}
[2026-06-05T21:10:00.779Z] INFO Resolved trade. {"mode":"sim","slug":"eth-updown-5m-1780693500","outcome":"UP","winningOutcome":"UP","won":true,"finalPrice":1611.8792612335592}
[2026-06-05T21:10:00.874Z] INFO Tracking market. {"market":"BTC","slug":"btc-updown-5m-1780693800","title":"Bitcoin Up or Down - June 5, 5:10PM-5:15PM ET","end":"2026-06-05T21:15:00.000Z","upToken":"113554005436169494313218969179254886453447533115688310633111010208579516332760","downToken":"33516989244822046626903569054535909926399675726669348370510589736966738677316","orderMinSize":5,"tickSize":"0.01"}
[2026-06-05T21:10:00.884Z] INFO Captured Chainlink opening tick. {"slug":"btc-updown-5m-1780693800","openingPrice":61800.72726605809,"tickTimestamp":"2026-06-05T21:10:00.000Z"}
[2026-06-05T21:10:00.888Z] INFO Skipped trade. {"slug":"btc-updown-5m-1780693800","reason":"btc_distance_below_threshold","market":"BTC","minDistanceUsd":{"UP":5,"DOWN":5},"openingPrice":61800.72726605809,"currentPrice":61800.72726605809}
[2026-06-05T21:10:00.888Z] INFO Tracking market. {"market":"ETH","slug":"eth-updown-5m-1780693800","title":"Ethereum Up or Down - June 5, 5:10PM-5:15PM ET","end":"2026-06-05T21:15:00.000Z","upToken":"51970782945706523011553007915303530084484695090142937649005686039808565475489","downToken":"54965320943682956447386645406917935749141954970588970954593797132084153409995","orderMinSize":5,"tickSize":"0.01"}
[2026-06-05T21:10:00.898Z] INFO Captured Chainlink opening tick. {"slug":"eth-updown-5m-1780693800","openingPrice":1611.8792612335592,"tickTimestamp":"2026-06-05T21:10:00.000Z"}
[2026-06-05T21:10:00.902Z] INFO Skipped trade. {"slug":"eth-updown-5m-1780693800","reason":"btc_distance_below_threshold","market":"ETH","minDistanceUsd":{"UP":0.5,"DOWN":0.5},"openingPrice":1611.8792612335592,"currentPrice":1611.8792612335592}
[2026-06-05T21:10:00.902Z] INFO Tracking market. {"market":"DOGE","slug":"doge-updown-5m-1780693800","title":"Dogecoin Up or Down - June 5, 5:10PM-5:15PM ET","end":"2026-06-05T21:15:00.000Z","upToken":"45648694261205940598515014500493977347792084555773739756241407816332157583612","downToken":"34128003751734892253465031139331270265139089062130529785141832390718518694426","orderMinSize":5,"tickSize":"0.01"}
[2026-06-05T21:10:00.910Z] INFO Captured Chainlink opening tick. {"slug":"doge-updown-5m-1780693800","openingPrice":0.08284,"tickTimestamp":"2026-06-05T21:10:00.000Z"}
[2026-06-05T21:10:00.914Z] INFO Skipped trade. {"slug":"doge-updown-5m-1780693800","reason":"btc_distance_below_threshold","market":"DOGE","minDistanceUsd":{"UP":0.0001,"DOWN":0.0001},"openingPrice":0.08284,"currentPrice":0.08284}
[2026-06-05T21:14:29.965Z] INFO Trade attempt recorded. {"mode":"sim","slug":"btc-updown-5m-1780693800","outcome":"UP","amountUsd":5,"bestAsk":0.49,"estimatedShares":10.204081632653061}
[2026-06-05T21:14:31.366Z] INFO Skipped trade. {"slug":"btc-updown-5m-1780693800","reason":"market_already_traded"}
[2026-06-05T21:14:31.885Z] INFO Trade attempt recorded. {"mode":"sim","slug":"eth-updown-5m-1780693800","outcome":"UP","amountUsd":5,"bestAsk":0.43,"estimatedShares":11.627906976744185}
[2026-06-05T21:14:33.343Z] INFO Skipped trade. {"slug":"eth-updown-5m-1780693800","reason":"market_already_traded"}
[2026-06-05T21:14:51.279Z] INFO Skipped trade. {"slug":"doge-updown-5m-1780693800","reason":"no_ask_liquidity_under_cap","outcome":"UP"}
[2026-06-05T21:15:01.268Z] INFO Resolved trade. {"mode":"sim","slug":"btc-updown-5m-1780693800","outcome":"UP","winningOutcome":"UP","won":true,"finalPrice":61832.88620144101}
[2026-06-05T21:15:01.291Z] INFO Resolved trade. {"mode":"sim","slug":"eth-updown-5m-1780693800","outcome":"UP","winningOutcome":"UP","won":true,"finalPrice":1612.5681793331846}
[2026-06-05T21:15:01.407Z] INFO Tracking market. {"market":"BTC","slug":"btc-updown-5m-1780694100","title":"Bitcoin Up or Down - June 5, 5:15PM-5:20PM ET","end":"2026-06-05T21:20:00.000Z","upToken":"54032060180029812037045082953762910017245356823092548987609237346196002044575","downToken":"84778327769707972347024696915619926117902668025735457154393781070520541591120","orderMinSize":5,"tickSize":"0.01"}
[2026-06-05T21:15:01.419Z] INFO Captured Chainlink opening tick. {"slug":"btc-updown-5m-1780694100","openingPrice":61834.03917710156,"tickTimestamp":"2026-06-05T21:15:00.000Z"}
[2026-06-05T21:15:01.427Z] INFO Skipped trade. {"slug":"btc-updown-5m-1780694100","reason":"btc_distance_below_threshold","market":"BTC","minDistanceUsd":{"UP":5,"DOWN":5},"openingPrice":61834.03917710156,"currentPrice":61832.88620144101}
[2026-06-05T21:15:01.427Z] INFO Tracking market. {"market":"ETH","slug":"eth-updown-5m-1780694100","title":"Ethereum Up or Down - June 5, 5:15PM-5:20PM ET","end":"2026-06-05T21:20:00.000Z","upToken":"103536441577077541212941261568212171205868978967948634546414955775024333434435","downToken":"110740445103666512604168957032276480094320139433030813558427705403916326704623","orderMinSize":5,"tickSize":"0.01"}
[2026-06-05T21:15:01.437Z] INFO Captured Chainlink opening tick. {"slug":"eth-updown-5m-1780694100","openingPrice":1612.5681793331846,"tickTimestamp":"2026-06-05T21:15:00.000Z"}
[2026-06-05T21:15:01.443Z] INFO Skipped trade. {"slug":"eth-updown-5m-1780694100","reason":"btc_distance_below_threshold","market":"ETH","minDistanceUsd":{"UP":0.5,"DOWN":0.5},"openingPrice":1612.5681793331846,"currentPrice":1612.5681793331846}
[2026-06-05T21:15:01.443Z] INFO Tracking market. {"market":"DOGE","slug":"doge-updown-5m-1780694100","title":"Dogecoin Up or Down - June 5, 5:15PM-5:20PM ET","end":"2026-06-05T21:20:00.000Z","upToken":"93362938337429858506723278912349455557027455504082370655609726068476537361360","downToken":"108469617332019234011573346550664447274809306133272686017902013319256373694776","orderMinSize":5,"tickSize":"0.01"}
[2026-06-05T21:15:01.452Z] INFO Captured Chainlink opening tick. {"slug":"doge-updown-5m-1780694100","openingPrice":0.082911,"tickTimestamp":"2026-06-05T21:15:00.000Z"}
[2026-06-05T21:15:01.457Z] INFO Skipped trade. {"slug":"doge-updown-5m-1780694100","reason":"btc_distance_below_threshold","market":"DOGE","minDistanceUsd":{"UP":0.0001,"DOWN":0.0001},"openingPrice":0.082911,"currentPrice":0.082911}
[2026-06-05T21:19:29.131Z] INFO Skipped trade. {"slug":"btc-updown-5m-1780694100","reason":"no_ask_liquidity_under_cap","outcome":"DOWN"}
[2026-06-05T21:19:29.131Z] INFO Skipped trade. {"slug":"eth-updown-5m-1780694100","reason":"no_ask_liquidity_under_cap","outcome":"DOWN"}
[2026-06-05T21:20:01.635Z] INFO Tracking market. {"market":"BTC","slug":"btc-updown-5m-1780694400","title":"Bitcoin Up or Down - June 5, 5:20PM-5:25PM ET","end":"2026-06-05T21:25:00.000Z","upToken":"112587781143856836911950962958369821041580859841069227316762313171775808487202","downToken":"106440381757235110271732636643730056601030391108179504172642676255462078187081","orderMinSize":5,"tickSize":"0.01"}
[2026-06-05T21:20:01.648Z] INFO Captured Chainlink opening tick. {"slug":"btc-updown-5m-1780694400","openingPrice":61715.521164573256,"tickTimestamp":"2026-06-05T21:20:00.000Z"}
[2026-06-05T21:20:01.652Z] INFO Skipped trade. {"slug":"btc-updown-5m-1780694400","reason":"btc_distance_below_threshold","market":"BTC","minDistanceUsd":{"UP":5,"DOWN":5},"openingPrice":61715.521164573256,"currentPrice":61715.470188904124}
[2026-06-05T21:20:01.652Z] INFO Tracking market. {"market":"ETH","slug":"eth-updown-5m-1780694400","title":"Ethereum Up or Down - June 5, 5:20PM-5:25PM ET","end":"2026-06-05T21:25:00.000Z","upToken":"94485985312626833010797710564692602045418970892392981836887185390549440424883","downToken":"35493598170726020932900220145272659167453427633819174582524150330800534621054","orderMinSize":5,"tickSize":"0.01"}
[2026-06-05T21:20:01.665Z] INFO Captured Chainlink opening tick. {"slug":"eth-updown-5m-1780694400","openingPrice":1608.9388947223226,"tickTimestamp":"2026-06-05T21:20:00.000Z"}
[2026-06-05T21:20:01.670Z] INFO Skipped trade. {"slug":"eth-updown-5m-1780694400","reason":"btc_distance_below_threshold","market":"ETH","minDistanceUsd":{"UP":0.5,"DOWN":0.5},"openingPrice":1608.9388947223226,"currentPrice":1608.9388947223226}
[2026-06-05T21:20:01.670Z] INFO Tracking market. {"market":"DOGE","slug":"doge-updown-5m-1780694400","title":"Dogecoin Up or Down - June 5, 5:20PM-5:25PM ET","end":"2026-06-05T21:25:00.000Z","upToken":"26154484191892838502651470003037680707584782710055917167153103000544451204654","downToken":"25958345437019328441079008777551900280548327843383833446700818634134870840175","orderMinSize":5,"tickSize":"0.01"}
[2026-06-05T21:20:01.681Z] INFO Captured Chainlink opening tick. {"slug":"doge-updown-5m-1780694400","openingPrice":0.0829157,"tickTimestamp":"2026-06-05T21:20:00.000Z"}
[2026-06-05T21:20:01.684Z] INFO Skipped trade. {"slug":"doge-updown-5m-1780694400","reason":"btc_distance_below_threshold","market":"DOGE","minDistanceUsd":{"UP":0.0001,"DOWN":0.0001},"openingPrice":0.0829157,"currentPrice":0.0829157}
[2026-06-05T21:24:30.140Z] INFO Skipped trade. {"slug":"btc-updown-5m-1780694400","reason":"no_ask_liquidity_under_cap","outcome":"DOWN"}
[2026-06-05T21:24:30.140Z] INFO Skipped trade. {"slug":"eth-updown-5m-1780694400","reason":"no_ask_liquidity_under_cap","outcome":"UP"}
[2026-06-05T21:25:01.317Z] INFO Tracking market. {"market":"BTC","slug":"btc-updown-5m-1780694700","title":"Bitcoin Up or Down - June 5, 5:25PM-5:30PM ET","end":"2026-06-05T21:30:00.000Z","upToken":"40020903864682680479217153176079575503085985619015836117164885023251102303839","downToken":"63759531574895280903854911208323261974495793127497836532218066331774902160633","orderMinSize":5,"tickSize":"0.01"}
[2026-06-05T21:25:01.332Z] INFO Captured Chainlink opening tick. {"slug":"btc-updown-5m-1780694700","openingPrice":61556.96784483952,"tickTimestamp":"2026-06-05T21:25:00.000Z"}
[2026-06-05T21:25:01.338Z] INFO Skipped trade. {"slug":"btc-updown-5m-1780694700","reason":"btc_distance_below_threshold","market":"BTC","minDistanceUsd":{"UP":5,"DOWN":5},"openingPrice":61556.96784483952,"currentPrice":61557.89924680378}
[2026-06-05T21:25:01.338Z] INFO Tracking market. {"market":"ETH","slug":"eth-updown-5m-1780694700","title":"Ethereum Up or Down - June 5, 5:25PM-5:30PM ET","end":"2026-06-05T21:30:00.000Z","upToken":"53318681891984687282473066095415339862836033194169568086705530221807508426556","downToken":"38537991794629474134181398945317299133998618766779707212756070770471855780889","orderMinSize":5,"tickSize":"0.01"}
[2026-06-05T21:25:01.338Z] INFO Skipped trade. {"slug":"eth-updown-5m-1780694700","reason":"missing_opening_chainlink_tick"}
[2026-06-05T21:25:01.338Z] INFO Tracking market. {"market":"DOGE","slug":"doge-updown-5m-1780694700","title":"Dogecoin Up or Down - June 5, 5:25PM-5:30PM ET","end":"2026-06-05T21:30:00.000Z","upToken":"18239680892618087497727850991480976913049813290933021262567885527691578425429","downToken":"84840345547878976065982305910809951110237732746897004071487140208642563411560","orderMinSize":5,"tickSize":"0.01"}
[2026-06-05T21:25:01.338Z] INFO Skipped trade. {"slug":"doge-updown-5m-1780694700","reason":"missing_opening_chainlink_tick"}
[2026-06-05T21:25:02.373Z] INFO Captured Chainlink opening tick. {"slug":"eth-updown-5m-1780694700","openingPrice":1609.42934,"tickTimestamp":"2026-06-05T21:25:00.000Z"}
[2026-06-05T21:25:02.378Z] INFO Skipped trade. {"slug":"eth-updown-5m-1780694700","reason":"btc_distance_below_threshold","market":"ETH","minDistanceUsd":{"UP":0.5,"DOWN":0.5},"openingPrice":1609.42934,"currentPrice":1609.6762322733373}
[2026-06-05T21:25:02.396Z] INFO Captured Chainlink opening tick. {"slug":"doge-updown-5m-1780694700","openingPrice":0.0829475415550701,"tickTimestamp":"2026-06-05T21:25:00.000Z"}
[2026-06-05T21:25:02.403Z] INFO Skipped trade. {"slug":"doge-updown-5m-1780694700","reason":"btc_distance_below_threshold","market":"DOGE","minDistanceUsd":{"UP":0.0001,"DOWN":0.0001},"openingPrice":0.0829475415550701,"currentPrice":0.082957}
[2026-06-05T21:29:29.831Z] INFO Skipped trade. {"slug":"btc-updown-5m-1780694700","reason":"no_ask_liquidity_under_cap","outcome":"UP"}
[2026-06-05T21:29:29.831Z] INFO Skipped trade. {"slug":"eth-updown-5m-1780694700","reason":"no_ask_liquidity_under_cap","outcome":"UP"}
[2026-06-05T21:29:29.831Z] INFO Skipped trade. {"slug":"doge-updown-5m-1780694700","reason":"no_ask_liquidity_under_cap","outcome":"UP"}
[2026-06-05T21:29:33.311Z] INFO Trade attempt recorded. {"mode":"sim","slug":"btc-updown-5m-1780694700","outcome":"UP","amountUsd":5,"bestAsk":0.6,"estimatedShares":8.333333333333334}
[2026-06-05T21:29:34.542Z] INFO Skipped trade. {"slug":"btc-updown-5m-1780694700","reason":"market_already_traded"}
[2026-06-05T21:30:00.630Z] INFO Resolved trade. {"mode":"sim","slug":"btc-updown-5m-1780694700","outcome":"UP","winningOutcome":"DOWN","won":false,"finalPrice":61553.21410714132}
[2026-06-05T21:30:00.752Z] INFO Tracking market. {"market":"BTC","slug":"btc-updown-5m-1780695000","title":"Bitcoin Up or Down - June 5, 5:30PM-5:35PM ET","end":"2026-06-05T21:35:00.000Z","upToken":"65879813787365374306815439711034335518693693821424013193395619216465747745988","downToken":"85199539469733371114031070132419007124755958771415489118440979802119556355757","orderMinSize":5,"tickSize":"0.01"}
[2026-06-05T21:30:00.760Z] INFO Captured Chainlink opening tick. {"slug":"btc-updown-5m-1780695000","openingPrice":61553.21410714132,"tickTimestamp":"2026-06-05T21:30:00.000Z"}
[2026-06-05T21:30:00.763Z] INFO Skipped trade. {"slug":"btc-updown-5m-1780695000","reason":"btc_distance_below_threshold","market":"BTC","minDistanceUsd":{"UP":5,"DOWN":5},"openingPrice":61553.21410714132,"currentPrice":61553.21410714132}
[2026-06-05T21:30:00.763Z] INFO Tracking market. {"market":"ETH","slug":"eth-updown-5m-1780695000","title":"Ethereum Up or Down - June 5, 5:30PM-5:35PM ET","end":"2026-06-05T21:35:00.000Z","upToken":"67699995937728217202099326994674551973159735536089338061370653507491459962151","downToken":"87684281264839599836787997638173017451561188842474537567762831549545825809002","orderMinSize":5,"tickSize":"0.01"}
[2026-06-05T21:30:00.763Z] INFO Skipped trade. {"slug":"eth-updown-5m-1780695000","reason":"missing_opening_chainlink_tick"}
[2026-06-05T21:30:00.763Z] INFO Tracking market. {"market":"DOGE","slug":"doge-updown-5m-1780695000","title":"Dogecoin Up or Down - June 5, 5:30PM-5:35PM ET","end":"2026-06-05T21:35:00.000Z","upToken":"77706682350425617456098644041875684538299251752030286793226980813474395291097","downToken":"105624805936938967547218039780505599045702763283712575653377688558772216488017","orderMinSize":5,"tickSize":"0.01"}
[2026-06-05T21:30:00.763Z] INFO Skipped trade. {"slug":"doge-updown-5m-1780695000","reason":"missing_opening_chainlink_tick"}
[2026-06-05T21:30:02.806Z] INFO Captured Chainlink opening tick. {"slug":"eth-updown-5m-1780695000","openingPrice":1610.855395,"tickTimestamp":"2026-06-05T21:30:00.000Z"}
[2026-06-05T21:30:02.813Z] INFO Skipped trade. {"slug":"eth-updown-5m-1780695000","reason":"btc_distance_below_threshold","market":"ETH","minDistanceUsd":{"UP":0.5,"DOWN":0.5},"openingPrice":1610.855395,"currentPrice":1610.7357525084683}
[2026-06-05T21:30:02.823Z] INFO Captured Chainlink opening tick. {"slug":"doge-updown-5m-1780695000","openingPrice":0.083085,"tickTimestamp":"2026-06-05T21:30:00.000Z"}
[2026-06-05T21:30:02.827Z] INFO Skipped trade. {"slug":"doge-updown-5m-1780695000","reason":"btc_distance_below_threshold","market":"DOGE","minDistanceUsd":{"UP":0.0001,"DOWN":0.0001},"openingPrice":0.083085,"currentPrice":0.0830807}
[2026-06-05T21:30:35.006Z] WARN RTDS websocket closed; reconnecting soon.
[2026-06-05T21:30:38.751Z] INFO Connected to Polymarket RTDS Chainlink feed.
[2026-06-05T21:30:41.370Z] WARN RTDS websocket closed; reconnecting soon.
[2026-06-05T21:30:45.107Z] INFO Connected to Polymarket RTDS Chainlink feed.
[2026-06-05T21:33:43.837Z] INFO Skipped trade. {"slug":"eth-updown-5m-1780695000","reason":"stale_chainlink_tick","tickTimestamp":"2026-06-05T21:33:33.000Z"}
[2026-06-05T21:33:44.851Z] INFO Skipped trade. {"slug":"doge-updown-5m-1780695000","reason":"stale_chainlink_tick","tickTimestamp":"2026-06-05T21:33:34.000Z"}
[2026-06-05T21:34:30.680Z] INFO Skipped trade. {"slug":"btc-updown-5m-1780695000","reason":"no_ask_liquidity_under_cap","outcome":"DOWN"}
[2026-06-05T21:34:30.681Z] INFO Skipped trade. {"slug":"eth-updown-5m-1780695000","reason":"no_ask_liquidity_under_cap","outcome":"DOWN"}
[2026-06-05T21:34:56.353Z] INFO Skipped trade. {"slug":"doge-updown-5m-1780695000","reason":"no_ask_liquidity_under_cap","outcome":"DOWN"}
[2026-06-05T21:35:01.009Z] INFO Tracking market. {"market":"BTC","slug":"btc-updown-5m-1780695300","title":"Bitcoin Up or Down - June 5, 5:35PM-5:40PM ET","end":"2026-06-05T21:40:00.000Z","upToken":"76742818967752684886247640571950007405641567591450947110672378784479006952742","downToken":"53784181327798078061292981366742747358505970333395889230879448409272743317022","orderMinSize":5,"tickSize":"0.01"}
[2026-06-05T21:35:01.018Z] INFO Captured Chainlink opening tick. {"slug":"btc-updown-5m-1780695300","openingPrice":61481.82425305898,"tickTimestamp":"2026-06-05T21:35:00.000Z"}
[2026-06-05T21:35:01.024Z] INFO Skipped trade. {"slug":"btc-updown-5m-1780695300","reason":"btc_distance_below_threshold","market":"BTC","minDistanceUsd":{"UP":5,"DOWN":5},"openingPrice":61481.82425305898,"currentPrice":61481.82425305898}
[2026-06-05T21:35:01.024Z] INFO Tracking market. {"market":"ETH","slug":"eth-updown-5m-1780695300","title":"Ethereum Up or Down - June 5, 5:35PM-5:40PM ET","end":"2026-06-05T21:40:00.000Z","upToken":"89938548318777428623789877361214417997772682120702594208974817745883756042684","downToken":"8070539242526200192398766659883069694672440060865668255093431515882664236346","orderMinSize":5,"tickSize":"0.01"}
[2026-06-05T21:35:01.030Z] INFO Captured Chainlink opening tick. {"slug":"eth-updown-5m-1780695300","openingPrice":1608.094450600414,"tickTimestamp":"2026-06-05T21:35:00.000Z"}
[2026-06-05T21:35:01.034Z] INFO Skipped trade. {"slug":"eth-updown-5m-1780695300","reason":"btc_distance_below_threshold","market":"ETH","minDistanceUsd":{"UP":0.5,"DOWN":0.5},"openingPrice":1608.094450600414,"currentPrice":1608.094450600414}
[2026-06-05T21:35:01.034Z] INFO Tracking market. {"market":"DOGE","slug":"doge-updown-5m-1780695300","title":"Dogecoin Up or Down - June 5, 5:35PM-5:40PM ET","end":"2026-06-05T21:40:00.000Z","upToken":"56794555035199512663500538724986811433162961644727596238738752275172386457048","downToken":"32317274513013852320826760412482104216204615262947881980256653785335763156858","orderMinSize":5,"tickSize":"0.01"}
[2026-06-05T21:35:01.042Z] INFO Captured Chainlink opening tick. {"slug":"doge-updown-5m-1780695300","openingPrice":0.0829846839590006,"tickTimestamp":"2026-06-05T21:35:00.000Z"}
[2026-06-05T21:35:01.045Z] INFO Skipped trade. {"slug":"doge-updown-5m-1780695300","reason":"btc_distance_below_threshold","market":"DOGE","minDistanceUsd":{"UP":0.0001,"DOWN":0.0001},"openingPrice":0.0829846839590006,"currentPrice":0.0829846839590006}
[2026-06-05T21:39:29.246Z] INFO Skipped trade. {"slug":"btc-updown-5m-1780695300","reason":"no_ask_liquidity_under_cap","outcome":"UP"}
[2026-06-05T21:39:29.246Z] INFO Skipped trade. {"slug":"eth-updown-5m-1780695300","reason":"no_ask_liquidity_under_cap","outcome":"UP"}
[2026-06-05T21:39:29.246Z] INFO Skipped trade. {"slug":"doge-updown-5m-1780695300","reason":"no_ask_liquidity_under_cap","outcome":"UP"}
[2026-06-05T21:40:00.327Z] INFO Tracking market. {"market":"BTC","slug":"btc-updown-5m-1780695600","title":"Bitcoin Up or Down - June 5, 5:40PM-5:45PM ET","end":"2026-06-05T21:45:00.000Z","upToken":"115436405001827603784521262666426167504365438175784545092909176477377933733359","downToken":"12166842866180180528554471258699025822752279574713103376416044523722485534930","orderMinSize":5,"tickSize":"0.01"}
[2026-06-05T21:40:00.348Z] INFO Captured Chainlink opening tick. {"slug":"btc-updown-5m-1780695600","openingPrice":61805.59614498066,"tickTimestamp":"2026-06-05T21:40:00.000Z"}
[2026-06-05T21:40:00.352Z] INFO Skipped trade. {"slug":"btc-updown-5m-1780695600","reason":"btc_distance_below_threshold","market":"BTC","minDistanceUsd":{"UP":5,"DOWN":5},"openingPrice":61805.59614498066,"currentPrice":61805.59614498066}
[2026-06-05T21:40:00.352Z] INFO Tracking market. {"market":"ETH","slug":"eth-updown-5m-1780695600","title":"Ethereum Up or Down - June 5, 5:40PM-5:45PM ET","end":"2026-06-05T21:45:00.000Z","upToken":"82489737658242871735447298467926191586830889016085402940791465171451581479974","downToken":"53910450269752706394782328787921944037802953599335720981975018619004753195222","orderMinSize":5,"tickSize":"0.01"}
[2026-06-05T21:40:00.352Z] INFO Skipped trade. {"slug":"eth-updown-5m-1780695600","reason":"missing_opening_chainlink_tick"}
[2026-06-05T21:40:00.352Z] INFO Tracking market. {"market":"DOGE","slug":"doge-updown-5m-1780695600","title":"Dogecoin Up or Down - June 5, 5:40PM-5:45PM ET","end":"2026-06-05T21:45:00.000Z","upToken":"94597097645887841238194199608731701183027217687931101960688410127948883284578","downToken":"48068729309077734571657826083810646862545980441016389277292020562952769751202","orderMinSize":5,"tickSize":"0.01"}
[2026-06-05T21:40:00.352Z] INFO Skipped trade. {"slug":"doge-updown-5m-1780695600","reason":"missing_opening_chainlink_tick"}
[2026-06-05T21:40:01.368Z] INFO Captured Chainlink opening tick. {"slug":"eth-updown-5m-1780695600","openingPrice":1614.890325,"tickTimestamp":"2026-06-05T21:40:00.000Z"}
[2026-06-05T21:40:01.372Z] INFO Skipped trade. {"slug":"eth-updown-5m-1780695600","reason":"btc_distance_below_threshold","market":"ETH","minDistanceUsd":{"UP":0.5,"DOWN":0.5},"openingPrice":1614.890325,"currentPrice":1614.7456253780006}
[2026-06-05T21:40:01.380Z] INFO Captured Chainlink opening tick. {"slug":"doge-updown-5m-1780695600","openingPrice":0.0833141,"tickTimestamp":"2026-06-05T21:40:00.000Z"}
[2026-06-05T21:40:01.384Z] INFO Skipped trade. {"slug":"doge-updown-5m-1780695600","reason":"btc_distance_below_threshold","market":"DOGE","minDistanceUsd":{"UP":0.0001,"DOWN":0.0001},"openingPrice":0.0833141,"currentPrice":0.0833139159159004}
[2026-06-05T21:44:29.877Z] INFO Skipped trade. {"slug":"btc-updown-5m-1780695600","reason":"no_ask_liquidity_under_cap","outcome":"UP"}
[2026-06-05T21:44:33.391Z] INFO Skipped trade. {"slug":"eth-updown-5m-1780695600","reason":"no_ask_liquidity_under_cap","outcome":"DOWN"}
[2026-06-05T21:45:00.653Z] INFO Tracking market. {"market":"BTC","slug":"btc-updown-5m-1780695900","title":"Bitcoin Up or Down - June 5, 5:45PM-5:50PM ET","end":"2026-06-05T21:50:00.000Z","upToken":"47665157936640600476810790292591333693689473959677441427623530886824811313825","downToken":"53095570685431062343685865716485481193130484385689148688682291566890960892840","orderMinSize":5,"tickSize":"0.01"}
[2026-06-05T21:45:00.673Z] INFO Captured Chainlink opening tick. {"slug":"btc-updown-5m-1780695900","openingPrice":61847.27426877526,"tickTimestamp":"2026-06-05T21:45:00.000Z"}
[2026-06-05T21:45:00.685Z] INFO Skipped trade. {"slug":"btc-updown-5m-1780695900","reason":"btc_distance_below_threshold","market":"BTC","minDistanceUsd":{"UP":5,"DOWN":5},"openingPrice":61847.27426877526,"currentPrice":61847.27426877526}
[2026-06-05T21:45:00.686Z] INFO Tracking market. {"market":"ETH","slug":"eth-updown-5m-1780695900","title":"Ethereum Up or Down - June 5, 5:45PM-5:50PM ET","end":"2026-06-05T21:50:00.000Z","upToken":"8737957272647037779202953799263519670055950372965319193312307858142918767640","downToken":"23599682477620629127036445427776745954035335782255980827997319555388280357945","orderMinSize":5,"tickSize":"0.01"}
[2026-06-05T21:45:00.686Z] INFO Skipped trade. {"slug":"eth-updown-5m-1780695900","reason":"missing_opening_chainlink_tick"}
[2026-06-05T21:45:00.686Z] INFO Tracking market. {"market":"DOGE","slug":"doge-updown-5m-1780695900","title":"Dogecoin Up or Down - June 5, 5:45PM-5:50PM ET","end":"2026-06-05T21:50:00.000Z","upToken":"44335280229604147482569767991600459537885257841157697872142680928574273838067","downToken":"66912310188553168386005155265594850609521737008467856925102034738719162771306","orderMinSize":5,"tickSize":"0.01"}
[2026-06-05T21:45:00.686Z] INFO Skipped trade. {"slug":"doge-updown-5m-1780695900","reason":"missing_opening_chainlink_tick"}
[2026-06-05T21:45:01.698Z] INFO Captured Chainlink opening tick. {"slug":"eth-updown-5m-1780695900","openingPrice":1613.20826,"tickTimestamp":"2026-06-05T21:45:00.000Z"}
[2026-06-05T21:45:01.701Z] INFO Skipped trade. {"slug":"eth-updown-5m-1780695900","reason":"btc_distance_below_threshold","market":"ETH","minDistanceUsd":{"UP":0.5,"DOWN":0.5},"openingPrice":1613.20826,"currentPrice":1613.2073388690587}
[2026-06-05T21:45:01.710Z] INFO Captured Chainlink opening tick. {"slug":"doge-updown-5m-1780695900","openingPrice":0.08338074570998,"tickTimestamp":"2026-06-05T21:45:00.000Z"}
[2026-06-05T21:45:01.714Z] INFO Skipped trade. {"slug":"doge-updown-5m-1780695900","reason":"btc_distance_below_threshold","market":"DOGE","minDistanceUsd":{"UP":0.0001,"DOWN":0.0001},"openingPrice":0.08338074570998,"currentPrice":0.0833791}
[2026-06-05T21:48:06.274Z] INFO Skipped trade. {"slug":"eth-updown-5m-1780695900","reason":"stale_chainlink_tick","tickTimestamp":"2026-06-05T21:47:56.000Z"}
[2026-06-05T21:48:06.275Z] INFO Skipped trade. {"slug":"doge-updown-5m-1780695900","reason":"stale_chainlink_tick","tickTimestamp":"2026-06-05T21:47:56.000Z"}
[2026-06-05T21:49:28.979Z] INFO Skipped trade. {"slug":"btc-updown-5m-1780695900","reason":"no_ask_liquidity_under_cap","outcome":"DOWN"}
[2026-06-05T21:49:28.979Z] INFO Skipped trade. {"slug":"eth-updown-5m-1780695900","reason":"no_ask_liquidity_under_cap","outcome":"UP"}
[2026-06-05T21:50:01.554Z] INFO Tracking market. {"market":"BTC","slug":"btc-updown-5m-1780696200","title":"Bitcoin Up or Down - June 5, 5:50PM-5:55PM ET","end":"2026-06-05T21:55:00.000Z","upToken":"13041003151800876152350181049354929898035739662396839263903818381498340593370","downToken":"8176150072999803637007423433587191866520072047051905103467376588719198500503","orderMinSize":5,"tickSize":"0.01"}
[2026-06-05T21:50:01.565Z] INFO Captured Chainlink opening tick. {"slug":"btc-updown-5m-1780696200","openingPrice":61771.84763237825,"tickTimestamp":"2026-06-05T21:50:00.000Z"}
[2026-06-05T21:50:01.569Z] INFO Skipped trade. {"slug":"btc-updown-5m-1780696200","reason":"btc_distance_below_threshold","market":"BTC","minDistanceUsd":{"UP":5,"DOWN":5},"openingPrice":61771.84763237825,"currentPrice":61771.9382}
[2026-06-05T21:50:01.569Z] INFO Tracking market. {"market":"ETH","slug":"eth-updown-5m-1780696200","title":"Ethereum Up or Down - June 5, 5:50PM-5:55PM ET","end":"2026-06-05T21:55:00.000Z","upToken":"28714868634403509299687895609315998612226960587362571686939872690903397979364","downToken":"37684983058783128063634007826790237765242127400447697682639100497003018408133","orderMinSize":5,"tickSize":"0.01"}
[2026-06-05T21:50:01.569Z] INFO Skipped trade. {"slug":"eth-updown-5m-1780696200","reason":"missing_opening_chainlink_tick"}
[2026-06-05T21:50:01.569Z] INFO Tracking market. {"market":"DOGE","slug":"doge-updown-5m-1780696200","title":"Dogecoin Up or Down - June 5, 5:50PM-5:55PM ET","end":"2026-06-05T21:55:00.000Z","upToken":"108901993787347708619580895878050423567703870513343629710291044123169212877044","downToken":"43519289933130912644705162550818443411566772508383199666658354947746590364151","orderMinSize":5,"tickSize":"0.01"}
[2026-06-05T21:50:01.569Z] INFO Skipped trade. {"slug":"doge-updown-5m-1780696200","reason":"missing_opening_chainlink_tick"}
[2026-06-05T21:50:02.589Z] INFO Captured Chainlink opening tick. {"slug":"eth-updown-5m-1780696200","openingPrice":1615.7338508150995,"tickTimestamp":"2026-06-05T21:50:00.000Z"}
[2026-06-05T21:50:02.597Z] INFO Skipped trade. {"slug":"eth-updown-5m-1780696200","reason":"btc_distance_below_threshold","market":"ETH","minDistanceUsd":{"UP":0.5,"DOWN":0.5},"openingPrice":1615.7338508150995,"currentPrice":1615.4743366090495}
[2026-06-05T21:50:02.617Z] INFO Captured Chainlink opening tick. {"slug":"doge-updown-5m-1780696200","openingPrice":0.0833155,"tickTimestamp":"2026-06-05T21:50:00.000Z"}
[2026-06-05T21:50:02.621Z] INFO Skipped trade. {"slug":"doge-updown-5m-1780696200","reason":"btc_distance_below_threshold","market":"DOGE","minDistanceUsd":{"UP":0.0001,"DOWN":0.0001},"openingPrice":0.0833155,"currentPrice":0.0833168972446428}
[2026-06-05T21:54:29.345Z] INFO Skipped trade. {"slug":"btc-updown-5m-1780696200","reason":"no_ask_liquidity_under_cap","outcome":"DOWN"}
[2026-06-05T21:54:29.345Z] INFO Skipped trade. {"slug":"eth-updown-5m-1780696200","reason":"no_ask_liquidity_under_cap","outcome":"DOWN"}
[2026-06-05T21:55:00.769Z] INFO Tracking market. {"market":"BTC","slug":"btc-updown-5m-1780696500","title":"Bitcoin Up or Down - June 5, 5:55PM-6:00PM ET","end":"2026-06-05T22:00:00.000Z","upToken":"22151769533673635735237481938055033162437113856328442762793318516543337719105","downToken":"45036692273804536315445499889313768177379545263780829099375218818527948001442","orderMinSize":5,"tickSize":"0.01"}
[2026-06-05T21:55:00.783Z] INFO Captured Chainlink opening tick. {"slug":"btc-updown-5m-1780696500","openingPrice":61710.82516451958,"tickTimestamp":"2026-06-05T21:55:00.000Z"}
[2026-06-05T21:55:00.786Z] INFO Skipped trade. {"slug":"btc-updown-5m-1780696500","reason":"btc_distance_below_threshold","market":"BTC","minDistanceUsd":{"UP":5,"DOWN":5},"openingPrice":61710.82516451958,"currentPrice":61710.82516451958}
[2026-06-05T21:55:00.787Z] INFO Tracking market. {"market":"ETH","slug":"eth-updown-5m-1780696500","title":"Ethereum Up or Down - June 5, 5:55PM-6:00PM ET","end":"2026-06-05T22:00:00.000Z","upToken":"8909634697782128713471382620163395023041752500908549470050192822527800806827","downToken":"77764539293129017538160117868897011965419306670934477670392849831235227354988","orderMinSize":5,"tickSize":"0.01"}
[2026-06-05T21:55:00.787Z] INFO Skipped trade. {"slug":"eth-updown-5m-1780696500","reason":"missing_opening_chainlink_tick"}
[2026-06-05T21:55:00.787Z] INFO Tracking market. {"market":"DOGE","slug":"doge-updown-5m-1780696500","title":"Dogecoin Up or Down - June 5, 5:55PM-6:00PM ET","end":"2026-06-05T22:00:00.000Z","upToken":"39964093471530546246063006485291498155152604353472045427739685865599121904637","downToken":"22026186909027581963697479171481384094709500869264164289018617901329045942284","orderMinSize":5,"tickSize":"0.01"}
[2026-06-05T21:55:00.787Z] INFO Skipped trade. {"slug":"doge-updown-5m-1780696500","reason":"missing_opening_chainlink_tick"}
[2026-06-05T21:55:02.816Z] INFO Captured Chainlink opening tick. {"slug":"eth-updown-5m-1780696500","openingPrice":1613.63395,"tickTimestamp":"2026-06-05T21:55:00.000Z"}
[2026-06-05T21:55:02.820Z] INFO Skipped trade. {"slug":"eth-updown-5m-1780696500","reason":"btc_distance_below_threshold","market":"ETH","minDistanceUsd":{"UP":0.5,"DOWN":0.5},"openingPrice":1613.63395,"currentPrice":1613.5100352034601}
[2026-06-05T21:55:02.828Z] INFO Captured Chainlink opening tick. {"slug":"doge-updown-5m-1780696500","openingPrice":0.0833363,"tickTimestamp":"2026-06-05T21:55:00.000Z"}
[2026-06-05T21:55:02.831Z] INFO Skipped trade. {"slug":"doge-updown-5m-1780696500","reason":"btc_distance_below_threshold","market":"DOGE","minDistanceUsd":{"UP":0.0001,"DOWN":0.0001},"openingPrice":0.0833363,"currentPrice":0.083336}
[2026-06-05T21:59:30.299Z] INFO Skipped trade. {"slug":"btc-updown-5m-1780696500","reason":"no_ask_liquidity_under_cap","outcome":"DOWN"}
[2026-06-05T21:59:30.299Z] INFO Skipped trade. {"slug":"eth-updown-5m-1780696500","reason":"no_ask_liquidity_under_cap","outcome":"DOWN"}
[2026-06-05T21:59:30.299Z] INFO Skipped trade. {"slug":"doge-updown-5m-1780696500","reason":"no_ask_liquidity_under_cap","outcome":"DOWN"}
[2026-06-05T22:00:01.337Z] INFO Tracking market. {"market":"BTC","slug":"btc-updown-5m-1780696800","title":"Bitcoin Up or Down - June 5, 6:00PM-6:05PM ET","end":"2026-06-05T22:05:00.000Z","upToken":"57054307134715353074829629729012557392751864564043247099058981468558384111800","downToken":"53941912736906878901271013837574992504894749621102503473933936166110875440527","orderMinSize":5,"tickSize":"0.01"}
[2026-06-05T22:00:01.348Z] INFO Captured Chainlink opening tick. {"slug":"btc-updown-5m-1780696800","openingPrice":61658.7722,"tickTimestamp":"2026-06-05T22:00:00.000Z"}
[2026-06-05T22:00:01.352Z] INFO Skipped trade. {"slug":"btc-updown-5m-1780696800","reason":"btc_distance_below_threshold","market":"BTC","minDistanceUsd":{"UP":5,"DOWN":5},"openingPrice":61658.7722,"currentPrice":61658.7722}
[2026-06-05T22:00:01.352Z] INFO Tracking market. {"market":"ETH","slug":"eth-updown-5m-1780696800","title":"Ethereum Up or Down - June 5, 6:00PM-6:05PM ET","end":"2026-06-05T22:05:00.000Z","upToken":"50913193487743464688857428200862190538736431417675426626437540825955144211315","downToken":"70296090381347130275286482808767744845329548838848835905919557219072091242334","orderMinSize":5,"tickSize":"0.01"}
[2026-06-05T22:00:01.353Z] INFO Skipped trade. {"slug":"eth-updown-5m-1780696800","reason":"missing_opening_chainlink_tick"}
[2026-06-05T22:00:01.353Z] INFO Tracking market. {"market":"DOGE","slug":"doge-updown-5m-1780696800","title":"Dogecoin Up or Down - June 5, 6:00PM-6:05PM ET","end":"2026-06-05T22:05:00.000Z","upToken":"3000872515867841643315017961932177583009102933093181480918808432479777182596","downToken":"75980379260977725536574162560282559294150863459221414442321720364694389923229","orderMinSize":5,"tickSize":"0.01"}
[2026-06-05T22:00:01.353Z] INFO Skipped trade. {"slug":"doge-updown-5m-1780696800","reason":"missing_opening_chainlink_tick"}
[2026-06-05T22:00:03.387Z] INFO Captured Chainlink opening tick. {"slug":"eth-updown-5m-1780696800","openingPrice":1609.5151460323666,"tickTimestamp":"2026-06-05T22:00:00.000Z"}
[2026-06-05T22:00:03.390Z] INFO Skipped trade. {"slug":"eth-updown-5m-1780696800","reason":"btc_distance_below_threshold","market":"ETH","minDistanceUsd":{"UP":0.5,"DOWN":0.5},"openingPrice":1609.5151460323666,"currentPrice":1609.4703000642864}
[2026-06-05T22:00:03.399Z] INFO Captured Chainlink opening tick. {"slug":"doge-updown-5m-1780696800","openingPrice":0.0831319718443891,"tickTimestamp":"2026-06-05T22:00:00.000Z"}
[2026-06-05T22:00:03.403Z] INFO Skipped trade. {"slug":"doge-updown-5m-1780696800","reason":"btc_distance_below_threshold","market":"DOGE","minDistanceUsd":{"UP":0.0001,"DOWN":0.0001},"openingPrice":0.0831319718443891,"currentPrice":0.0831048829412674}
[2026-06-05T22:04:28.960Z] INFO Skipped trade. {"slug":"btc-updown-5m-1780696800","reason":"no_ask_liquidity_under_cap","outcome":"DOWN"}
[2026-06-05T22:04:28.960Z] INFO Skipped trade. {"slug":"eth-updown-5m-1780696800","reason":"no_ask_liquidity_under_cap","outcome":"DOWN"}
[2026-06-05T22:04:28.960Z] INFO Skipped trade. {"slug":"doge-updown-5m-1780696800","reason":"no_ask_liquidity_under_cap","outcome":"DOWN"}
[2026-06-05T22:05:57.320Z] INFO Tracking market. {"market":"BTC","slug":"btc-updown-5m-1780697100","title":"Bitcoin Up or Down - June 5, 6:05PM-6:10PM ET","end":"2026-06-05T22:10:00.000Z","upToken":"104834997079032480799589108734540256636359319547272325387183035332413446447251","downToken":"38843100556077841767013121140713672813668650535721872207662369482515507814218","orderMinSize":5,"tickSize":"0.01"}
[2026-06-05T22:05:57.329Z] INFO Captured Chainlink opening tick. {"slug":"btc-updown-5m-1780697100","openingPrice":61407.82569607151,"tickTimestamp":"2026-06-05T22:05:00.000Z"}
[2026-06-05T22:05:57.331Z] INFO Tracking market. {"market":"ETH","slug":"eth-updown-5m-1780697100","title":"Ethereum Up or Down - June 5, 6:05PM-6:10PM ET","end":"2026-06-05T22:10:00.000Z","upToken":"1297714053379510253392908418169760112085699334116863466436315009057057042244","downToken":"33360019363979910885342704951362878440677815667000313518477748946520610666250","orderMinSize":5,"tickSize":"0.01"}
[2026-06-05T22:05:57.338Z] INFO Captured Chainlink opening tick. {"slug":"eth-updown-5m-1780697100","openingPrice":1598.009495,"tickTimestamp":"2026-06-05T22:05:00.000Z"}
[2026-06-05T22:05:57.340Z] INFO Tracking market. {"market":"DOGE","slug":"doge-updown-5m-1780697100","title":"Dogecoin Up or Down - June 5, 6:05PM-6:10PM ET","end":"2026-06-05T22:10:00.000Z","upToken":"11586149953348907556341219716433393341281059119101306385660399525187771034605","downToken":"105233974334208028721268583344724558133010127315801628497224037762341758084436","orderMinSize":5,"tickSize":"0.01"}
[2026-06-05T22:05:57.348Z] INFO Captured Chainlink opening tick. {"slug":"doge-updown-5m-1780697100","openingPrice":0.0824508485112966,"tickTimestamp":"2026-06-05T22:05:00.000Z"}
[2026-06-05T22:08:09.358Z] INFO Skipped trade. {"slug":"eth-updown-5m-1780697100","reason":"btc_distance_below_threshold","market":"ETH","minDistanceUsd":{"UP":0.5,"DOWN":0.5},"openingPrice":1598.009495,"currentPrice":1597.84464}
[2026-06-05T22:08:38.365Z] INFO Skipped trade. {"slug":"btc-updown-5m-1780697100","reason":"btc_distance_below_threshold","market":"BTC","minDistanceUsd":{"UP":5,"DOWN":5},"openingPrice":61407.82569607151,"currentPrice":61410.44022781678}
[2026-06-05T22:08:59.151Z] INFO Skipped trade. {"slug":"doge-updown-5m-1780697100","reason":"btc_distance_below_threshold","market":"DOGE","minDistanceUsd":{"UP":0.0001,"DOWN":0.0001},"openingPrice":0.0824508485112966,"currentPrice":0.082397}
[2026-06-05T22:09:29.176Z] INFO Skipped trade. {"slug":"btc-updown-5m-1780697100","reason":"no_ask_liquidity_under_cap","outcome":"UP"}
[2026-06-05T22:09:31.112Z] INFO Skipped trade. {"slug":"eth-updown-5m-1780697100","reason":"no_ask_liquidity_under_cap","outcome":"UP"}
[2026-06-05T22:09:36.444Z] INFO Trade attempt recorded. {"mode":"sim","slug":"btc-updown-5m-1780697100","outcome":"UP","amountUsd":5,"bestAsk":0.5,"estimatedShares":9.857450980392157}
[2026-06-05T22:09:37.697Z] INFO Skipped trade. {"slug":"btc-updown-5m-1780697100","reason":"market_already_traded"}
[2026-06-05T22:09:38.169Z] INFO Trade attempt recorded. {"mode":"sim","slug":"eth-updown-5m-1780697100","outcome":"UP","amountUsd":5,"bestAsk":0.57,"estimatedShares":8.51593220338983}
[2026-06-05T22:09:39.633Z] INFO Skipped trade. {"slug":"eth-updown-5m-1780697100","reason":"market_already_traded"}
[2026-06-05T22:10:00.323Z] INFO Resolved trade. {"mode":"sim","slug":"btc-updown-5m-1780697100","outcome":"UP","winningOutcome":"DOWN","won":false,"finalPrice":61383.73894039098}
[2026-06-05T22:10:00.566Z] INFO Tracking market. {"market":"BTC","slug":"btc-updown-5m-1780697400","title":"Bitcoin Up or Down - June 5, 6:10PM-6:15PM ET","end":"2026-06-05T22:15:00.000Z","upToken":"70594420611455732185717668279360911426915446191611737733176612249291552963233","downToken":"10378059767681736406817438775920867516783692450739395836794410542358261669737","orderMinSize":5,"tickSize":"0.01"}
[2026-06-05T22:10:00.574Z] INFO Captured Chainlink opening tick. {"slug":"btc-updown-5m-1780697400","openingPrice":61383.73894039098,"tickTimestamp":"2026-06-05T22:10:00.000Z"}
[2026-06-05T22:10:00.578Z] INFO Skipped trade. {"slug":"btc-updown-5m-1780697400","reason":"btc_distance_below_threshold","market":"BTC","minDistanceUsd":{"UP":5,"DOWN":5},"openingPrice":61383.73894039098,"currentPrice":61383.73894039098}
[2026-06-05T22:10:00.578Z] INFO Tracking market. {"market":"ETH","slug":"eth-updown-5m-1780697400","title":"Ethereum Up or Down - June 5, 6:10PM-6:15PM ET","end":"2026-06-05T22:15:00.000Z","upToken":"12324464613641385150919511787313508426093037038234656443819050815424145311928","downToken":"112391128985108466999933725350232520270558580361647310867350518945080731307638","orderMinSize":5,"tickSize":"0.01"}
[2026-06-05T22:10:00.578Z] INFO Skipped trade. {"slug":"eth-updown-5m-1780697400","reason":"missing_opening_chainlink_tick"}
[2026-06-05T22:10:00.578Z] INFO Tracking market. {"market":"DOGE","slug":"doge-updown-5m-1780697400","title":"Dogecoin Up or Down - June 5, 6:10PM-6:15PM ET","end":"2026-06-05T22:15:00.000Z","upToken":"112202600987972534543632639116540679198976449744788780052985514545474842250266","downToken":"90701232243496781357232843574322752317457812057351778080558367950609806462551","orderMinSize":5,"tickSize":"0.01"}
[2026-06-05T22:10:00.578Z] INFO Skipped trade. {"slug":"doge-updown-5m-1780697400","reason":"missing_opening_chainlink_tick"}
[2026-06-05T22:10:04.632Z] INFO Resolved trade. {"mode":"sim","slug":"eth-updown-5m-1780697100","outcome":"UP","winningOutcome":"DOWN","won":false,"finalPrice":1597.127075}
[2026-06-05T22:10:04.640Z] INFO Captured Chainlink opening tick. {"slug":"eth-updown-5m-1780697400","openingPrice":1596.9498014579765,"tickTimestamp":"2026-06-05T22:10:00.000Z"}
[2026-06-05T22:10:04.643Z] INFO Skipped trade. {"slug":"eth-updown-5m-1780697400","reason":"btc_distance_below_threshold","market":"ETH","minDistanceUsd":{"UP":0.5,"DOWN":0.5},"openingPrice":1596.9498014579765,"currentPrice":1597.127075}
[2026-06-05T22:10:04.652Z] INFO Captured Chainlink opening tick. {"slug":"doge-updown-5m-1780697400","openingPrice":0.0824979,"tickTimestamp":"2026-06-05T22:10:00.000Z"}
[2026-06-05T22:10:04.657Z] INFO Skipped trade. {"slug":"doge-updown-5m-1780697400","reason":"btc_distance_below_threshold","market":"DOGE","minDistanceUsd":{"UP":0.0001,"DOWN":0.0001},"openingPrice":0.0824979,"currentPrice":0.082522274}
[2026-06-05T22:15:53.599Z] INFO Tracking market. {"market":"BTC","slug":"btc-updown-5m-1780697700","title":"Bitcoin Up or Down - June 5, 6:15PM-6:20PM ET","end":"2026-06-05T22:20:00.000Z","upToken":"34694235687110911609175037774030759841075590828372956864111985311270682622358","downToken":"15913849797594594036707905395674198796538243480543022401061124263072699940364","orderMinSize":5,"tickSize":"0.01"}
[2026-06-05T22:15:53.608Z] INFO Captured Chainlink opening tick. {"slug":"btc-updown-5m-1780697700","openingPrice":61378.49627424158,"tickTimestamp":"2026-06-05T22:15:00.000Z"}
[2026-06-05T22:15:53.612Z] INFO Tracking market. {"market":"ETH","slug":"eth-updown-5m-1780697700","title":"Ethereum Up or Down - June 5, 6:15PM-6:20PM ET","end":"2026-06-05T22:20:00.000Z","upToken":"17359254530173964125967136939734496196327485232962699152763760490566504282100","downToken":"91239748556814443127389508120722573436582580897559079256702881804894908415790","orderMinSize":5,"tickSize":"0.01"}
[2026-06-05T22:15:53.619Z] INFO Captured Chainlink opening tick. {"slug":"eth-updown-5m-1780697700","openingPrice":1594.0011,"tickTimestamp":"2026-06-05T22:15:00.000Z"}
[2026-06-05T22:15:53.622Z] INFO Tracking market. {"market":"DOGE","slug":"doge-updown-5m-1780697700","title":"Dogecoin Up or Down - June 5, 6:15PM-6:20PM ET","end":"2026-06-05T22:20:00.000Z","upToken":"82807833575189094626764533776032843128070430809506491598208569059078039079752","downToken":"88789713816335400220772611283178168998050212143170124245155359079729046878924","orderMinSize":5,"tickSize":"0.01"}
[2026-06-05T22:15:53.629Z] INFO Captured Chainlink opening tick. {"slug":"doge-updown-5m-1780697700","openingPrice":0.0825282656307107,"tickTimestamp":"2026-06-05T22:15:00.000Z"}
[2026-06-05T22:15:53.632Z] INFO Skipped trade. {"slug":"doge-updown-5m-1780697700","reason":"btc_distance_below_threshold","market":"DOGE","minDistanceUsd":{"UP":0.0001,"DOWN":0.0001},"openingPrice":0.0825282656307107,"currentPrice":0.0826032729870795}
[2026-06-05T22:19:29.248Z] INFO Skipped trade. {"slug":"btc-updown-5m-1780697700","reason":"no_ask_liquidity_under_cap","outcome":"UP"}
[2026-06-05T22:19:29.248Z] INFO Skipped trade. {"slug":"eth-updown-5m-1780697700","reason":"no_ask_liquidity_under_cap","outcome":"UP"}
[2026-06-05T22:19:51.617Z] INFO Skipped trade. {"slug":"doge-updown-5m-1780697700","reason":"no_ask_liquidity_under_cap","outcome":"UP"}
[2026-06-05T22:20:00.333Z] INFO Tracking market. {"market":"BTC","slug":"btc-updown-5m-1780698000","title":"Bitcoin Up or Down - June 5, 6:20PM-6:25PM ET","end":"2026-06-05T22:25:00.000Z","upToken":"36789415512173403579687952450079073303922980708235263753787673838701796944351","downToken":"86551823177666056035250047035588327358483726441402007200235017165549481686046","orderMinSize":5,"tickSize":"0.01"}
[2026-06-05T22:20:00.346Z] INFO Captured Chainlink opening tick. {"slug":"btc-updown-5m-1780698000","openingPrice":61615.18515039251,"tickTimestamp":"2026-06-05T22:20:00.000Z"}
[2026-06-05T22:20:00.352Z] INFO Skipped trade. {"slug":"btc-updown-5m-1780698000","reason":"btc_distance_below_threshold","market":"BTC","minDistanceUsd":{"UP":5,"DOWN":5},"openingPrice":61615.18515039251,"currentPrice":61615.18515039251}
[2026-06-05T22:20:00.353Z] INFO Tracking market. {"market":"ETH","slug":"eth-updown-5m-1780698000","title":"Ethereum Up or Down - June 5, 6:20PM-6:25PM ET","end":"2026-06-05T22:25:00.000Z","upToken":"89220657855773496946960829403458994876139493907674805041625255735826870148656","downToken":"108886745486224703737326110763084652871547897687988018378907257829302910375529","orderMinSize":5,"tickSize":"0.01"}
[2026-06-05T22:20:00.353Z] INFO Skipped trade. {"slug":"eth-updown-5m-1780698000","reason":"missing_opening_chainlink_tick"}
[2026-06-05T22:20:00.353Z] INFO Tracking market. {"market":"DOGE","slug":"doge-updown-5m-1780698000","title":"Dogecoin Up or Down - June 5, 6:20PM-6:25PM ET","end":"2026-06-05T22:25:00.000Z","upToken":"32347763523961089281057028319409046372046977583046384938810372395135351002352","downToken":"109308053673408909390572881519358050455381858855350859522246349146938113541208","orderMinSize":5,"tickSize":"0.01"}
[2026-06-05T22:20:00.353Z] INFO Skipped trade. {"slug":"doge-updown-5m-1780698000","reason":"missing_opening_chainlink_tick"}
[2026-06-05T22:20:05.516Z] INFO Captured Chainlink opening tick. {"slug":"eth-updown-5m-1780698000","openingPrice":1602.60105,"tickTimestamp":"2026-06-05T22:20:00.000Z"}
[2026-06-05T22:20:05.520Z] INFO Skipped trade. {"slug":"eth-updown-5m-1780698000","reason":"btc_distance_below_threshold","market":"ETH","minDistanceUsd":{"UP":0.5,"DOWN":0.5},"openingPrice":1602.60105,"currentPrice":1602.5457174517903}
[2026-06-05T22:20:05.526Z] INFO Captured Chainlink opening tick. {"slug":"doge-updown-5m-1780698000","openingPrice":0.0829384197479228,"tickTimestamp":"2026-06-05T22:20:00.000Z"}
[2026-06-05T22:20:05.529Z] INFO Skipped trade. {"slug":"doge-updown-5m-1780698000","reason":"btc_distance_below_threshold","market":"DOGE","minDistanceUsd":{"UP":0.0001,"DOWN":0.0001},"openingPrice":0.0829384197479228,"currentPrice":0.0829458}
[2026-06-05T22:24:29.735Z] INFO Skipped trade. {"slug":"btc-updown-5m-1780698000","reason":"no_ask_liquidity_under_cap","outcome":"DOWN"}
[2026-06-05T22:24:29.736Z] INFO Skipped trade. {"slug":"eth-updown-5m-1780698000","reason":"no_ask_liquidity_under_cap","outcome":"DOWN"}
[2026-06-05T22:24:31.434Z] INFO Skipped trade. {"slug":"doge-updown-5m-1780698000","reason":"no_ask_liquidity_under_cap","outcome":"DOWN"}
[CLOB Client] request error {"status":404,"statusText":"Not Found","data":{"error":"No orderbook exists for the requested token id"},"config":{"transitional":{"silentJSONParsing":true,"forcedJSONParsing":true,"clarifyTimeoutError":false,"legacyInterceptorReqResOrdering":true},"adapter":["xhr","http","fetch"],"transformRequest":[null],"transformResponse":[null],"timeout":0,"xsrfCookieName":"XSRF-TOKEN","xsrfHeaderName":"X-XSRF-TOKEN","maxContentLength":-1,"maxBodyLength":-1,"env":{},"headers":{"Accept":"application/json, text/plain, */*","User-Agent":"axios/1.16.0","Accept-Encoding":"gzip, compress, deflate, br"},"method":"get","url":"https://clob.polymarket.com/book","params":{"token_id":"89220657855773496946960829403458994876139493907674805041625255735826870148656"},"allowAbsoluteUrls":true}}
[CLOB Client] request error {"status":404,"statusText":"Not Found","data":{"error":"No orderbook exists for the requested token id"},"config":{"transitional":{"silentJSONParsing":true,"forcedJSONParsing":true,"clarifyTimeoutError":false,"legacyInterceptorReqResOrdering":true},"adapter":["xhr","http","fetch"],"transformRequest":[null],"transformResponse":[null],"timeout":0,"xsrfCookieName":"XSRF-TOKEN","xsrfHeaderName":"X-XSRF-TOKEN","maxContentLength":-1,"maxBodyLength":-1,"env":{},"headers":{"Accept":"application/json, text/plain, */*","User-Agent":"axios/1.16.0","Accept-Encoding":"gzip, compress, deflate, br"},"method":"get","url":"https://clob.polymarket.com/book","params":{"token_id":"108886745486224703737326110763084652871547897687988018378907257829302910375529"},"allowAbsoluteUrls":true}}
[CLOB Client] request error {"status":404,"statusText":"Not Found","data":{"error":"No orderbook exists for the requested token id"},"config":{"transitional":{"silentJSONParsing":true,"forcedJSONParsing":true,"clarifyTimeoutError":false,"legacyInterceptorReqResOrdering":true},"adapter":["xhr","http","fetch"],"transformRequest":[null],"transformResponse":[null],"timeout":0,"xsrfCookieName":"XSRF-TOKEN","xsrfHeaderName":"X-XSRF-TOKEN","maxContentLength":-1,"maxBodyLength":-1,"env":{},"headers":{"Accept":"application/json, text/plain, */*","User-Agent":"axios/1.16.0","Accept-Encoding":"gzip, compress, deflate, br"},"method":"get","url":"https://clob.polymarket.com/book","params":{"token_id":"109308053673408909390572881519358050455381858855350859522246349146938113541208"},"allowAbsoluteUrls":true}}
[CLOB Client] request error {"status":404,"statusText":"Not Found","data":{"error":"No orderbook exists for the requested token id"},"config":{"transitional":{"silentJSONParsing":true,"forcedJSONParsing":true,"clarifyTimeoutError":false,"legacyInterceptorReqResOrdering":true},"adapter":["xhr","http","fetch"],"transformRequest":[null],"transformResponse":[null],"timeout":0,"xsrfCookieName":"XSRF-TOKEN","xsrfHeaderName":"X-XSRF-TOKEN","maxContentLength":-1,"maxBodyLength":-1,"env":{},"headers":{"Accept":"application/json, text/plain, */*","User-Agent":"axios/1.16.0","Accept-Encoding":"gzip, compress, deflate, br"},"method":"get","url":"https://clob.polymarket.com/book","params":{"token_id":"32347763523961089281057028319409046372046977583046384938810372395135351002352"},"allowAbsoluteUrls":true}}
[CLOB Client] request error {"status":404,"statusText":"Not Found","data":{"error":"No orderbook exists for the requested token id"},"config":{"transitional":{"silentJSONParsing":true,"forcedJSONParsing":true,"clarifyTimeoutError":false,"legacyInterceptorReqResOrdering":true},"adapter":["xhr","http","fetch"],"transformRequest":[null],"transformResponse":[null],"timeout":0,"xsrfCookieName":"XSRF-TOKEN","xsrfHeaderName":"X-XSRF-TOKEN","maxContentLength":-1,"maxBodyLength":-1,"env":{},"headers":{"Accept":"application/json, text/plain, */*","User-Agent":"axios/1.16.0","Accept-Encoding":"gzip, compress, deflate, br"},"method":"get","url":"https://clob.polymarket.com/book","params":{"token_id":"108886745486224703737326110763084652871547897687988018378907257829302910375529"},"allowAbsoluteUrls":true}}
[2026-06-05T22:27:13.292Z] INFO Skipped trade. {"slug":"eth-updown-5m-1780698000","reason":"orderbook_quote_failed","outcome":"DOWN","error":"No orderbook exists for the requested token id"}
[CLOB Client] request error {"status":404,"statusText":"Not Found","data":{"error":"No orderbook exists for the requested token id"},"config":{"transitional":{"silentJSONParsing":true,"forcedJSONParsing":true,"clarifyTimeoutError":false,"legacyInterceptorReqResOrdering":true},"adapter":["xhr","http","fetch"],"transformRequest":[null],"transformResponse":[null],"timeout":0,"xsrfCookieName":"XSRF-TOKEN","xsrfHeaderName":"X-XSRF-TOKEN","maxContentLength":-1,"maxBodyLength":-1,"env":{},"headers":{"Accept":"application/json, text/plain, */*","User-Agent":"axios/1.16.0","Accept-Encoding":"gzip, compress, deflate, br"},"method":"get","url":"https://clob.polymarket.com/book","params":{"token_id":"109308053673408909390572881519358050455381858855350859522246349146938113541208"},"allowAbsoluteUrls":true}}
[2026-06-05T22:27:13.385Z] INFO Skipped trade. {"slug":"doge-updown-5m-1780698000","reason":"orderbook_quote_failed","outcome":"DOWN","error":"No orderbook exists for the requested token id"}
[2026-06-05T22:27:14.833Z] INFO Tracking market. {"market":"BTC","slug":"btc-updown-5m-1780698300","title":"Bitcoin Up or Down - June 5, 6:25PM-6:30PM ET","end":"2026-06-05T22:30:00.000Z","upToken":"15524531148305769695564927670049790994364929744298805975849273113249581446696","downToken":"100407397326217177571355048848541895510205357977092893755053753999936469374340","orderMinSize":5,"tickSize":"0.01"}
[2026-06-05T22:27:14.841Z] INFO Captured Chainlink opening tick. {"slug":"btc-updown-5m-1780698300","openingPrice":61517.50370585943,"tickTimestamp":"2026-06-05T22:25:00.000Z"}
[2026-06-05T22:27:14.845Z] INFO Tracking market. {"market":"ETH","slug":"eth-updown-5m-1780698300","title":"Ethereum Up or Down - June 5, 6:25PM-6:30PM ET","end":"2026-06-05T22:30:00.000Z","upToken":"24295900056492517033722903362370105608373074531287280246394366239301745114699","downToken":"60409419660011851033857156017739273050241207921309587103317078086568378619259","orderMinSize":5,"tickSize":"0.01"}
[2026-06-05T22:27:14.852Z] INFO Captured Chainlink opening tick. {"slug":"eth-updown-5m-1780698300","openingPrice":1596.052427331322,"tickTimestamp":"2026-06-05T22:25:00.000Z"}
[2026-06-05T22:27:14.854Z] INFO Tracking market. {"market":"DOGE","slug":"doge-updown-5m-1780698300","title":"Dogecoin Up or Down - June 5, 6:25PM-6:30PM ET","end":"2026-06-05T22:30:00.000Z","upToken":"59112513629401076712061939418679808547179188002149041760454335850747203192185","downToken":"39694516627315840306196100527796089821997281736438046623178133762954926585285","orderMinSize":5,"tickSize":"0.01"}
[2026-06-05T22:27:14.861Z] INFO Captured Chainlink opening tick. {"slug":"doge-updown-5m-1780698300","openingPrice":0.0829315,"tickTimestamp":"2026-06-05T22:25:00.000Z"}
[2026-06-05T22:27:26.452Z] INFO Skipped trade. {"slug":"eth-updown-5m-1780698300","reason":"btc_distance_below_threshold","market":"ETH","minDistanceUsd":{"UP":0.5,"DOWN":0.5},"openingPrice":1596.052427331322,"currentPrice":1596.1940277841081}
[2026-06-05T22:27:27.460Z] INFO Skipped trade. {"slug":"btc-updown-5m-1780698300","reason":"btc_distance_below_threshold","market":"BTC","minDistanceUsd":{"UP":5,"DOWN":5},"openingPrice":61517.50370585943,"currentPrice":61517.860055}
[2026-06-05T22:28:30.840Z] INFO Skipped trade. {"slug":"doge-updown-5m-1780698300","reason":"btc_distance_below_threshold","market":"DOGE","minDistanceUsd":{"UP":0.0001,"DOWN":0.0001},"openingPrice":0.0829315,"currentPrice":0.0828406}
[2026-06-05T22:29:43.309Z] INFO Skipped trade. {"slug":"btc-updown-5m-1780698300","reason":"no_ask_liquidity_under_cap","outcome":"DOWN"}
[2026-06-05T22:29:43.309Z] INFO Skipped trade. {"slug":"eth-updown-5m-1780698300","reason":"no_ask_liquidity_under_cap","outcome":"DOWN"}
[2026-06-05T22:29:43.309Z] INFO Skipped trade. {"slug":"doge-updown-5m-1780698300","reason":"no_ask_liquidity_under_cap","outcome":"DOWN"}
[2026-06-05T22:31:22.431Z] WARN RTDS websocket closed; reconnecting soon.
[2026-06-05T22:31:26.240Z] INFO Connected to Polymarket RTDS Chainlink feed.
[2026-06-05T22:31:28.974Z] WARN RTDS websocket closed; reconnecting soon.
[2026-06-05T22:31:32.683Z] INFO Connected to Polymarket RTDS Chainlink feed.
[CLOB Client] request error {"status":404,"statusText":"Not Found","data":{"error":"No orderbook exists for the requested token id"},"config":{"transitional":{"silentJSONParsing":true,"forcedJSONParsing":true,"clarifyTimeoutError":false,"legacyInterceptorReqResOrdering":true},"adapter":["xhr","http","fetch"],"transformRequest":[null],"transformResponse":[null],"timeout":0,"xsrfCookieName":"XSRF-TOKEN","xsrfHeaderName":"X-XSRF-TOKEN","maxContentLength":-1,"maxBodyLength":-1,"env":{},"headers":{"Accept":"application/json, text/plain, */*","User-Agent":"axios/1.16.0","Accept-Encoding":"gzip, compress, deflate, br"},"method":"get","url":"https://clob.polymarket.com/book","params":{"token_id":"39694516627315840306196100527796089821997281736438046623178133762954926585285"},"allowAbsoluteUrls":true}}
[CLOB Client] request error {"status":404,"statusText":"Not Found","data":{"error":"No orderbook exists for the requested token id"},"config":{"transitional":{"silentJSONParsing":true,"forcedJSONParsing":true,"clarifyTimeoutError":false,"legacyInterceptorReqResOrdering":true},"adapter":["xhr","http","fetch"],"transformRequest":[null],"transformResponse":[null],"timeout":0,"xsrfCookieName":"XSRF-TOKEN","xsrfHeaderName":"X-XSRF-TOKEN","maxContentLength":-1,"maxBodyLength":-1,"env":{},"headers":{"Accept":"application/json, text/plain, */*","User-Agent":"axios/1.16.0","Accept-Encoding":"gzip, compress, deflate, br"},"method":"get","url":"https://clob.polymarket.com/book","params":{"token_id":"59112513629401076712061939418679808547179188002149041760454335850747203192185"},"allowAbsoluteUrls":true}}
[CLOB Client] request error {"status":404,"statusText":"Not Found","data":{"error":"No orderbook exists for the requested token id"},"config":{"transitional":{"silentJSONParsing":true,"forcedJSONParsing":true,"clarifyTimeoutError":false,"legacyInterceptorReqResOrdering":true},"adapter":["xhr","http","fetch"],"transformRequest":[null],"transformResponse":[null],"timeout":0,"xsrfCookieName":"XSRF-TOKEN","xsrfHeaderName":"X-XSRF-TOKEN","maxContentLength":-1,"maxBodyLength":-1,"env":{},"headers":{"Accept":"application/json, text/plain, */*","User-Agent":"axios/1.16.0","Accept-Encoding":"gzip, compress, deflate, br"},"method":"get","url":"https://clob.polymarket.com/book","params":{"token_id":"39694516627315840306196100527796089821997281736438046623178133762954926585285"},"allowAbsoluteUrls":true}}
[2026-06-05T22:32:12.289Z] INFO Skipped trade. {"slug":"doge-updown-5m-1780698300","reason":"orderbook_quote_failed","outcome":"DOWN","error":"No orderbook exists for the requested token id"}
[2026-06-05T22:32:13.678Z] INFO Tracking market. {"market":"BTC","slug":"btc-updown-5m-1780698600","title":"Bitcoin Up or Down - June 5, 6:30PM-6:35PM ET","end":"2026-06-05T22:35:00.000Z","upToken":"42601323348824775914697560671516664642724549964733638135340845411786377745689","downToken":"9576933511536578338947346130081748832783739905890244026425205556352238404316","orderMinSize":5,"tickSize":"0.01"}
[2026-06-05T22:32:13.696Z] INFO Captured Chainlink opening tick. {"slug":"btc-updown-5m-1780698600","openingPrice":61467.69883376116,"tickTimestamp":"2026-06-05T22:30:00.000Z"}
[2026-06-05T22:32:13.704Z] INFO Tracking market. {"market":"ETH","slug":"eth-updown-5m-1780698600","title":"Ethereum Up or Down - June 5, 6:30PM-6:35PM ET","end":"2026-06-05T22:35:00.000Z","upToken":"5579752535600890771834481701306986244991773628550532024087624796779577119672","downToken":"81964221821260025891863859954162325762831745515785095899072627556179363057783","orderMinSize":5,"tickSize":"0.01"}
[2026-06-05T22:32:13.720Z] INFO Captured Chainlink opening tick. {"slug":"eth-updown-5m-1780698600","openingPrice":1594.2956491038753,"tickTimestamp":"2026-06-05T22:30:00.000Z"}
[2026-06-05T22:32:13.724Z] INFO Tracking market. {"market":"DOGE","slug":"doge-updown-5m-1780698600","title":"Dogecoin Up or Down - June 5, 6:30PM-6:35PM ET","end":"2026-06-05T22:35:00.000Z","upToken":"15095011435543182887733018076763667791572599068939085714841954409751295660736","downToken":"25125675899781258567878532350888675361802967542533996149423082702257864713610","orderMinSize":5,"tickSize":"0.01"}
[2026-06-05T22:32:13.732Z] INFO Captured Chainlink opening tick. {"slug":"doge-updown-5m-1780698600","openingPrice":0.0826850167949573,"tickTimestamp":"2026-06-05T22:30:00.000Z"}
[2026-06-05T22:32:13.735Z] INFO Skipped trade. {"slug":"doge-updown-5m-1780698600","reason":"btc_distance_below_threshold","market":"DOGE","minDistanceUsd":{"UP":0.0001,"DOWN":0.0001},"openingPrice":0.0826850167949573,"currentPrice":0.0827417221444329}
[2026-06-05T22:34:32.007Z] INFO Skipped trade. {"slug":"btc-updown-5m-1780698600","reason":"no_ask_liquidity_under_cap","outcome":"UP"}
[2026-06-05T22:34:32.007Z] INFO Skipped trade. {"slug":"eth-updown-5m-1780698600","reason":"no_ask_liquidity_under_cap","outcome":"UP"}
[2026-06-05T22:35:01.995Z] INFO Tracking market. {"market":"BTC","slug":"btc-updown-5m-1780698900","title":"Bitcoin Up or Down - June 5, 6:35PM-6:40PM ET","end":"2026-06-05T22:40:00.000Z","upToken":"2664769789459851465101469942710649194110924564654067724461060690276670393495","downToken":"115332853422311139166839556173778146907389195856544547105810886737650084446365","orderMinSize":5,"tickSize":"0.01"}
[2026-06-05T22:35:02.005Z] INFO Captured Chainlink opening tick. {"slug":"btc-updown-5m-1780698900","openingPrice":61613.829123189294,"tickTimestamp":"2026-06-05T22:35:00.000Z"}
[2026-06-05T22:35:02.009Z] INFO Tracking market. {"market":"ETH","slug":"eth-updown-5m-1780698900","title":"Ethereum Up or Down - June 5, 6:35PM-6:40PM ET","end":"2026-06-05T22:40:00.000Z","upToken":"107763952869832163836305539688694864156389325436021189397421022336935731660788","downToken":"90675889213778659590633657964280498927131025336339605033993981632901795512312","orderMinSize":5,"tickSize":"0.01"}
[2026-06-05T22:35:02.020Z] INFO Captured Chainlink opening tick. {"slug":"eth-updown-5m-1780698900","openingPrice":1596.01229,"tickTimestamp":"2026-06-05T22:35:00.000Z"}
[2026-06-05T22:35:02.024Z] INFO Skipped trade. {"slug":"eth-updown-5m-1780698900","reason":"btc_distance_below_threshold","market":"ETH","minDistanceUsd":{"UP":0.5,"DOWN":0.5},"openingPrice":1596.01229,"currentPrice":1595.9365166931284}
[2026-06-05T22:35:02.024Z] INFO Tracking market. {"market":"DOGE","slug":"doge-updown-5m-1780698900","title":"Dogecoin Up or Down - June 5, 6:35PM-6:40PM ET","end":"2026-06-05T22:40:00.000Z","upToken":"51722222543895405226447994256257132948460133682548253433528425821726008153357","downToken":"46409477731114075593650441285555741070608786113046600241571767494970800474151","orderMinSize":5,"tickSize":"0.01"}
[2026-06-05T22:35:02.034Z] INFO Captured Chainlink opening tick. {"slug":"doge-updown-5m-1780698900","openingPrice":0.0827606,"tickTimestamp":"2026-06-05T22:35:00.000Z"}
[2026-06-05T22:35:02.039Z] INFO Skipped trade. {"slug":"doge-updown-5m-1780698900","reason":"btc_distance_below_threshold","market":"DOGE","minDistanceUsd":{"UP":0.0001,"DOWN":0.0001},"openingPrice":0.0827606,"currentPrice":0.0827519095291705}
[2026-06-05T22:35:03.045Z] INFO Skipped trade. {"slug":"btc-updown-5m-1780698900","reason":"btc_distance_below_threshold","market":"BTC","minDistanceUsd":{"UP":5,"DOWN":5},"openingPrice":61613.829123189294,"currentPrice":61611.59}
[2026-06-05T22:39:31.266Z] INFO Skipped trade. {"slug":"btc-updown-5m-1780698900","reason":"no_ask_liquidity_under_cap","outcome":"UP"}
[2026-06-05T22:39:31.266Z] INFO Skipped trade. {"slug":"eth-updown-5m-1780698900","reason":"no_ask_liquidity_under_cap","outcome":"UP"}
[2026-06-05T22:39:31.266Z] INFO Skipped trade. {"slug":"doge-updown-5m-1780698900","reason":"no_ask_liquidity_under_cap","outcome":"UP"}
[2026-06-05T22:40:02.684Z] INFO Tracking market. {"market":"BTC","slug":"btc-updown-5m-1780699200","title":"Bitcoin Up or Down - June 5, 6:40PM-6:45PM ET","end":"2026-06-05T22:45:00.000Z","upToken":"69337193729313170167984307267860093668564050579828234841589287263916089154752","downToken":"19567136773903869694281705762874651952854676540748278332786730094997095650261","orderMinSize":5,"tickSize":"0.01"}
[2026-06-05T22:40:02.698Z] INFO Captured Chainlink opening tick. {"slug":"btc-updown-5m-1780699200","openingPrice":61811.180215,"tickTimestamp":"2026-06-05T22:40:00.000Z"}
[2026-06-05T22:40:02.704Z] INFO Tracking market. {"market":"ETH","slug":"eth-updown-5m-1780699200","title":"Ethereum Up or Down - June 5, 6:40PM-6:45PM ET","end":"2026-06-05T22:45:00.000Z","upToken":"109787718222425187759523611544196281242140962224906878624909388323528540188479","downToken":"61259452922665126297847880085199864962465852863865853734222897215749643754647","orderMinSize":5,"tickSize":"0.01"}
[2026-06-05T22:40:02.714Z] INFO Captured Chainlink opening tick. {"slug":"eth-updown-5m-1780699200","openingPrice":1604.52865,"tickTimestamp":"2026-06-05T22:40:00.000Z"}
[2026-06-05T22:40:02.717Z] INFO Tracking market. {"market":"DOGE","slug":"doge-updown-5m-1780699200","title":"Dogecoin Up or Down - June 5, 6:40PM-6:45PM ET","end":"2026-06-05T22:45:00.000Z","upToken":"1480122946547154032236677228524736343582292467691599897187846620400316403193","downToken":"93494331276590952656619146958818224440901878473541692091925919276362546880718","orderMinSize":5,"tickSize":"0.01"}
[2026-06-05T22:40:02.725Z] INFO Captured Chainlink opening tick. {"slug":"doge-updown-5m-1780699200","openingPrice":0.08306616,"tickTimestamp":"2026-06-05T22:40:00.000Z"}
[2026-06-05T22:40:02.729Z] INFO Skipped trade. {"slug":"doge-updown-5m-1780699200","reason":"btc_distance_below_threshold","market":"DOGE","minDistanceUsd":{"UP":0.0001,"DOWN":0.0001},"openingPrice":0.08306616,"currentPrice":0.0830244002002972}
[2026-06-05T22:40:05.767Z] INFO Skipped trade. {"slug":"btc-updown-5m-1780699200","reason":"btc_distance_below_threshold","market":"BTC","minDistanceUsd":{"UP":5,"DOWN":5},"openingPrice":61811.180215,"currentPrice":61813.787264007835}
[2026-06-05T22:44:32.871Z] WARN RTDS websocket closed; reconnecting soon.
[2026-06-05T22:44:36.591Z] INFO Connected to Polymarket RTDS Chainlink feed.
[2026-06-05T22:44:43.502Z] INFO Skipped trade. {"slug":"btc-updown-5m-1780699200","reason":"no_ask_liquidity_under_cap","outcome":"DOWN"}
[2026-06-05T22:44:43.502Z] INFO Skipped trade. {"slug":"eth-updown-5m-1780699200","reason":"no_ask_liquidity_under_cap","outcome":"DOWN"}
[2026-06-05T22:44:43.502Z] INFO Skipped trade. {"slug":"doge-updown-5m-1780699200","reason":"no_ask_liquidity_under_cap","outcome":"DOWN"}
[2026-06-05T22:45:00.993Z] INFO Tracking market. {"market":"BTC","slug":"btc-updown-5m-1780699500","title":"Bitcoin Up or Down - June 5, 6:45PM-6:50PM ET","end":"2026-06-05T22:50:00.000Z","upToken":"64210938957748358427157694807744288496653924774820465503213788707364941398423","downToken":"68258047470923214069502915115530569758270438661061592643427431004833626841373","orderMinSize":5,"tickSize":"0.01"}
[2026-06-05T22:45:01.013Z] INFO Captured Chainlink opening tick. {"slug":"btc-updown-5m-1780699500","openingPrice":61738.59096755524,"tickTimestamp":"2026-06-05T22:45:00.000Z"}
[2026-06-05T22:45:01.017Z] INFO Skipped trade. {"slug":"btc-updown-5m-1780699500","reason":"btc_distance_below_threshold","market":"BTC","minDistanceUsd":{"UP":5,"DOWN":5},"openingPrice":61738.59096755524,"currentPrice":61738.59096755524}
[2026-06-05T22:45:01.017Z] INFO Tracking market. {"market":"ETH","slug":"eth-updown-5m-1780699500","title":"Ethereum Up or Down - June 5, 6:45PM-6:50PM ET","end":"2026-06-05T22:50:00.000Z","upToken":"56281168474984800696406175520212005329536929277833855458267647554732110638040","downToken":"57507593850312584066509992525875475821526325121918094595169456887655605231129","orderMinSize":5,"tickSize":"0.01"}
[2026-06-05T22:45:01.017Z] INFO Skipped trade. {"slug":"eth-updown-5m-1780699500","reason":"missing_opening_chainlink_tick"}
[2026-06-05T22:45:01.017Z] INFO Tracking market. {"market":"DOGE","slug":"doge-updown-5m-1780699500","title":"Dogecoin Up or Down - June 5, 6:45PM-6:50PM ET","end":"2026-06-05T22:50:00.000Z","upToken":"94639312727190619409319240786684066714726076991702849823550752768563665475494","downToken":"38106799268945652878666791863456730820692504435190528591264297786326548754426","orderMinSize":5,"tickSize":"0.01"}
[2026-06-05T22:45:01.017Z] INFO Skipped trade. {"slug":"doge-updown-5m-1780699500","reason":"missing_opening_chainlink_tick"}
[2026-06-05T22:45:03.047Z] INFO Captured Chainlink opening tick. {"slug":"eth-updown-5m-1780699500","openingPrice":1598.8133811947682,"tickTimestamp":"2026-06-05T22:45:00.000Z"}
[2026-06-05T22:45:03.051Z] INFO Skipped trade. {"slug":"eth-updown-5m-1780699500","reason":"btc_distance_below_threshold","market":"ETH","minDistanceUsd":{"UP":0.5,"DOWN":0.5},"openingPrice":1598.8133811947682,"currentPrice":1598.709793075268}
[2026-06-05T22:45:03.063Z] INFO Captured Chainlink opening tick. {"slug":"doge-updown-5m-1780699500","openingPrice":0.0828107,"tickTimestamp":"2026-06-05T22:45:00.000Z"}
[2026-06-05T22:45:03.068Z] INFO Skipped trade. {"slug":"doge-updown-5m-1780699500","reason":"btc_distance_below_threshold","market":"DOGE","minDistanceUsd":{"UP":0.0001,"DOWN":0.0001},"openingPrice":0.0828107,"currentPrice":0.0828140547650803}
[2026-06-05T22:46:16.077Z] WARN Bot loop iteration failed; retrying. {"error":"Gamma API 502 while fetching btc-updown-5m-1780699500: <html>\r\n<head><title>502 Bad Gateway</title></head>\r\n<body>\r\n<center><h1>502 Bad Gateway</h1></center>\r\n<hr><center>cloudflare</center>\r\n</body>\r\n</html>\r\n"}
[2026-06-05T22:49:41.710Z] INFO Skipped trade. {"slug":"btc-updown-5m-1780699500","reason":"no_ask_liquidity_under_cap","outcome":"UP"}
[2026-06-05T22:49:41.710Z] INFO Skipped trade. {"slug":"eth-updown-5m-1780699500","reason":"no_ask_liquidity_under_cap","outcome":"DOWN"}
[2026-06-05T22:49:41.710Z] INFO Skipped trade. {"slug":"doge-updown-5m-1780699500","reason":"no_ask_liquidity_under_cap","outcome":"UP"}
[2026-06-05T22:49:45.732Z] WARN RTDS websocket closed; reconnecting soon.
[2026-06-05T22:49:49.480Z] INFO Connected to Polymarket RTDS Chainlink feed.
[2026-06-05T22:50:01.259Z] INFO Tracking market. {"market":"BTC","slug":"btc-updown-5m-1780699800","title":"Bitcoin Up or Down - June 5, 6:50PM-6:55PM ET","end":"2026-06-05T22:55:00.000Z","upToken":"59681364892227009834674647264716606845411509274489677932002646755376946776349","downToken":"110727776096522163908188774523717810322761643452636937525278067588151487200487","orderMinSize":5,"tickSize":"0.01"}
[2026-06-05T22:50:01.271Z] INFO Captured Chainlink opening tick. {"slug":"btc-updown-5m-1780699800","openingPrice":61818.1855481554,"tickTimestamp":"2026-06-05T22:50:00.000Z"}
[2026-06-05T22:50:01.277Z] INFO Skipped trade. {"slug":"btc-updown-5m-1780699800","reason":"btc_distance_below_threshold","market":"BTC","minDistanceUsd":{"UP":5,"DOWN":5},"openingPrice":61818.1855481554,"currentPrice":61818.1855481554}
[2026-06-05T22:50:01.277Z] INFO Tracking market. {"market":"ETH","slug":"eth-updown-5m-1780699800","title":"Ethereum Up or Down - June 5, 6:50PM-6:55PM ET","end":"2026-06-05T22:55:00.000Z","upToken":"73534902485480559968010223548787914220748198270708524194382781523795133866676","downToken":"8635051687302061363722964569420861983079357127197463914561792229642487601144","orderMinSize":5,"tickSize":"0.01"}
[2026-06-05T22:50:01.277Z] INFO Skipped trade. {"slug":"eth-updown-5m-1780699800","reason":"missing_opening_chainlink_tick"}
[2026-06-05T22:50:01.277Z] INFO Tracking market. {"market":"DOGE","slug":"doge-updown-5m-1780699800","title":"Dogecoin Up or Down - June 5, 6:50PM-6:55PM ET","end":"2026-06-05T22:55:00.000Z","upToken":"83179619517134360417253393440336354334973513463776260664581300733601664150987","downToken":"19214030782094025446805592512282797344792506077773026202910034564313295838397","orderMinSize":5,"tickSize":"0.01"}
[2026-06-05T22:50:01.278Z] INFO Skipped trade. {"slug":"doge-updown-5m-1780699800","reason":"missing_opening_chainlink_tick"}
[2026-06-05T22:50:03.297Z] INFO Captured Chainlink opening tick. {"slug":"eth-updown-5m-1780699800","openingPrice":1598.1027899984242,"tickTimestamp":"2026-06-05T22:50:00.000Z"}
[2026-06-05T22:50:03.301Z] INFO Skipped trade. {"slug":"eth-updown-5m-1780699800","reason":"btc_distance_below_threshold","market":"ETH","minDistanceUsd":{"UP":0.5,"DOWN":0.5},"openingPrice":1598.1027899984242,"currentPrice":1598.444996175417}
[2026-06-05T22:50:03.307Z] INFO Captured Chainlink opening tick. {"slug":"doge-updown-5m-1780699800","openingPrice":0.0829224701875284,"tickTimestamp":"2026-06-05T22:50:00.000Z"}
[2026-06-05T22:50:03.310Z] INFO Skipped trade. {"slug":"doge-updown-5m-1780699800","reason":"btc_distance_below_threshold","market":"DOGE","minDistanceUsd":{"UP":0.0001,"DOWN":0.0001},"openingPrice":0.0829224701875284,"currentPrice":0.0829507}
[2026-06-05T22:54:29.552Z] INFO Skipped trade. {"slug":"btc-updown-5m-1780699800","reason":"no_ask_liquidity_under_cap","outcome":"UP"}
[2026-06-05T22:54:29.553Z] INFO Skipped trade. {"slug":"eth-updown-5m-1780699800","reason":"no_ask_liquidity_under_cap","outcome":"UP"}
[2026-06-05T22:54:39.208Z] INFO Skipped trade. {"slug":"doge-updown-5m-1780699800","reason":"no_ask_liquidity_under_cap","outcome":"UP"}
[2026-06-05T22:55:00.569Z] INFO Tracking market. {"market":"BTC","slug":"btc-updown-5m-1780700100","title":"Bitcoin Up or Down - June 5, 6:55PM-7:00PM ET","end":"2026-06-05T23:00:00.000Z","upToken":"37936097975123482953723244622694292107162606316382352166145017855084549874877","downToken":"3238006623281829641757692256665251710502707685287503875630042658798448180343","orderMinSize":5,"tickSize":"0.01"}
[2026-06-05T22:55:00.583Z] INFO Captured Chainlink opening tick. {"slug":"btc-updown-5m-1780700100","openingPrice":61942.45730196913,"tickTimestamp":"2026-06-05T22:55:00.000Z"}
[2026-06-05T22:55:00.591Z] INFO Skipped trade. {"slug":"btc-updown-5m-1780700100","reason":"btc_distance_below_threshold","market":"BTC","minDistanceUsd":{"UP":5,"DOWN":5},"openingPrice":61942.45730196913,"currentPrice":61942.45730196913}
[2026-06-05T22:55:00.591Z] INFO Tracking market. {"market":"ETH","slug":"eth-updown-5m-1780700100","title":"Ethereum Up or Down - June 5, 6:55PM-7:00PM ET","end":"2026-06-05T23:00:00.000Z","upToken":"11313302361299610038901572023533489641368222147495235379362902228844943793922","downToken":"3939439642092452582298801084941633321706725068252484219938059234130245320694","orderMinSize":5,"tickSize":"0.01"}
[2026-06-05T22:55:00.591Z] INFO Skipped trade. {"slug":"eth-updown-5m-1780700100","reason":"missing_opening_chainlink_tick"}
[2026-06-05T22:55:00.591Z] INFO Tracking market. {"market":"DOGE","slug":"doge-updown-5m-1780700100","title":"Dogecoin Up or Down - June 5, 6:55PM-7:00PM ET","end":"2026-06-05T23:00:00.000Z","upToken":"82540859961259844356373801604517715876476496758389786981876514691547826868639","downToken":"50976787100813767663675887270197665798218873550219535758479322785957771741239","orderMinSize":5,"tickSize":"0.01"}
[2026-06-05T22:55:00.592Z] INFO Skipped trade. {"slug":"doge-updown-5m-1780700100","reason":"missing_opening_chainlink_tick"}
[2026-06-05T22:55:03.627Z] INFO Captured Chainlink opening tick. {"slug":"eth-updown-5m-1780700100","openingPrice":1601.395729515923,"tickTimestamp":"2026-06-05T22:55:00.000Z"}
[2026-06-05T22:55:03.638Z] INFO Captured Chainlink opening tick. {"slug":"doge-updown-5m-1780700100","openingPrice":0.0830509289009186,"tickTimestamp":"2026-06-05T22:55:00.000Z"}
[2026-06-05T22:55:03.642Z] INFO Skipped trade. {"slug":"doge-updown-5m-1780700100","reason":"btc_distance_below_threshold","market":"DOGE","minDistanceUsd":{"UP":0.0001,"DOWN":0.0001},"openingPrice":0.0830509289009186,"currentPrice":0.083003685}
[2026-06-05T22:59:30.161Z] INFO Skipped trade. {"slug":"btc-updown-5m-1780700100","reason":"no_ask_liquidity_under_cap","outcome":"DOWN"}
[2026-06-05T22:59:30.161Z] INFO Skipped trade. {"slug":"eth-updown-5m-1780700100","reason":"no_ask_liquidity_under_cap","outcome":"DOWN"}
[2026-06-05T22:59:30.161Z] INFO Skipped trade. {"slug":"doge-updown-5m-1780700100","reason":"no_ask_liquidity_under_cap","outcome":"DOWN"}
[2026-06-05T23:00:11.467Z] INFO Tracking market. {"market":"BTC","slug":"btc-updown-5m-1780700400","title":"Bitcoin Up or Down - June 5, 7:00PM-7:05PM ET","end":"2026-06-05T23:05:00.000Z","upToken":"92893583238010152729272972582655276656954540488390711583458868154844269870279","downToken":"21565368880281206180139315344532450150932657480448859870316135786545993953298","orderMinSize":5,"tickSize":"0.01"}
[2026-06-05T23:00:11.480Z] INFO Captured Chainlink opening tick. {"slug":"btc-updown-5m-1780700400","openingPrice":61567.69880581193,"tickTimestamp":"2026-06-05T23:00:00.000Z"}
[2026-06-05T23:00:11.484Z] INFO Tracking market. {"market":"ETH","slug":"eth-updown-5m-1780700400","title":"Ethereum Up or Down - June 5, 7:00PM-7:05PM ET","end":"2026-06-05T23:05:00.000Z","upToken":"113793360049939570644632979659814098264576059894841345446895280267548076736805","downToken":"84403292809656109059085642247147178314346721899122260672918814806747710869388","orderMinSize":5,"tickSize":"0.01"}
[2026-06-05T23:00:11.492Z] INFO Captured Chainlink opening tick. {"slug":"eth-updown-5m-1780700400","openingPrice":1596.9075950534284,"tickTimestamp":"2026-06-05T23:00:00.000Z"}
[2026-06-05T23:00:11.495Z] INFO Tracking market. {"market":"DOGE","slug":"doge-updown-5m-1780700400","title":"Dogecoin Up or Down - June 5, 7:00PM-7:05PM ET","end":"2026-06-05T23:05:00.000Z","upToken":"50386082940192157507423417584404054713907759931982001762386334014811482768561","downToken":"75326167787066637178220584213549744679705804457677627276799132724314023688773","orderMinSize":5,"tickSize":"0.01"}
[2026-06-05T23:00:11.502Z] INFO Captured Chainlink opening tick. {"slug":"doge-updown-5m-1780700400","openingPrice":0.0827845,"tickTimestamp":"2026-06-05T23:00:00.000Z"}
[2026-06-05T23:00:11.505Z] INFO Skipped trade. {"slug":"doge-updown-5m-1780700400","reason":"btc_distance_below_threshold","market":"DOGE","minDistanceUsd":{"UP":0.0001,"DOWN":0.0001},"openingPrice":0.0827845,"currentPrice":0.0828453}
[2026-06-05T23:00:34.152Z] INFO Skipped trade. {"slug":"btc-updown-5m-1780700400","reason":"btc_distance_below_threshold","market":"BTC","minDistanceUsd":{"UP":5,"DOWN":5},"openingPrice":61567.69880581193,"currentPrice":61569.78626795602}
[2026-06-05T23:02:59.551Z] INFO Skipped trade. {"slug":"eth-updown-5m-1780700400","reason":"btc_distance_below_threshold","market":"ETH","minDistanceUsd":{"UP":0.5,"DOWN":0.5},"openingPrice":1596.9075950534284,"currentPrice":1597.0775852665847}
[2026-06-05T23:04:32.064Z] INFO Trade attempt recorded. {"mode":"sim","slug":"btc-updown-5m-1780700400","outcome":"UP","amountUsd":5,"bestAsk":0.32,"estimatedShares":15.625}
[2026-06-05T23:04:33.284Z] INFO Skipped trade. {"slug":"btc-updown-5m-1780700400","reason":"market_already_traded"}
[2026-06-05T23:04:35.455Z] INFO Trade attempt recorded. {"mode":"sim","slug":"eth-updown-5m-1780700400","outcome":"DOWN","amountUsd":5,"bestAsk":0.5,"estimatedShares":10}
[2026-06-05T23:04:36.977Z] INFO Skipped trade. {"slug":"eth-updown-5m-1780700400","reason":"market_already_traded"}
[2026-06-05T23:05:01.602Z] INFO Resolved trade. {"mode":"sim","slug":"btc-updown-5m-1780700400","outcome":"UP","winningOutcome":"UP","won":true,"finalPrice":61608.06245425846}
[2026-06-05T23:05:01.729Z] INFO Tracking market. {"market":"BTC","slug":"btc-updown-5m-1780700700","title":"Bitcoin Up or Down - June 5, 7:05PM-7:10PM ET","end":"2026-06-05T23:10:00.000Z","upToken":"64024023762614456019067135003558794360389837256816284432716443090511214820110","downToken":"92268659003548644680993368281892246245235432932092031676032261970008551233128","orderMinSize":5,"tickSize":"0.01"}
[2026-06-05T23:05:01.739Z] INFO Captured Chainlink opening tick. {"slug":"btc-updown-5m-1780700700","openingPrice":61608.06245425846,"tickTimestamp":"2026-06-05T23:05:00.000Z"}
[2026-06-05T23:05:01.743Z] INFO Skipped trade. {"slug":"btc-updown-5m-1780700700","reason":"btc_distance_below_threshold","market":"BTC","minDistanceUsd":{"UP":5,"DOWN":5},"openingPrice":61608.06245425846,"currentPrice":61608.06245425846}
[2026-06-05T23:05:01.743Z] INFO Tracking market. {"market":"ETH","slug":"eth-updown-5m-1780700700","title":"Ethereum Up or Down - June 5, 7:05PM-7:10PM ET","end":"2026-06-05T23:10:00.000Z","upToken":"30609119677213328767381193619659067198156018797001031710603916599722852331365","downToken":"57923464682841033280362842582388314043422443341493005575337592824393070980856","orderMinSize":5,"tickSize":"0.01"}
[2026-06-05T23:05:01.744Z] INFO Skipped trade. {"slug":"eth-updown-5m-1780700700","reason":"missing_opening_chainlink_tick"}
[2026-06-05T23:05:01.744Z] INFO Tracking market. {"market":"DOGE","slug":"doge-updown-5m-1780700700","title":"Dogecoin Up or Down - June 5, 7:05PM-7:10PM ET","end":"2026-06-05T23:10:00.000Z","upToken":"84850673890768048095582951818688905621815391617140704325380244977495330798801","downToken":"4331253364806570255137010252037505916373738852181503259605436148683292830960","orderMinSize":5,"tickSize":"0.01"}
[2026-06-05T23:05:01.744Z] INFO Skipped trade. {"slug":"doge-updown-5m-1780700700","reason":"missing_opening_chainlink_tick"}
[2026-06-05T23:05:04.776Z] INFO Resolved trade. {"mode":"sim","slug":"eth-updown-5m-1780700400","outcome":"DOWN","winningOutcome":"UP","won":false,"finalPrice":1597.277820609076}
[2026-06-05T23:05:04.784Z] INFO Captured Chainlink opening tick. {"slug":"eth-updown-5m-1780700700","openingPrice":1597.319553082085,"tickTimestamp":"2026-06-05T23:05:00.000Z"}
[2026-06-05T23:05:04.787Z] INFO Skipped trade. {"slug":"eth-updown-5m-1780700700","reason":"btc_distance_below_threshold","market":"ETH","minDistanceUsd":{"UP":0.5,"DOWN":0.5},"openingPrice":1597.319553082085,"currentPrice":1597.277820609076}
[2026-06-05T23:05:04.795Z] INFO Captured Chainlink opening tick. {"slug":"doge-updown-5m-1780700700","openingPrice":0.0828123060775965,"tickTimestamp":"2026-06-05T23:05:00.000Z"}
[2026-06-05T23:05:04.799Z] INFO Skipped trade. {"slug":"doge-updown-5m-1780700700","reason":"btc_distance_below_threshold","market":"DOGE","minDistanceUsd":{"UP":0.0001,"DOWN":0.0001},"openingPrice":0.0828123060775965,"currentPrice":0.0827851}
[2026-06-05T23:06:54.623Z] INFO Skipped trade. {"slug":"eth-updown-5m-1780700700","reason":"stale_chainlink_tick","tickTimestamp":"2026-06-05T23:06:34.000Z"}
[2026-06-05T23:06:54.623Z] INFO Skipped trade. {"slug":"doge-updown-5m-1780700700","reason":"stale_chainlink_tick","tickTimestamp":"2026-06-05T23:06:34.000Z"}
[2026-06-05T23:07:12.057Z] INFO Skipped trade. {"slug":"btc-updown-5m-1780700700","reason":"stale_chainlink_tick","tickTimestamp":"2026-06-05T23:06:51.000Z"}
[2026-06-05T23:09:29.970Z] INFO Skipped trade. {"slug":"btc-updown-5m-1780700700","reason":"no_ask_liquidity_under_cap","outcome":"DOWN"}
[2026-06-05T23:09:29.970Z] INFO Skipped trade. {"slug":"eth-updown-5m-1780700700","reason":"no_ask_liquidity_under_cap","outcome":"DOWN"}
[2026-06-05T23:09:29.970Z] INFO Skipped trade. {"slug":"doge-updown-5m-1780700700","reason":"no_ask_liquidity_under_cap","outcome":"DOWN"}
[2026-06-05T23:10:00.219Z] INFO Tracking market. {"market":"BTC","slug":"btc-updown-5m-1780701000","title":"Bitcoin Up or Down - June 5, 7:10PM-7:15PM ET","end":"2026-06-05T23:15:00.000Z","upToken":"62123588088199024390175082593782173247562588661729967364768400658362500523634","downToken":"63734763540737714476052530434288500732268064295717320140364366993963412466258","orderMinSize":5,"tickSize":"0.01"}
[2026-06-05T23:10:00.232Z] INFO Captured Chainlink opening tick. {"slug":"btc-updown-5m-1780701000","openingPrice":61396.32020675822,"tickTimestamp":"2026-06-05T23:10:00.000Z"}
[2026-06-05T23:10:00.237Z] INFO Skipped trade. {"slug":"btc-updown-5m-1780701000","reason":"btc_distance_below_threshold","market":"BTC","minDistanceUsd":{"UP":5,"DOWN":5},"openingPrice":61396.32020675822,"currentPrice":61396.32020675822}
[2026-06-05T23:10:00.237Z] INFO Tracking market. {"market":"ETH","slug":"eth-updown-5m-1780701000","title":"Ethereum Up or Down - June 5, 7:10PM-7:15PM ET","end":"2026-06-05T23:15:00.000Z","upToken":"22086824287134466751783372224529731758923229996939725419718546415151467513929","downToken":"90873876648479181372807205108667563824630717530334005792734984047331806775754","orderMinSize":5,"tickSize":"0.01"}
[2026-06-05T23:10:00.244Z] INFO Captured Chainlink opening tick. {"slug":"eth-updown-5m-1780701000","openingPrice":1594.27993,"tickTimestamp":"2026-06-05T23:10:00.000Z"}
[2026-06-05T23:10:00.249Z] INFO Skipped trade. {"slug":"eth-updown-5m-1780701000","reason":"btc_distance_below_threshold","market":"ETH","minDistanceUsd":{"UP":0.5,"DOWN":0.5},"openingPrice":1594.27993,"currentPrice":1594.27993}
[2026-06-05T23:10:00.249Z] INFO Tracking market. {"market":"DOGE","slug":"doge-updown-5m-1780701000","title":"Dogecoin Up or Down - June 5, 7:10PM-7:15PM ET","end":"2026-06-05T23:15:00.000Z","upToken":"51796285977379397358793058641020061120220676109107280628204388376698139853002","downToken":"87146646082553059766373801784279697208137941226452316421603509347230054978540","orderMinSize":5,"tickSize":"0.01"}
[2026-06-05T23:10:00.256Z] INFO Captured Chainlink opening tick. {"slug":"doge-updown-5m-1780701000","openingPrice":0.0825116442213716,"tickTimestamp":"2026-06-05T23:10:00.000Z"}
[2026-06-05T23:10:00.259Z] INFO Skipped trade. {"slug":"doge-updown-5m-1780701000","reason":"btc_distance_below_threshold","market":"DOGE","minDistanceUsd":{"UP":0.0001,"DOWN":0.0001},"openingPrice":0.0825116442213716,"currentPrice":0.0825116442213716}
[2026-06-05T23:11:09.896Z] INFO Skipped trade. {"slug":"eth-updown-5m-1780701000","reason":"stale_chainlink_tick","tickTimestamp":"2026-06-05T23:10:35.000Z"}
[2026-06-05T23:11:09.896Z] INFO Skipped trade. {"slug":"doge-updown-5m-1780701000","reason":"stale_chainlink_tick","tickTimestamp":"2026-06-05T23:10:35.000Z"}
[2026-06-05T23:14:29.583Z] INFO Skipped trade. {"slug":"doge-updown-5m-1780701000","reason":"no_ask_liquidity_under_cap","outcome":"DOWN"}
[2026-06-05T23:14:29.600Z] INFO Trade attempt recorded. {"mode":"sim","slug":"btc-updown-5m-1780701000","outcome":"UP","amountUsd":5,"bestAsk":0.57,"estimatedShares":8.771929824561404}
[2026-06-05T23:14:29.613Z] INFO Trade attempt recorded. {"mode":"sim","slug":"eth-updown-5m-1780701000","outcome":"UP","amountUsd":5,"bestAsk":0.41,"estimatedShares":12.195121951219512}
[2026-06-05T23:14:30.818Z] INFO Skipped trade. {"slug":"btc-updown-5m-1780701000","reason":"market_already_traded"}
[2026-06-05T23:14:31.024Z] INFO Skipped trade. {"slug":"eth-updown-5m-1780701000","reason":"market_already_traded"}
[2026-06-05T23:15:00.460Z] INFO Tracking market. {"market":"BTC","slug":"btc-updown-5m-1780701300","title":"Bitcoin Up or Down - June 5, 7:15PM-7:20PM ET","end":"2026-06-05T23:20:00.000Z","upToken":"37674442584856196563851390339961889228814921283339467801796889631812533885869","downToken":"10309534767434609465277577702284861384883933363473275190389120901702922987901","orderMinSize":5,"tickSize":"0.01"}
[2026-06-05T23:15:00.460Z] INFO Skipped trade. {"slug":"btc-updown-5m-1780701300","reason":"missing_opening_chainlink_tick"}
[2026-06-05T23:15:00.461Z] INFO Tracking market. {"market":"ETH","slug":"eth-updown-5m-1780701300","title":"Ethereum Up or Down - June 5, 7:15PM-7:20PM ET","end":"2026-06-05T23:20:00.000Z","upToken":"17490689716560508711502612030554445560977402351321815593163531480291542287978","downToken":"7586787613089901587210269716665169484000734764763490664099494995364149405028","orderMinSize":5,"tickSize":"0.01"}
[2026-06-05T23:15:00.461Z] INFO Skipped trade. {"slug":"eth-updown-5m-1780701300","reason":"missing_opening_chainlink_tick"}
[2026-06-05T23:15:00.461Z] INFO Tracking market. {"market":"DOGE","slug":"doge-updown-5m-1780701300","title":"Dogecoin Up or Down - June 5, 7:15PM-7:20PM ET","end":"2026-06-05T23:20:00.000Z","upToken":"30158182923481000296668029272172047072361699116168341018355379828001648350752","downToken":"69202341280591231453519045999448301064535375725209671696326357339227242631036","orderMinSize":5,"tickSize":"0.01"}
[2026-06-05T23:15:00.461Z] INFO Skipped trade. {"slug":"doge-updown-5m-1780701300","reason":"missing_opening_chainlink_tick"}
[2026-06-05T23:15:01.490Z] INFO Resolved trade. {"mode":"sim","slug":"btc-updown-5m-1780701000","outcome":"UP","winningOutcome":"DOWN","won":false,"finalPrice":61289.03217659883}
[2026-06-05T23:15:01.509Z] INFO Captured Chainlink opening tick. {"slug":"btc-updown-5m-1780701300","openingPrice":61289.03217659883,"tickTimestamp":"2026-06-05T23:15:00.000Z"}
[2026-06-05T23:15:01.514Z] INFO Skipped trade. {"slug":"btc-updown-5m-1780701300","reason":"btc_distance_below_threshold","market":"BTC","minDistanceUsd":{"UP":5,"DOWN":5},"openingPrice":61289.03217659883,"currentPrice":61289.03217659883}
[2026-06-05T23:15:05.607Z] INFO Resolved trade. {"mode":"sim","slug":"eth-updown-5m-1780701000","outcome":"UP","winningOutcome":"DOWN","won":false,"finalPrice":1592.2060769414009}
[2026-06-05T23:15:05.821Z] INFO Captured Chainlink opening tick. {"slug":"eth-updown-5m-1780701300","openingPrice":1592.0214020210428,"tickTimestamp":"2026-06-05T23:15:00.000Z"}
[2026-06-05T23:15:05.846Z] INFO Skipped trade. {"slug":"eth-updown-5m-1780701300","reason":"btc_distance_below_threshold","market":"ETH","minDistanceUsd":{"UP":0.5,"DOWN":0.5},"openingPrice":1592.0214020210428,"currentPrice":1592.2060769414009}
[2026-06-05T23:15:05.876Z] INFO Captured Chainlink opening tick. {"slug":"doge-updown-5m-1780701300","openingPrice":0.0821393543183797,"tickTimestamp":"2026-06-05T23:15:00.000Z"}
[2026-06-05T23:15:05.949Z] INFO Skipped trade. {"slug":"doge-updown-5m-1780701300","reason":"btc_distance_below_threshold","market":"DOGE","minDistanceUsd":{"UP":0.0001,"DOWN":0.0001},"openingPrice":0.0821393543183797,"currentPrice":0.0821424170398282}
[2026-06-05T23:16:10.048Z] INFO Skipped trade. {"slug":"eth-updown-5m-1780701300","reason":"stale_chainlink_tick","tickTimestamp":"2026-06-05T23:15:35.000Z"}
[2026-06-05T23:16:10.048Z] INFO Skipped trade. {"slug":"doge-updown-5m-1780701300","reason":"stale_chainlink_tick","tickTimestamp":"2026-06-05T23:15:35.000Z"}
[2026-06-05T23:19:29.863Z] INFO Skipped trade. {"slug":"btc-updown-5m-1780701300","reason":"no_ask_liquidity_under_cap","outcome":"DOWN"}
[2026-06-05T23:19:29.864Z] INFO Skipped trade. {"slug":"eth-updown-5m-1780701300","reason":"no_ask_liquidity_under_cap","outcome":"DOWN"}
[2026-06-05T23:19:29.864Z] INFO Skipped trade. {"slug":"doge-updown-5m-1780701300","reason":"no_ask_liquidity_under_cap","outcome":"DOWN"}
[2026-06-05T23:20:00.825Z] INFO Tracking market. {"market":"BTC","slug":"btc-updown-5m-1780701600","title":"Bitcoin Up or Down - June 5, 7:20PM-7:25PM ET","end":"2026-06-05T23:25:00.000Z","upToken":"83608119655489965520672601728631634257304588683515213176467884375011770853065","downToken":"19457368529135701932064488573409518784291318565175841202965249617787103828143","orderMinSize":5,"tickSize":"0.01"}
[2026-06-05T23:20:00.835Z] INFO Captured Chainlink opening tick. {"slug":"btc-updown-5m-1780701600","openingPrice":61135.669251789455,"tickTimestamp":"2026-06-05T23:20:00.000Z"}
[2026-06-05T23:20:00.840Z] INFO Skipped trade. {"slug":"btc-updown-5m-1780701600","reason":"btc_distance_below_threshold","market":"BTC","minDistanceUsd":{"UP":5,"DOWN":5},"openingPrice":61135.669251789455,"currentPrice":61135.669251789455}
[2026-06-05T23:20:00.840Z] INFO Tracking market. {"market":"ETH","slug":"eth-updown-5m-1780701600","title":"Ethereum Up or Down - June 5, 7:20PM-7:25PM ET","end":"2026-06-05T23:25:00.000Z","upToken":"71491170536169488619198073652665123024350505747203367979390134460675072039869","downToken":"111231409565924212904972088811288915288003926065627044741816221682259943293849","orderMinSize":5,"tickSize":"0.01"}
[2026-06-05T23:20:00.849Z] INFO Captured Chainlink opening tick. {"slug":"eth-updown-5m-1780701600","openingPrice":1582.6417139472053,"tickTimestamp":"2026-06-05T23:20:00.000Z"}
[2026-06-05T23:20:00.853Z] INFO Skipped trade. {"slug":"eth-updown-5m-1780701600","reason":"btc_distance_below_threshold","market":"ETH","minDistanceUsd":{"UP":0.5,"DOWN":0.5},"openingPrice":1582.6417139472053,"currentPrice":1582.6417139472053}
[2026-06-05T23:20:00.853Z] INFO Tracking market. {"market":"DOGE","slug":"doge-updown-5m-1780701600","title":"Dogecoin Up or Down - June 5, 7:20PM-7:25PM ET","end":"2026-06-05T23:25:00.000Z","upToken":"101857717292208940064752965354925252372336620794264145766386511855864059713782","downToken":"17988437890272423675316248293770821492013140991912105440981630932963778992014","orderMinSize":5,"tickSize":"0.01"}
[2026-06-05T23:20:00.862Z] INFO Captured Chainlink opening tick. {"slug":"doge-updown-5m-1780701600","openingPrice":0.081837058847189,"tickTimestamp":"2026-06-05T23:20:00.000Z"}
[2026-06-05T23:20:00.865Z] INFO Skipped trade. {"slug":"doge-updown-5m-1780701600","reason":"btc_distance_below_threshold","market":"DOGE","minDistanceUsd":{"UP":0.0001,"DOWN":0.0001},"openingPrice":0.081837058847189,"currentPrice":0.081837058847189}
[2026-06-05T23:21:03.486Z] INFO Skipped trade. {"slug":"eth-updown-5m-1780701600","reason":"stale_chainlink_tick","tickTimestamp":"2026-06-05T23:20:40.000Z"}
[2026-06-05T23:21:03.486Z] INFO Skipped trade. {"slug":"doge-updown-5m-1780701600","reason":"stale_chainlink_tick","tickTimestamp":"2026-06-05T23:20:40.000Z"}
[2026-06-05T23:23:48.240Z] WARN Bot loop iteration failed; retrying. {"error":"Gamma API 502 while fetching doge-updown-5m-1780701600: <html>\r\n<head><title>502 Bad Gateway</title></head>\r\n<body>\r\n<center><h1>502 Bad Gateway</h1></center>\r\n<hr><center>cloudflare</center>\r\n</body>\r\n</html>\r\n"}
[2026-06-05T23:24:30.044Z] INFO Skipped trade. {"slug":"btc-updown-5m-1780701600","reason":"no_ask_liquidity_under_cap","outcome":"DOWN"}
[2026-06-05T23:24:30.044Z] INFO Skipped trade. {"slug":"eth-updown-5m-1780701600","reason":"no_ask_liquidity_under_cap","outcome":"DOWN"}
[2026-06-05T23:24:30.044Z] INFO Skipped trade. {"slug":"doge-updown-5m-1780701600","reason":"no_ask_liquidity_under_cap","outcome":"DOWN"}
[2026-06-05T23:25:00.692Z] INFO Tracking market. {"market":"BTC","slug":"btc-updown-5m-1780701900","title":"Bitcoin Up or Down - June 5, 7:25PM-7:30PM ET","end":"2026-06-05T23:30:00.000Z","upToken":"35901544037579022369743122752820100455275506502714576405587801319296588104752","downToken":"24080878642590352073649236976381782263082267602899960582989513280190348142014","orderMinSize":5,"tickSize":"0.01"}
[2026-06-05T23:25:00.699Z] INFO Captured Chainlink opening tick. {"slug":"btc-updown-5m-1780701900","openingPrice":60945.582699685554,"tickTimestamp":"2026-06-05T23:25:00.000Z"}
[2026-06-05T23:25:00.703Z] INFO Skipped trade. {"slug":"btc-updown-5m-1780701900","reason":"btc_distance_below_threshold","market":"BTC","minDistanceUsd":{"UP":5,"DOWN":5},"openingPrice":60945.582699685554,"currentPrice":60945.582699685554}
[2026-06-05T23:25:00.704Z] INFO Tracking market. {"market":"ETH","slug":"eth-updown-5m-1780701900","title":"Ethereum Up or Down - June 5, 7:25PM-7:30PM ET","end":"2026-06-05T23:30:00.000Z","upToken":"25548937720309818324948839229188977892054433802693485104402089510562163240519","downToken":"71389639770907288424400850799951466582014032812189431006089867162426555838650","orderMinSize":5,"tickSize":"0.01"}
[2026-06-05T23:25:00.704Z] INFO Skipped trade. {"slug":"eth-updown-5m-1780701900","reason":"missing_opening_chainlink_tick"}
[2026-06-05T23:25:00.704Z] INFO Tracking market. {"market":"DOGE","slug":"doge-updown-5m-1780701900","title":"Dogecoin Up or Down - June 5, 7:25PM-7:30PM ET","end":"2026-06-05T23:30:00.000Z","upToken":"45717078321146176445377964090085477374046311459761976408469553552471659592007","downToken":"97319773937896457698633835470786774141171288032394465015889090623360559277118","orderMinSize":5,"tickSize":"0.01"}
[2026-06-05T23:25:00.704Z] INFO Skipped trade. {"slug":"doge-updown-5m-1780701900","reason":"missing_opening_chainlink_tick"}
[2026-06-05T23:25:04.743Z] INFO Captured Chainlink opening tick. {"slug":"eth-updown-5m-1780701900","openingPrice":1576.5197834376384,"tickTimestamp":"2026-06-05T23:25:00.000Z"}
[2026-06-05T23:25:04.746Z] INFO Skipped trade. {"slug":"eth-updown-5m-1780701900","reason":"btc_distance_below_threshold","market":"ETH","minDistanceUsd":{"UP":0.5,"DOWN":0.5},"openingPrice":1576.5197834376384,"currentPrice":1576.4913866336317}
[2026-06-05T23:25:04.755Z] INFO Captured Chainlink opening tick. {"slug":"doge-updown-5m-1780701900","openingPrice":0.0814301,"tickTimestamp":"2026-06-05T23:25:00.000Z"}
[2026-06-05T23:25:04.759Z] INFO Skipped trade. {"slug":"doge-updown-5m-1780701900","reason":"btc_distance_below_threshold","market":"DOGE","minDistanceUsd":{"UP":0.0001,"DOWN":0.0001},"openingPrice":0.0814301,"currentPrice":0.0814211326865102}
[2026-06-05T23:26:07.423Z] INFO Skipped trade. {"slug":"eth-updown-5m-1780701900","reason":"stale_chainlink_tick","tickTimestamp":"2026-06-05T23:25:44.000Z"}
[2026-06-05T23:26:07.423Z] INFO Skipped trade. {"slug":"doge-updown-5m-1780701900","reason":"stale_chainlink_tick","tickTimestamp":"2026-06-05T23:25:44.000Z"}
[CLOB Client] request error {"error":"read ECONNRESET"}
[2026-06-05T23:31:11.962Z] INFO Skipped trade. {"slug":"btc-updown-5m-1780701900","reason":"no_ask_liquidity_under_cap","outcome":"UP"}
[2026-06-05T23:31:11.962Z] INFO Skipped trade. {"slug":"eth-updown-5m-1780701900","reason":"no_ask_liquidity_under_cap","outcome":"DOWN"}
[2026-06-05T23:31:13.174Z] INFO Tracking market. {"market":"BTC","slug":"btc-updown-5m-1780702200","title":"Bitcoin Up or Down - June 5, 7:30PM-7:35PM ET","end":"2026-06-05T23:35:00.000Z","upToken":"57907219058221764376598397974839112237112328361860786899851001037763670679310","downToken":"40901449897733471493769105576082803366320413953080396363235199768126305063092","orderMinSize":5,"tickSize":"0.01"}
[2026-06-05T23:31:13.200Z] INFO Captured Chainlink opening tick. {"slug":"btc-updown-5m-1780702200","openingPrice":60926.25142041278,"tickTimestamp":"2026-06-05T23:30:00.000Z"}
[2026-06-05T23:31:13.207Z] INFO Tracking market. {"market":"ETH","slug":"eth-updown-5m-1780702200","title":"Ethereum Up or Down - June 5, 7:30PM-7:35PM ET","end":"2026-06-05T23:35:00.000Z","upToken":"87887373015810336254188243195008318110453885327353521417623010273421535870200","downToken":"113293496789503505506460112086697133669055978621705909271163018281750646467437","orderMinSize":5,"tickSize":"0.01"}
[2026-06-05T23:31:13.227Z] INFO Captured Chainlink opening tick. {"slug":"eth-updown-5m-1780702200","openingPrice":1574.1351170614425,"tickTimestamp":"2026-06-05T23:30:00.000Z"}
[2026-06-05T23:31:13.230Z] INFO Tracking market. {"market":"DOGE","slug":"doge-updown-5m-1780702200","title":"Dogecoin Up or Down - June 5, 7:30PM-7:35PM ET","end":"2026-06-05T23:35:00.000Z","upToken":"51739369679254613341071622014447330753800532897040765933604338596352660864647","downToken":"113683775387235478609614942883054779477348387955122632279260060145704017207193","orderMinSize":5,"tickSize":"0.01"}
[2026-06-05T23:31:13.239Z] INFO Captured Chainlink opening tick. {"slug":"doge-updown-5m-1780702200","openingPrice":0.0813282,"tickTimestamp":"2026-06-05T23:30:00.000Z"}
[2026-06-05T23:32:24.912Z] INFO Skipped trade. {"slug":"eth-updown-5m-1780702200","reason":"stale_chainlink_tick","tickTimestamp":"2026-06-05T23:31:53.000Z"}
[2026-06-05T23:32:24.912Z] INFO Skipped trade. {"slug":"doge-updown-5m-1780702200","reason":"stale_chainlink_tick","tickTimestamp":"2026-06-05T23:31:53.000Z"}
[2026-06-05T23:34:35.991Z] INFO Skipped trade. {"slug":"btc-updown-5m-1780702200","reason":"no_ask_liquidity_under_cap","outcome":"DOWN"}
[2026-06-05T23:34:35.992Z] INFO Skipped trade. {"slug":"eth-updown-5m-1780702200","reason":"no_ask_liquidity_under_cap","outcome":"DOWN"}
[2026-06-05T23:34:35.992Z] INFO Skipped trade. {"slug":"doge-updown-5m-1780702200","reason":"no_ask_liquidity_under_cap","outcome":"DOWN"}
[2026-06-05T23:35:00.493Z] INFO Tracking market. {"market":"BTC","slug":"btc-updown-5m-1780702500","title":"Bitcoin Up or Down - June 5, 7:35PM-7:40PM ET","end":"2026-06-05T23:40:00.000Z","upToken":"94896624671330714163361594686326307599403611148629343783809442749949020573850","downToken":"21245891291485246719372818105517588225891639024139893600248331957769513943714","orderMinSize":5,"tickSize":"0.01"}
[2026-06-05T23:35:00.494Z] INFO Skipped trade. {"slug":"btc-updown-5m-1780702500","reason":"missing_opening_chainlink_tick"}
[2026-06-05T23:35:00.494Z] INFO Tracking market. {"market":"ETH","slug":"eth-updown-5m-1780702500","title":"Ethereum Up or Down - June 5, 7:35PM-7:40PM ET","end":"2026-06-05T23:40:00.000Z","upToken":"59697669417046763315452199923341691040883478712610718813926192948363696067119","downToken":"28454194819093331678770366619687784303517056884266116960788763078826939552464","orderMinSize":5,"tickSize":"0.01"}
[2026-06-05T23:35:00.494Z] INFO Skipped trade. {"slug":"eth-updown-5m-1780702500","reason":"missing_opening_chainlink_tick"}
[2026-06-05T23:35:00.494Z] INFO Tracking market. {"market":"DOGE","slug":"doge-updown-5m-1780702500","title":"Dogecoin Up or Down - June 5, 7:35PM-7:40PM ET","end":"2026-06-05T23:40:00.000Z","upToken":"4046740226433780971397630022443882124055794501144196378688176059406424743455","downToken":"31621156263716148620257462787976201060985271320460364647396960362206920332726","orderMinSize":5,"tickSize":"0.01"}
[2026-06-05T23:35:00.494Z] INFO Skipped trade. {"slug":"doge-updown-5m-1780702500","reason":"missing_opening_chainlink_tick"}
[2026-06-05T23:35:01.518Z] INFO Captured Chainlink opening tick. {"slug":"btc-updown-5m-1780702500","openingPrice":60551.076723604754,"tickTimestamp":"2026-06-05T23:35:00.000Z"}
[2026-06-05T23:35:01.523Z] INFO Skipped trade. {"slug":"btc-updown-5m-1780702500","reason":"btc_distance_below_threshold","market":"BTC","minDistanceUsd":{"UP":5,"DOWN":5},"openingPrice":60551.076723604754,"currentPrice":60551.076723604754}
[2026-06-05T23:35:05.701Z] INFO Captured Chainlink opening tick. {"slug":"eth-updown-5m-1780702500","openingPrice":1562.839961236593,"tickTimestamp":"2026-06-05T23:35:00.000Z"}
[2026-06-05T23:35:05.715Z] INFO Captured Chainlink opening tick. {"slug":"doge-updown-5m-1780702500","openingPrice":0.0805958564211975,"tickTimestamp":"2026-06-05T23:35:00.000Z"}
[2026-06-05T23:35:05.719Z] INFO Skipped trade. {"slug":"doge-updown-5m-1780702500","reason":"btc_distance_below_threshold","market":"DOGE","minDistanceUsd":{"UP":0.0001,"DOWN":0.0001},"openingPrice":0.0805958564211975,"currentPrice":0.0806553780046873}
[2026-06-05T23:36:18.600Z] INFO Skipped trade. {"slug":"eth-updown-5m-1780702500","reason":"stale_chainlink_tick","tickTimestamp":"2026-06-05T23:35:55.000Z"}
[2026-06-05T23:36:18.600Z] INFO Skipped trade. {"slug":"doge-updown-5m-1780702500","reason":"stale_chainlink_tick","tickTimestamp":"2026-06-05T23:35:55.000Z"}
[2026-06-05T23:39:29.429Z] INFO Skipped trade. {"slug":"btc-updown-5m-1780702500","reason":"no_ask_liquidity_under_cap","outcome":"UP"}
[2026-06-05T23:39:29.429Z] INFO Skipped trade. {"slug":"eth-updown-5m-1780702500","reason":"no_ask_liquidity_under_cap","outcome":"UP"}
[2026-06-05T23:39:29.429Z] INFO Skipped trade. {"slug":"doge-updown-5m-1780702500","reason":"no_ask_liquidity_under_cap","outcome":"UP"}
[2026-06-05T23:40:01.128Z] INFO Tracking market. {"market":"BTC","slug":"btc-updown-5m-1780702800","title":"Bitcoin Up or Down - June 5, 7:40PM-7:45PM ET","end":"2026-06-05T23:45:00.000Z","upToken":"35787596275659109459284426712146017394330991405443849962424326156745288157594","downToken":"91063559983415690279806083442102973909368186693905483401169923137058881864888","orderMinSize":5,"tickSize":"0.01"}
[2026-06-05T23:40:01.140Z] INFO Captured Chainlink opening tick. {"slug":"btc-updown-5m-1780702800","openingPrice":60724.92089338973,"tickTimestamp":"2026-06-05T23:40:00.000Z"}
[2026-06-05T23:40:01.149Z] INFO Skipped trade. {"slug":"btc-updown-5m-1780702800","reason":"btc_distance_below_threshold","market":"BTC","minDistanceUsd":{"UP":5,"DOWN":5},"openingPrice":60724.92089338973,"currentPrice":60724.92089338973}
[2026-06-05T23:40:01.149Z] INFO Tracking market. {"market":"ETH","slug":"eth-updown-5m-1780702800","title":"Ethereum Up or Down - June 5, 7:40PM-7:45PM ET","end":"2026-06-05T23:45:00.000Z","upToken":"110211939276704423376689995585951585651654563439454990955270560801872295991643","downToken":"24387966389108292382341635304273080458737847923398916394033156497663936206177","orderMinSize":5,"tickSize":"0.01"}
[2026-06-05T23:40:01.152Z] INFO Skipped trade. {"slug":"eth-updown-5m-1780702800","reason":"missing_opening_chainlink_tick"}
[2026-06-05T23:40:01.152Z] INFO Tracking market. {"market":"DOGE","slug":"doge-updown-5m-1780702800","title":"Dogecoin Up or Down - June 5, 7:40PM-7:45PM ET","end":"2026-06-05T23:45:00.000Z","upToken":"19241331917085766170926020367160639389407784509011894099622475016257311754738","downToken":"65270612644079502072259220414598621925769100758879347854981165814521117614433","orderMinSize":5,"tickSize":"0.01"}
[2026-06-05T23:40:01.153Z] INFO Skipped trade. {"slug":"doge-updown-5m-1780702800","reason":"missing_opening_chainlink_tick"}
[2026-06-05T23:40:47.041Z] INFO Skipped trade. {"slug":"btc-updown-5m-1780702800","reason":"stale_chainlink_tick","tickTimestamp":"2026-06-05T23:40:04.000Z"}
[2026-06-05T23:40:48.265Z] INFO Captured Chainlink opening tick. {"slug":"eth-updown-5m-1780702800","openingPrice":1570.9807479617164,"tickTimestamp":"2026-06-05T23:40:00.000Z"}
[2026-06-05T23:40:48.356Z] INFO Captured Chainlink opening tick. {"slug":"doge-updown-5m-1780702800","openingPrice":0.080919417,"tickTimestamp":"2026-06-05T23:40:00.000Z"}
[2026-06-05T23:41:58.095Z] INFO Skipped trade. {"slug":"eth-updown-5m-1780702800","reason":"stale_chainlink_tick","tickTimestamp":"2026-06-05T23:41:02.000Z"}
[2026-06-05T23:41:58.100Z] INFO Skipped trade. {"slug":"doge-updown-5m-1780702800","reason":"stale_chainlink_tick","tickTimestamp":"2026-06-05T23:41:02.000Z"}
[2026-06-05T23:42:13.670Z] INFO Skipped trade. {"slug":"eth-updown-5m-1780702800","reason":"btc_distance_below_threshold","market":"ETH","minDistanceUsd":{"UP":0.5,"DOWN":0.5},"openingPrice":1570.9807479617164,"currentPrice":1570.566725}
[2026-06-05T23:42:13.670Z] INFO Skipped trade. {"slug":"doge-updown-5m-1780702800","reason":"btc_distance_below_threshold","market":"DOGE","minDistanceUsd":{"UP":0.0001,"DOWN":0.0001},"openingPrice":0.080919417,"currentPrice":0.0808273}
[2026-06-05T23:44:35.261Z] INFO Skipped trade. {"slug":"btc-updown-5m-1780702800","reason":"no_ask_liquidity_under_cap","outcome":"UP"}
[2026-06-05T23:44:59.173Z] INFO Skipped trade. {"slug":"eth-updown-5m-1780702800","reason":"no_ask_liquidity_under_cap","outcome":"UP"}
[2026-06-05T23:45:00.379Z] INFO Tracking market. {"market":"BTC","slug":"btc-updown-5m-1780703100","title":"Bitcoin Up or Down - June 5, 7:45PM-7:50PM ET","end":"2026-06-05T23:50:00.000Z","upToken":"84587326740047662137620021120801637971000204363462463468941343328357378978151","downToken":"19104538929160491020881929076548822190424892175795178171742304918028726628742","orderMinSize":5,"tickSize":"0.01"}
[2026-06-05T23:45:00.398Z] INFO Captured Chainlink opening tick. {"slug":"btc-updown-5m-1780703100","openingPrice":60784.61096098437,"tickTimestamp":"2026-06-05T23:45:00.000Z"}
[2026-06-05T23:45:00.403Z] INFO Skipped trade. {"slug":"btc-updown-5m-1780703100","reason":"btc_distance_below_threshold","market":"BTC","minDistanceUsd":{"UP":5,"DOWN":5},"openingPrice":60784.61096098437,"currentPrice":60784.61096098437}
[2026-06-05T23:45:00.403Z] INFO Tracking market. {"market":"ETH","slug":"eth-updown-5m-1780703100","title":"Ethereum Up or Down - June 5, 7:45PM-7:50PM ET","end":"2026-06-05T23:50:00.000Z","upToken":"73302600803959225858399120391091427786821208583102775843076162418709571820051","downToken":"33291738531470505289405757782215870555674440475713116780289226105825142643792","orderMinSize":5,"tickSize":"0.01"}
[2026-06-05T23:45:00.403Z] INFO Skipped trade. {"slug":"eth-updown-5m-1780703100","reason":"missing_opening_chainlink_tick"}
[2026-06-05T23:45:00.403Z] INFO Tracking market. {"market":"DOGE","slug":"doge-updown-5m-1780703100","title":"Dogecoin Up or Down - June 5, 7:45PM-7:50PM ET","end":"2026-06-05T23:50:00.000Z","upToken":"75519885552514096507444073795392576782078151174190008769003258891162677640145","downToken":"1109245337771609703127259888963981697642832575766980402861157704538566814937","orderMinSize":5,"tickSize":"0.01"}
[2026-06-05T23:45:00.403Z] INFO Skipped trade. {"slug":"doge-updown-5m-1780703100","reason":"missing_opening_chainlink_tick"}
[2026-06-05T23:45:03.437Z] INFO Captured Chainlink opening tick. {"slug":"eth-updown-5m-1780703100","openingPrice":1571.3575351790028,"tickTimestamp":"2026-06-05T23:45:00.000Z"}
[2026-06-05T23:45:03.444Z] INFO Skipped trade. {"slug":"eth-updown-5m-1780703100","reason":"btc_distance_below_threshold","market":"ETH","minDistanceUsd":{"UP":0.5,"DOWN":0.5},"openingPrice":1571.3575351790028,"currentPrice":1571.38731}
[2026-06-05T23:45:03.454Z] INFO Captured Chainlink opening tick. {"slug":"doge-updown-5m-1780703100","openingPrice":0.0808644767023432,"tickTimestamp":"2026-06-05T23:45:00.000Z"}
[2026-06-05T23:45:03.458Z] INFO Skipped trade. {"slug":"doge-updown-5m-1780703100","reason":"btc_distance_below_threshold","market":"DOGE","minDistanceUsd":{"UP":0.0001,"DOWN":0.0001},"openingPrice":0.0808644767023432,"currentPrice":0.0808487}
[2026-06-05T23:45:27.226Z] INFO Skipped trade. {"slug":"eth-updown-5m-1780703100","reason":"stale_chainlink_tick","tickTimestamp":"2026-06-05T23:45:03.000Z"}
[2026-06-05T23:45:27.226Z] INFO Skipped trade. {"slug":"doge-updown-5m-1780703100","reason":"stale_chainlink_tick","tickTimestamp":"2026-06-05T23:45:03.000Z"}
[2026-06-05T23:49:28.836Z] INFO Skipped trade. {"slug":"eth-updown-5m-1780703100","reason":"no_ask_liquidity_under_cap","outcome":"UP"}
[2026-06-05T23:49:28.853Z] INFO Trade attempt recorded. {"mode":"sim","slug":"btc-updown-5m-1780703100","outcome":"UP","amountUsd":5,"bestAsk":0.58,"estimatedShares":8.620689655172415}
[2026-06-05T23:49:30.172Z] INFO Skipped trade. {"slug":"btc-updown-5m-1780703100","reason":"market_already_traded"}
[2026-06-05T23:49:58.625Z] INFO Skipped trade. {"slug":"doge-updown-5m-1780703100","reason":"no_ask_liquidity_under_cap","outcome":"UP"}
[2026-06-05T23:50:01.272Z] INFO Resolved trade. {"mode":"sim","slug":"btc-updown-5m-1780703100","outcome":"UP","winningOutcome":"UP","won":true,"finalPrice":60798.04608224048}
[2026-06-05T23:50:01.411Z] INFO Tracking market. {"market":"BTC","slug":"btc-updown-5m-1780703400","title":"Bitcoin Up or Down - June 5, 7:50PM-7:55PM ET","end":"2026-06-05T23:55:00.000Z","upToken":"25741818285921050666292412663000468522763751604389702037314209872728938509363","downToken":"13046128261116753742851369353274908829034570416009529705966693703083562911392","orderMinSize":5,"tickSize":"0.01"}
[2026-06-05T23:50:01.419Z] INFO Captured Chainlink opening tick. {"slug":"btc-updown-5m-1780703400","openingPrice":60799.58293008376,"tickTimestamp":"2026-06-05T23:50:00.000Z"}
[2026-06-05T23:50:01.422Z] INFO Skipped trade. {"slug":"btc-updown-5m-1780703400","reason":"btc_distance_below_threshold","market":"BTC","minDistanceUsd":{"UP":5,"DOWN":5},"openingPrice":60799.58293008376,"currentPrice":60798.04608224048}
[2026-06-05T23:50:01.422Z] INFO Tracking market. {"market":"ETH","slug":"eth-updown-5m-1780703400","title":"Ethereum Up or Down - June 5, 7:50PM-7:55PM ET","end":"2026-06-05T23:55:00.000Z","upToken":"1413797027397863002680950965375023767904815406823374077764632438664682714121","downToken":"36140508369866149712421657369408506939011053440215704004386489103236701372592","orderMinSize":5,"tickSize":"0.01"}
[2026-06-05T23:50:01.423Z] INFO Skipped trade. {"slug":"eth-updown-5m-1780703400","reason":"missing_opening_chainlink_tick"}
[2026-06-05T23:50:01.423Z] INFO Tracking market. {"market":"DOGE","slug":"doge-updown-5m-1780703400","title":"Dogecoin Up or Down - June 5, 7:50PM-7:55PM ET","end":"2026-06-05T23:55:00.000Z","upToken":"32405288883065114459027560728237563417340998077243160249672200088118956330411","downToken":"88010314317366038147158401140394078093099817888663140970860678499444055308735","orderMinSize":5,"tickSize":"0.01"}
[2026-06-05T23:50:01.423Z] INFO Skipped trade. {"slug":"doge-updown-5m-1780703400","reason":"missing_opening_chainlink_tick"}
[2026-06-05T23:50:03.443Z] INFO Captured Chainlink opening tick. {"slug":"eth-updown-5m-1780703400","openingPrice":1573.3409615258638,"tickTimestamp":"2026-06-05T23:50:00.000Z"}
[2026-06-05T23:50:03.447Z] INFO Skipped trade. {"slug":"eth-updown-5m-1780703400","reason":"btc_distance_below_threshold","market":"ETH","minDistanceUsd":{"UP":0.5,"DOWN":0.5},"openingPrice":1573.3409615258638,"currentPrice":1573.299759540163}
[2026-06-05T23:50:03.454Z] INFO Captured Chainlink opening tick. {"slug":"doge-updown-5m-1780703400","openingPrice":0.0809777861673289,"tickTimestamp":"2026-06-05T23:50:00.000Z"}
[2026-06-05T23:50:03.458Z] INFO Skipped trade. {"slug":"doge-updown-5m-1780703400","reason":"btc_distance_below_threshold","market":"DOGE","minDistanceUsd":{"UP":0.0001,"DOWN":0.0001},"openingPrice":0.0809777861673289,"currentPrice":0.0809718776430088}
[2026-06-05T23:54:28.792Z] INFO Skipped trade. {"slug":"btc-updown-5m-1780703400","reason":"no_ask_liquidity_under_cap","outcome":"UP"}
[2026-06-05T23:54:28.792Z] INFO Skipped trade. {"slug":"eth-updown-5m-1780703400","reason":"no_ask_liquidity_under_cap","outcome":"UP"}
[2026-06-05T23:54:28.792Z] INFO Skipped trade. {"slug":"doge-updown-5m-1780703400","reason":"no_ask_liquidity_under_cap","outcome":"UP"}
[2026-06-05T23:55:00.585Z] INFO Tracking market. {"market":"BTC","slug":"btc-updown-5m-1780703700","title":"Bitcoin Up or Down - June 5, 7:55PM-8:00PM ET","end":"2026-06-06T00:00:00.000Z","upToken":"20772639241045013110921984614360356580665698288971063795081428444568366234799","downToken":"48946229069542796963966796353962302924458445258405355614966543041782194717293","orderMinSize":5,"tickSize":"0.01"}
[2026-06-05T23:55:00.596Z] INFO Captured Chainlink opening tick. {"slug":"btc-updown-5m-1780703700","openingPrice":60991.79185,"tickTimestamp":"2026-06-05T23:55:00.000Z"}
[2026-06-05T23:55:00.603Z] INFO Skipped trade. {"slug":"btc-updown-5m-1780703700","reason":"btc_distance_below_threshold","market":"BTC","minDistanceUsd":{"UP":5,"DOWN":5},"openingPrice":60991.79185,"currentPrice":60991.79185}
[2026-06-05T23:55:00.603Z] INFO Tracking market. {"market":"ETH","slug":"eth-updown-5m-1780703700","title":"Ethereum Up or Down - June 5, 7:55PM-8:00PM ET","end":"2026-06-06T00:00:00.000Z","upToken":"99790136807551964721167836143539579333767782100112317825679748975583621488153","downToken":"26494926430665670761697127422215710816816814599914027599125841112587531510112","orderMinSize":5,"tickSize":"0.01"}
[2026-06-05T23:55:00.604Z] INFO Skipped trade. {"slug":"eth-updown-5m-1780703700","reason":"missing_opening_chainlink_tick"}
[2026-06-05T23:55:00.604Z] INFO Tracking market. {"market":"DOGE","slug":"doge-updown-5m-1780703700","title":"Dogecoin Up or Down - June 5, 7:55PM-8:00PM ET","end":"2026-06-06T00:00:00.000Z","upToken":"48585705623294350482014118143706923446278646659535453827734650276040653526732","downToken":"21621505112533404328521363628628246876130108118010151579002533696317721572047","orderMinSize":5,"tickSize":"0.01"}
[2026-06-05T23:55:00.604Z] INFO Skipped trade. {"slug":"doge-updown-5m-1780703700","reason":"missing_opening_chainlink_tick"}
[2026-06-05T23:55:03.713Z] INFO Captured Chainlink opening tick. {"slug":"eth-updown-5m-1780703700","openingPrice":1581.3736939283442,"tickTimestamp":"2026-06-05T23:55:00.000Z"}
[2026-06-05T23:55:03.717Z] INFO Skipped trade. {"slug":"eth-updown-5m-1780703700","reason":"btc_distance_below_threshold","market":"ETH","minDistanceUsd":{"UP":0.5,"DOWN":0.5},"openingPrice":1581.3736939283442,"currentPrice":1581.5361728506923}
[2026-06-05T23:55:03.728Z] INFO Captured Chainlink opening tick. {"slug":"doge-updown-5m-1780703700","openingPrice":0.081385974,"tickTimestamp":"2026-06-05T23:55:00.000Z"}
[2026-06-05T23:55:03.731Z] INFO Skipped trade. {"slug":"doge-updown-5m-1780703700","reason":"btc_distance_below_threshold","market":"DOGE","minDistanceUsd":{"UP":0.0001,"DOWN":0.0001},"openingPrice":0.081385974,"currentPrice":0.081386}
[2026-06-05T23:59:51.742Z] INFO Skipped trade. {"slug":"btc-updown-5m-1780703700","reason":"no_ask_liquidity_under_cap","outcome":"DOWN"}
[2026-06-05T23:59:54.262Z] INFO Skipped trade. {"slug":"eth-updown-5m-1780703700","reason":"no_ask_liquidity_under_cap","outcome":"UP"}
[2026-06-06T00:00:00.486Z] INFO Tracking market. {"market":"BTC","slug":"btc-updown-5m-1780704000","title":"Bitcoin Up or Down - June 5, 8:00PM-8:05PM ET","end":"2026-06-06T00:05:00.000Z","upToken":"7989961595599756927614618701351621065081178192989280176963938228393359442077","downToken":"97919085688955563701510083844076633739160931762216666285134268029077920242174","orderMinSize":5,"tickSize":"0.01"}
[2026-06-06T00:00:00.493Z] INFO Captured Chainlink opening tick. {"slug":"btc-updown-5m-1780704000","openingPrice":61035.05715547573,"tickTimestamp":"2026-06-06T00:00:00.000Z"}
[2026-06-06T00:00:00.496Z] INFO Skipped trade. {"slug":"btc-updown-5m-1780704000","reason":"btc_distance_below_threshold","market":"BTC","minDistanceUsd":{"UP":5,"DOWN":5},"openingPrice":61035.05715547573,"currentPrice":61035.05715547573}
[2026-06-06T00:00:00.496Z] INFO Tracking market. {"market":"ETH","slug":"eth-updown-5m-1780704000","title":"Ethereum Up or Down - June 5, 8:00PM-8:05PM ET","end":"2026-06-06T00:05:00.000Z","upToken":"105038153283192868093635646246570918414034721005970902746794180909819387293685","downToken":"115652898457481001903456262774900239111737885508026333380441037189700247983402","orderMinSize":5,"tickSize":"0.01"}
[2026-06-06T00:00:00.496Z] INFO Skipped trade. {"slug":"eth-updown-5m-1780704000","reason":"missing_opening_chainlink_tick"}
[2026-06-06T00:00:00.496Z] INFO Tracking market. {"market":"DOGE","slug":"doge-updown-5m-1780704000","title":"Dogecoin Up or Down - June 5, 8:00PM-8:05PM ET","end":"2026-06-06T00:05:00.000Z","upToken":"9597513072615085276054720732647795398702416077456036776296939538200728308392","downToken":"95222016367125281489538616226391503398744826579487250274898107590954778333645","orderMinSize":5,"tickSize":"0.01"}
[2026-06-06T00:00:00.497Z] INFO Skipped trade. {"slug":"doge-updown-5m-1780704000","reason":"missing_opening_chainlink_tick"}
[2026-06-06T00:00:03.533Z] INFO Captured Chainlink opening tick. {"slug":"eth-updown-5m-1780704000","openingPrice":1582.892305474761,"tickTimestamp":"2026-06-06T00:00:00.000Z"}
[2026-06-06T00:00:03.542Z] INFO Skipped trade. {"slug":"eth-updown-5m-1780704000","reason":"btc_distance_below_threshold","market":"ETH","minDistanceUsd":{"UP":0.5,"DOWN":0.5},"openingPrice":1582.892305474761,"currentPrice":1582.472707721421}
[2026-06-06T00:00:03.558Z] INFO Captured Chainlink opening tick. {"slug":"doge-updown-5m-1780704000","openingPrice":0.08144923193496,"tickTimestamp":"2026-06-06T00:00:00.000Z"}
[2026-06-06T00:00:03.562Z] INFO Skipped trade. {"slug":"doge-updown-5m-1780704000","reason":"btc_distance_below_threshold","market":"DOGE","minDistanceUsd":{"UP":0.0001,"DOWN":0.0001},"openingPrice":0.08144923193496,"currentPrice":0.0814518534378804}
[2026-06-06T00:04:28.816Z] INFO Skipped trade. {"slug":"btc-updown-5m-1780704000","reason":"no_ask_liquidity_under_cap","outcome":"UP"}
[2026-06-06T00:04:28.816Z] INFO Skipped trade. {"slug":"eth-updown-5m-1780704000","reason":"no_ask_liquidity_under_cap","outcome":"UP"}
[2026-06-06T00:04:28.816Z] INFO Skipped trade. {"slug":"doge-updown-5m-1780704000","reason":"no_ask_liquidity_under_cap","outcome":"UP"}
[CLOB Client] request error {"status":502,"statusText":"Bad Gateway","data":"<html>\r\n<head><title>502 Bad Gateway</title></head>\r\n<body>\r\n<center><h1>502 Bad Gateway</h1></center>\r\n<hr><center>cloudflare</center>\r\n</body>\r\n</html>\r\n","config":{"transitional":{"silentJSONParsing":true,"forcedJSONParsing":true,"clarifyTimeoutError":false,"legacyInterceptorReqResOrdering":true},"adapter":["xhr","http","fetch"],"transformRequest":[null],"transformResponse":[null],"timeout":0,"xsrfCookieName":"XSRF-TOKEN","xsrfHeaderName":"X-XSRF-TOKEN","maxContentLength":-1,"maxBodyLength":-1,"env":{},"headers":{"Accept":"application/json, text/plain, */*","User-Agent":"axios/1.16.0","Accept-Encoding":"gzip, compress, deflate, br"},"method":"get","url":"https://clob.polymarket.com/book","params":{"token_id":"7989961595599756927614618701351621065081178192989280176963938228393359442077"},"allowAbsoluteUrls":true}}
[CLOB Client] request error {"status":502,"statusText":"Bad Gateway","data":"<html>\r\n<head><title>502 Bad Gateway</title></head>\r\n<body>\r\n<center><h1>502 Bad Gateway</h1></center>\r\n<hr><center>cloudflare</center>\r\n</body>\r\n</html>\r\n","config":{"transitional":{"silentJSONParsing":true,"forcedJSONParsing":true,"clarifyTimeoutError":false,"legacyInterceptorReqResOrdering":true},"adapter":["xhr","http","fetch"],"transformRequest":[null],"transformResponse":[null],"timeout":0,"xsrfCookieName":"XSRF-TOKEN","xsrfHeaderName":"X-XSRF-TOKEN","maxContentLength":-1,"maxBodyLength":-1,"env":{},"headers":{"Accept":"application/json, text/plain, */*","User-Agent":"axios/1.16.0","Accept-Encoding":"gzip, compress, deflate, br"},"method":"get","url":"https://clob.polymarket.com/book","params":{"token_id":"95222016367125281489538616226391503398744826579487250274898107590954778333645"},"allowAbsoluteUrls":true}}
[2026-06-06T00:05:03.177Z] INFO Tracking market. {"market":"BTC","slug":"btc-updown-5m-1780704300","title":"Bitcoin Up or Down - June 5, 8:05PM-8:10PM ET","end":"2026-06-06T00:10:00.000Z","upToken":"34210117745495924425265697821101473726673522034327714262539923193984658729830","downToken":"25529684976868869577870424262811698493200447841276882191784099125100916440194","orderMinSize":5,"tickSize":"0.01"}
[2026-06-06T00:05:03.187Z] INFO Captured Chainlink opening tick. {"slug":"btc-updown-5m-1780704300","openingPrice":61367.31273,"tickTimestamp":"2026-06-06T00:05:00.000Z"}
[2026-06-06T00:05:03.191Z] INFO Skipped trade. {"slug":"btc-updown-5m-1780704300","reason":"btc_distance_below_threshold","market":"BTC","minDistanceUsd":{"UP":5,"DOWN":5},"openingPrice":61367.31273,"currentPrice":61364.69869603524}
[2026-06-06T00:05:03.191Z] INFO Tracking market. {"market":"ETH","slug":"eth-updown-5m-1780704300","title":"Ethereum Up or Down - June 5, 8:05PM-8:10PM ET","end":"2026-06-06T00:10:00.000Z","upToken":"72053488047078963878881357847170389240054515558161118230405287430069726424449","downToken":"93948779290172014397584568206646869807335858084144537868554649673300749381812","orderMinSize":5,"tickSize":"0.01"}
[2026-06-06T00:05:03.192Z] INFO Skipped trade. {"slug":"eth-updown-5m-1780704300","reason":"missing_opening_chainlink_tick"}
[2026-06-06T00:05:03.192Z] INFO Tracking market. {"market":"DOGE","slug":"doge-updown-5m-1780704300","title":"Dogecoin Up or Down - June 5, 8:05PM-8:10PM ET","end":"2026-06-06T00:10:00.000Z","upToken":"109529702428726126467083956189474901520908702047048957537707107185845851884497","downToken":"97527085457849772159716675017186359325231567707500343283047309741346998108680","orderMinSize":5,"tickSize":"0.01"}
[2026-06-06T00:05:03.192Z] INFO Skipped trade. {"slug":"doge-updown-5m-1780704300","reason":"missing_opening_chainlink_tick"}
[2026-06-06T00:05:04.199Z] INFO Captured Chainlink opening tick. {"slug":"eth-updown-5m-1780704300","openingPrice":1597.7937279051007,"tickTimestamp":"2026-06-06T00:05:00.000Z"}
[2026-06-06T00:05:04.211Z] INFO Captured Chainlink opening tick. {"slug":"doge-updown-5m-1780704300","openingPrice":0.0824479388755403,"tickTimestamp":"2026-06-06T00:05:00.000Z"}
[2026-06-06T00:05:04.220Z] INFO Skipped trade. {"slug":"doge-updown-5m-1780704300","reason":"btc_distance_below_threshold","market":"DOGE","minDistanceUsd":{"UP":0.0001,"DOWN":0.0001},"openingPrice":0.0824479388755403,"currentPrice":0.082382744}
[2026-06-06T00:05:09.423Z] INFO Skipped trade. {"slug":"eth-updown-5m-1780704300","reason":"btc_distance_below_threshold","market":"ETH","minDistanceUsd":{"UP":0.5,"DOWN":0.5},"openingPrice":1597.7937279051007,"currentPrice":1597.6196487487298}
[2026-06-06T00:07:12.201Z] INFO Skipped trade. {"slug":"eth-updown-5m-1780704300","reason":"stale_chainlink_tick","tickTimestamp":"2026-06-06T00:07:02.000Z"}
[2026-06-06T00:07:12.201Z] INFO Skipped trade. {"slug":"doge-updown-5m-1780704300","reason":"stale_chainlink_tick","tickTimestamp":"2026-06-06T00:07:02.000Z"}
[2026-06-06T00:09:29.548Z] INFO Skipped trade. {"slug":"btc-updown-5m-1780704300","reason":"no_ask_liquidity_under_cap","outcome":"UP"}
[2026-06-06T00:09:29.548Z] INFO Skipped trade. {"slug":"eth-updown-5m-1780704300","reason":"no_ask_liquidity_under_cap","outcome":"UP"}
[2026-06-06T00:10:00.845Z] INFO Tracking market. {"market":"BTC","slug":"btc-updown-5m-1780704600","title":"Bitcoin Up or Down - June 5, 8:10PM-8:15PM ET","end":"2026-06-06T00:15:00.000Z","upToken":"27076265961680728875211903144929912433224228420761093978519948535241885966958","downToken":"43371752949197345666421928166652792192404025965447789737089421615756557073863","orderMinSize":5,"tickSize":"0.01"}
[2026-06-06T00:10:00.864Z] INFO Captured Chainlink opening tick. {"slug":"btc-updown-5m-1780704600","openingPrice":61421.822421618905,"tickTimestamp":"2026-06-06T00:10:00.000Z"}
[2026-06-06T00:10:00.874Z] INFO Skipped trade. {"slug":"btc-updown-5m-1780704600","reason":"btc_distance_below_threshold","market":"BTC","minDistanceUsd":{"UP":5,"DOWN":5},"openingPrice":61421.822421618905,"currentPrice":61421.822421618905}
[2026-06-06T00:10:00.874Z] INFO Tracking market. {"market":"ETH","slug":"eth-updown-5m-1780704600","title":"Ethereum Up or Down - June 5, 8:10PM-8:15PM ET","end":"2026-06-06T00:15:00.000Z","upToken":"115723000091898123047107010795461003935380198851232403101641696807395530060404","downToken":"60960920405809874751410168549163379353388423509065781151838300521949875529073","orderMinSize":5,"tickSize":"0.01"}
[2026-06-06T00:10:00.875Z] INFO Skipped trade. {"slug":"eth-updown-5m-1780704600","reason":"missing_opening_chainlink_tick"}
[2026-06-06T00:10:00.875Z] INFO Tracking market. {"market":"DOGE","slug":"doge-updown-5m-1780704600","title":"Dogecoin Up or Down - June 5, 8:10PM-8:15PM ET","end":"2026-06-06T00:15:00.000Z","upToken":"87227646615658081794090910544261174787138742991685971734189433657850254739144","downToken":"22805400893407513314702614149537591086404127816505578698696978218253831373923","orderMinSize":5,"tickSize":"0.01"}
[2026-06-06T00:10:00.875Z] INFO Skipped trade. {"slug":"doge-updown-5m-1780704600","reason":"missing_opening_chainlink_tick"}
[2026-06-06T00:10:03.937Z] INFO Captured Chainlink opening tick. {"slug":"eth-updown-5m-1780704600","openingPrice":1600.0488212276618,"tickTimestamp":"2026-06-06T00:10:00.000Z"}
[2026-06-06T00:10:03.945Z] INFO Skipped trade. {"slug":"eth-updown-5m-1780704600","reason":"btc_distance_below_threshold","market":"ETH","minDistanceUsd":{"UP":0.5,"DOWN":0.5},"openingPrice":1600.0488212276618,"currentPrice":1599.8045103004433}
[2026-06-06T00:10:03.961Z] INFO Captured Chainlink opening tick. {"slug":"doge-updown-5m-1780704600","openingPrice":0.0825196863625147,"tickTimestamp":"2026-06-06T00:10:00.000Z"}
[2026-06-06T00:10:03.968Z] INFO Skipped trade. {"slug":"doge-updown-5m-1780704600","reason":"btc_distance_below_threshold","market":"DOGE","minDistanceUsd":{"UP":0.0001,"DOWN":0.0001},"openingPrice":0.0825196863625147,"currentPrice":0.0825104755770642}
[2026-06-06T00:14:30.282Z] INFO Skipped trade. {"slug":"btc-updown-5m-1780704600","reason":"no_ask_liquidity_under_cap","outcome":"DOWN"}
[2026-06-06T00:14:30.282Z] INFO Skipped trade. {"slug":"eth-updown-5m-1780704600","reason":"no_ask_liquidity_under_cap","outcome":"DOWN"}
[2026-06-06T00:15:01.092Z] INFO Tracking market. {"market":"BTC","slug":"btc-updown-5m-1780704900","title":"Bitcoin Up or Down - June 5, 8:15PM-8:20PM ET","end":"2026-06-06T00:20:00.000Z","upToken":"79003686539284727459632779789577539438551992365783409120526931820507450645328","downToken":"721621411402544714824618226890999556576799611849196840367197562008586177021","orderMinSize":5,"tickSize":"0.01"}
[2026-06-06T00:15:01.120Z] INFO Captured Chainlink opening tick. {"slug":"btc-updown-5m-1780704900","openingPrice":61402.44620633414,"tickTimestamp":"2026-06-06T00:15:00.000Z"}
[2026-06-06T00:15:01.129Z] INFO Skipped trade. {"slug":"btc-updown-5m-1780704900","reason":"btc_distance_below_threshold","market":"BTC","minDistanceUsd":{"UP":5,"DOWN":5},"openingPrice":61402.44620633414,"currentPrice":61402.44620633414}
[2026-06-06T00:15:01.129Z] INFO Tracking market. {"market":"ETH","slug":"eth-updown-5m-1780704900","title":"Ethereum Up or Down - June 5, 8:15PM-8:20PM ET","end":"2026-06-06T00:20:00.000Z","upToken":"106345088874045454829049206034626405672882022567557128855112443446520441424948","downToken":"57420566987717103566010639941223166251009025933729407201092418013072533709170","orderMinSize":5,"tickSize":"0.01"}
[2026-06-06T00:15:01.129Z] INFO Skipped trade. {"slug":"eth-updown-5m-1780704900","reason":"missing_opening_chainlink_tick"}
[2026-06-06T00:15:01.130Z] INFO Tracking market. {"market":"DOGE","slug":"doge-updown-5m-1780704900","title":"Dogecoin Up or Down - June 5, 8:15PM-8:20PM ET","end":"2026-06-06T00:20:00.000Z","upToken":"4058924794024102980739338178533679162885649262958632961191960446166160705147","downToken":"18730422838377990899367646492029222376523086441603793244773373679025879945856","orderMinSize":5,"tickSize":"0.01"}
[2026-06-06T00:15:01.130Z] INFO Skipped trade. {"slug":"doge-updown-5m-1780704900","reason":"missing_opening_chainlink_tick"}
[2026-06-06T00:15:04.212Z] INFO Captured Chainlink opening tick. {"slug":"eth-updown-5m-1780704900","openingPrice":1597.9039929465055,"tickTimestamp":"2026-06-06T00:15:00.000Z"}
[2026-06-06T00:15:04.254Z] INFO Skipped trade. {"slug":"eth-updown-5m-1780704900","reason":"btc_distance_below_threshold","market":"ETH","minDistanceUsd":{"UP":0.5,"DOWN":0.5},"openingPrice":1597.9039929465055,"currentPrice":1597.4554555055026}
[2026-06-06T00:15:04.323Z] INFO Captured Chainlink opening tick. {"slug":"doge-updown-5m-1780704900","openingPrice":0.0825316866624813,"tickTimestamp":"2026-06-06T00:15:00.000Z"}
[2026-06-06T00:15:04.331Z] INFO Skipped trade. {"slug":"doge-updown-5m-1780704900","reason":"btc_distance_below_threshold","market":"DOGE","minDistanceUsd":{"UP":0.0001,"DOWN":0.0001},"openingPrice":0.0825316866624813,"currentPrice":0.0824961244191519}
[2026-06-06T00:19:43.923Z] INFO Skipped trade. {"slug":"btc-updown-5m-1780704900","reason":"no_ask_liquidity_under_cap","outcome":"DOWN"}
[2026-06-06T00:19:43.923Z] INFO Skipped trade. {"slug":"eth-updown-5m-1780704900","reason":"no_ask_liquidity_under_cap","outcome":"DOWN"}
[2026-06-06T00:19:43.923Z] INFO Skipped trade. {"slug":"doge-updown-5m-1780704900","reason":"no_ask_liquidity_under_cap","outcome":"DOWN"}
[2026-06-06T00:20:00.261Z] INFO Tracking market. {"market":"BTC","slug":"btc-updown-5m-1780705200","title":"Bitcoin Up or Down - June 5, 8:20PM-8:25PM ET","end":"2026-06-06T00:25:00.000Z","upToken":"51827858932308565019653407889439816023485104222509920496512491136619968464545","downToken":"43832541603351599846950764550259385669972077917285223014084297973506610112607","orderMinSize":5,"tickSize":"0.01"}
[2026-06-06T00:20:00.278Z] INFO Captured Chainlink opening tick. {"slug":"btc-updown-5m-1780705200","openingPrice":61272.40151370467,"tickTimestamp":"2026-06-06T00:20:00.000Z"}
[2026-06-06T00:20:00.282Z] INFO Skipped trade. {"slug":"btc-updown-5m-1780705200","reason":"btc_distance_below_threshold","market":"BTC","minDistanceUsd":{"UP":5,"DOWN":5},"openingPrice":61272.40151370467,"currentPrice":61272.40151370467}
[2026-06-06T00:20:00.282Z] INFO Tracking market. {"market":"ETH","slug":"eth-updown-5m-1780705200","title":"Ethereum Up or Down - June 5, 8:20PM-8:25PM ET","end":"2026-06-06T00:25:00.000Z","upToken":"2220156446957821058257970352501178218564394552163610926271951113325481760484","downToken":"76623224988753227358781701217993245810723854943990687179362939002837252576651","orderMinSize":5,"tickSize":"0.01"}
[2026-06-06T00:20:00.282Z] INFO Skipped trade. {"slug":"eth-updown-5m-1780705200","reason":"missing_opening_chainlink_tick"}
[2026-06-06T00:20:00.282Z] INFO Tracking market. {"market":"DOGE","slug":"doge-updown-5m-1780705200","title":"Dogecoin Up or Down - June 5, 8:20PM-8:25PM ET","end":"2026-06-06T00:25:00.000Z","upToken":"55100465605902395675929968879334620271932695489083123362159082846921519798230","downToken":"7088184866028713965247138352819302154740637392312848509464306244467613814846","orderMinSize":5,"tickSize":"0.01"}
[2026-06-06T00:20:00.282Z] INFO Skipped trade. {"slug":"doge-updown-5m-1780705200","reason":"missing_opening_chainlink_tick"}
[2026-06-06T00:20:05.434Z] INFO Captured Chainlink opening tick. {"slug":"eth-updown-5m-1780705200","openingPrice":1593.643188586643,"tickTimestamp":"2026-06-06T00:20:00.000Z"}
[2026-06-06T00:20:05.437Z] INFO Skipped trade. {"slug":"eth-updown-5m-1780705200","reason":"btc_distance_below_threshold","market":"ETH","minDistanceUsd":{"UP":0.5,"DOWN":0.5},"openingPrice":1593.643188586643,"currentPrice":1593.59935}
[2026-06-06T00:20:05.444Z] INFO Captured Chainlink opening tick. {"slug":"doge-updown-5m-1780705200","openingPrice":0.0823353833476432,"tickTimestamp":"2026-06-06T00:20:00.000Z"}
[2026-06-06T00:20:05.447Z] INFO Skipped trade. {"slug":"doge-updown-5m-1780705200","reason":"btc_distance_below_threshold","market":"DOGE","minDistanceUsd":{"UP":0.0001,"DOWN":0.0001},"openingPrice":0.0823353833476432,"currentPrice":0.0823313442701073}
[2026-06-06T00:22:57.066Z] WARN RTDS websocket closed; reconnecting soon.
[2026-06-06T00:23:00.853Z] INFO Connected to Polymarket RTDS Chainlink feed.
[2026-06-06T00:24:29.697Z] INFO Skipped trade. {"slug":"btc-updown-5m-1780705200","reason":"no_ask_liquidity_under_cap","outcome":"DOWN"}
[2026-06-06T00:24:29.697Z] INFO Skipped trade. {"slug":"eth-updown-5m-1780705200","reason":"no_ask_liquidity_under_cap","outcome":"DOWN"}
[2026-06-06T00:25:01.601Z] INFO Tracking market. {"market":"BTC","slug":"btc-updown-5m-1780705500","title":"Bitcoin Up or Down - June 5, 8:25PM-8:30PM ET","end":"2026-06-06T00:30:00.000Z","upToken":"22203109662902742869404756011474833634677331052781627415684881872938490066667","downToken":"46469936968508644035830102949156016435268909804586720697031221975959507539779","orderMinSize":5,"tickSize":"0.01"}
[2026-06-06T00:25:01.622Z] INFO Captured Chainlink opening tick. {"slug":"btc-updown-5m-1780705500","openingPrice":61136.87796118998,"tickTimestamp":"2026-06-06T00:25:00.000Z"}
[2026-06-06T00:25:01.626Z] INFO Skipped trade. {"slug":"btc-updown-5m-1780705500","reason":"btc_distance_below_threshold","market":"BTC","minDistanceUsd":{"UP":5,"DOWN":5},"openingPrice":61136.87796118998,"currentPrice":61136.87796118998}
[2026-06-06T00:25:01.626Z] INFO Tracking market. {"market":"ETH","slug":"eth-updown-5m-1780705500","title":"Ethereum Up or Down - June 5, 8:25PM-8:30PM ET","end":"2026-06-06T00:30:00.000Z","upToken":"96359457488646191193817997060103953871189380642877184564207292487195713808234","downToken":"19093608299709110327173223218087479608789101464528611029621743912579145358880","orderMinSize":5,"tickSize":"0.01"}
[2026-06-06T00:25:01.626Z] INFO Skipped trade. {"slug":"eth-updown-5m-1780705500","reason":"missing_opening_chainlink_tick"}
[2026-06-06T00:25:01.626Z] INFO Tracking market. {"market":"DOGE","slug":"doge-updown-5m-1780705500","title":"Dogecoin Up or Down - June 5, 8:25PM-8:30PM ET","end":"2026-06-06T00:30:00.000Z","upToken":"48622543213476160146978676810831525601008524743814591176179885300854102548518","downToken":"75178450351212031304740808683378521623635809377157660083170706891403735203024","orderMinSize":5,"tickSize":"0.01"}
[2026-06-06T00:25:01.626Z] INFO Skipped trade. {"slug":"doge-updown-5m-1780705500","reason":"missing_opening_chainlink_tick"}
[2026-06-06T00:25:05.678Z] INFO Captured Chainlink opening tick. {"slug":"eth-updown-5m-1780705500","openingPrice":1590.2439658375038,"tickTimestamp":"2026-06-06T00:25:00.000Z"}
[2026-06-06T00:25:05.683Z] INFO Skipped trade. {"slug":"eth-updown-5m-1780705500","reason":"btc_distance_below_threshold","market":"ETH","minDistanceUsd":{"UP":0.5,"DOWN":0.5},"openingPrice":1590.2439658375038,"currentPrice":1590.483166003826}
[2026-06-06T00:25:05.692Z] INFO Captured Chainlink opening tick. {"slug":"doge-updown-5m-1780705500","openingPrice":0.0822669131082623,"tickTimestamp":"2026-06-06T00:25:00.000Z"}
[2026-06-06T00:25:05.695Z] INFO Skipped trade. {"slug":"doge-updown-5m-1780705500","reason":"btc_distance_below_threshold","market":"DOGE","minDistanceUsd":{"UP":0.0001,"DOWN":0.0001},"openingPrice":0.0822669131082623,"currentPrice":0.0822735426058282}
[2026-06-06T00:28:28.349Z] INFO Skipped trade. {"slug":"eth-updown-5m-1780705500","reason":"stale_chainlink_tick","tickTimestamp":"2026-06-06T00:28:18.000Z"}
[2026-06-06T00:28:28.350Z] INFO Skipped trade. {"slug":"doge-updown-5m-1780705500","reason":"stale_chainlink_tick","tickTimestamp":"2026-06-06T00:28:18.000Z"}
[2026-06-06T00:29:29.782Z] INFO Skipped trade. {"slug":"btc-updown-5m-1780705500","reason":"no_ask_liquidity_under_cap","outcome":"UP"}
[2026-06-06T00:29:29.783Z] INFO Skipped trade. {"slug":"eth-updown-5m-1780705500","reason":"no_ask_liquidity_under_cap","outcome":"UP"}
[2026-06-06T00:29:29.783Z] INFO Skipped trade. {"slug":"doge-updown-5m-1780705500","reason":"no_ask_liquidity_under_cap","outcome":"UP"}
[2026-06-06T00:30:01.185Z] INFO Tracking market. {"market":"BTC","slug":"btc-updown-5m-1780705800","title":"Bitcoin Up or Down - June 5, 8:30PM-8:35PM ET","end":"2026-06-06T00:35:00.000Z","upToken":"96168904910919417451259345344325983792007261705095954141625098674760726433214","downToken":"11980857892239937273720107563443779072248647617218476487251204731188072521912","orderMinSize":5,"tickSize":"0.01"}
[2026-06-06T00:30:01.230Z] INFO Captured Chainlink opening tick. {"slug":"btc-updown-5m-1780705800","openingPrice":61289.82581858661,"tickTimestamp":"2026-06-06T00:30:00.000Z"}
[2026-06-06T00:30:01.237Z] INFO Skipped trade. {"slug":"btc-updown-5m-1780705800","reason":"btc_distance_below_threshold","market":"BTC","minDistanceUsd":{"UP":5,"DOWN":5},"openingPrice":61289.82581858661,"currentPrice":61289.82581858661}
[2026-06-06T00:30:01.237Z] INFO Tracking market. {"market":"ETH","slug":"eth-updown-5m-1780705800","title":"Ethereum Up or Down - June 5, 8:30PM-8:35PM ET","end":"2026-06-06T00:35:00.000Z","upToken":"101182770580297674409977699266681290941525413947416697477036191350127542012509","downToken":"15979623719034207290508374475826207599181994563828541369691557220825200017527","orderMinSize":5,"tickSize":"0.01"}
[2026-06-06T00:30:01.244Z] INFO Captured Chainlink opening tick. {"slug":"eth-updown-5m-1780705800","openingPrice":1595.2296132395702,"tickTimestamp":"2026-06-06T00:30:00.000Z"}
[2026-06-06T00:30:01.247Z] INFO Skipped trade. {"slug":"eth-updown-5m-1780705800","reason":"btc_distance_below_threshold","market":"ETH","minDistanceUsd":{"UP":0.5,"DOWN":0.5},"openingPrice":1595.2296132395702,"currentPrice":1595.2296132395702}
[2026-06-06T00:30:01.247Z] INFO Tracking market. {"market":"DOGE","slug":"doge-updown-5m-1780705800","title":"Dogecoin Up or Down - June 5, 8:30PM-8:35PM ET","end":"2026-06-06T00:35:00.000Z","upToken":"77080904724374905504265846966636393417248497558307191403638235179951574422552","downToken":"49537153995548869179808947425024251660455782143489416802912635226047825477512","orderMinSize":5,"tickSize":"0.01"}
[2026-06-06T00:30:01.254Z] INFO Captured Chainlink opening tick. {"slug":"doge-updown-5m-1780705800","openingPrice":0.0824545441450382,"tickTimestamp":"2026-06-06T00:30:00.000Z"}
[2026-06-06T00:30:01.258Z] INFO Skipped trade. {"slug":"doge-updown-5m-1780705800","reason":"btc_distance_below_threshold","market":"DOGE","minDistanceUsd":{"UP":0.0001,"DOWN":0.0001},"openingPrice":0.0824545441450382,"currentPrice":0.0824545441450382}
[2026-06-06T00:31:26.295Z] WARN RTDS websocket closed; reconnecting soon.
[2026-06-06T00:31:29.965Z] INFO Connected to Polymarket RTDS Chainlink feed.
[2026-06-06T00:34:45.219Z] INFO Skipped trade. {"slug":"btc-updown-5m-1780705800","reason":"no_ask_liquidity_under_cap","outcome":"UP"}
[2026-06-06T00:34:45.219Z] INFO Skipped trade. {"slug":"eth-updown-5m-1780705800","reason":"no_ask_liquidity_under_cap","outcome":"UP"}
[2026-06-06T00:34:45.219Z] INFO Skipped trade. {"slug":"doge-updown-5m-1780705800","reason":"no_ask_liquidity_under_cap","outcome":"UP"}
[2026-06-06T00:35:01.738Z] INFO Tracking market. {"market":"BTC","slug":"btc-updown-5m-1780706100","title":"Bitcoin Up or Down - June 5, 8:35PM-8:40PM ET","end":"2026-06-06T00:40:00.000Z","upToken":"57754959040253763257820989676311541766854388714589412989598530716422407870446","downToken":"68179013490853797709217448940740489497995571575353423837892110878757797256863","orderMinSize":5,"tickSize":"0.01"}
[2026-06-06T00:35:01.755Z] INFO Captured Chainlink opening tick. {"slug":"btc-updown-5m-1780706100","openingPrice":61332.69166503142,"tickTimestamp":"2026-06-06T00:35:00.000Z"}
[2026-06-06T00:35:01.760Z] INFO Tracking market. {"market":"ETH","slug":"eth-updown-5m-1780706100","title":"Ethereum Up or Down - June 5, 8:35PM-8:40PM ET","end":"2026-06-06T00:40:00.000Z","upToken":"47629140228445515149211074389167562067432870614593455247365672268823256128116","downToken":"109565280332502056680725429434583638963965754545645572808558597624072397244873","orderMinSize":5,"tickSize":"0.01"}
[2026-06-06T00:35:01.771Z] INFO Captured Chainlink opening tick. {"slug":"eth-updown-5m-1780706100","openingPrice":1596.9214191916656,"tickTimestamp":"2026-06-06T00:35:00.000Z"}
[2026-06-06T00:35:01.776Z] INFO Skipped trade. {"slug":"eth-updown-5m-1780706100","reason":"btc_distance_below_threshold","market":"ETH","minDistanceUsd":{"UP":0.5,"DOWN":0.5},"openingPrice":1596.9214191916656,"currentPrice":1596.9214191916656}
[2026-06-06T00:35:01.776Z] INFO Tracking market. {"market":"DOGE","slug":"doge-updown-5m-1780706100","title":"Dogecoin Up or Down - June 5, 8:35PM-8:40PM ET","end":"2026-06-06T00:40:00.000Z","upToken":"23059793416164147103465034041371891194600849292044144629382177778801350163311","downToken":"21649936409880321977289520914690935072431372447191791799709438909382971009339","orderMinSize":5,"tickSize":"0.01"}
[2026-06-06T00:35:01.784Z] INFO Captured Chainlink opening tick. {"slug":"doge-updown-5m-1780706100","openingPrice":0.0827127552301245,"tickTimestamp":"2026-06-06T00:35:00.000Z"}
[2026-06-06T00:35:01.788Z] INFO Skipped trade. {"slug":"doge-updown-5m-1780706100","reason":"btc_distance_below_threshold","market":"DOGE","minDistanceUsd":{"UP":0.0001,"DOWN":0.0001},"openingPrice":0.0827127552301245,"currentPrice":0.0827127552301245}
[2026-06-06T00:39:29.796Z] INFO Skipped trade. {"slug":"btc-updown-5m-1780706100","reason":"no_ask_liquidity_under_cap","outcome":"DOWN"}
[2026-06-06T00:39:29.796Z] INFO Skipped trade. {"slug":"eth-updown-5m-1780706100","reason":"no_ask_liquidity_under_cap","outcome":"DOWN"}
[2026-06-06T00:39:29.796Z] INFO Skipped trade. {"slug":"doge-updown-5m-1780706100","reason":"no_ask_liquidity_under_cap","outcome":"DOWN"}
[2026-06-06T00:40:01.754Z] INFO Tracking market. {"market":"BTC","slug":"btc-updown-5m-1780706400","title":"Bitcoin Up or Down - June 5, 8:40PM-8:45PM ET","end":"2026-06-06T00:45:00.000Z","upToken":"94538263763880523696145839890507958698898474538885767362332608186772475435512","downToken":"24318880301294987762146673063653466630062491167836774527615511059630975292600","orderMinSize":5,"tickSize":"0.01"}
[2026-06-06T00:40:01.767Z] INFO Captured Chainlink opening tick. {"slug":"btc-updown-5m-1780706400","openingPrice":61286.857474656565,"tickTimestamp":"2026-06-06T00:40:00.000Z"}
[2026-06-06T00:40:01.771Z] INFO Skipped trade. {"slug":"btc-updown-5m-1780706400","reason":"btc_distance_below_threshold","market":"BTC","minDistanceUsd":{"UP":5,"DOWN":5},"openingPrice":61286.857474656565,"currentPrice":61286.445435}
[2026-06-06T00:40:01.771Z] INFO Tracking market. {"market":"ETH","slug":"eth-updown-5m-1780706400","title":"Ethereum Up or Down - June 5, 8:40PM-8:45PM ET","end":"2026-06-06T00:45:00.000Z","upToken":"58444536158055036874994791586480720048869109387618019884925598726027962853489","downToken":"70148857648974145112523449057777948016099417809178682037393614259411820307839","orderMinSize":5,"tickSize":"0.01"}
[2026-06-06T00:40:01.780Z] INFO Captured Chainlink opening tick. {"slug":"eth-updown-5m-1780706400","openingPrice":1594.8638881654565,"tickTimestamp":"2026-06-06T00:40:00.000Z"}
[2026-06-06T00:40:01.784Z] INFO Skipped trade. {"slug":"eth-updown-5m-1780706400","reason":"btc_distance_below_threshold","market":"ETH","minDistanceUsd":{"UP":0.5,"DOWN":0.5},"openingPrice":1594.8638881654565,"currentPrice":1594.8638881654565}
[2026-06-06T00:40:01.784Z] INFO Tracking market. {"market":"DOGE","slug":"doge-updown-5m-1780706400","title":"Dogecoin Up or Down - June 5, 8:40PM-8:45PM ET","end":"2026-06-06T00:45:00.000Z","upToken":"71535782932775500867113851265486535505364616783063344551601394521788700437501","downToken":"113448737996839897900468912306797949715255905128857533133914351133618460183868","orderMinSize":5,"tickSize":"0.01"}
[2026-06-06T00:40:01.792Z] INFO Captured Chainlink opening tick. {"slug":"doge-updown-5m-1780706400","openingPrice":0.082664464,"tickTimestamp":"2026-06-06T00:40:00.000Z"}
[2026-06-06T00:40:01.795Z] INFO Skipped trade. {"slug":"doge-updown-5m-1780706400","reason":"btc_distance_below_threshold","market":"DOGE","minDistanceUsd":{"UP":0.0001,"DOWN":0.0001},"openingPrice":0.082664464,"currentPrice":0.082664464}
[2026-06-06T00:44:46.907Z] INFO Skipped trade. {"slug":"btc-updown-5m-1780706400","reason":"no_ask_liquidity_under_cap","outcome":"DOWN"}
[2026-06-06T00:44:46.907Z] INFO Skipped trade. {"slug":"eth-updown-5m-1780706400","reason":"no_ask_liquidity_under_cap","outcome":"DOWN"}
[2026-06-06T00:45:00.993Z] INFO Tracking market. {"market":"BTC","slug":"btc-updown-5m-1780706700","title":"Bitcoin Up or Down - June 5, 8:45PM-8:50PM ET","end":"2026-06-06T00:50:00.000Z","upToken":"113337127085058149428661847668659334754048982429252367530225374308592625914809","downToken":"111760597381417360832267612336562414848469453373652828329944947606161046639479","orderMinSize":5,"tickSize":"0.01"}
[2026-06-06T00:45:01.007Z] INFO Captured Chainlink opening tick. {"slug":"btc-updown-5m-1780706700","openingPrice":61180.02329419804,"tickTimestamp":"2026-06-06T00:45:00.000Z"}
[2026-06-06T00:45:01.017Z] INFO Skipped trade. {"slug":"btc-updown-5m-1780706700","reason":"btc_distance_below_threshold","market":"BTC","minDistanceUsd":{"UP":5,"DOWN":5},"openingPrice":61180.02329419804,"currentPrice":61180.02329419804}
[2026-06-06T00:45:01.017Z] INFO Tracking market. {"market":"ETH","slug":"eth-updown-5m-1780706700","title":"Ethereum Up or Down - June 5, 8:45PM-8:50PM ET","end":"2026-06-06T00:50:00.000Z","upToken":"23741964159128664942814158317711593597743842749378273711717995831200645533478","downToken":"108860900683807905695106463788310756064246442880382953539710152398897693225772","orderMinSize":5,"tickSize":"0.01"}
[2026-06-06T00:45:01.017Z] INFO Skipped trade. {"slug":"eth-updown-5m-1780706700","reason":"missing_opening_chainlink_tick"}
[2026-06-06T00:45:01.018Z] INFO Tracking market. {"market":"DOGE","slug":"doge-updown-5m-1780706700","title":"Dogecoin Up or Down - June 5, 8:45PM-8:50PM ET","end":"2026-06-06T00:50:00.000Z","upToken":"93826308664544897251179611567410269381938789403283012276178283452636676513897","downToken":"945640276233207778120668794460277678299686322627280193214650118276248051906","orderMinSize":5,"tickSize":"0.01"}
[2026-06-06T00:45:01.018Z] INFO Skipped trade. {"slug":"doge-updown-5m-1780706700","reason":"missing_opening_chainlink_tick"}
[2026-06-06T00:45:02.042Z] INFO Captured Chainlink opening tick. {"slug":"eth-updown-5m-1780706700","openingPrice":1592.8135813109204,"tickTimestamp":"2026-06-06T00:45:00.000Z"}
[2026-06-06T00:45:02.047Z] INFO Skipped trade. {"slug":"eth-updown-5m-1780706700","reason":"btc_distance_below_threshold","market":"ETH","minDistanceUsd":{"UP":0.5,"DOWN":0.5},"openingPrice":1592.8135813109204,"currentPrice":1592.7426567650598}
[2026-06-06T00:45:02.060Z] INFO Captured Chainlink opening tick. {"slug":"doge-updown-5m-1780706700","openingPrice":0.0825752891837421,"tickTimestamp":"2026-06-06T00:45:00.000Z"}
[2026-06-06T00:45:02.065Z] INFO Skipped trade. {"slug":"doge-updown-5m-1780706700","reason":"btc_distance_below_threshold","market":"DOGE","minDistanceUsd":{"UP":0.0001,"DOWN":0.0001},"openingPrice":0.0825752891837421,"currentPrice":0.0825650701828119}
[2026-06-06T00:47:36.845Z] INFO Skipped trade. {"slug":"btc-updown-5m-1780706700","reason":"stale_chainlink_tick","tickTimestamp":"2026-06-06T00:47:22.000Z"}
[2026-06-06T00:49:16.924Z] INFO Skipped trade. {"slug":"eth-updown-5m-1780706700","reason":"stale_chainlink_tick","tickTimestamp":"2026-06-06T00:49:05.000Z"}
[2026-06-06T00:49:31.226Z] INFO Skipped trade. {"slug":"btc-updown-5m-1780706700","reason":"no_ask_liquidity_under_cap","outcome":"UP"}
[2026-06-06T00:49:31.227Z] INFO Skipped trade. {"slug":"eth-updown-5m-1780706700","reason":"no_ask_liquidity_under_cap","outcome":"UP"}
[2026-06-06T00:49:31.227Z] INFO Skipped trade. {"slug":"doge-updown-5m-1780706700","reason":"no_ask_liquidity_under_cap","outcome":"UP"}
[2026-06-06T00:50:10.341Z] INFO Tracking market. {"market":"BTC","slug":"btc-updown-5m-1780707000","title":"Bitcoin Up or Down - June 5, 8:50PM-8:55PM ET","end":"2026-06-06T00:55:00.000Z","upToken":"47063800587860612853119265861632670285660574680006709376757222072481251054318","downToken":"1877264411823113831642928339812651023124517465511480041888045867001415205443","orderMinSize":5,"tickSize":"0.01"}
[2026-06-06T00:50:10.357Z] INFO Captured Chainlink opening tick. {"slug":"btc-updown-5m-1780707000","openingPrice":61228.20156687758,"tickTimestamp":"2026-06-06T00:50:00.000Z"}
[2026-06-06T00:50:10.360Z] INFO Tracking market. {"market":"ETH","slug":"eth-updown-5m-1780707000","title":"Ethereum Up or Down - June 5, 8:50PM-8:55PM ET","end":"2026-06-06T00:55:00.000Z","upToken":"38520369689021154632450188969212853073180640803911046781050117813147476594726","downToken":"21139979026280512209274037838597787501394218145128479234054661155692290068647","orderMinSize":5,"tickSize":"0.01"}
[2026-06-06T00:50:10.369Z] INFO Captured Chainlink opening tick. {"slug":"eth-updown-5m-1780707000","openingPrice":1593.6568768603818,"tickTimestamp":"2026-06-06T00:50:00.000Z"}
[2026-06-06T00:50:10.373Z] INFO Skipped trade. {"slug":"eth-updown-5m-1780707000","reason":"btc_distance_below_threshold","market":"ETH","minDistanceUsd":{"UP":0.5,"DOWN":0.5},"openingPrice":1593.6568768603818,"currentPrice":1593.8792716716216}
[2026-06-06T00:50:10.373Z] INFO Tracking market. {"market":"DOGE","slug":"doge-updown-5m-1780707000","title":"Dogecoin Up or Down - June 5, 8:50PM-8:55PM ET","end":"2026-06-06T00:55:00.000Z","upToken":"16809410386226634383442105212282852688791012854178241335500629589579461644730","downToken":"72370016513159724253888169507273104869036471887059806465311734957448297480067","orderMinSize":5,"tickSize":"0.01"}
[2026-06-06T00:50:10.383Z] INFO Captured Chainlink opening tick. {"slug":"doge-updown-5m-1780707000","openingPrice":0.0827080669610095,"tickTimestamp":"2026-06-06T00:50:00.000Z"}
[2026-06-06T00:50:10.386Z] INFO Skipped trade. {"slug":"doge-updown-5m-1780707000","reason":"btc_distance_below_threshold","market":"DOGE","minDistanceUsd":{"UP":0.0001,"DOWN":0.0001},"openingPrice":0.0827080669610095,"currentPrice":0.0827282}
[2026-06-06T00:50:23.847Z] INFO Skipped trade. {"slug":"btc-updown-5m-1780707000","reason":"btc_distance_below_threshold","market":"BTC","minDistanceUsd":{"UP":5,"DOWN":5},"openingPrice":61228.20156687758,"currentPrice":61226.47}
[2026-06-06T00:54:29.695Z] INFO Skipped trade. {"slug":"btc-updown-5m-1780707000","reason":"no_ask_liquidity_under_cap","outcome":"UP"}
[2026-06-06T00:54:29.695Z] INFO Skipped trade. {"slug":"doge-updown-5m-1780707000","reason":"no_ask_liquidity_under_cap","outcome":"UP"}
[2026-06-06T00:54:29.718Z] INFO Trade attempt recorded. {"mode":"sim","slug":"eth-updown-5m-1780707000","outcome":"UP","amountUsd":5,"bestAsk":0.55,"estimatedShares":9.09090909090909}
[2026-06-06T00:54:31.210Z] INFO Skipped trade. {"slug":"eth-updown-5m-1780707000","reason":"market_already_traded"}
[2026-06-06T00:55:02.118Z] INFO Tracking market. {"market":"BTC","slug":"btc-updown-5m-1780707300","title":"Bitcoin Up or Down - June 5, 8:55PM-9:00PM ET","end":"2026-06-06T01:00:00.000Z","upToken":"41188286648740239052578636117631377629311132482270567619636919131020148755844","downToken":"30964968125949125213781389349684850776293908648153699369504590230954536975689","orderMinSize":5,"tickSize":"0.01"}
[2026-06-06T00:55:02.131Z] INFO Captured Chainlink opening tick. {"slug":"btc-updown-5m-1780707300","openingPrice":61309.441846354144,"tickTimestamp":"2026-06-06T00:55:00.000Z"}
[2026-06-06T00:55:02.135Z] INFO Skipped trade. {"slug":"btc-updown-5m-1780707300","reason":"btc_distance_below_threshold","market":"BTC","minDistanceUsd":{"UP":5,"DOWN":5},"openingPrice":61309.441846354144,"currentPrice":61309.441846354144}
[2026-06-06T00:55:02.135Z] INFO Tracking market. {"market":"ETH","slug":"eth-updown-5m-1780707300","title":"Ethereum Up or Down - June 5, 8:55PM-9:00PM ET","end":"2026-06-06T01:00:00.000Z","upToken":"43924000496665087770216177731332285925120930452787293597968116130006970236641","downToken":"14514790316843505686642339845803055831254601804660514697093397314768513805205","orderMinSize":5,"tickSize":"0.01"}
[2026-06-06T00:55:02.135Z] INFO Skipped trade. {"slug":"eth-updown-5m-1780707300","reason":"missing_opening_chainlink_tick"}
[2026-06-06T00:55:02.135Z] INFO Tracking market. {"market":"DOGE","slug":"doge-updown-5m-1780707300","title":"Dogecoin Up or Down - June 5, 8:55PM-9:00PM ET","end":"2026-06-06T01:00:00.000Z","upToken":"62377809654181364351979091113588630497967576392828733313663491646586393230984","downToken":"57373393771245396206231830192567160849588479603228188962068901577992211577630","orderMinSize":5,"tickSize":"0.01"}
[2026-06-06T00:55:02.135Z] INFO Skipped trade. {"slug":"doge-updown-5m-1780707300","reason":"missing_opening_chainlink_tick"}
[2026-06-06T00:55:03.153Z] INFO Resolved trade. {"mode":"sim","slug":"eth-updown-5m-1780707000","outcome":"UP","winningOutcome":"UP","won":true,"finalPrice":1594.384215}
[2026-06-06T00:55:03.162Z] INFO Captured Chainlink opening tick. {"slug":"eth-updown-5m-1780707300","openingPrice":1594.37341,"tickTimestamp":"2026-06-06T00:55:00.000Z"}
[2026-06-06T00:55:03.165Z] INFO Skipped trade. {"slug":"eth-updown-5m-1780707300","reason":"btc_distance_below_threshold","market":"ETH","minDistanceUsd":{"UP":0.5,"DOWN":0.5},"openingPrice":1594.37341,"currentPrice":1594.384215}
[2026-06-06T00:55:03.175Z] INFO Captured Chainlink opening tick. {"slug":"doge-updown-5m-1780707300","openingPrice":0.0829044,"tickTimestamp":"2026-06-06T00:55:00.000Z"}
[2026-06-06T00:55:03.179Z] INFO Skipped trade. {"slug":"doge-updown-5m-1780707300","reason":"btc_distance_below_threshold","market":"DOGE","minDistanceUsd":{"UP":0.0001,"DOWN":0.0001},"openingPrice":0.0829044,"currentPrice":0.0829087}
[2026-06-06T00:59:29.227Z] INFO Skipped trade. {"slug":"btc-updown-5m-1780707300","reason":"no_ask_liquidity_under_cap","outcome":"DOWN"}
[2026-06-06T00:59:29.227Z] INFO Skipped trade. {"slug":"eth-updown-5m-1780707300","reason":"no_ask_liquidity_under_cap","outcome":"DOWN"}
[2026-06-06T00:59:29.227Z] INFO Skipped trade. {"slug":"doge-updown-5m-1780707300","reason":"no_ask_liquidity_under_cap","outcome":"DOWN"}
[2026-06-06T01:00:01.944Z] INFO Tracking market. {"market":"BTC","slug":"btc-updown-5m-1780707600","title":"Bitcoin Up or Down - June 5, 9:00PM-9:05PM ET","end":"2026-06-06T01:05:00.000Z","upToken":"12258134111117457499516327901747877550649281450555606415411756733984435747485","downToken":"96829645763290886875183309057045851469235106707653089089783847132439123280175","orderMinSize":5,"tickSize":"0.01"}
[2026-06-06T01:00:01.985Z] INFO Captured Chainlink opening tick. {"slug":"btc-updown-5m-1780707600","openingPrice":61249.17785900853,"tickTimestamp":"2026-06-06T01:00:00.000Z"}
[2026-06-06T01:00:01.991Z] INFO Skipped trade. {"slug":"btc-updown-5m-1780707600","reason":"btc_distance_below_threshold","market":"BTC","minDistanceUsd":{"UP":5,"DOWN":5},"openingPrice":61249.17785900853,"currentPrice":61250.01925650176}
[2026-06-06T01:00:01.991Z] INFO Tracking market. {"market":"ETH","slug":"eth-updown-5m-1780707600","title":"Ethereum Up or Down - June 5, 9:00PM-9:05PM ET","end":"2026-06-06T01:05:00.000Z","upToken":"112366420206196442072042099383496173965683159263780179384853235728084542453499","downToken":"73616823087468625024863044714336756738974925007979544574243425589346665218680","orderMinSize":5,"tickSize":"0.01"}
[2026-06-06T01:00:01.991Z] INFO Skipped trade. {"slug":"eth-updown-5m-1780707600","reason":"missing_opening_chainlink_tick"}
[2026-06-06T01:00:01.991Z] INFO Tracking market. {"market":"DOGE","slug":"doge-updown-5m-1780707600","title":"Dogecoin Up or Down - June 5, 9:00PM-9:05PM ET","end":"2026-06-06T01:05:00.000Z","upToken":"31243833356871766910911367843914981251003953788353295267492813828138059723688","downToken":"113566588156886366875973543710710259928198229989453402322158367545089434026093","orderMinSize":5,"tickSize":"0.01"}
[2026-06-06T01:00:01.991Z] INFO Skipped trade. {"slug":"doge-updown-5m-1780707600","reason":"missing_opening_chainlink_tick"}
[2026-06-06T01:00:03.013Z] INFO Captured Chainlink opening tick. {"slug":"eth-updown-5m-1780707600","openingPrice":1592.50255,"tickTimestamp":"2026-06-06T01:00:00.000Z"}
[2026-06-06T01:00:03.016Z] INFO Skipped trade. {"slug":"eth-updown-5m-1780707600","reason":"btc_distance_below_threshold","market":"ETH","minDistanceUsd":{"UP":0.5,"DOWN":0.5},"openingPrice":1592.50255,"currentPrice":1592.64635}
[2026-06-06T01:00:03.024Z] INFO Captured Chainlink opening tick. {"slug":"doge-updown-5m-1780707600","openingPrice":0.0827625,"tickTimestamp":"2026-06-06T01:00:00.000Z"}
[2026-06-06T01:00:03.027Z] INFO Skipped trade. {"slug":"doge-updown-5m-1780707600","reason":"btc_distance_below_threshold","market":"DOGE","minDistanceUsd":{"UP":0.0001,"DOWN":0.0001},"openingPrice":0.0827625,"currentPrice":0.0827684}
[2026-06-06T01:04:28.759Z] INFO Skipped trade. {"slug":"btc-updown-5m-1780707600","reason":"no_ask_liquidity_under_cap","outcome":"UP"}
[2026-06-06T01:04:28.759Z] INFO Skipped trade. {"slug":"eth-updown-5m-1780707600","reason":"no_ask_liquidity_under_cap","outcome":"UP"}
[2026-06-06T01:05:09.112Z] INFO Tracking market. {"market":"BTC","slug":"btc-updown-5m-1780707900","title":"Bitcoin Up or Down - June 5, 9:05PM-9:10PM ET","end":"2026-06-06T01:10:00.000Z","upToken":"108915991568630291827689971038524467125937479629081739638446497352606068635239","downToken":"84055560576910709561218276957762692799504288341441676654457362640245685319992","orderMinSize":5,"tickSize":"0.01"}
[2026-06-06T01:05:09.159Z] INFO Captured Chainlink opening tick. {"slug":"btc-updown-5m-1780707900","openingPrice":61344.48378195561,"tickTimestamp":"2026-06-06T01:05:00.000Z"}
[2026-06-06T01:05:09.166Z] INFO Skipped trade. {"slug":"btc-updown-5m-1780707900","reason":"btc_distance_below_threshold","market":"BTC","minDistanceUsd":{"UP":5,"DOWN":5},"openingPrice":61344.48378195561,"currentPrice":61346.03743221481}
[2026-06-06T01:05:09.166Z] INFO Tracking market. {"market":"ETH","slug":"eth-updown-5m-1780707900","title":"Ethereum Up or Down - June 5, 9:05PM-9:10PM ET","end":"2026-06-06T01:10:00.000Z","upToken":"15314936428684746798625146629594201558202773279777191863715373429151065322336","downToken":"59677120296027344271073961893165273607049478735159459575769082241695551640133","orderMinSize":5,"tickSize":"0.01"}
[2026-06-06T01:05:09.177Z] INFO Captured Chainlink opening tick. {"slug":"eth-updown-5m-1780707900","openingPrice":1595.4041712271248,"tickTimestamp":"2026-06-06T01:05:00.000Z"}
[2026-06-06T01:05:09.181Z] INFO Skipped trade. {"slug":"eth-updown-5m-1780707900","reason":"btc_distance_below_threshold","market":"ETH","minDistanceUsd":{"UP":0.5,"DOWN":0.5},"openingPrice":1595.4041712271248,"currentPrice":1595.467275262026}
[2026-06-06T01:05:09.181Z] INFO Tracking market. {"market":"DOGE","slug":"doge-updown-5m-1780707900","title":"Dogecoin Up or Down - June 5, 9:05PM-9:10PM ET","end":"2026-06-06T01:10:00.000Z","upToken":"31104624676586579958410384731430926524577514724831438279421484655461387482056","downToken":"98049005248105264630833708318313426932792132927337868628524077657369716682907","orderMinSize":5,"tickSize":"0.01"}
[2026-06-06T01:05:09.188Z] INFO Captured Chainlink opening tick. {"slug":"doge-updown-5m-1780707900","openingPrice":0.082833408,"tickTimestamp":"2026-06-06T01:05:00.000Z"}
[2026-06-06T01:05:09.190Z] INFO Skipped trade. {"slug":"doge-updown-5m-1780707900","reason":"btc_distance_below_threshold","market":"DOGE","minDistanceUsd":{"UP":0.0001,"DOWN":0.0001},"openingPrice":0.082833408,"currentPrice":0.0828439}
[2026-06-06T01:09:36.486Z] INFO Skipped trade. {"slug":"btc-updown-5m-1780707900","reason":"no_ask_liquidity_under_cap","outcome":"DOWN"}
[2026-06-06T01:09:36.486Z] INFO Skipped trade. {"slug":"eth-updown-5m-1780707900","reason":"no_ask_liquidity_under_cap","outcome":"DOWN"}
[2026-06-06T01:09:36.487Z] INFO Skipped trade. {"slug":"doge-updown-5m-1780707900","reason":"no_ask_liquidity_under_cap","outcome":"DOWN"}
[2026-06-06T01:10:00.221Z] INFO Tracking market. {"market":"BTC","slug":"btc-updown-5m-1780708200","title":"Bitcoin Up or Down - June 5, 9:10PM-9:15PM ET","end":"2026-06-06T01:15:00.000Z","upToken":"59114789081348704467302096945354208325442734217011702875894931336167835548406","downToken":"46379622696536882929378268110968672160447165742848589661312493769653712871717","orderMinSize":5,"tickSize":"0.01"}
[2026-06-06T01:10:00.221Z] INFO Skipped trade. {"slug":"btc-updown-5m-1780708200","reason":"missing_opening_chainlink_tick"}
[2026-06-06T01:10:00.221Z] INFO Tracking market. {"market":"ETH","slug":"eth-updown-5m-1780708200","title":"Ethereum Up or Down - June 5, 9:10PM-9:15PM ET","end":"2026-06-06T01:15:00.000Z","upToken":"47738705255427093019400220019567374710452282292455264351047584964291052066262","downToken":"16641996178540037307311244110094037440285691768211831300742204286846864487953","orderMinSize":5,"tickSize":"0.01"}
[2026-06-06T01:10:00.222Z] INFO Skipped trade. {"slug":"eth-updown-5m-1780708200","reason":"missing_opening_chainlink_tick"}
[2026-06-06T01:10:00.222Z] INFO Tracking market. {"market":"DOGE","slug":"doge-updown-5m-1780708200","title":"Dogecoin Up or Down - June 5, 9:10PM-9:15PM ET","end":"2026-06-06T01:15:00.000Z","upToken":"44809760912532341012692726504976425707835275406612620547286235531978003730702","downToken":"30095913627911961605608359307653608636267420287426822082853682606070428399637","orderMinSize":5,"tickSize":"0.01"}
[2026-06-06T01:10:00.222Z] INFO Skipped trade. {"slug":"doge-updown-5m-1780708200","reason":"missing_opening_chainlink_tick"}
[2026-06-06T01:10:01.238Z] INFO Captured Chainlink opening tick. {"slug":"btc-updown-5m-1780708200","openingPrice":61303.57634591054,"tickTimestamp":"2026-06-06T01:10:00.000Z"}
[2026-06-06T01:10:01.242Z] INFO Skipped trade. {"slug":"btc-updown-5m-1780708200","reason":"btc_distance_below_threshold","market":"BTC","minDistanceUsd":{"UP":5,"DOWN":5},"openingPrice":61303.57634591054,"currentPrice":61303.57634591054}
[2026-06-06T01:10:04.294Z] INFO Captured Chainlink opening tick. {"slug":"eth-updown-5m-1780708200","openingPrice":1593.343427659195,"tickTimestamp":"2026-06-06T01:10:00.000Z"}
[2026-06-06T01:10:04.301Z] INFO Skipped trade. {"slug":"eth-updown-5m-1780708200","reason":"btc_distance_below_threshold","market":"ETH","minDistanceUsd":{"UP":0.5,"DOWN":0.5},"openingPrice":1593.343427659195,"currentPrice":1593.210905}
[2026-06-06T01:10:04.314Z] INFO Captured Chainlink opening tick. {"slug":"doge-updown-5m-1780708200","openingPrice":0.0826615973648312,"tickTimestamp":"2026-06-06T01:10:00.000Z"}
[2026-06-06T01:10:04.318Z] INFO Skipped trade. {"slug":"doge-updown-5m-1780708200","reason":"btc_distance_below_threshold","market":"DOGE","minDistanceUsd":{"UP":0.0001,"DOWN":0.0001},"openingPrice":0.0826615973648312,"currentPrice":0.0826461896732127}
[2026-06-06T01:14:29.575Z] INFO Skipped trade. {"slug":"btc-updown-5m-1780708200","reason":"no_ask_liquidity_under_cap","outcome":"DOWN"}
[2026-06-06T01:14:29.575Z] INFO Skipped trade. {"slug":"eth-updown-5m-1780708200","reason":"no_ask_liquidity_under_cap","outcome":"DOWN"}
[2026-06-06T01:14:29.575Z] INFO Skipped trade. {"slug":"doge-updown-5m-1780708200","reason":"no_ask_liquidity_under_cap","outcome":"DOWN"}
[2026-06-06T01:15:10.247Z] INFO Tracking market. {"market":"BTC","slug":"btc-updown-5m-1780708500","title":"Bitcoin Up or Down - June 5, 9:15PM-9:20PM ET","end":"2026-06-06T01:20:00.000Z","upToken":"44850344241256749683345994310824400222003915806813144054356951606745460157815","downToken":"1814147784886565487716224955891058895284317600011825508332753136874244518130","orderMinSize":5,"tickSize":"0.01"}
[2026-06-06T01:15:10.266Z] INFO Captured Chainlink opening tick. {"slug":"btc-updown-5m-1780708500","openingPrice":61124.51634434444,"tickTimestamp":"2026-06-06T01:15:00.000Z"}
[2026-06-06T01:15:10.270Z] INFO Tracking market. {"market":"ETH","slug":"eth-updown-5m-1780708500","title":"Ethereum Up or Down - June 5, 9:15PM-9:20PM ET","end":"2026-06-06T01:20:00.000Z","upToken":"106466675984433150491456152943432178785077896943049267530051245280576230905301","downToken":"71287150844444556659231036053391110216700699457591824016977007744621212750852","orderMinSize":5,"tickSize":"0.01"}
[2026-06-06T01:15:10.282Z] INFO Captured Chainlink opening tick. {"slug":"eth-updown-5m-1780708500","openingPrice":1585.0544531077383,"tickTimestamp":"2026-06-06T01:15:00.000Z"}
[2026-06-06T01:15:10.284Z] INFO Skipped trade. {"slug":"eth-updown-5m-1780708500","reason":"btc_distance_below_threshold","market":"ETH","minDistanceUsd":{"UP":0.5,"DOWN":0.5},"openingPrice":1585.0544531077383,"currentPrice":1585.03669}
[2026-06-06T01:15:10.284Z] INFO Tracking market. {"market":"DOGE","slug":"doge-updown-5m-1780708500","title":"Dogecoin Up or Down - June 5, 9:15PM-9:20PM ET","end":"2026-06-06T01:20:00.000Z","upToken":"112835413969197701865847826156815528165021438206429580714502620394084969075041","downToken":"71846948825521475534270892637819113570131111454650402551139597953538133116510","orderMinSize":5,"tickSize":"0.01"}
[2026-06-06T01:15:10.296Z] INFO Captured Chainlink opening tick. {"slug":"doge-updown-5m-1780708500","openingPrice":0.082298815,"tickTimestamp":"2026-06-06T01:15:00.000Z"}
[2026-06-06T01:15:10.299Z] INFO Skipped trade. {"slug":"doge-updown-5m-1780708500","reason":"btc_distance_below_threshold","market":"DOGE","minDistanceUsd":{"UP":0.0001,"DOWN":0.0001},"openingPrice":0.082298815,"currentPrice":0.08231041}
[2026-06-06T01:15:13.332Z] INFO Skipped trade. {"slug":"btc-updown-5m-1780708500","reason":"btc_distance_below_threshold","market":"BTC","minDistanceUsd":{"UP":5,"DOWN":5},"openingPrice":61124.51634434444,"currentPrice":61129.34180406963}
[2026-06-06T01:19:30.155Z] INFO Skipped trade. {"slug":"eth-updown-5m-1780708500","reason":"no_ask_liquidity_under_cap","outcome":"DOWN"}
[2026-06-06T01:19:30.155Z] INFO Skipped trade. {"slug":"doge-updown-5m-1780708500","reason":"no_ask_liquidity_under_cap","outcome":"DOWN"}
[2026-06-06T01:19:31.776Z] INFO Skipped trade. {"slug":"btc-updown-5m-1780708500","reason":"no_ask_liquidity_under_cap","outcome":"UP"}
[2026-06-06T01:19:35.338Z] INFO Trade attempt recorded. {"mode":"sim","slug":"btc-updown-5m-1780708500","outcome":"UP","amountUsd":5,"bestAsk":0.51,"estimatedShares":9.803921568627452}
[2026-06-06T01:19:36.630Z] INFO Skipped trade. {"slug":"btc-updown-5m-1780708500","reason":"market_already_traded"}
[2026-06-06T01:20:01.934Z] INFO Resolved trade. {"mode":"sim","slug":"btc-updown-5m-1780708500","outcome":"UP","winningOutcome":"DOWN","won":false,"finalPrice":61079.87875182685}
[2026-06-06T01:20:02.480Z] INFO Tracking market. {"market":"BTC","slug":"btc-updown-5m-1780708800","title":"Bitcoin Up or Down - June 5, 9:20PM-9:25PM ET","end":"2026-06-06T01:25:00.000Z","upToken":"10691249295232532273223081315002848063494443742947757359855650017379734903620","downToken":"65571225090831979499171112733375277670165809084466610056027230909825825476180","orderMinSize":5,"tickSize":"0.01"}
[2026-06-06T01:20:02.494Z] INFO Captured Chainlink opening tick. {"slug":"btc-updown-5m-1780708800","openingPrice":61079.307628909155,"tickTimestamp":"2026-06-06T01:20:00.000Z"}
[2026-06-06T01:20:02.499Z] INFO Skipped trade. {"slug":"btc-updown-5m-1780708800","reason":"btc_distance_below_threshold","market":"BTC","minDistanceUsd":{"UP":5,"DOWN":5},"openingPrice":61079.307628909155,"currentPrice":61079.87875182685}
[2026-06-06T01:20:02.500Z] INFO Tracking market. {"market":"ETH","slug":"eth-updown-5m-1780708800","title":"Ethereum Up or Down - June 5, 9:20PM-9:25PM ET","end":"2026-06-06T01:25:00.000Z","upToken":"58777595906494945073108029080678679123527892056784240821311688941193018681496","downToken":"35205313082455377544542852323133880368381587480971744844292439310518525239107","orderMinSize":5,"tickSize":"0.01"}
[2026-06-06T01:20:02.506Z] INFO Skipped trade. {"slug":"eth-updown-5m-1780708800","reason":"missing_opening_chainlink_tick"}
[2026-06-06T01:20:02.506Z] INFO Tracking market. {"market":"DOGE","slug":"doge-updown-5m-1780708800","title":"Dogecoin Up or Down - June 5, 9:20PM-9:25PM ET","end":"2026-06-06T01:25:00.000Z","upToken":"26683496042082509298739554302501054722045620568423330140893997248477744756203","downToken":"67706815256064698314015127472307640793974408142077149588648017555436538822261","orderMinSize":5,"tickSize":"0.01"}
[2026-06-06T01:20:02.506Z] INFO Skipped trade. {"slug":"doge-updown-5m-1780708800","reason":"missing_opening_chainlink_tick"}
[2026-06-06T01:20:05.547Z] INFO Captured Chainlink opening tick. {"slug":"eth-updown-5m-1780708800","openingPrice":1582.24675,"tickTimestamp":"2026-06-06T01:20:00.000Z"}
[2026-06-06T01:20:05.552Z] INFO Skipped trade. {"slug":"eth-updown-5m-1780708800","reason":"btc_distance_below_threshold","market":"ETH","minDistanceUsd":{"UP":0.5,"DOWN":0.5},"openingPrice":1582.24675,"currentPrice":1582.205613825886}
[2026-06-06T01:20:05.564Z] INFO Captured Chainlink opening tick. {"slug":"doge-updown-5m-1780708800","openingPrice":0.082081547,"tickTimestamp":"2026-06-06T01:20:00.000Z"}
[2026-06-06T01:20:05.568Z] INFO Skipped trade. {"slug":"doge-updown-5m-1780708800","reason":"btc_distance_below_threshold","market":"DOGE","minDistanceUsd":{"UP":0.0001,"DOWN":0.0001},"openingPrice":0.082081547,"currentPrice":0.0821062022144837}
[2026-06-06T01:20:31.924Z] WARN Bot loop iteration failed; retrying. {"error":"Gamma API 502 while fetching btc-updown-5m-1780708800: <html>\r\n<head><title>502 Bad Gateway</title></head>\r\n<body>\r\n<center><h1>502 Bad Gateway</h1></center>\r\n<hr><center>cloudflare</center>\r\n</body>\r\n</html>\r\n"}
[2026-06-06T01:24:29.804Z] INFO Skipped trade. {"slug":"btc-updown-5m-1780708800","reason":"no_ask_liquidity_under_cap","outcome":"DOWN"}
[2026-06-06T01:24:29.804Z] INFO Skipped trade. {"slug":"eth-updown-5m-1780708800","reason":"no_ask_liquidity_under_cap","outcome":"DOWN"}
[2026-06-06T01:24:29.804Z] INFO Skipped trade. {"slug":"doge-updown-5m-1780708800","reason":"no_ask_liquidity_under_cap","outcome":"DOWN"}
[2026-06-06T01:25:00.514Z] INFO Tracking market. {"market":"BTC","slug":"btc-updown-5m-1780709100","title":"Bitcoin Up or Down - June 5, 9:25PM-9:30PM ET","end":"2026-06-06T01:30:00.000Z","upToken":"4323566600465072857651987622705556052787690465646461357770240534571589642178","downToken":"68308684323607587811724740354946629486219226926949808288944973361248237669312","orderMinSize":5,"tickSize":"0.01"}
[2026-06-06T01:25:00.531Z] INFO Captured Chainlink opening tick. {"slug":"btc-updown-5m-1780709100","openingPrice":60976.48127174006,"tickTimestamp":"2026-06-06T01:25:00.000Z"}
[2026-06-06T01:25:00.536Z] INFO Skipped trade. {"slug":"btc-updown-5m-1780709100","reason":"btc_distance_below_threshold","market":"BTC","minDistanceUsd":{"UP":5,"DOWN":5},"openingPrice":60976.48127174006,"currentPrice":60976.48127174006}
[2026-06-06T01:25:00.536Z] INFO Tracking market. {"market":"ETH","slug":"eth-updown-5m-1780709100","title":"Ethereum Up or Down - June 5, 9:25PM-9:30PM ET","end":"2026-06-06T01:30:00.000Z","upToken":"18796979773444679992859616538576674419163250233223456744623596255032623906904","downToken":"12266342993760265690584352374130191231320892472144357259857649152979653740459","orderMinSize":5,"tickSize":"0.01"}
[2026-06-06T01:25:00.546Z] INFO Captured Chainlink opening tick. {"slug":"eth-updown-5m-1780709100","openingPrice":1580.9346545601225,"tickTimestamp":"2026-06-06T01:25:00.000Z"}
[2026-06-06T01:25:00.551Z] INFO Skipped trade. {"slug":"eth-updown-5m-1780709100","reason":"btc_distance_below_threshold","market":"ETH","minDistanceUsd":{"UP":0.5,"DOWN":0.5},"openingPrice":1580.9346545601225,"currentPrice":1580.9346545601225}
[2026-06-06T01:25:00.551Z] INFO Tracking market. {"market":"DOGE","slug":"doge-updown-5m-1780709100","title":"Dogecoin Up or Down - June 5, 9:25PM-9:30PM ET","end":"2026-06-06T01:30:00.000Z","upToken":"42038675878511839342134279565965841562162845530593000332601252197275775174706","downToken":"57184476564388996637515675171149154067807683254247439834898453547829870930265","orderMinSize":5,"tickSize":"0.01"}
[2026-06-06T01:25:00.559Z] INFO Captured Chainlink opening tick. {"slug":"doge-updown-5m-1780709100","openingPrice":0.081878431,"tickTimestamp":"2026-06-06T01:25:00.000Z"}
[2026-06-06T01:25:00.563Z] INFO Skipped trade. {"slug":"doge-updown-5m-1780709100","reason":"btc_distance_below_threshold","market":"DOGE","minDistanceUsd":{"UP":0.0001,"DOWN":0.0001},"openingPrice":0.081878431,"currentPrice":0.081878431}
[2026-06-06T01:29:30.444Z] INFO Skipped trade. {"slug":"btc-updown-5m-1780709100","reason":"no_ask_liquidity_under_cap","outcome":"UP"}
[2026-06-06T01:29:30.444Z] INFO Skipped trade. {"slug":"eth-updown-5m-1780709100","reason":"no_ask_liquidity_under_cap","outcome":"UP"}
[2026-06-06T01:29:30.444Z] INFO Skipped trade. {"slug":"doge-updown-5m-1780709100","reason":"no_ask_liquidity_under_cap","outcome":"UP"}
[2026-06-06T01:30:00.994Z] INFO Tracking market. {"market":"BTC","slug":"btc-updown-5m-1780709400","title":"Bitcoin Up or Down - June 5, 9:30PM-9:35PM ET","end":"2026-06-06T01:35:00.000Z","upToken":"15203191980954501715216376968547196081679799710753919354098844506563874251","downToken":"44597226518269312895482756573370784387010646629047228280937309109410322878446","orderMinSize":5,"tickSize":"0.01"}
[2026-06-06T01:30:01.041Z] INFO Captured Chainlink opening tick. {"slug":"btc-updown-5m-1780709400","openingPrice":61273.65033182503,"tickTimestamp":"2026-06-06T01:30:00.000Z"}
[2026-06-06T01:30:01.051Z] INFO Skipped trade. {"slug":"btc-updown-5m-1780709400","reason":"btc_distance_below_threshold","market":"BTC","minDistanceUsd":{"UP":5,"DOWN":5},"openingPrice":61273.65033182503,"currentPrice":61273.65033182503}
[2026-06-06T01:30:01.051Z] INFO Tracking market. {"market":"ETH","slug":"eth-updown-5m-1780709400","title":"Ethereum Up or Down - June 5, 9:30PM-9:35PM ET","end":"2026-06-06T01:35:00.000Z","upToken":"31077103142523904431161186181797919143312261722875575848425196538602718017243","downToken":"3151861933921996759789230724082324871752892485820125990692455836120378504327","orderMinSize":5,"tickSize":"0.01"}
[2026-06-06T01:30:01.066Z] INFO Captured Chainlink opening tick. {"slug":"eth-updown-5m-1780709400","openingPrice":1592.2066622398354,"tickTimestamp":"2026-06-06T01:30:00.000Z"}
[2026-06-06T01:30:01.070Z] INFO Skipped trade. {"slug":"eth-updown-5m-1780709400","reason":"btc_distance_below_threshold","market":"ETH","minDistanceUsd":{"UP":0.5,"DOWN":0.5},"openingPrice":1592.2066622398354,"currentPrice":1592.2066622398354}
[2026-06-06T01:30:01.070Z] INFO Tracking market. {"market":"DOGE","slug":"doge-updown-5m-1780709400","title":"Dogecoin Up or Down - June 5, 9:30PM-9:35PM ET","end":"2026-06-06T01:35:00.000Z","upToken":"23264237142866479429687083539708147426574643345025524233897483015552165135766","downToken":"109641413981470289828668811939179202916389200539736775541012087027716962029118","orderMinSize":5,"tickSize":"0.01"}
[2026-06-06T01:30:01.077Z] INFO Captured Chainlink opening tick. {"slug":"doge-updown-5m-1780709400","openingPrice":0.0825502,"tickTimestamp":"2026-06-06T01:30:00.000Z"}
[2026-06-06T01:30:01.080Z] INFO Skipped trade. {"slug":"doge-updown-5m-1780709400","reason":"btc_distance_below_threshold","market":"DOGE","minDistanceUsd":{"UP":0.0001,"DOWN":0.0001},"openingPrice":0.0825502,"currentPrice":0.0825502}
[2026-06-06T01:34:31.323Z] INFO Skipped trade. {"slug":"eth-updown-5m-1780709400","reason":"no_ask_liquidity_under_cap","outcome":"DOWN"}
[2026-06-06T01:34:31.345Z] INFO Trade attempt recorded. {"mode":"sim","slug":"btc-updown-5m-1780709400","outcome":"DOWN","amountUsd":5,"bestAsk":0.59,"estimatedShares":8.474576271186441}
[2026-06-06T01:34:32.848Z] INFO Skipped trade. {"slug":"btc-updown-5m-1780709400","reason":"market_already_traded"}
[2026-06-06T01:35:00.371Z] INFO Resolved trade. {"mode":"sim","slug":"btc-updown-5m-1780709400","outcome":"DOWN","winningOutcome":"DOWN","won":true,"finalPrice":61256.90694}
[2026-06-06T01:35:00.626Z] INFO Tracking market. {"market":"BTC","slug":"btc-updown-5m-1780709700","title":"Bitcoin Up or Down - June 5, 9:35PM-9:40PM ET","end":"2026-06-06T01:40:00.000Z","upToken":"13376451363452646625962868711111515124237141588563544866529053739051385241330","downToken":"69575307863938279882659232724261686781373061527130138150994330369626309765835","orderMinSize":5,"tickSize":"0.01"}
[2026-06-06T01:35:00.657Z] INFO Captured Chainlink opening tick. {"slug":"btc-updown-5m-1780709700","openingPrice":61256.90694,"tickTimestamp":"2026-06-06T01:35:00.000Z"}
[2026-06-06T01:35:00.671Z] INFO Skipped trade. {"slug":"btc-updown-5m-1780709700","reason":"btc_distance_below_threshold","market":"BTC","minDistanceUsd":{"UP":5,"DOWN":5},"openingPrice":61256.90694,"currentPrice":61256.90694}
[2026-06-06T01:35:00.671Z] INFO Tracking market. {"market":"ETH","slug":"eth-updown-5m-1780709700","title":"Ethereum Up or Down - June 5, 9:35PM-9:40PM ET","end":"2026-06-06T01:40:00.000Z","upToken":"34366003953963416993503121098667284803169797078090144814784939684171582222682","downToken":"67207354343982914053206626264636244874800040016995496028103960185098857230879","orderMinSize":5,"tickSize":"0.01"}
[2026-06-06T01:35:00.672Z] INFO Skipped trade. {"slug":"eth-updown-5m-1780709700","reason":"missing_opening_chainlink_tick"}
[2026-06-06T01:35:00.672Z] INFO Tracking market. {"market":"DOGE","slug":"doge-updown-5m-1780709700","title":"Dogecoin Up or Down - June 5, 9:35PM-9:40PM ET","end":"2026-06-06T01:40:00.000Z","upToken":"22209967176494768915283725656800315969345864910732086781187229541215877476334","downToken":"7663333566806418877128982747631776223509315214964188412483416594067737322658","orderMinSize":5,"tickSize":"0.01"}
[2026-06-06T01:35:00.672Z] INFO Skipped trade. {"slug":"doge-updown-5m-1780709700","reason":"missing_opening_chainlink_tick"}
[2026-06-06T01:35:01.692Z] INFO Captured Chainlink opening tick. {"slug":"eth-updown-5m-1780709700","openingPrice":1590.3492734564493,"tickTimestamp":"2026-06-06T01:35:00.000Z"}
[2026-06-06T01:35:01.695Z] INFO Skipped trade. {"slug":"eth-updown-5m-1780709700","reason":"btc_distance_below_threshold","market":"ETH","minDistanceUsd":{"UP":0.5,"DOWN":0.5},"openingPrice":1590.3492734564493,"currentPrice":1590.332909446677}
[2026-06-06T01:35:01.702Z] INFO Captured Chainlink opening tick. {"slug":"doge-updown-5m-1780709700","openingPrice":0.0826119219646335,"tickTimestamp":"2026-06-06T01:35:00.000Z"}
[2026-06-06T01:35:01.706Z] INFO Skipped trade. {"slug":"doge-updown-5m-1780709700","reason":"btc_distance_below_threshold","market":"DOGE","minDistanceUsd":{"UP":0.0001,"DOWN":0.0001},"openingPrice":0.0826119219646335,"currentPrice":0.0826108}
[2026-06-06T01:35:59.736Z] INFO Skipped trade. {"slug":"eth-updown-5m-1780709700","reason":"stale_chainlink_tick","tickTimestamp":"2026-06-06T01:35:49.000Z"}
[2026-06-06T01:35:59.737Z] INFO Skipped trade. {"slug":"doge-updown-5m-1780709700","reason":"stale_chainlink_tick","tickTimestamp":"2026-06-06T01:35:49.000Z"}
[2026-06-06T01:39:29.827Z] INFO Skipped trade. {"slug":"btc-updown-5m-1780709700","reason":"no_ask_liquidity_under_cap","outcome":"DOWN"}
[2026-06-06T01:39:29.827Z] INFO Skipped trade. {"slug":"eth-updown-5m-1780709700","reason":"no_ask_liquidity_under_cap","outcome":"DOWN"}
[2026-06-06T01:39:29.827Z] INFO Skipped trade. {"slug":"doge-updown-5m-1780709700","reason":"no_ask_liquidity_under_cap","outcome":"DOWN"}
[2026-06-06T01:40:02.273Z] INFO Tracking market. {"market":"BTC","slug":"btc-updown-5m-1780710000","title":"Bitcoin Up or Down - June 5, 9:40PM-9:45PM ET","end":"2026-06-06T01:45:00.000Z","upToken":"84086575964112902562143437334098656520658685799471685184789119075200997496215","downToken":"95968109098704906382226177786254095596461102364229816203855241949896346966282","orderMinSize":5,"tickSize":"0.01"}
[2026-06-06T01:40:02.320Z] INFO Captured Chainlink opening tick. {"slug":"btc-updown-5m-1780710000","openingPrice":61106.31680619933,"tickTimestamp":"2026-06-06T01:40:00.000Z"}
[2026-06-06T01:40:02.328Z] INFO Skipped trade. {"slug":"btc-updown-5m-1780710000","reason":"btc_distance_below_threshold","market":"BTC","minDistanceUsd":{"UP":5,"DOWN":5},"openingPrice":61106.31680619933,"currentPrice":61106.007132240724}
[2026-06-06T01:40:02.328Z] INFO Tracking market. {"market":"ETH","slug":"eth-updown-5m-1780710000","title":"Ethereum Up or Down - June 5, 9:40PM-9:45PM ET","end":"2026-06-06T01:45:00.000Z","upToken":"39650874076711555336773084812299416702456004858798084391888145809562752263299","downToken":"23385932243790283926681472660641656888822533367727787482130044630530950034291","orderMinSize":5,"tickSize":"0.01"}
[2026-06-06T01:40:02.344Z] INFO Captured Chainlink opening tick. {"slug":"eth-updown-5m-1780710000","openingPrice":1586.0732086483063,"tickTimestamp":"2026-06-06T01:40:00.000Z"}
[2026-06-06T01:40:02.348Z] INFO Skipped trade. {"slug":"eth-updown-5m-1780710000","reason":"btc_distance_below_threshold","market":"ETH","minDistanceUsd":{"UP":0.5,"DOWN":0.5},"openingPrice":1586.0732086483063,"currentPrice":1586.0996773684094}
[2026-06-06T01:40:02.348Z] INFO Tracking market. {"market":"DOGE","slug":"doge-updown-5m-1780710000","title":"Dogecoin Up or Down - June 5, 9:40PM-9:45PM ET","end":"2026-06-06T01:45:00.000Z","upToken":"83935223208600070355975496694421240404057884447500677556625595248319335887432","downToken":"46401733267252004908446941059367507642965225952296176426904760824459441110679","orderMinSize":5,"tickSize":"0.01"}
[2026-06-06T01:40:02.358Z] INFO Captured Chainlink opening tick. {"slug":"doge-updown-5m-1780710000","openingPrice":0.0823044485156639,"tickTimestamp":"2026-06-06T01:40:00.000Z"}
[2026-06-06T01:40:02.362Z] INFO Skipped trade. {"slug":"doge-updown-5m-1780710000","reason":"btc_distance_below_threshold","market":"DOGE","minDistanceUsd":{"UP":0.0001,"DOWN":0.0001},"openingPrice":0.0823044485156639,"currentPrice":0.0823017}
[2026-06-06T01:44:30.234Z] INFO Skipped trade. {"slug":"btc-updown-5m-1780710000","reason":"no_ask_liquidity_under_cap","outcome":"DOWN"}
[2026-06-06T01:44:30.234Z] INFO Skipped trade. {"slug":"eth-updown-5m-1780710000","reason":"no_ask_liquidity_under_cap","outcome":"DOWN"}
[2026-06-06T01:44:30.234Z] INFO Skipped trade. {"slug":"doge-updown-5m-1780710000","reason":"no_ask_liquidity_under_cap","outcome":"DOWN"}
[2026-06-06T01:45:01.551Z] INFO Tracking market. {"market":"BTC","slug":"btc-updown-5m-1780710300","title":"Bitcoin Up or Down - June 5, 9:45PM-9:50PM ET","end":"2026-06-06T01:50:00.000Z","upToken":"53761637583654285257832838062708360269737278149458560490476874874050118300129","downToken":"89773782037485551581419788108610871097802886276885211864584359163167985501542","orderMinSize":5,"tickSize":"0.01"}
[2026-06-06T01:45:01.563Z] INFO Captured Chainlink opening tick. {"slug":"btc-updown-5m-1780710300","openingPrice":61034.40541845895,"tickTimestamp":"2026-06-06T01:45:00.000Z"}
[2026-06-06T01:45:01.566Z] INFO Skipped trade. {"slug":"btc-updown-5m-1780710300","reason":"btc_distance_below_threshold","market":"BTC","minDistanceUsd":{"UP":5,"DOWN":5},"openingPrice":61034.40541845895,"currentPrice":61035.142617053985}
[2026-06-06T01:45:01.566Z] INFO Tracking market. {"market":"ETH","slug":"eth-updown-5m-1780710300","title":"Ethereum Up or Down - June 5, 9:45PM-9:50PM ET","end":"2026-06-06T01:50:00.000Z","upToken":"75259697146647264045328993199094105625051501089691069962700573557935091003583","downToken":"27746116092117523455442677122074008699001423723184960183732294295649704486643","orderMinSize":5,"tickSize":"0.01"}
[2026-06-06T01:45:01.567Z] INFO Skipped trade. {"slug":"eth-updown-5m-1780710300","reason":"missing_opening_chainlink_tick"}
[2026-06-06T01:45:01.567Z] INFO Tracking market. {"market":"DOGE","slug":"doge-updown-5m-1780710300","title":"Dogecoin Up or Down - June 5, 9:45PM-9:50PM ET","end":"2026-06-06T01:50:00.000Z","upToken":"84817273398234418942091710587469084102481010213364261291978512332989576155561","downToken":"29166307987327200884010885587927603470860741497363244180263256455942568674755","orderMinSize":5,"tickSize":"0.01"}
[2026-06-06T01:45:01.567Z] INFO Skipped trade. {"slug":"doge-updown-5m-1780710300","reason":"missing_opening_chainlink_tick"}
[2026-06-06T01:45:02.586Z] INFO Captured Chainlink opening tick. {"slug":"eth-updown-5m-1780710300","openingPrice":1583.91256,"tickTimestamp":"2026-06-06T01:45:00.000Z"}
[2026-06-06T01:45:02.595Z] INFO Skipped trade. {"slug":"eth-updown-5m-1780710300","reason":"btc_distance_below_threshold","market":"ETH","minDistanceUsd":{"UP":0.5,"DOWN":0.5},"openingPrice":1583.91256,"currentPrice":1583.978335}
[2026-06-06T01:45:02.609Z] INFO Captured Chainlink opening tick. {"slug":"doge-updown-5m-1780710300","openingPrice":0.0821377,"tickTimestamp":"2026-06-06T01:45:00.000Z"}
[2026-06-06T01:45:02.626Z] INFO Skipped trade. {"slug":"doge-updown-5m-1780710300","reason":"btc_distance_below_threshold","market":"DOGE","minDistanceUsd":{"UP":0.0001,"DOWN":0.0001},"openingPrice":0.0821377,"currentPrice":0.082139581}
[2026-06-06T01:49:31.341Z] INFO Skipped trade. {"slug":"btc-updown-5m-1780710300","reason":"no_ask_liquidity_under_cap","outcome":"UP"}
[2026-06-06T01:49:31.341Z] INFO Skipped trade. {"slug":"doge-updown-5m-1780710300","reason":"no_ask_liquidity_under_cap","outcome":"DOWN"}
[2026-06-06T01:49:33.267Z] INFO Trade attempt recorded. {"mode":"sim","slug":"btc-updown-5m-1780710300","outcome":"UP","amountUsd":5,"bestAsk":0.6,"estimatedShares":8.333333333333334}
[2026-06-06T01:49:34.969Z] INFO Skipped trade. {"slug":"btc-updown-5m-1780710300","reason":"market_already_traded"}
[2026-06-06T01:50:02.399Z] INFO Resolved trade. {"mode":"sim","slug":"btc-updown-5m-1780710300","outcome":"UP","winningOutcome":"UP","won":true,"finalPrice":61052.99108692673}
[2026-06-06T01:50:02.627Z] INFO Tracking market. {"market":"BTC","slug":"btc-updown-5m-1780710600","title":"Bitcoin Up or Down - June 5, 9:50PM-9:55PM ET","end":"2026-06-06T01:55:00.000Z","upToken":"94540774773959197177138342610652772374642341972278674219448745525094427915337","downToken":"11603326721395681516944152905326031319987792601777678029588995455610301078700","orderMinSize":5,"tickSize":"0.01"}
[2026-06-06T01:50:02.640Z] INFO Captured Chainlink opening tick. {"slug":"btc-updown-5m-1780710600","openingPrice":61058.02631943831,"tickTimestamp":"2026-06-06T01:50:00.000Z"}
[2026-06-06T01:50:02.645Z] INFO Tracking market. {"market":"ETH","slug":"eth-updown-5m-1780710600","title":"Ethereum Up or Down - June 5, 9:50PM-9:55PM ET","end":"2026-06-06T01:55:00.000Z","upToken":"112841164108227418372099507997418043229624272080510251390880974332400992871689","downToken":"70862857187143066718740341673006853728029512026801156118536022470706461017498","orderMinSize":5,"tickSize":"0.01"}
[2026-06-06T01:50:02.645Z] INFO Skipped trade. {"slug":"eth-updown-5m-1780710600","reason":"missing_opening_chainlink_tick"}
[2026-06-06T01:50:02.645Z] INFO Tracking market. {"market":"DOGE","slug":"doge-updown-5m-1780710600","title":"Dogecoin Up or Down - June 5, 9:50PM-9:55PM ET","end":"2026-06-06T01:55:00.000Z","upToken":"14890534469188294571067982675939845385716827255337021356091607462532062231813","downToken":"41558411398547059138215485860548599593084685383381523709148734780101066061895","orderMinSize":5,"tickSize":"0.01"}
[2026-06-06T01:50:02.645Z] INFO Skipped trade. {"slug":"doge-updown-5m-1780710600","reason":"missing_opening_chainlink_tick"}
[2026-06-06T01:50:03.669Z] INFO Captured Chainlink opening tick. {"slug":"eth-updown-5m-1780710600","openingPrice":1583.993465,"tickTimestamp":"2026-06-06T01:50:00.000Z"}
[2026-06-06T01:50:03.682Z] INFO Skipped trade. {"slug":"eth-updown-5m-1780710600","reason":"btc_distance_below_threshold","market":"ETH","minDistanceUsd":{"UP":0.5,"DOWN":0.5},"openingPrice":1583.993465,"currentPrice":1583.7384743962189}
[2026-06-06T01:50:03.696Z] INFO Captured Chainlink opening tick. {"slug":"doge-updown-5m-1780710600","openingPrice":0.0820682362413764,"tickTimestamp":"2026-06-06T01:50:00.000Z"}
[2026-06-06T01:50:03.705Z] INFO Skipped trade. {"slug":"doge-updown-5m-1780710600","reason":"btc_distance_below_threshold","market":"DOGE","minDistanceUsd":{"UP":0.0001,"DOWN":0.0001},"openingPrice":0.0820682362413764,"currentPrice":0.082056403}
[2026-06-06T01:50:46.094Z] WARN Bot loop iteration failed; retrying. {"error":"fetch failed"}
[2026-06-06T01:51:10.700Z] INFO Skipped trade. {"slug":"eth-updown-5m-1780710600","reason":"stale_chainlink_tick","tickTimestamp":"2026-06-06T01:51:00.000Z"}
[2026-06-06T01:51:10.700Z] INFO Skipped trade. {"slug":"doge-updown-5m-1780710600","reason":"stale_chainlink_tick","tickTimestamp":"2026-06-06T01:51:00.000Z"}
[2026-06-06T01:52:09.166Z] INFO Skipped trade. {"slug":"btc-updown-5m-1780710600","reason":"btc_distance_below_threshold","market":"BTC","minDistanceUsd":{"UP":5,"DOWN":5},"openingPrice":61058.02631943831,"currentPrice":61062.51282751451}
[2026-06-06T01:54:30.856Z] INFO Skipped trade. {"slug":"btc-updown-5m-1780710600","reason":"no_ask_liquidity_under_cap","outcome":"UP"}
[2026-06-06T01:54:34.507Z] INFO Skipped trade. {"slug":"eth-updown-5m-1780710600","reason":"no_ask_liquidity_under_cap","outcome":"UP"}
[2026-06-06T01:55:00.935Z] INFO Tracking market. {"market":"BTC","slug":"btc-updown-5m-1780710900","title":"Bitcoin Up or Down - June 5, 9:55PM-10:00PM ET","end":"2026-06-06T02:00:00.000Z","upToken":"39509861841936465715823308718828993138482139118735509858086426677501370777219","downToken":"103601429203815377288580195180435340963814865890117625808803180794244562900152","orderMinSize":5,"tickSize":"0.01"}
[2026-06-06T01:55:00.950Z] INFO Captured Chainlink opening tick. {"slug":"btc-updown-5m-1780710900","openingPrice":61148.121805,"tickTimestamp":"2026-06-06T01:55:00.000Z"}
[2026-06-06T01:55:00.955Z] INFO Skipped trade. {"slug":"btc-updown-5m-1780710900","reason":"btc_distance_below_threshold","market":"BTC","minDistanceUsd":{"UP":5,"DOWN":5},"openingPrice":61148.121805,"currentPrice":61148.121805}
[2026-06-06T01:55:00.955Z] INFO Tracking market. {"market":"ETH","slug":"eth-updown-5m-1780710900","title":"Ethereum Up or Down - June 5, 9:55PM-10:00PM ET","end":"2026-06-06T02:00:00.000Z","upToken":"67685327967479804888158549320581512244445203375192148625405815641761007097078","downToken":"98511367562215370028193949656395962710113623209847273530740647592209171644022","orderMinSize":5,"tickSize":"0.01"}
[2026-06-06T01:55:00.955Z] INFO Skipped trade. {"slug":"eth-updown-5m-1780710900","reason":"missing_opening_chainlink_tick"}
[2026-06-06T01:55:00.955Z] INFO Tracking market. {"market":"DOGE","slug":"doge-updown-5m-1780710900","title":"Dogecoin Up or Down - June 5, 9:55PM-10:00PM ET","end":"2026-06-06T02:00:00.000Z","upToken":"61793021126479808560818986155035236931646828031760186115962611585733004811018","downToken":"115563463602420470717205722796920367844088812707688660742262378487871498377754","orderMinSize":5,"tickSize":"0.01"}
[2026-06-06T01:55:00.955Z] INFO Skipped trade. {"slug":"doge-updown-5m-1780710900","reason":"missing_opening_chainlink_tick"}
[2026-06-06T01:55:04.011Z] INFO Captured Chainlink opening tick. {"slug":"eth-updown-5m-1780710900","openingPrice":1586.0791358301426,"tickTimestamp":"2026-06-06T01:55:00.000Z"}
[2026-06-06T01:55:04.027Z] INFO Skipped trade. {"slug":"eth-updown-5m-1780710900","reason":"btc_distance_below_threshold","market":"ETH","minDistanceUsd":{"UP":0.5,"DOWN":0.5},"openingPrice":1586.0791358301426,"currentPrice":1585.819486253808}
[2026-06-06T01:55:04.044Z] INFO Captured Chainlink opening tick. {"slug":"doge-updown-5m-1780710900","openingPrice":0.0821247112623264,"tickTimestamp":"2026-06-06T01:55:00.000Z"}
[2026-06-06T01:55:04.051Z] INFO Skipped trade. {"slug":"doge-updown-5m-1780710900","reason":"btc_distance_below_threshold","market":"DOGE","minDistanceUsd":{"UP":0.0001,"DOWN":0.0001},"openingPrice":0.0821247112623264,"currentPrice":0.0821046974801345}
[2026-06-06T01:56:39.261Z] INFO Skipped trade. {"slug":"eth-updown-5m-1780710900","reason":"stale_chainlink_tick","tickTimestamp":"2026-06-06T01:56:08.000Z"}
[2026-06-06T01:56:39.262Z] INFO Skipped trade. {"slug":"doge-updown-5m-1780710900","reason":"stale_chainlink_tick","tickTimestamp":"2026-06-06T01:56:08.000Z"}
[2026-06-06T01:59:30.227Z] INFO Skipped trade. {"slug":"btc-updown-5m-1780710900","reason":"no_ask_liquidity_under_cap","outcome":"DOWN"}
[2026-06-06T01:59:30.227Z] INFO Skipped trade. {"slug":"eth-updown-5m-1780710900","reason":"no_ask_liquidity_under_cap","outcome":"DOWN"}
[2026-06-06T01:59:30.227Z] INFO Skipped trade. {"slug":"doge-updown-5m-1780710900","reason":"no_ask_liquidity_under_cap","outcome":"DOWN"}
[2026-06-06T02:00:01.293Z] INFO Tracking market. {"market":"BTC","slug":"btc-updown-5m-1780711200","title":"Bitcoin Up or Down - June 5, 10:00PM-10:05PM ET","end":"2026-06-06T02:05:00.000Z","upToken":"4316088322653890534990034947953129257697190018609637665759403187631071926270","downToken":"97328452045581701224261942436862837100588253108615657150173193345915279453175","orderMinSize":5,"tickSize":"0.01"}
[2026-06-06T02:00:01.320Z] INFO Captured Chainlink opening tick. {"slug":"btc-updown-5m-1780711200","openingPrice":61037.25833638643,"tickTimestamp":"2026-06-06T02:00:00.000Z"}
[2026-06-06T02:00:01.324Z] INFO Skipped trade. {"slug":"btc-updown-5m-1780711200","reason":"btc_distance_below_threshold","market":"BTC","minDistanceUsd":{"UP":5,"DOWN":5},"openingPrice":61037.25833638643,"currentPrice":61037.25833638643}
[2026-06-06T02:00:01.325Z] INFO Tracking market. {"market":"ETH","slug":"eth-updown-5m-1780711200","title":"Ethereum Up or Down - June 5, 10:00PM-10:05PM ET","end":"2026-06-06T02:05:00.000Z","upToken":"17374777185239855248473195028790016161636895706120446415306575009531636605518","downToken":"28522644236654267500654144425229076672293594816728296250697544170118037651897","orderMinSize":5,"tickSize":"0.01"}
[2026-06-06T02:00:01.325Z] INFO Skipped trade. {"slug":"eth-updown-5m-1780711200","reason":"missing_opening_chainlink_tick"}
[2026-06-06T02:00:01.325Z] INFO Tracking market. {"market":"DOGE","slug":"doge-updown-5m-1780711200","title":"Dogecoin Up or Down - June 5, 10:00PM-10:05PM ET","end":"2026-06-06T02:05:00.000Z","upToken":"5048033133789946514599830612260815731679513467735354099698476921411069974220","downToken":"84446549365068222551711077306415079011299953553555480645125860847394677551278","orderMinSize":5,"tickSize":"0.01"}
[2026-06-06T02:00:01.325Z] INFO Skipped trade. {"slug":"doge-updown-5m-1780711200","reason":"missing_opening_chainlink_tick"}
[2026-06-06T02:00:05.384Z] INFO Captured Chainlink opening tick. {"slug":"eth-updown-5m-1780711200","openingPrice":1582.690815,"tickTimestamp":"2026-06-06T02:00:00.000Z"}
[2026-06-06T02:00:05.390Z] INFO Skipped trade. {"slug":"eth-updown-5m-1780711200","reason":"btc_distance_below_threshold","market":"ETH","minDistanceUsd":{"UP":0.5,"DOWN":0.5},"openingPrice":1582.690815,"currentPrice":1582.7632870847765}
[2026-06-06T02:00:05.398Z] INFO Captured Chainlink opening tick. {"slug":"doge-updown-5m-1780711200","openingPrice":0.081882,"tickTimestamp":"2026-06-06T02:00:00.000Z"}
[2026-06-06T02:00:05.404Z] INFO Skipped trade. {"slug":"doge-updown-5m-1780711200","reason":"btc_distance_below_threshold","market":"DOGE","minDistanceUsd":{"UP":0.0001,"DOWN":0.0001},"openingPrice":0.081882,"currentPrice":0.081871}
[2026-06-06T02:04:30.191Z] INFO Skipped trade. {"slug":"btc-updown-5m-1780711200","reason":"no_ask_liquidity_under_cap","outcome":"DOWN"}
[2026-06-06T02:04:30.191Z] INFO Skipped trade. {"slug":"eth-updown-5m-1780711200","reason":"no_ask_liquidity_under_cap","outcome":"DOWN"}
[2026-06-06T02:04:30.192Z] INFO Skipped trade. {"slug":"doge-updown-5m-1780711200","reason":"no_ask_liquidity_under_cap","outcome":"DOWN"}
[2026-06-06T02:05:01.555Z] INFO Tracking market. {"market":"BTC","slug":"btc-updown-5m-1780711500","title":"Bitcoin Up or Down - June 5, 10:05PM-10:10PM ET","end":"2026-06-06T02:10:00.000Z","upToken":"81292596394183368339894969918789385835806709227809321228103622581617159046481","downToken":"74091456002822290656845957432469626667968595792350446787222305359516194886169","orderMinSize":5,"tickSize":"0.01"}
[2026-06-06T02:05:01.578Z] INFO Captured Chainlink opening tick. {"slug":"btc-updown-5m-1780711500","openingPrice":60964.67127377181,"tickTimestamp":"2026-06-06T02:05:00.000Z"}
[2026-06-06T02:05:01.585Z] INFO Skipped trade. {"slug":"btc-updown-5m-1780711500","reason":"btc_distance_below_threshold","market":"BTC","minDistanceUsd":{"UP":5,"DOWN":5},"openingPrice":60964.67127377181,"currentPrice":60966.593686286295}
[2026-06-06T02:05:01.585Z] INFO Tracking market. {"market":"ETH","slug":"eth-updown-5m-1780711500","title":"Ethereum Up or Down - June 5, 10:05PM-10:10PM ET","end":"2026-06-06T02:10:00.000Z","upToken":"15849203882981033229974080627947361163714342332521881577877946930228350925188","downToken":"36834850038018715833843628669894007814965005773455371726833107294074626874707","orderMinSize":5,"tickSize":"0.01"}
[2026-06-06T02:05:01.585Z] INFO Skipped trade. {"slug":"eth-updown-5m-1780711500","reason":"missing_opening_chainlink_tick"}
[2026-06-06T02:05:01.585Z] INFO Tracking market. {"market":"DOGE","slug":"doge-updown-5m-1780711500","title":"Dogecoin Up or Down - June 5, 10:05PM-10:10PM ET","end":"2026-06-06T02:10:00.000Z","upToken":"90399450974127349899570198759563750110746627816834862280563822106738610402","downToken":"8354934359362677560339652319169315019527341598712882754430264046950720388102","orderMinSize":5,"tickSize":"0.01"}
[2026-06-06T02:05:01.586Z] INFO Skipped trade. {"slug":"doge-updown-5m-1780711500","reason":"missing_opening_chainlink_tick"}
[2026-06-06T02:05:05.629Z] INFO Captured Chainlink opening tick. {"slug":"eth-updown-5m-1780711500","openingPrice":1579.666595,"tickTimestamp":"2026-06-06T02:05:00.000Z"}
[2026-06-06T02:05:05.633Z] INFO Skipped trade. {"slug":"eth-updown-5m-1780711500","reason":"btc_distance_below_threshold","market":"ETH","minDistanceUsd":{"UP":0.5,"DOWN":0.5},"openingPrice":1579.666595,"currentPrice":1579.7309}
[2026-06-06T02:05:05.642Z] INFO Captured Chainlink opening tick. {"slug":"doge-updown-5m-1780711500","openingPrice":0.0817104780302179,"tickTimestamp":"2026-06-06T02:05:00.000Z"}
[2026-06-06T02:05:05.646Z] INFO Skipped trade. {"slug":"doge-updown-5m-1780711500","reason":"btc_distance_below_threshold","market":"DOGE","minDistanceUsd":{"UP":0.0001,"DOWN":0.0001},"openingPrice":0.0817104780302179,"currentPrice":0.081711007}
[2026-06-06T02:09:29.087Z] INFO Skipped trade. {"slug":"btc-updown-5m-1780711500","reason":"no_ask_liquidity_under_cap","outcome":"DOWN"}
[2026-06-06T02:09:29.087Z] INFO Skipped trade. {"slug":"eth-updown-5m-1780711500","reason":"no_ask_liquidity_under_cap","outcome":"DOWN"}
[2026-06-06T02:09:34.402Z] INFO Trade attempt recorded. {"mode":"sim","slug":"btc-updown-5m-1780711500","outcome":"DOWN","amountUsd":5,"bestAsk":0.45,"estimatedShares":11.11111111111111}
[2026-06-06T02:09:35.623Z] INFO Skipped trade. {"slug":"btc-updown-5m-1780711500","reason":"market_already_traded"}
[2026-06-06T02:09:56.780Z] INFO Trade attempt recorded. {"mode":"sim","slug":"eth-updown-5m-1780711500","outcome":"DOWN","amountUsd":5,"bestAsk":0.17,"estimatedShares":29.41176470588235}
[2026-06-06T02:09:58.229Z] INFO Skipped trade. {"slug":"eth-updown-5m-1780711500","reason":"market_already_traded"}
[2026-06-06T02:10:01.248Z] INFO Resolved trade. {"mode":"sim","slug":"btc-updown-5m-1780711500","outcome":"DOWN","winningOutcome":"UP","won":false,"finalPrice":61008.84319276898}
[2026-06-06T02:10:01.265Z] INFO Resolved trade. {"mode":"sim","slug":"eth-updown-5m-1780711500","outcome":"DOWN","winningOutcome":"UP","won":false,"finalPrice":1580.2043085028788}
[2026-06-06T02:10:01.433Z] INFO Tracking market. {"market":"BTC","slug":"btc-updown-5m-1780711800","title":"Bitcoin Up or Down - June 5, 10:10PM-10:15PM ET","end":"2026-06-06T02:15:00.000Z","upToken":"9362293921834312287590925691652139058141750074766990203945001777095780085167","downToken":"77887841170941297935239178793734448086709557145784175093524036963250490088165","orderMinSize":5,"tickSize":"0.01"}
[2026-06-06T02:10:01.463Z] INFO Captured Chainlink opening tick. {"slug":"btc-updown-5m-1780711800","openingPrice":61008.84319276898,"tickTimestamp":"2026-06-06T02:10:00.000Z"}
[2026-06-06T02:10:01.477Z] INFO Skipped trade. {"slug":"btc-updown-5m-1780711800","reason":"btc_distance_below_threshold","market":"BTC","minDistanceUsd":{"UP":5,"DOWN":5},"openingPrice":61008.84319276898,"currentPrice":61007.59683279552}
[2026-06-06T02:10:01.478Z] INFO Tracking market. {"market":"ETH","slug":"eth-updown-5m-1780711800","title":"Ethereum Up or Down - June 5, 10:10PM-10:15PM ET","end":"2026-06-06T02:15:00.000Z","upToken":"101074788678508812901413272456197548902546617539160143972943580999183412144025","downToken":"65118514284063996000686937255170693684984176856750023227752861516254063082299","orderMinSize":5,"tickSize":"0.01"}
[2026-06-06T02:10:01.496Z] INFO Captured Chainlink opening tick. {"slug":"eth-updown-5m-1780711800","openingPrice":1580.2043085028788,"tickTimestamp":"2026-06-06T02:10:00.000Z"}
[2026-06-06T02:10:01.506Z] INFO Skipped trade. {"slug":"eth-updown-5m-1780711800","reason":"btc_distance_below_threshold","market":"ETH","minDistanceUsd":{"UP":0.5,"DOWN":0.5},"openingPrice":1580.2043085028788,"currentPrice":1580.2043085028788}
[2026-06-06T02:10:01.506Z] INFO Tracking market. {"market":"DOGE","slug":"doge-updown-5m-1780711800","title":"Dogecoin Up or Down - June 5, 10:10PM-10:15PM ET","end":"2026-06-06T02:15:00.000Z","upToken":"108498181008306663583930020717507640616766692747625232495519291977553316302044","downToken":"48337509427240315717681129651447060752227147297454860673401303554401250376692","orderMinSize":5,"tickSize":"0.01"}
[2026-06-06T02:10:01.523Z] INFO Captured Chainlink opening tick. {"slug":"doge-updown-5m-1780711800","openingPrice":0.0818002,"tickTimestamp":"2026-06-06T02:10:00.000Z"}
[2026-06-06T02:10:01.531Z] INFO Skipped trade. {"slug":"doge-updown-5m-1780711800","reason":"btc_distance_below_threshold","market":"DOGE","minDistanceUsd":{"UP":0.0001,"DOWN":0.0001},"openingPrice":0.0818002,"currentPrice":0.0818002}
[2026-06-06T02:14:28.921Z] INFO Skipped trade. {"slug":"btc-updown-5m-1780711800","reason":"no_ask_liquidity_under_cap","outcome":"DOWN"}
[2026-06-06T02:14:28.922Z] INFO Skipped trade. {"slug":"eth-updown-5m-1780711800","reason":"no_ask_liquidity_under_cap","outcome":"DOWN"}
[2026-06-06T02:14:28.922Z] INFO Skipped trade. {"slug":"doge-updown-5m-1780711800","reason":"no_ask_liquidity_under_cap","outcome":"DOWN"}
[2026-06-06T02:15:01.777Z] INFO Tracking market. {"market":"BTC","slug":"btc-updown-5m-1780712100","title":"Bitcoin Up or Down - June 5, 10:15PM-10:20PM ET","end":"2026-06-06T02:20:00.000Z","upToken":"35863138949411735320188668547683897975903682626044086749345883842806894358359","downToken":"55308541958235790924276998771952641735353665063738678890145386189355553316263","orderMinSize":5,"tickSize":"0.01"}
[2026-06-06T02:15:01.795Z] INFO Captured Chainlink opening tick. {"slug":"btc-updown-5m-1780712100","openingPrice":60864.69117778738,"tickTimestamp":"2026-06-06T02:15:00.000Z"}
[2026-06-06T02:15:01.803Z] INFO Skipped trade. {"slug":"btc-updown-5m-1780712100","reason":"btc_distance_below_threshold","market":"BTC","minDistanceUsd":{"UP":5,"DOWN":5},"openingPrice":60864.69117778738,"currentPrice":60864.69117778738}
[2026-06-06T02:15:01.803Z] INFO Tracking market. {"market":"ETH","slug":"eth-updown-5m-1780712100","title":"Ethereum Up or Down - June 5, 10:15PM-10:20PM ET","end":"2026-06-06T02:20:00.000Z","upToken":"43361054302321760383397600187914224035601538254637645159160698660468559168098","downToken":"22672916120268465124490364226542655697017253806220142662850725729901444943879","orderMinSize":5,"tickSize":"0.01"}
[2026-06-06T02:15:01.817Z] INFO Captured Chainlink opening tick. {"slug":"eth-updown-5m-1780712100","openingPrice":1575.476471127849,"tickTimestamp":"2026-06-06T02:15:00.000Z"}
[2026-06-06T02:15:01.830Z] INFO Skipped trade. {"slug":"eth-updown-5m-1780712100","reason":"btc_distance_below_threshold","market":"ETH","minDistanceUsd":{"UP":0.5,"DOWN":0.5},"openingPrice":1575.476471127849,"currentPrice":1575.476471127849}
[2026-06-06T02:15:01.831Z] INFO Tracking market. {"market":"DOGE","slug":"doge-updown-5m-1780712100","title":"Dogecoin Up or Down - June 5, 10:15PM-10:20PM ET","end":"2026-06-06T02:20:00.000Z","upToken":"33333438456559338649032265773158322046040888295013370270267224256642808590457","downToken":"31603026606790308529357130401645276525260080468562452067606512831788431052512","orderMinSize":5,"tickSize":"0.01"}
[2026-06-06T02:15:01.838Z] INFO Captured Chainlink opening tick. {"slug":"doge-updown-5m-1780712100","openingPrice":0.0815451570163829,"tickTimestamp":"2026-06-06T02:15:00.000Z"}
[2026-06-06T02:15:01.843Z] INFO Skipped trade. {"slug":"doge-updown-5m-1780712100","reason":"btc_distance_below_threshold","market":"DOGE","minDistanceUsd":{"UP":0.0001,"DOWN":0.0001},"openingPrice":0.0815451570163829,"currentPrice":0.0815451570163829}
[2026-06-06T02:19:36.608Z] INFO Skipped trade. {"slug":"btc-updown-5m-1780712100","reason":"no_ask_liquidity_under_cap","outcome":"DOWN"}
[2026-06-06T02:19:36.609Z] INFO Skipped trade. {"slug":"eth-updown-5m-1780712100","reason":"no_ask_liquidity_under_cap","outcome":"DOWN"}
[2026-06-06T02:19:36.609Z] INFO Skipped trade. {"slug":"doge-updown-5m-1780712100","reason":"no_ask_liquidity_under_cap","outcome":"DOWN"}
[2026-06-06T02:19:38.147Z] INFO Skipped trade. {"slug":"btc-updown-5m-1780712100","reason":"stale_chainlink_tick","tickTimestamp":"2026-06-06T02:19:09.000Z"}
[2026-06-06T02:20:01.629Z] INFO Tracking market. {"market":"BTC","slug":"btc-updown-5m-1780712400","title":"Bitcoin Up or Down - June 5, 10:20PM-10:25PM ET","end":"2026-06-06T02:25:00.000Z","upToken":"20712675170500920452873827221831878527863382206726627992030180466514761137087","downToken":"33350711070977439050193882848708340066471396318727411525328808308988847920064","orderMinSize":5,"tickSize":"0.01"}
[2026-06-06T02:20:01.654Z] INFO Captured Chainlink opening tick. {"slug":"btc-updown-5m-1780712400","openingPrice":60662.24600273495,"tickTimestamp":"2026-06-06T02:20:00.000Z"}
[2026-06-06T02:20:01.670Z] INFO Skipped trade. {"slug":"btc-updown-5m-1780712400","reason":"btc_distance_below_threshold","market":"BTC","minDistanceUsd":{"UP":5,"DOWN":5},"openingPrice":60662.24600273495,"currentPrice":60660.68948141834}
[2026-06-06T02:20:01.670Z] INFO Tracking market. {"market":"ETH","slug":"eth-updown-5m-1780712400","title":"Ethereum Up or Down - June 5, 10:20PM-10:25PM ET","end":"2026-06-06T02:25:00.000Z","upToken":"76951847586407200798462740826851650475875520963123950045194812395323177001824","downToken":"47498888745613454117994316471814172208189904374989938327515305158590305695998","orderMinSize":5,"tickSize":"0.01"}
[2026-06-06T02:20:01.700Z] INFO Captured Chainlink opening tick. {"slug":"eth-updown-5m-1780712400","openingPrice":1566.382845,"tickTimestamp":"2026-06-06T02:20:00.000Z"}
[2026-06-06T02:20:01.714Z] INFO Skipped trade. {"slug":"eth-updown-5m-1780712400","reason":"btc_distance_below_threshold","market":"ETH","minDistanceUsd":{"UP":0.5,"DOWN":0.5},"openingPrice":1566.382845,"currentPrice":1566.2599284785574}
[2026-06-06T02:20:01.714Z] INFO Tracking market. {"market":"DOGE","slug":"doge-updown-5m-1780712400","title":"Dogecoin Up or Down - June 5, 10:20PM-10:25PM ET","end":"2026-06-06T02:25:00.000Z","upToken":"71012459060729450051554347585218117748449343952047394333088400266974867316738","downToken":"22034157454345042789518770345286156141575667900271592179495418816922348025800","orderMinSize":5,"tickSize":"0.01"}
[2026-06-06T02:20:01.730Z] INFO Captured Chainlink opening tick. {"slug":"doge-updown-5m-1780712400","openingPrice":0.0811031,"tickTimestamp":"2026-06-06T02:20:00.000Z"}
[2026-06-06T02:20:01.742Z] INFO Skipped trade. {"slug":"doge-updown-5m-1780712400","reason":"btc_distance_below_threshold","market":"DOGE","minDistanceUsd":{"UP":0.0001,"DOWN":0.0001},"openingPrice":0.0811031,"currentPrice":0.0810982}
[2026-06-06T02:23:00.920Z] WARN RTDS websocket closed; reconnecting soon.
[2026-06-06T02:23:04.577Z] INFO Connected to Polymarket RTDS Chainlink feed.
[2026-06-06T02:24:30.573Z] INFO Skipped trade. {"slug":"btc-updown-5m-1780712400","reason":"no_ask_liquidity_under_cap","outcome":"UP"}
[2026-06-06T02:24:30.573Z] INFO Skipped trade. {"slug":"eth-updown-5m-1780712400","reason":"no_ask_liquidity_under_cap","outcome":"UP"}
[2026-06-06T02:24:30.573Z] INFO Skipped trade. {"slug":"doge-updown-5m-1780712400","reason":"no_ask_liquidity_under_cap","outcome":"UP"}
[2026-06-06T02:25:01.883Z] INFO Tracking market. {"market":"BTC","slug":"btc-updown-5m-1780712700","title":"Bitcoin Up or Down - June 5, 10:25PM-10:30PM ET","end":"2026-06-06T02:30:00.000Z","upToken":"57239322607803291877519445645576460770583593431670501215809739134533404200687","downToken":"22341812407220337600671435671501308441862843368669388285605766705882040723710","orderMinSize":5,"tickSize":"0.01"}
[2026-06-06T02:25:01.909Z] INFO Captured Chainlink opening tick. {"slug":"btc-updown-5m-1780712700","openingPrice":60839.46773493319,"tickTimestamp":"2026-06-06T02:25:00.000Z"}
[2026-06-06T02:25:01.912Z] INFO Skipped trade. {"slug":"btc-updown-5m-1780712700","reason":"btc_distance_below_threshold","market":"BTC","minDistanceUsd":{"UP":5,"DOWN":5},"openingPrice":60839.46773493319,"currentPrice":60842.93445130618}
[2026-06-06T02:25:01.913Z] INFO Tracking market. {"market":"ETH","slug":"eth-updown-5m-1780712700","title":"Ethereum Up or Down - June 5, 10:25PM-10:30PM ET","end":"2026-06-06T02:30:00.000Z","upToken":"10905375126605100087548297324761769490716812994661218545547939466411981449724","downToken":"46353912082719728476199932862988438445444387536261188993935556905011045287483","orderMinSize":5,"tickSize":"0.01"}
[2026-06-06T02:25:01.913Z] INFO Skipped trade. {"slug":"eth-updown-5m-1780712700","reason":"missing_opening_chainlink_tick"}
[2026-06-06T02:25:01.913Z] INFO Tracking market. {"market":"DOGE","slug":"doge-updown-5m-1780712700","title":"Dogecoin Up or Down - June 5, 10:25PM-10:30PM ET","end":"2026-06-06T02:30:00.000Z","upToken":"67461607159717060087935622584261242799970446580754239937801592388123487003215","downToken":"82881202942413371935289717180400739850652185767688350822852317588086408935234","orderMinSize":5,"tickSize":"0.01"}
[2026-06-06T02:25:01.913Z] INFO Skipped trade. {"slug":"doge-updown-5m-1780712700","reason":"missing_opening_chainlink_tick"}
[2026-06-06T02:25:02.939Z] INFO Captured Chainlink opening tick. {"slug":"eth-updown-5m-1780712700","openingPrice":1573.82965,"tickTimestamp":"2026-06-06T02:25:00.000Z"}
[2026-06-06T02:25:02.943Z] INFO Skipped trade. {"slug":"eth-updown-5m-1780712700","reason":"btc_distance_below_threshold","market":"ETH","minDistanceUsd":{"UP":0.5,"DOWN":0.5},"openingPrice":1573.82965,"currentPrice":1573.85155}
[2026-06-06T02:25:02.953Z] INFO Captured Chainlink opening tick. {"slug":"doge-updown-5m-1780712700","openingPrice":0.081373116377465,"tickTimestamp":"2026-06-06T02:25:00.000Z"}
[2026-06-06T02:25:02.963Z] INFO Skipped trade. {"slug":"doge-updown-5m-1780712700","reason":"btc_distance_below_threshold","market":"DOGE","minDistanceUsd":{"UP":0.0001,"DOWN":0.0001},"openingPrice":0.081373116377465,"currentPrice":0.0813742242705175}
[2026-06-06T02:29:30.775Z] INFO Skipped trade. {"slug":"btc-updown-5m-1780712700","reason":"no_ask_liquidity_under_cap","outcome":"DOWN"}
[2026-06-06T02:29:30.775Z] INFO Skipped trade. {"slug":"eth-updown-5m-1780712700","reason":"no_ask_liquidity_under_cap","outcome":"DOWN"}
[2026-06-06T02:30:01.550Z] INFO Tracking market. {"market":"BTC","slug":"btc-updown-5m-1780713000","title":"Bitcoin Up or Down - June 5, 10:30PM-10:35PM ET","end":"2026-06-06T02:35:00.000Z","upToken":"112438189306301440216367985951069058350948299491106784372981877667768368863566","downToken":"20054813705807816366555324010736662281715277045447880731134360909890723142334","orderMinSize":5,"tickSize":"0.01"}
[2026-06-06T02:30:01.570Z] INFO Captured Chainlink opening tick. {"slug":"btc-updown-5m-1780713000","openingPrice":60795.809391388364,"tickTimestamp":"2026-06-06T02:30:00.000Z"}
[2026-06-06T02:30:01.575Z] INFO Skipped trade. {"slug":"btc-updown-5m-1780713000","reason":"btc_distance_below_threshold","market":"BTC","minDistanceUsd":{"UP":5,"DOWN":5},"openingPrice":60795.809391388364,"currentPrice":60793.09479750468}
[2026-06-06T02:30:01.575Z] INFO Tracking market. {"market":"ETH","slug":"eth-updown-5m-1780713000","title":"Ethereum Up or Down - June 5, 10:30PM-10:35PM ET","end":"2026-06-06T02:35:00.000Z","upToken":"28473952613157546999358341595628252404167797513325863164372993229893719619082","downToken":"33684485240658130197491550601476119096124781609889987869637562953848658150661","orderMinSize":5,"tickSize":"0.01"}
[2026-06-06T02:30:01.576Z] INFO Skipped trade. {"slug":"eth-updown-5m-1780713000","reason":"missing_opening_chainlink_tick"}
[2026-06-06T02:30:01.576Z] INFO Tracking market. {"market":"DOGE","slug":"doge-updown-5m-1780713000","title":"Dogecoin Up or Down - June 5, 10:30PM-10:35PM ET","end":"2026-06-06T02:35:00.000Z","upToken":"33464678703938270321272464333657783764878246639756769791838382954072494419907","downToken":"36068156324313272402410421173060975634191496588533777662645810041867961825060","orderMinSize":5,"tickSize":"0.01"}
[2026-06-06T02:30:01.576Z] INFO Skipped trade. {"slug":"doge-updown-5m-1780713000","reason":"missing_opening_chainlink_tick"}
[2026-06-06T02:30:02.589Z] INFO Captured Chainlink opening tick. {"slug":"eth-updown-5m-1780713000","openingPrice":1572.453415,"tickTimestamp":"2026-06-06T02:30:00.000Z"}
[2026-06-06T02:30:02.592Z] INFO Skipped trade. {"slug":"eth-updown-5m-1780713000","reason":"btc_distance_below_threshold","market":"ETH","minDistanceUsd":{"UP":0.5,"DOWN":0.5},"openingPrice":1572.453415,"currentPrice":1572.415120006134}
[2026-06-06T02:30:02.599Z] INFO Captured Chainlink opening tick. {"slug":"doge-updown-5m-1780713000","openingPrice":0.081304998,"tickTimestamp":"2026-06-06T02:30:00.000Z"}
[2026-06-06T02:30:02.602Z] INFO Skipped trade. {"slug":"doge-updown-5m-1780713000","reason":"btc_distance_below_threshold","market":"DOGE","minDistanceUsd":{"UP":0.0001,"DOWN":0.0001},"openingPrice":0.081304998,"currentPrice":0.08128417}
[2026-06-06T02:31:02.271Z] INFO Bot started. {"mode":"sim","enabledMarkets":["BTC","ETH","DOGE"],"minDistanceUsdByMarket":{"BTC":12,"ETH":2,"DOGE":0.0003},"minDistanceUsdByMarketOutcome":{"BTC":{"UP":12,"DOWN":12},"ETH":{"UP":2,"DOWN":2},"DOGE":{"UP":0.0003,"DOWN":0.0003}},"entryWindowSeconds":32,"entryWindowSecondsByMarket":{"BTC":32,"ETH":32,"DOGE":32},"entryWindowSecondsByMarketOutcome":{"BTC":{"UP":32,"DOWN":32},"ETH":{"UP":32,"DOWN":32},"DOGE":{"UP":32,"DOWN":32}},"maxAskPrice":0.6,"maxAskPriceByMarketOutcome":{"BTC":{"UP":0.6,"DOWN":0.6},"ETH":{"UP":0.6,"DOWN":0.6},"DOGE":{"UP":0.6,"DOWN":0.6}},"dailySpendLimitUsd":1000}
[2026-06-06T02:31:02.723Z] INFO Tracking market. {"market":"BTC","slug":"btc-updown-5m-1780713000","title":"Bitcoin Up or Down - June 5, 10:30PM-10:35PM ET","end":"2026-06-06T02:35:00.000Z","upToken":"112438189306301440216367985951069058350948299491106784372981877667768368863566","downToken":"20054813705807816366555324010736662281715277045447880731134360909890723142334","orderMinSize":5,"tickSize":"0.01"}
[2026-06-06T02:31:02.724Z] INFO Skipped trade. {"slug":"btc-updown-5m-1780713000","reason":"missing_current_chainlink_tick"}
[2026-06-06T02:31:02.724Z] INFO Tracking market. {"market":"ETH","slug":"eth-updown-5m-1780713000","title":"Ethereum Up or Down - June 5, 10:30PM-10:35PM ET","end":"2026-06-06T02:35:00.000Z","upToken":"28473952613157546999358341595628252404167797513325863164372993229893719619082","downToken":"33684485240658130197491550601476119096124781609889987869637562953848658150661","orderMinSize":5,"tickSize":"0.01"}
[2026-06-06T02:31:02.725Z] INFO Skipped trade. {"slug":"eth-updown-5m-1780713000","reason":"missing_current_chainlink_tick"}
[2026-06-06T02:31:02.725Z] INFO Tracking market. {"market":"DOGE","slug":"doge-updown-5m-1780713000","title":"Dogecoin Up or Down - June 5, 10:30PM-10:35PM ET","end":"2026-06-06T02:35:00.000Z","upToken":"33464678703938270321272464333657783764878246639756769791838382954072494419907","downToken":"36068156324313272402410421173060975634191496588533777662645810041867961825060","orderMinSize":5,"tickSize":"0.01"}
[2026-06-06T02:31:02.725Z] INFO Skipped trade. {"slug":"doge-updown-5m-1780713000","reason":"missing_current_chainlink_tick"}
[2026-06-06T02:31:03.168Z] INFO Connected to Polymarket RTDS Chainlink feed.
[2026-06-06T02:31:03.725Z] INFO Skipped trade. {"slug":"eth-updown-5m-1780713000","reason":"btc_distance_below_threshold","market":"ETH","minDistanceUsd":{"UP":2,"DOWN":2},"openingPrice":1572.453415,"currentPrice":1572.73811}
[2026-06-06T02:31:03.726Z] INFO Skipped trade. {"slug":"doge-updown-5m-1780713000","reason":"btc_distance_below_threshold","market":"DOGE","minDistanceUsd":{"UP":0.0003,"DOWN":0.0003},"openingPrice":0.081304998,"currentPrice":0.0813375}
[2026-06-06T02:34:29.610Z] INFO Skipped trade. {"slug":"btc-updown-5m-1780713000","reason":"no_ask_liquidity_under_cap","outcome":"UP"}
[2026-06-06T02:34:29.610Z] INFO Skipped trade. {"slug":"eth-updown-5m-1780713000","reason":"no_ask_liquidity_under_cap","outcome":"UP"}
[2026-06-06T02:34:55.586Z] INFO Skipped trade. {"slug":"doge-updown-5m-1780713000","reason":"no_ask_liquidity_under_cap","outcome":"UP"}
[2026-06-06T02:35:01.158Z] INFO Tracking market. {"market":"BTC","slug":"btc-updown-5m-1780713300","title":"Bitcoin Up or Down - June 5, 10:35PM-10:40PM ET","end":"2026-06-06T02:40:00.000Z","upToken":"11627475744506218596679599478004935552380130250469805137625544192526528754021","downToken":"53857779387674897918951839801749814319151330269008349553977282827320788852258","orderMinSize":5,"tickSize":"0.01"}
[2026-06-06T02:35:01.173Z] INFO Captured Chainlink opening tick. {"slug":"btc-updown-5m-1780713300","openingPrice":60951.525256243876,"tickTimestamp":"2026-06-06T02:35:00.000Z"}
[2026-06-06T02:35:01.177Z] INFO Skipped trade. {"slug":"btc-updown-5m-1780713300","reason":"btc_distance_below_threshold","market":"BTC","minDistanceUsd":{"UP":12,"DOWN":12},"openingPrice":60951.525256243876,"currentPrice":60951.525256243876}
[2026-06-06T02:35:01.177Z] INFO Tracking market. {"market":"ETH","slug":"eth-updown-5m-1780713300","title":"Ethereum Up or Down - June 5, 10:35PM-10:40PM ET","end":"2026-06-06T02:40:00.000Z","upToken":"25715530319504452733151090655730251232787293976819287464866506998514502325411","downToken":"38223621827012910918310676296592450957388863504371870939682153395218168091475","orderMinSize":5,"tickSize":"0.01"}
[2026-06-06T02:35:01.177Z] INFO Skipped trade. {"slug":"eth-updown-5m-1780713300","reason":"missing_opening_chainlink_tick"}
[2026-06-06T02:35:01.177Z] INFO Tracking market. {"market":"DOGE","slug":"doge-updown-5m-1780713300","title":"Dogecoin Up or Down - June 5, 10:35PM-10:40PM ET","end":"2026-06-06T02:40:00.000Z","upToken":"113105466697359957044710295904189660464654293697083569446170054223436643777273","downToken":"18243071859722150102264171018405016003251258624930272717323842040345164856806","orderMinSize":5,"tickSize":"0.01"}
[2026-06-06T02:35:01.178Z] INFO Skipped trade. {"slug":"doge-updown-5m-1780713300","reason":"missing_opening_chainlink_tick"}
[2026-06-06T02:35:04.190Z] INFO Captured Chainlink opening tick. {"slug":"eth-updown-5m-1780713300","openingPrice":1577.921567530941,"tickTimestamp":"2026-06-06T02:35:00.000Z"}
[2026-06-06T02:35:04.194Z] INFO Skipped trade. {"slug":"eth-updown-5m-1780713300","reason":"btc_distance_below_threshold","market":"ETH","minDistanceUsd":{"UP":2,"DOWN":2},"openingPrice":1577.921567530941,"currentPrice":1577.6677494796331}
[2026-06-06T02:35:04.201Z] INFO Captured Chainlink opening tick. {"slug":"doge-updown-5m-1780713300","openingPrice":0.0816446334543237,"tickTimestamp":"2026-06-06T02:35:00.000Z"}
[2026-06-06T02:35:04.206Z] INFO Skipped trade. {"slug":"doge-updown-5m-1780713300","reason":"btc_distance_below_threshold","market":"DOGE","minDistanceUsd":{"UP":0.0003,"DOWN":0.0003},"openingPrice":0.0816446334543237,"currentPrice":0.0816182762840601}
[2026-06-06T02:39:28.834Z] INFO Skipped trade. {"slug":"btc-updown-5m-1780713300","reason":"no_ask_liquidity_under_cap","outcome":"UP"}
[2026-06-06T02:40:00.254Z] INFO Tracking market. {"market":"BTC","slug":"btc-updown-5m-1780713600","title":"Bitcoin Up or Down - June 5, 10:40PM-10:45PM ET","end":"2026-06-06T02:45:00.000Z","upToken":"84610613178828105461956363036479598471380997481906923240656778475532209239398","downToken":"62392211986128153380253303200373451267647854639284843621104187478281988365842","orderMinSize":5,"tickSize":"0.01"}
[2026-06-06T02:40:00.267Z] INFO Captured Chainlink opening tick. {"slug":"btc-updown-5m-1780713600","openingPrice":60999.596196562576,"tickTimestamp":"2026-06-06T02:40:00.000Z"}
[2026-06-06T02:40:00.271Z] INFO Skipped trade. {"slug":"btc-updown-5m-1780713600","reason":"btc_distance_below_threshold","market":"BTC","minDistanceUsd":{"UP":12,"DOWN":12},"openingPrice":60999.596196562576,"currentPrice":60999.596196562576}
[2026-06-06T02:40:00.272Z] INFO Tracking market. {"market":"ETH","slug":"eth-updown-5m-1780713600","title":"Ethereum Up or Down - June 5, 10:40PM-10:45PM ET","end":"2026-06-06T02:45:00.000Z","upToken":"73727542997376639592828913011713649465695015790732514335661182827324694040188","downToken":"17111624794617622846807344257948935238306418945287694441187621116501630590344","orderMinSize":5,"tickSize":"0.01"}
[2026-06-06T02:40:00.272Z] INFO Skipped trade. {"slug":"eth-updown-5m-1780713600","reason":"missing_opening_chainlink_tick"}
[2026-06-06T02:40:00.272Z] INFO Tracking market. {"market":"DOGE","slug":"doge-updown-5m-1780713600","title":"Dogecoin Up or Down - June 5, 10:40PM-10:45PM ET","end":"2026-06-06T02:45:00.000Z","upToken":"75770514489311200822141855253091743242107207614413317811581601512895270806481","downToken":"16843058471541549479788731518044319560428403287492435282551979420562108932975","orderMinSize":5,"tickSize":"0.01"}
[2026-06-06T02:40:00.272Z] INFO Skipped trade. {"slug":"doge-updown-5m-1780713600","reason":"missing_opening_chainlink_tick"}
[2026-06-06T02:40:05.890Z] INFO Captured Chainlink opening tick. {"slug":"eth-updown-5m-1780713600","openingPrice":1578.9044929122851,"tickTimestamp":"2026-06-06T02:40:00.000Z"}
[2026-06-06T02:40:05.893Z] INFO Skipped trade. {"slug":"eth-updown-5m-1780713600","reason":"btc_distance_below_threshold","market":"ETH","minDistanceUsd":{"UP":2,"DOWN":2},"openingPrice":1578.9044929122851,"currentPrice":1578.8672674813336}
[2026-06-06T02:40:05.901Z] INFO Captured Chainlink opening tick. {"slug":"doge-updown-5m-1780713600","openingPrice":0.0816813134181702,"tickTimestamp":"2026-06-06T02:40:00.000Z"}
[2026-06-06T02:40:05.905Z] INFO Skipped trade. {"slug":"doge-updown-5m-1780713600","reason":"btc_distance_below_threshold","market":"DOGE","minDistanceUsd":{"UP":0.0003,"DOWN":0.0003},"openingPrice":0.0816813134181702,"currentPrice":0.081677837}
[2026-06-06T02:44:30.689Z] INFO Skipped trade. {"slug":"btc-updown-5m-1780713600","reason":"no_ask_liquidity_under_cap","outcome":"DOWN"}
[2026-06-06T02:44:30.689Z] INFO Skipped trade. {"slug":"eth-updown-5m-1780713600","reason":"no_ask_liquidity_under_cap","outcome":"DOWN"}
[2026-06-06T02:45:00.635Z] INFO Tracking market. {"market":"BTC","slug":"btc-updown-5m-1780713900","title":"Bitcoin Up or Down - June 5, 10:45PM-10:50PM ET","end":"2026-06-06T02:50:00.000Z","upToken":"50974047477801536956429088178719579238492257049180908854627402089000811095531","downToken":"94695164398205558238769565041337998027397186305322144590100321224272717595765","orderMinSize":5,"tickSize":"0.01"}
[2026-06-06T02:45:00.636Z] INFO Skipped trade. {"slug":"btc-updown-5m-1780713900","reason":"missing_opening_chainlink_tick"}
[2026-06-06T02:45:00.636Z] INFO Tracking market. {"market":"ETH","slug":"eth-updown-5m-1780713900","title":"Ethereum Up or Down - June 5, 10:45PM-10:50PM ET","end":"2026-06-06T02:50:00.000Z","upToken":"46970185462386028613093853682182208344837504172217114115795657893463261624554","downToken":"66372419150493374338442146079272945663935994183457900684414093235808983685924","orderMinSize":5,"tickSize":"0.01"}
[2026-06-06T02:45:00.636Z] INFO Skipped trade. {"slug":"eth-updown-5m-1780713900","reason":"missing_opening_chainlink_tick"}
[2026-06-06T02:45:00.636Z] INFO Tracking market. {"market":"DOGE","slug":"doge-updown-5m-1780713900","title":"Dogecoin Up or Down - June 5, 10:45PM-10:50PM ET","end":"2026-06-06T02:50:00.000Z","upToken":"47652442428453162342109639550575805058275784391542170593956222908733198429481","downToken":"76967849552947375689938982273354245315514245602127743393996820546231233293452","orderMinSize":5,"tickSize":"0.01"}
[2026-06-06T02:45:00.637Z] INFO Skipped trade. {"slug":"doge-updown-5m-1780713900","reason":"missing_opening_chainlink_tick"}
[2026-06-06T02:45:01.652Z] INFO Captured Chainlink opening tick. {"slug":"btc-updown-5m-1780713900","openingPrice":60922.29230855814,"tickTimestamp":"2026-06-06T02:45:00.000Z"}
[2026-06-06T02:45:01.656Z] INFO Skipped trade. {"slug":"btc-updown-5m-1780713900","reason":"btc_distance_below_threshold","market":"BTC","minDistanceUsd":{"UP":12,"DOWN":12},"openingPrice":60922.29230855814,"currentPrice":60922.29230855814}
[2026-06-06T02:45:06.077Z] INFO Captured Chainlink opening tick. {"slug":"eth-updown-5m-1780713900","openingPrice":1576.5195723596676,"tickTimestamp":"2026-06-06T02:45:00.000Z"}
[2026-06-06T02:45:06.081Z] INFO Skipped trade. {"slug":"eth-updown-5m-1780713900","reason":"btc_distance_below_threshold","market":"ETH","minDistanceUsd":{"UP":2,"DOWN":2},"openingPrice":1576.5195723596676,"currentPrice":1576.0793765729688}
[2026-06-06T02:45:06.088Z] INFO Captured Chainlink opening tick. {"slug":"doge-updown-5m-1780713900","openingPrice":0.0815221760511514,"tickTimestamp":"2026-06-06T02:45:00.000Z"}
[2026-06-06T02:45:06.092Z] INFO Skipped trade. {"slug":"doge-updown-5m-1780713900","reason":"btc_distance_below_threshold","market":"DOGE","minDistanceUsd":{"UP":0.0003,"DOWN":0.0003},"openingPrice":0.0815221760511514,"currentPrice":0.0815118327927303}
[2026-06-06T02:49:30.125Z] INFO Skipped trade. {"slug":"btc-updown-5m-1780713900","reason":"no_ask_liquidity_under_cap","outcome":"UP"}
[2026-06-06T02:49:30.125Z] INFO Skipped trade. {"slug":"eth-updown-5m-1780713900","reason":"no_ask_liquidity_under_cap","outcome":"UP"}
[2026-06-06T02:50:01.638Z] INFO Tracking market. {"market":"BTC","slug":"btc-updown-5m-1780714200","title":"Bitcoin Up or Down - June 5, 10:50PM-10:55PM ET","end":"2026-06-06T02:55:00.000Z","upToken":"20543026829331617854408023040811976985924055863374312592434037289469622951459","downToken":"113647022074161518579926297378802980682306183537526590803749752673143331756348","orderMinSize":5,"tickSize":"0.01"}
[2026-06-06T02:50:01.660Z] INFO Captured Chainlink opening tick. {"slug":"btc-updown-5m-1780714200","openingPrice":61091.16549591651,"tickTimestamp":"2026-06-06T02:50:01.000Z"}
[2026-06-06T02:50:01.673Z] INFO Skipped trade. {"slug":"btc-updown-5m-1780714200","reason":"btc_distance_below_threshold","market":"BTC","minDistanceUsd":{"UP":12,"DOWN":12},"openingPrice":61091.16549591651,"currentPrice":61091.16549591651}
[2026-06-06T02:50:01.673Z] INFO Tracking market. {"market":"ETH","slug":"eth-updown-5m-1780714200","title":"Ethereum Up or Down - June 5, 10:50PM-10:55PM ET","end":"2026-06-06T02:55:00.000Z","upToken":"6874687713516599471847197422143530229801073342064253887626674047774257490856","downToken":"2034396217160521823199693595157631102658741065308946541034856945003041543973","orderMinSize":5,"tickSize":"0.01"}
[2026-06-06T02:50:01.674Z] INFO Skipped trade. {"slug":"eth-updown-5m-1780714200","reason":"missing_opening_chainlink_tick"}
[2026-06-06T02:50:01.674Z] INFO Tracking market. {"market":"DOGE","slug":"doge-updown-5m-1780714200","title":"Dogecoin Up or Down - June 5, 10:50PM-10:55PM ET","end":"2026-06-06T02:55:00.000Z","upToken":"54523393342483085582315403015159642401831653681491177971510755101379074542855","downToken":"104595223437267164228829550565850132293492307466947585480833281391133857976203","orderMinSize":5,"tickSize":"0.01"}
[2026-06-06T02:50:01.674Z] INFO Skipped trade. {"slug":"doge-updown-5m-1780714200","reason":"missing_opening_chainlink_tick"}
[2026-06-06T02:50:05.716Z] INFO Captured Chainlink opening tick. {"slug":"eth-updown-5m-1780714200","openingPrice":1583.930678315867,"tickTimestamp":"2026-06-06T02:50:01.000Z"}
[2026-06-06T02:50:05.721Z] INFO Skipped trade. {"slug":"eth-updown-5m-1780714200","reason":"btc_distance_below_threshold","market":"ETH","minDistanceUsd":{"UP":2,"DOWN":2},"openingPrice":1583.930678315867,"currentPrice":1583.6601161763158}
[2026-06-06T02:50:05.733Z] INFO Captured Chainlink opening tick. {"slug":"doge-updown-5m-1780714200","openingPrice":0.0818174710490899,"tickTimestamp":"2026-06-06T02:50:01.000Z"}
[2026-06-06T02:50:05.738Z] INFO Skipped trade. {"slug":"doge-updown-5m-1780714200","reason":"btc_distance_below_threshold","market":"DOGE","minDistanceUsd":{"UP":0.0003,"DOWN":0.0003},"openingPrice":0.0818174710490899,"currentPrice":0.08182}
[2026-06-06T02:51:55.143Z] INFO Skipped trade. {"slug":"eth-updown-5m-1780714200","reason":"stale_chainlink_tick","tickTimestamp":"2026-06-06T02:51:44.000Z"}
[2026-06-06T02:51:55.143Z] INFO Skipped trade. {"slug":"doge-updown-5m-1780714200","reason":"stale_chainlink_tick","tickTimestamp":"2026-06-06T02:51:44.000Z"}
[2026-06-06T02:54:30.188Z] INFO Skipped trade. {"slug":"btc-updown-5m-1780714200","reason":"no_ask_liquidity_under_cap","outcome":"DOWN"}
[2026-06-06T02:54:30.188Z] INFO Skipped trade. {"slug":"eth-updown-5m-1780714200","reason":"no_ask_liquidity_under_cap","outcome":"DOWN"}
[2026-06-06T02:55:00.571Z] INFO Tracking market. {"market":"BTC","slug":"btc-updown-5m-1780714500","title":"Bitcoin Up or Down - June 5, 10:55PM-11:00PM ET","end":"2026-06-06T03:00:00.000Z","upToken":"60621428635118226132900240393906246286000131096371650321175165430468422008540","downToken":"4312447654401761445377139904093042201801265197416007718963736764298613356677","orderMinSize":5,"tickSize":"0.01"}
[2026-06-06T02:55:00.571Z] INFO Skipped trade. {"slug":"btc-updown-5m-1780714500","reason":"missing_opening_chainlink_tick"}
[2026-06-06T02:55:00.571Z] INFO Tracking market. {"market":"ETH","slug":"eth-updown-5m-1780714500","title":"Ethereum Up or Down - June 5, 10:55PM-11:00PM ET","end":"2026-06-06T03:00:00.000Z","upToken":"57329424854164560288613879577338075121238392582147446627190830906928101326967","downToken":"7740485609770498907476257049734822396612957475784168585649462672311987932706","orderMinSize":5,"tickSize":"0.01"}
[2026-06-06T02:55:00.571Z] INFO Skipped trade. {"slug":"eth-updown-5m-1780714500","reason":"missing_opening_chainlink_tick"}
[2026-06-06T02:55:00.571Z] INFO Tracking market. {"market":"DOGE","slug":"doge-updown-5m-1780714500","title":"Dogecoin Up or Down - June 5, 10:55PM-11:00PM ET","end":"2026-06-06T03:00:00.000Z","upToken":"66240163569261976509008814728630600347313231725890868145718312188411187199896","downToken":"109815285414451067427654353815187104939119605292307519110540910049411855906830","orderMinSize":5,"tickSize":"0.01"}
[2026-06-06T02:55:00.571Z] INFO Skipped trade. {"slug":"doge-updown-5m-1780714500","reason":"missing_opening_chainlink_tick"}
[2026-06-06T02:55:01.590Z] INFO Captured Chainlink opening tick. {"slug":"btc-updown-5m-1780714500","openingPrice":61055.64324182391,"tickTimestamp":"2026-06-06T02:55:00.000Z"}
[2026-06-06T02:55:01.594Z] INFO Skipped trade. {"slug":"btc-updown-5m-1780714500","reason":"btc_distance_below_threshold","market":"BTC","minDistanceUsd":{"UP":12,"DOWN":12},"openingPrice":61055.64324182391,"currentPrice":61055.64324182391}
[2026-06-06T02:55:05.797Z] INFO Captured Chainlink opening tick. {"slug":"eth-updown-5m-1780714500","openingPrice":1580.9127636136704,"tickTimestamp":"2026-06-06T02:55:00.000Z"}
[2026-06-06T02:55:05.801Z] INFO Skipped trade. {"slug":"eth-updown-5m-1780714500","reason":"btc_distance_below_threshold","market":"ETH","minDistanceUsd":{"UP":2,"DOWN":2},"openingPrice":1580.9127636136704,"currentPrice":1580.5016586165787}
[2026-06-06T02:55:05.811Z] INFO Captured Chainlink opening tick. {"slug":"doge-updown-5m-1780714500","openingPrice":0.0817919688290953,"tickTimestamp":"2026-06-06T02:55:00.000Z"}
[2026-06-06T02:55:05.815Z] INFO Skipped trade. {"slug":"doge-updown-5m-1780714500","reason":"btc_distance_below_threshold","market":"DOGE","minDistanceUsd":{"UP":0.0003,"DOWN":0.0003},"openingPrice":0.0817919688290953,"currentPrice":0.0817805}
[2026-06-06T02:55:52.809Z] WARN Bot loop iteration failed; retrying. {"error":"fetch failed"}
[2026-06-06T02:59:29.321Z] INFO Skipped trade. {"slug":"btc-updown-5m-1780714500","reason":"no_ask_liquidity_under_cap","outcome":"DOWN"}
[2026-06-06T02:59:29.321Z] INFO Skipped trade. {"slug":"eth-updown-5m-1780714500","reason":"no_ask_liquidity_under_cap","outcome":"DOWN"}
[2026-06-06T02:59:37.661Z] INFO Skipped trade. {"slug":"doge-updown-5m-1780714500","reason":"no_ask_liquidity_under_cap","outcome":"DOWN"}
[2026-06-06T03:00:00.314Z] INFO Tracking market. {"market":"BTC","slug":"btc-updown-5m-1780714800","title":"Bitcoin Up or Down - June 5, 11:00PM-11:05PM ET","end":"2026-06-06T03:05:00.000Z","upToken":"59103111596105353317313161618187444813253406884004116141911659658186353524939","downToken":"74647986786039678153134251974486094593019510449147267748539059930808091608876","orderMinSize":5,"tickSize":"0.01"}
[2026-06-06T03:00:00.315Z] INFO Skipped trade. {"slug":"btc-updown-5m-1780714800","reason":"missing_opening_chainlink_tick"}
[2026-06-06T03:00:00.315Z] INFO Tracking market. {"market":"ETH","slug":"eth-updown-5m-1780714800","title":"Ethereum Up or Down - June 5, 11:00PM-11:05PM ET","end":"2026-06-06T03:05:00.000Z","upToken":"111800537740730049985702995251246281727250930585535063773266106883048810155469","downToken":"62378536296101182275743301283139841617215529346355023879001330980670709275735","orderMinSize":5,"tickSize":"0.01"}
[2026-06-06T03:00:00.315Z] INFO Skipped trade. {"slug":"eth-updown-5m-1780714800","reason":"missing_opening_chainlink_tick"}
[2026-06-06T03:00:00.315Z] INFO Tracking market. {"market":"DOGE","slug":"doge-updown-5m-1780714800","title":"Dogecoin Up or Down - June 5, 11:00PM-11:05PM ET","end":"2026-06-06T03:05:00.000Z","upToken":"17588705898556233349465282083535493590666098797503703495213985382722578715137","downToken":"104730445980038639858056696216808377019206109290185528406984971319973013115238","orderMinSize":5,"tickSize":"0.01"}
[2026-06-06T03:00:00.315Z] INFO Skipped trade. {"slug":"doge-updown-5m-1780714800","reason":"missing_opening_chainlink_tick"}
[2026-06-06T03:00:01.337Z] INFO Captured Chainlink opening tick. {"slug":"btc-updown-5m-1780714800","openingPrice":60927.37254305205,"tickTimestamp":"2026-06-06T03:00:00.000Z"}
[2026-06-06T03:00:01.341Z] INFO Skipped trade. {"slug":"btc-updown-5m-1780714800","reason":"btc_distance_below_threshold","market":"BTC","minDistanceUsd":{"UP":12,"DOWN":12},"openingPrice":60927.37254305205,"currentPrice":60928.78310115191}
[2026-06-06T03:00:01.348Z] INFO Captured Chainlink opening tick. {"slug":"eth-updown-5m-1780714800","openingPrice":1575.635758135643,"tickTimestamp":"2026-06-06T03:00:00.000Z"}
[2026-06-06T03:00:01.352Z] INFO Skipped trade. {"slug":"eth-updown-5m-1780714800","reason":"btc_distance_below_threshold","market":"ETH","minDistanceUsd":{"UP":2,"DOWN":2},"openingPrice":1575.635758135643,"currentPrice":1575.640552191429}
[2026-06-06T03:00:01.362Z] INFO Captured Chainlink opening tick. {"slug":"doge-updown-5m-1780714800","openingPrice":0.081441334,"tickTimestamp":"2026-06-06T03:00:00.000Z"}
[2026-06-06T03:00:01.368Z] INFO Skipped trade. {"slug":"doge-updown-5m-1780714800","reason":"btc_distance_below_threshold","market":"DOGE","minDistanceUsd":{"UP":0.0003,"DOWN":0.0003},"openingPrice":0.081441334,"currentPrice":0.0814405}
[2026-06-06T03:04:29.212Z] INFO Skipped trade. {"slug":"btc-updown-5m-1780714800","reason":"no_ask_liquidity_under_cap","outcome":"DOWN"}
[2026-06-06T03:04:29.212Z] INFO Skipped trade. {"slug":"eth-updown-5m-1780714800","reason":"no_ask_liquidity_under_cap","outcome":"DOWN"}
[2026-06-06T03:04:29.212Z] INFO Skipped trade. {"slug":"doge-updown-5m-1780714800","reason":"no_ask_liquidity_under_cap","outcome":"DOWN"}
[2026-06-06T03:05:01.501Z] INFO Tracking market. {"market":"BTC","slug":"btc-updown-5m-1780715100","title":"Bitcoin Up or Down - June 5, 11:05PM-11:10PM ET","end":"2026-06-06T03:10:00.000Z","upToken":"95085303984873033335672165172733314835116074113085289514460044986288526586499","downToken":"29514113017997502080252865095961286763855806259048649891818702343702166935881","orderMinSize":5,"tickSize":"0.01"}
[2026-06-06T03:05:01.516Z] INFO Captured Chainlink opening tick. {"slug":"btc-updown-5m-1780715100","openingPrice":60813.1906538041,"tickTimestamp":"2026-06-06T03:05:00.000Z"}
[2026-06-06T03:05:01.526Z] INFO Skipped trade. {"slug":"btc-updown-5m-1780715100","reason":"btc_distance_below_threshold","market":"BTC","minDistanceUsd":{"UP":12,"DOWN":12},"openingPrice":60813.1906538041,"currentPrice":60821.807194298955}
[2026-06-06T03:05:01.526Z] INFO Tracking market. {"market":"ETH","slug":"eth-updown-5m-1780715100","title":"Ethereum Up or Down - June 5, 11:05PM-11:10PM ET","end":"2026-06-06T03:10:00.000Z","upToken":"75494199449610045644691065793438582298816761430690222970062478229431402759815","downToken":"80750498774373218246060208446083805866309094188178763781196446889628374738132","orderMinSize":5,"tickSize":"0.01"}
[2026-06-06T03:05:01.533Z] INFO Captured Chainlink opening tick. {"slug":"eth-updown-5m-1780715100","openingPrice":1568.801395,"tickTimestamp":"2026-06-06T03:05:00.000Z"}
[2026-06-06T03:05:01.537Z] INFO Skipped trade. {"slug":"eth-updown-5m-1780715100","reason":"btc_distance_below_threshold","market":"ETH","minDistanceUsd":{"UP":2,"DOWN":2},"openingPrice":1568.801395,"currentPrice":1568.8320159759112}
[2026-06-06T03:05:01.537Z] INFO Tracking market. {"market":"DOGE","slug":"doge-updown-5m-1780715100","title":"Dogecoin Up or Down - June 5, 11:05PM-11:10PM ET","end":"2026-06-06T03:10:00.000Z","upToken":"102700751629512221644513932848698156918694204840740694098681586953899070429139","downToken":"57106359361109243389663191074591054197480179926355615257068815154880573015967","orderMinSize":5,"tickSize":"0.01"}
[2026-06-06T03:05:01.545Z] INFO Captured Chainlink opening tick. {"slug":"doge-updown-5m-1780715100","openingPrice":0.081002955,"tickTimestamp":"2026-06-06T03:05:00.000Z"}
[2026-06-06T03:05:01.548Z] INFO Skipped trade. {"slug":"doge-updown-5m-1780715100","reason":"btc_distance_below_threshold","market":"DOGE","minDistanceUsd":{"UP":0.0003,"DOWN":0.0003},"openingPrice":0.081002955,"currentPrice":0.081014}
[2026-06-06T03:09:29.802Z] INFO Skipped trade. {"slug":"btc-updown-5m-1780715100","reason":"no_ask_liquidity_under_cap","outcome":"DOWN"}
[2026-06-06T03:10:00.290Z] INFO Tracking market. {"market":"BTC","slug":"btc-updown-5m-1780715400","title":"Bitcoin Up or Down - June 5, 11:10PM-11:15PM ET","end":"2026-06-06T03:15:00.000Z","upToken":"62178921430129907200091063001927750649924694368461040158479023689666473481851","downToken":"11576059059349909412856452636921615691533119893827209273658338557590755558171","orderMinSize":5,"tickSize":"0.01"}
[2026-06-06T03:10:00.291Z] INFO Skipped trade. {"slug":"btc-updown-5m-1780715400","reason":"missing_opening_chainlink_tick"}
[2026-06-06T03:10:00.291Z] INFO Tracking market. {"market":"ETH","slug":"eth-updown-5m-1780715400","title":"Ethereum Up or Down - June 5, 11:10PM-11:15PM ET","end":"2026-06-06T03:15:00.000Z","upToken":"104132630690210505537219090508833341665605908906234173475916187126341034994717","downToken":"74150397334727445260595657175684554856832435687570832609302785797252891479059","orderMinSize":5,"tickSize":"0.01"}
[2026-06-06T03:10:00.291Z] INFO Skipped trade. {"slug":"eth-updown-5m-1780715400","reason":"missing_opening_chainlink_tick"}
[2026-06-06T03:10:00.291Z] INFO Tracking market. {"market":"DOGE","slug":"doge-updown-5m-1780715400","title":"Dogecoin Up or Down - June 5, 11:10PM-11:15PM ET","end":"2026-06-06T03:15:00.000Z","upToken":"47271613368564734238868254759425157088358919727879823645673545282610482730580","downToken":"67124738598099022980984442110992075922347613681330121421422351280833144957889","orderMinSize":5,"tickSize":"0.01"}
[2026-06-06T03:10:00.291Z] INFO Skipped trade. {"slug":"doge-updown-5m-1780715400","reason":"missing_opening_chainlink_tick"}
[2026-06-06T03:10:01.320Z] INFO Captured Chainlink opening tick. {"slug":"btc-updown-5m-1780715400","openingPrice":60795.6108256797,"tickTimestamp":"2026-06-06T03:10:00.000Z"}
[2026-06-06T03:10:01.324Z] INFO Skipped trade. {"slug":"btc-updown-5m-1780715400","reason":"btc_distance_below_threshold","market":"BTC","minDistanceUsd":{"UP":12,"DOWN":12},"openingPrice":60795.6108256797,"currentPrice":60795.6108256797}
[2026-06-06T03:10:02.340Z] INFO Captured Chainlink opening tick. {"slug":"eth-updown-5m-1780715400","openingPrice":1569.1674341870228,"tickTimestamp":"2026-06-06T03:10:00.000Z"}
[2026-06-06T03:10:02.347Z] INFO Skipped trade. {"slug":"eth-updown-5m-1780715400","reason":"btc_distance_below_threshold","market":"ETH","minDistanceUsd":{"UP":2,"DOWN":2},"openingPrice":1569.1674341870228,"currentPrice":1569.133316706802}
[2026-06-06T03:10:02.365Z] INFO Captured Chainlink opening tick. {"slug":"doge-updown-5m-1780715400","openingPrice":0.0810574,"tickTimestamp":"2026-06-06T03:10:00.000Z"}
[2026-06-06T03:10:02.372Z] INFO Skipped trade. {"slug":"doge-updown-5m-1780715400","reason":"btc_distance_below_threshold","market":"DOGE","minDistanceUsd":{"UP":0.0003,"DOWN":0.0003},"openingPrice":0.0810574,"currentPrice":0.0810581}
[2026-06-06T03:12:21.036Z] INFO Skipped trade. {"slug":"eth-updown-5m-1780715400","reason":"stale_chainlink_tick","tickTimestamp":"2026-06-06T03:12:10.000Z"}
[2026-06-06T03:12:21.036Z] INFO Skipped trade. {"slug":"doge-updown-5m-1780715400","reason":"stale_chainlink_tick","tickTimestamp":"2026-06-06T03:12:11.000Z"}
[2026-06-06T03:14:29.117Z] INFO Skipped trade. {"slug":"btc-updown-5m-1780715400","reason":"no_ask_liquidity_under_cap","outcome":"UP"}
[2026-06-06T03:15:00.597Z] INFO Tracking market. {"market":"BTC","slug":"btc-updown-5m-1780715700","title":"Bitcoin Up or Down - June 5, 11:15PM-11:20PM ET","end":"2026-06-06T03:20:00.000Z","upToken":"108338202298043511731583723485673882685594521596543201431985283851570660648491","downToken":"100522822630055494668815216873243155311249055265517469941556012419835101778256","orderMinSize":5,"tickSize":"0.01"}
[2026-06-06T03:15:00.616Z] INFO Captured Chainlink opening tick. {"slug":"btc-updown-5m-1780715700","openingPrice":60853.42676523488,"tickTimestamp":"2026-06-06T03:15:00.000Z"}
[2026-06-06T03:15:00.621Z] INFO Skipped trade. {"slug":"btc-updown-5m-1780715700","reason":"btc_distance_below_threshold","market":"BTC","minDistanceUsd":{"UP":12,"DOWN":12},"openingPrice":60853.42676523488,"currentPrice":60853.42676523488}
[2026-06-06T03:15:00.621Z] INFO Tracking market. {"market":"ETH","slug":"eth-updown-5m-1780715700","title":"Ethereum Up or Down - June 5, 11:15PM-11:20PM ET","end":"2026-06-06T03:20:00.000Z","upToken":"40551574713967973203784068910608210951672116756339906866630073195596706214813","downToken":"115113534279811153891311449920080246544814596085905038143499993168167016880439","orderMinSize":5,"tickSize":"0.01"}
[2026-06-06T03:15:00.622Z] INFO Skipped trade. {"slug":"eth-updown-5m-1780715700","reason":"missing_opening_chainlink_tick"}
[2026-06-06T03:15:00.622Z] INFO Tracking market. {"market":"DOGE","slug":"doge-updown-5m-1780715700","title":"Dogecoin Up or Down - June 5, 11:15PM-11:20PM ET","end":"2026-06-06T03:20:00.000Z","upToken":"21533380766295495708306004049491902474948759109496473219029010023262213405497","downToken":"20437578128982711733764339167613199235901004682507707719972217257434485444591","orderMinSize":5,"tickSize":"0.01"}
[2026-06-06T03:15:00.622Z] INFO Skipped trade. {"slug":"doge-updown-5m-1780715700","reason":"missing_opening_chainlink_tick"}
[2026-06-06T03:15:02.677Z] INFO Captured Chainlink opening tick. {"slug":"eth-updown-5m-1780715700","openingPrice":1570.27676,"tickTimestamp":"2026-06-06T03:15:00.000Z"}
[2026-06-06T03:15:02.691Z] INFO Skipped trade. {"slug":"eth-updown-5m-1780715700","reason":"btc_distance_below_threshold","market":"ETH","minDistanceUsd":{"UP":2,"DOWN":2},"openingPrice":1570.27676,"currentPrice":1570.6168736437412}
[2026-06-06T03:15:02.707Z] INFO Captured Chainlink opening tick. {"slug":"doge-updown-5m-1780715700","openingPrice":0.0811926937854751,"tickTimestamp":"2026-06-06T03:15:00.000Z"}
[2026-06-06T03:15:02.711Z] INFO Skipped trade. {"slug":"doge-updown-5m-1780715700","reason":"btc_distance_below_threshold","market":"DOGE","minDistanceUsd":{"UP":0.0003,"DOWN":0.0003},"openingPrice":0.0811926937854751,"currentPrice":0.081220613}
[2026-06-06T03:20:46.218Z] INFO Tracking market. {"market":"BTC","slug":"btc-updown-5m-1780716000","title":"Bitcoin Up or Down - June 5, 11:20PM-11:25PM ET","end":"2026-06-06T03:25:00.000Z","upToken":"58443576118187056583701474899199611288409179052731598649303178646245776573452","downToken":"83067892967556461811324913294071755480916928132295880564321678831214315433730","orderMinSize":5,"tickSize":"0.01"}
[2026-06-06T03:20:46.232Z] INFO Captured Chainlink opening tick. {"slug":"btc-updown-5m-1780716000","openingPrice":60900.386173350904,"tickTimestamp":"2026-06-06T03:20:00.000Z"}
[2026-06-06T03:20:46.237Z] INFO Tracking market. {"market":"ETH","slug":"eth-updown-5m-1780716000","title":"Ethereum Up or Down - June 5, 11:20PM-11:25PM ET","end":"2026-06-06T03:25:00.000Z","upToken":"114702621232475420935323380117796020336818066532835303441137546938120276178885","downToken":"93210517743417690112387290313244895451838600827027707116613040988774640691189","orderMinSize":5,"tickSize":"0.01"}
[2026-06-06T03:20:46.251Z] INFO Captured Chainlink opening tick. {"slug":"eth-updown-5m-1780716000","openingPrice":1571.3555965839803,"tickTimestamp":"2026-06-06T03:20:00.000Z"}
[2026-06-06T03:20:46.263Z] INFO Skipped trade. {"slug":"eth-updown-5m-1780716000","reason":"btc_distance_below_threshold","market":"ETH","minDistanceUsd":{"UP":2,"DOWN":2},"openingPrice":1571.3555965839803,"currentPrice":1569.4331623691805}
[2026-06-06T03:20:46.263Z] INFO Tracking market. {"market":"DOGE","slug":"doge-updown-5m-1780716000","title":"Dogecoin Up or Down - June 5, 11:20PM-11:25PM ET","end":"2026-06-06T03:25:00.000Z","upToken":"43333454968661435850100075740285939437600525788951161176366599691529939989466","downToken":"72413449653287067024404864898516026072402641413165202941439711192588437716955","orderMinSize":5,"tickSize":"0.01"}
[2026-06-06T03:20:46.279Z] INFO Captured Chainlink opening tick. {"slug":"doge-updown-5m-1780716000","openingPrice":0.0812203,"tickTimestamp":"2026-06-06T03:20:00.000Z"}
[2026-06-06T03:20:46.283Z] INFO Skipped trade. {"slug":"doge-updown-5m-1780716000","reason":"btc_distance_below_threshold","market":"DOGE","minDistanceUsd":{"UP":0.0003,"DOWN":0.0003},"openingPrice":0.0812203,"currentPrice":0.0810625}
[2026-06-06T03:24:29.016Z] INFO Skipped trade. {"slug":"btc-updown-5m-1780716000","reason":"no_ask_liquidity_under_cap","outcome":"DOWN"}
[2026-06-06T03:24:29.016Z] INFO Skipped trade. {"slug":"eth-updown-5m-1780716000","reason":"no_ask_liquidity_under_cap","outcome":"DOWN"}
[2026-06-06T03:24:34.072Z] INFO Skipped trade. {"slug":"doge-updown-5m-1780716000","reason":"no_ask_liquidity_under_cap","outcome":"DOWN"}
[2026-06-06T03:25:01.769Z] WARN Bot loop iteration failed; retrying. {"error":"fetch failed"}
[2026-06-06T03:25:02.809Z] INFO Tracking market. {"market":"BTC","slug":"btc-updown-5m-1780716300","title":"Bitcoin Up or Down - June 5, 11:25PM-11:30PM ET","end":"2026-06-06T03:30:00.000Z","upToken":"56931768733297461720219376741796337799411763430336214807535089157603162167070","downToken":"21083406287065533422253327207662227103012215643032813233954301646035753383718","orderMinSize":5,"tickSize":"0.01"}
[2026-06-06T03:25:02.824Z] INFO Captured Chainlink opening tick. {"slug":"btc-updown-5m-1780716300","openingPrice":60742.83554604841,"tickTimestamp":"2026-06-06T03:25:00.000Z"}
[2026-06-06T03:25:02.829Z] INFO Skipped trade. {"slug":"btc-updown-5m-1780716300","reason":"btc_distance_below_threshold","market":"BTC","minDistanceUsd":{"UP":12,"DOWN":12},"openingPrice":60742.83554604841,"currentPrice":60754.56954193418}
[2026-06-06T03:25:02.829Z] INFO Tracking market. {"market":"ETH","slug":"eth-updown-5m-1780716300","title":"Ethereum Up or Down - June 5, 11:25PM-11:30PM ET","end":"2026-06-06T03:30:00.000Z","upToken":"35292621295616783714188578675777924975137417946843456849676688704099378422080","downToken":"107586414988656977329508043200987597999543755527248974002059048011295823313836","orderMinSize":5,"tickSize":"0.01"}
[2026-06-06T03:25:02.830Z] INFO Skipped trade. {"slug":"eth-updown-5m-1780716300","reason":"missing_opening_chainlink_tick"}
[2026-06-06T03:25:02.830Z] INFO Tracking market. {"market":"DOGE","slug":"doge-updown-5m-1780716300","title":"Dogecoin Up or Down - June 5, 11:25PM-11:30PM ET","end":"2026-06-06T03:30:00.000Z","upToken":"112025551274364291205415106172213299167618285450918893748387439883939811932111","downToken":"93265131008125060739031090569843666426648682060946899113693013194694507677212","orderMinSize":5,"tickSize":"0.01"}
[2026-06-06T03:25:02.830Z] INFO Skipped trade. {"slug":"doge-updown-5m-1780716300","reason":"missing_opening_chainlink_tick"}
[2026-06-06T03:25:09.112Z] INFO Captured Chainlink opening tick. {"slug":"eth-updown-5m-1780716300","openingPrice":1564.9489973936356,"tickTimestamp":"2026-06-06T03:25:00.000Z"}
[2026-06-06T03:25:09.116Z] INFO Skipped trade. {"slug":"eth-updown-5m-1780716300","reason":"btc_distance_below_threshold","market":"ETH","minDistanceUsd":{"UP":2,"DOWN":2},"openingPrice":1564.9489973936356,"currentPrice":1563.9000585632775}
[2026-06-06T03:25:09.124Z] INFO Captured Chainlink opening tick. {"slug":"doge-updown-5m-1780716300","openingPrice":0.0808305124177284,"tickTimestamp":"2026-06-06T03:25:00.000Z"}
[2026-06-06T03:25:09.128Z] INFO Skipped trade. {"slug":"doge-updown-5m-1780716300","reason":"btc_distance_below_threshold","market":"DOGE","minDistanceUsd":{"UP":0.0003,"DOWN":0.0003},"openingPrice":0.0808305124177284,"currentPrice":0.0807637989000702}
[2026-06-06T03:29:29.500Z] INFO Skipped trade. {"slug":"btc-updown-5m-1780716300","reason":"no_ask_liquidity_under_cap","outcome":"UP"}
[2026-06-06T03:30:01.210Z] INFO Tracking market. {"market":"BTC","slug":"btc-updown-5m-1780716600","title":"Bitcoin Up or Down - June 5, 11:30PM-11:35PM ET","end":"2026-06-06T03:35:00.000Z","upToken":"54117681836348858677146865674455314525981468463405635603124839182474321146352","downToken":"102839147844332162259739647824264322747244703404403007993439263948457587945374","orderMinSize":5,"tickSize":"0.01"}
[2026-06-06T03:30:01.224Z] INFO Captured Chainlink opening tick. {"slug":"btc-updown-5m-1780716600","openingPrice":60777.12955641322,"tickTimestamp":"2026-06-06T03:30:00.000Z"}
[2026-06-06T03:30:01.228Z] INFO Skipped trade. {"slug":"btc-updown-5m-1780716600","reason":"btc_distance_below_threshold","market":"BTC","minDistanceUsd":{"UP":12,"DOWN":12},"openingPrice":60777.12955641322,"currentPrice":60777.12955641322}
[2026-06-06T03:30:01.228Z] INFO Tracking market. {"market":"ETH","slug":"eth-updown-5m-1780716600","title":"Ethereum Up or Down - June 5, 11:30PM-11:35PM ET","end":"2026-06-06T03:35:00.000Z","upToken":"91359186454598981150338655585264689460529827812188490714948779395815336750702","downToken":"41590615985164116911075311923720840149063403687484482585300606034724706879694","orderMinSize":5,"tickSize":"0.01"}
[2026-06-06T03:30:01.228Z] INFO Skipped trade. {"slug":"eth-updown-5m-1780716600","reason":"missing_opening_chainlink_tick"}
[2026-06-06T03:30:01.228Z] INFO Tracking market. {"market":"DOGE","slug":"doge-updown-5m-1780716600","title":"Dogecoin Up or Down - June 5, 11:30PM-11:35PM ET","end":"2026-06-06T03:35:00.000Z","upToken":"79636533455006412081792213537730564742555581149479744349040064088285764367324","downToken":"59938245004977668895265877245298522612911771823196887893097293200573890816157","orderMinSize":5,"tickSize":"0.01"}
[2026-06-06T03:30:01.228Z] INFO Skipped trade. {"slug":"doge-updown-5m-1780716600","reason":"missing_opening_chainlink_tick"}
[2026-06-06T03:30:04.268Z] INFO Captured Chainlink opening tick. {"slug":"eth-updown-5m-1780716600","openingPrice":1566.132445,"tickTimestamp":"2026-06-06T03:30:00.000Z"}
[2026-06-06T03:30:04.273Z] INFO Skipped trade. {"slug":"eth-updown-5m-1780716600","reason":"btc_distance_below_threshold","market":"ETH","minDistanceUsd":{"UP":2,"DOWN":2},"openingPrice":1566.132445,"currentPrice":1565.844645}
[2026-06-06T03:30:04.289Z] INFO Captured Chainlink opening tick. {"slug":"doge-updown-5m-1780716600","openingPrice":0.080974482,"tickTimestamp":"2026-06-06T03:30:00.000Z"}
[2026-06-06T03:30:04.294Z] INFO Skipped trade. {"slug":"doge-updown-5m-1780716600","reason":"btc_distance_below_threshold","market":"DOGE","minDistanceUsd":{"UP":0.0003,"DOWN":0.0003},"openingPrice":0.080974482,"currentPrice":0.080970473}
[2026-06-06T03:34:28.991Z] INFO Skipped trade. {"slug":"btc-updown-5m-1780716600","reason":"no_ask_liquidity_under_cap","outcome":"DOWN"}
[2026-06-06T03:34:28.991Z] INFO Skipped trade. {"slug":"eth-updown-5m-1780716600","reason":"no_ask_liquidity_under_cap","outcome":"DOWN"}
[2026-06-06T03:34:28.991Z] INFO Skipped trade. {"slug":"doge-updown-5m-1780716600","reason":"no_ask_liquidity_under_cap","outcome":"DOWN"}
[2026-06-06T03:35:01.699Z] INFO Tracking market. {"market":"BTC","slug":"btc-updown-5m-1780716900","title":"Bitcoin Up or Down - June 5, 11:35PM-11:40PM ET","end":"2026-06-06T03:40:00.000Z","upToken":"15082528574269990239992561881022985618087598997624326247600964382665118314080","downToken":"2212185756114827660579611946031105750387028877001358148405138898792990586410","orderMinSize":5,"tickSize":"0.01"}
[2026-06-06T03:35:01.714Z] INFO Captured Chainlink opening tick. {"slug":"btc-updown-5m-1780716900","openingPrice":60530.00162263604,"tickTimestamp":"2026-06-06T03:35:00.000Z"}
[2026-06-06T03:35:01.718Z] INFO Skipped trade. {"slug":"btc-updown-5m-1780716900","reason":"btc_distance_below_threshold","market":"BTC","minDistanceUsd":{"UP":12,"DOWN":12},"openingPrice":60530.00162263604,"currentPrice":60527.240458570835}
[2026-06-06T03:35:01.718Z] INFO Tracking market. {"market":"ETH","slug":"eth-updown-5m-1780716900","title":"Ethereum Up or Down - June 5, 11:35PM-11:40PM ET","end":"2026-06-06T03:40:00.000Z","upToken":"2932149779401732090371333045133797091166393599846254723375282364242390387130","downToken":"115079019277512715662104544197462240952109544518062383562200106361118204732243","orderMinSize":5,"tickSize":"0.01"}
[2026-06-06T03:35:01.718Z] INFO Skipped trade. {"slug":"eth-updown-5m-1780716900","reason":"missing_opening_chainlink_tick"}
[2026-06-06T03:35:01.718Z] INFO Tracking market. {"market":"DOGE","slug":"doge-updown-5m-1780716900","title":"Dogecoin Up or Down - June 5, 11:35PM-11:40PM ET","end":"2026-06-06T03:40:00.000Z","upToken":"47216660690868769203856230799300481297286845495994851985152844411803384693248","downToken":"50884648673617145655571463202799500089622062626675026113333797232249015792637","orderMinSize":5,"tickSize":"0.01"}
[2026-06-06T03:35:01.718Z] INFO Skipped trade. {"slug":"doge-updown-5m-1780716900","reason":"missing_opening_chainlink_tick"}
[2026-06-06T03:35:04.763Z] INFO Captured Chainlink opening tick. {"slug":"eth-updown-5m-1780716900","openingPrice":1557.2615836187956,"tickTimestamp":"2026-06-06T03:35:00.000Z"}
[2026-06-06T03:35:04.768Z] INFO Skipped trade. {"slug":"eth-updown-5m-1780716900","reason":"btc_distance_below_threshold","market":"ETH","minDistanceUsd":{"UP":2,"DOWN":2},"openingPrice":1557.2615836187956,"currentPrice":1557.7328293865005}
[2026-06-06T03:35:04.778Z] INFO Captured Chainlink opening tick. {"slug":"doge-updown-5m-1780716900","openingPrice":0.080643345,"tickTimestamp":"2026-06-06T03:35:00.000Z"}
[2026-06-06T03:35:04.782Z] INFO Skipped trade. {"slug":"doge-updown-5m-1780716900","reason":"btc_distance_below_threshold","market":"DOGE","minDistanceUsd":{"UP":0.0003,"DOWN":0.0003},"openingPrice":0.080643345,"currentPrice":0.0806339}
[2026-06-06T03:35:54.152Z] WARN Bot loop iteration failed; retrying. {"error":"fetch failed"}
[2026-06-06T03:35:55.711Z] WARN Bot loop iteration failed; retrying. {"error":"fetch failed"}
[2026-06-06T03:39:29.385Z] INFO Skipped trade. {"slug":"btc-updown-5m-1780716900","reason":"no_ask_liquidity_under_cap","outcome":"UP"}
[2026-06-06T03:39:29.385Z] INFO Skipped trade. {"slug":"eth-updown-5m-1780716900","reason":"no_ask_liquidity_under_cap","outcome":"UP"}
[2026-06-06T03:40:01.061Z] INFO Tracking market. {"market":"BTC","slug":"btc-updown-5m-1780717200","title":"Bitcoin Up or Down - June 5, 11:40PM-11:45PM ET","end":"2026-06-06T03:45:00.000Z","upToken":"66467084869312237126940271009162192130029471630651271900237299005097931976263","downToken":"8061810027765854106142505640424167644938607374508756367848506811204462010753","orderMinSize":5,"tickSize":"0.01"}
[2026-06-06T03:40:01.110Z] INFO Captured Chainlink opening tick. {"slug":"btc-updown-5m-1780717200","openingPrice":60609.74443979959,"tickTimestamp":"2026-06-06T03:40:00.000Z"}
[2026-06-06T03:40:01.116Z] INFO Skipped trade. {"slug":"btc-updown-5m-1780717200","reason":"btc_distance_below_threshold","market":"BTC","minDistanceUsd":{"UP":12,"DOWN":12},"openingPrice":60609.74443979959,"currentPrice":60609.74443979959}
[2026-06-06T03:40:01.116Z] INFO Tracking market. {"market":"ETH","slug":"eth-updown-5m-1780717200","title":"Ethereum Up or Down - June 5, 11:40PM-11:45PM ET","end":"2026-06-06T03:45:00.000Z","upToken":"74583313321264603724816905164027935733034612519194899313270118768034367007941","downToken":"76181713054188438678661617210893198743109811767892063252959938104018115491753","orderMinSize":5,"tickSize":"0.01"}
[2026-06-06T03:40:01.117Z] INFO Skipped trade. {"slug":"eth-updown-5m-1780717200","reason":"missing_opening_chainlink_tick"}
[2026-06-06T03:40:01.117Z] INFO Tracking market. {"market":"DOGE","slug":"doge-updown-5m-1780717200","title":"Dogecoin Up or Down - June 5, 11:40PM-11:45PM ET","end":"2026-06-06T03:45:00.000Z","upToken":"12764218891626094927539224141105030538677572078100799830656712406088202128187","downToken":"24165942592581133129992541391399731303065770917375181667316155109914763954971","orderMinSize":5,"tickSize":"0.01"}
[2026-06-06T03:40:01.117Z] INFO Skipped trade. {"slug":"doge-updown-5m-1780717200","reason":"missing_opening_chainlink_tick"}
[2026-06-06T03:40:05.172Z] INFO Captured Chainlink opening tick. {"slug":"eth-updown-5m-1780717200","openingPrice":1560.233345,"tickTimestamp":"2026-06-06T03:40:00.000Z"}
[2026-06-06T03:40:05.176Z] INFO Skipped trade. {"slug":"eth-updown-5m-1780717200","reason":"btc_distance_below_threshold","market":"ETH","minDistanceUsd":{"UP":2,"DOWN":2},"openingPrice":1560.233345,"currentPrice":1560.5476714034085}
[2026-06-06T03:40:05.183Z] INFO Captured Chainlink opening tick. {"slug":"doge-updown-5m-1780717200","openingPrice":0.080847787,"tickTimestamp":"2026-06-06T03:40:00.000Z"}
[2026-06-06T03:40:05.187Z] INFO Skipped trade. {"slug":"doge-updown-5m-1780717200","reason":"btc_distance_below_threshold","market":"DOGE","minDistanceUsd":{"UP":0.0003,"DOWN":0.0003},"openingPrice":0.080847787,"currentPrice":0.0808582}
[2026-06-06T03:44:41.061Z] INFO Skipped trade. {"slug":"btc-updown-5m-1780717200","reason":"no_ask_liquidity_under_cap","outcome":"UP"}
[2026-06-06T03:45:00.437Z] INFO Tracking market. {"market":"BTC","slug":"btc-updown-5m-1780717500","title":"Bitcoin Up or Down - June 5, 11:45PM-11:50PM ET","end":"2026-06-06T03:50:00.000Z","upToken":"42400317573098698790477644327360931356854734069045006960727648711023889836563","downToken":"38218479488687732902175676169684535719321348356243631626166479788289360714766","orderMinSize":5,"tickSize":"0.01"}
[2026-06-06T03:45:00.437Z] INFO Skipped trade. {"slug":"btc-updown-5m-1780717500","reason":"missing_opening_chainlink_tick"}
[2026-06-06T03:45:00.437Z] INFO Tracking market. {"market":"ETH","slug":"eth-updown-5m-1780717500","title":"Ethereum Up or Down - June 5, 11:45PM-11:50PM ET","end":"2026-06-06T03:50:00.000Z","upToken":"111177949998309745220031344280884665191393274527502957941359872481800995021252","downToken":"81854789229802609227502002959079180596900102929630947326812047058471096422719","orderMinSize":5,"tickSize":"0.01"}
[2026-06-06T03:45:00.437Z] INFO Skipped trade. {"slug":"eth-updown-5m-1780717500","reason":"missing_opening_chainlink_tick"}
[2026-06-06T03:45:00.437Z] INFO Tracking market. {"market":"DOGE","slug":"doge-updown-5m-1780717500","title":"Dogecoin Up or Down - June 5, 11:45PM-11:50PM ET","end":"2026-06-06T03:50:00.000Z","upToken":"35463539790098380299623402056264027654498785475032955617194873626322591304144","downToken":"38634329688332516724994672277948233201339649774346587034207395460132132631202","orderMinSize":5,"tickSize":"0.01"}
[2026-06-06T03:45:00.437Z] INFO Skipped trade. {"slug":"doge-updown-5m-1780717500","reason":"missing_opening_chainlink_tick"}
[2026-06-06T03:45:01.456Z] INFO Captured Chainlink opening tick. {"slug":"btc-updown-5m-1780717500","openingPrice":60686.66351123854,"tickTimestamp":"2026-06-06T03:45:01.000Z"}
[2026-06-06T03:45:01.460Z] INFO Skipped trade. {"slug":"btc-updown-5m-1780717500","reason":"btc_distance_below_threshold","market":"BTC","minDistanceUsd":{"UP":12,"DOWN":12},"openingPrice":60686.66351123854,"currentPrice":60686.66351123854}
[2026-06-06T03:45:05.655Z] INFO Captured Chainlink opening tick. {"slug":"eth-updown-5m-1780717500","openingPrice":1562.1574510180317,"tickTimestamp":"2026-06-06T03:45:01.000Z"}
[2026-06-06T03:45:05.658Z] INFO Skipped trade. {"slug":"eth-updown-5m-1780717500","reason":"btc_distance_below_threshold","market":"ETH","minDistanceUsd":{"UP":2,"DOWN":2},"openingPrice":1562.1574510180317,"currentPrice":1561.90279725701}
[2026-06-06T03:45:05.665Z] INFO Captured Chainlink opening tick. {"slug":"doge-updown-5m-1780717500","openingPrice":0.0809566640084044,"tickTimestamp":"2026-06-06T03:45:01.000Z"}
[2026-06-06T03:45:05.668Z] INFO Skipped trade. {"slug":"doge-updown-5m-1780717500","reason":"btc_distance_below_threshold","market":"DOGE","minDistanceUsd":{"UP":0.0003,"DOWN":0.0003},"openingPrice":0.0809566640084044,"currentPrice":0.0809439904230459}
[2026-06-06T03:49:30.150Z] INFO Skipped trade. {"slug":"btc-updown-5m-1780717500","reason":"no_ask_liquidity_under_cap","outcome":"DOWN"}
[2026-06-06T03:50:01.260Z] INFO Tracking market. {"market":"BTC","slug":"btc-updown-5m-1780717800","title":"Bitcoin Up or Down - June 5, 11:50PM-11:55PM ET","end":"2026-06-06T03:55:00.000Z","upToken":"107943790579721667732623284275219092397496149322949004205487589379609556553765","downToken":"95379978363177294291308298757019730505543887120421600730870172305911934706217","orderMinSize":5,"tickSize":"0.01"}
[2026-06-06T03:50:01.285Z] INFO Captured Chainlink opening tick. {"slug":"btc-updown-5m-1780717800","openingPrice":60629.76822580089,"tickTimestamp":"2026-06-06T03:50:00.000Z"}
[2026-06-06T03:50:01.295Z] INFO Skipped trade. {"slug":"btc-updown-5m-1780717800","reason":"btc_distance_below_threshold","market":"BTC","minDistanceUsd":{"UP":12,"DOWN":12},"openingPrice":60629.76822580089,"currentPrice":60629.97465345896}
[2026-06-06T03:50:01.295Z] INFO Tracking market. {"market":"ETH","slug":"eth-updown-5m-1780717800","title":"Ethereum Up or Down - June 5, 11:50PM-11:55PM ET","end":"2026-06-06T03:55:00.000Z","upToken":"7457537143774022325845324386258011258773430038418118282111976370843899449922","downToken":"37727944203639969350357757345225715154650990519291548348135296123851750793532","orderMinSize":5,"tickSize":"0.01"}
[2026-06-06T03:50:01.307Z] INFO Captured Chainlink opening tick. {"slug":"eth-updown-5m-1780717800","openingPrice":1561.412135,"tickTimestamp":"2026-06-06T03:50:00.000Z"}
[2026-06-06T03:50:01.311Z] INFO Skipped trade. {"slug":"eth-updown-5m-1780717800","reason":"btc_distance_below_threshold","market":"ETH","minDistanceUsd":{"UP":2,"DOWN":2},"openingPrice":1561.412135,"currentPrice":1561.412135}
[2026-06-06T03:50:01.312Z] INFO Tracking market. {"market":"DOGE","slug":"doge-updown-5m-1780717800","title":"Dogecoin Up or Down - June 5, 11:50PM-11:55PM ET","end":"2026-06-06T03:55:00.000Z","upToken":"3575100404761716204340416937345573615823744460654133885364834387619002507052","downToken":"19978187299714931972290085421179222541452427450858028960390463545023989789123","orderMinSize":5,"tickSize":"0.01"}
[2026-06-06T03:50:01.322Z] INFO Captured Chainlink opening tick. {"slug":"doge-updown-5m-1780717800","openingPrice":0.0809707515043505,"tickTimestamp":"2026-06-06T03:50:00.000Z"}
[2026-06-06T03:50:01.327Z] INFO Skipped trade. {"slug":"doge-updown-5m-1780717800","reason":"btc_distance_below_threshold","market":"DOGE","minDistanceUsd":{"UP":0.0003,"DOWN":0.0003},"openingPrice":0.0809707515043505,"currentPrice":0.0809707515043505}
[2026-06-06T03:54:29.679Z] INFO Skipped trade. {"slug":"btc-updown-5m-1780717800","reason":"no_ask_liquidity_under_cap","outcome":"UP"}
[2026-06-06T03:54:29.679Z] INFO Skipped trade. {"slug":"eth-updown-5m-1780717800","reason":"no_ask_liquidity_under_cap","outcome":"UP"}
[2026-06-06T03:54:42.840Z] INFO Trade attempt recorded. {"mode":"sim","slug":"btc-updown-5m-1780717800","outcome":"UP","amountUsd":5,"bestAsk":0.52,"estimatedShares":9.615384615384615}
[2026-06-06T03:54:44.035Z] INFO Skipped trade. {"slug":"btc-updown-5m-1780717800","reason":"market_already_traded"}
[2026-06-06T03:55:01.293Z] INFO Resolved trade. {"mode":"sim","slug":"btc-updown-5m-1780717800","outcome":"UP","winningOutcome":"UP","won":true,"finalPrice":60633.51899302533}
[2026-06-06T03:55:01.569Z] INFO Tracking market. {"market":"BTC","slug":"btc-updown-5m-1780718100","title":"Bitcoin Up or Down - June 5, 11:55PM-12:00AM ET","end":"2026-06-06T04:00:00.000Z","upToken":"92198092687486876999465677054457844287158933346959992518972937229964224745010","downToken":"110389736007574267303196643124942613205379999778007579188840313644831234209578","orderMinSize":5,"tickSize":"0.01"}
[2026-06-06T03:55:01.581Z] INFO Captured Chainlink opening tick. {"slug":"btc-updown-5m-1780718100","openingPrice":60633.51899302533,"tickTimestamp":"2026-06-06T03:55:00.000Z"}
[2026-06-06T03:55:01.586Z] INFO Skipped trade. {"slug":"btc-updown-5m-1780718100","reason":"btc_distance_below_threshold","market":"BTC","minDistanceUsd":{"UP":12,"DOWN":12},"openingPrice":60633.51899302533,"currentPrice":60633.51899302533}
[2026-06-06T03:55:01.587Z] INFO Tracking market. {"market":"ETH","slug":"eth-updown-5m-1780718100","title":"Ethereum Up or Down - June 5, 11:55PM-12:00AM ET","end":"2026-06-06T04:00:00.000Z","upToken":"60552486695515696096586328826132892160933831184686804397747462562276924213869","downToken":"38383276471388534051382233662928588659914043611179762609185141565874763468340","orderMinSize":5,"tickSize":"0.01"}
[2026-06-06T03:55:01.602Z] INFO Captured Chainlink opening tick. {"slug":"eth-updown-5m-1780718100","openingPrice":1562.26495,"tickTimestamp":"2026-06-06T03:55:00.000Z"}
[2026-06-06T03:55:01.608Z] INFO Skipped trade. {"slug":"eth-updown-5m-1780718100","reason":"btc_distance_below_threshold","market":"ETH","minDistanceUsd":{"UP":2,"DOWN":2},"openingPrice":1562.26495,"currentPrice":1562.26495}
[2026-06-06T03:55:01.609Z] INFO Tracking market. {"market":"DOGE","slug":"doge-updown-5m-1780718100","title":"Dogecoin Up or Down - June 5, 11:55PM-12:00AM ET","end":"2026-06-06T04:00:00.000Z","upToken":"75687548721434712449549245182094960066703461771155516483371233017292040310186","downToken":"24537044263264958439932434193109444264675900096745320041783481608702036646573","orderMinSize":5,"tickSize":"0.01"}
[2026-06-06T03:55:01.628Z] INFO Captured Chainlink opening tick. {"slug":"doge-updown-5m-1780718100","openingPrice":0.0809541,"tickTimestamp":"2026-06-06T03:55:00.000Z"}
[2026-06-06T03:55:01.634Z] INFO Skipped trade. {"slug":"doge-updown-5m-1780718100","reason":"btc_distance_below_threshold","market":"DOGE","minDistanceUsd":{"UP":0.0003,"DOWN":0.0003},"openingPrice":0.0809541,"currentPrice":0.0809541}
[2026-06-06T03:59:30.222Z] INFO Skipped trade. {"slug":"btc-updown-5m-1780718100","reason":"no_ask_liquidity_under_cap","outcome":"UP"}
[2026-06-06T04:00:01.432Z] INFO Tracking market. {"market":"BTC","slug":"btc-updown-5m-1780718400","title":"Bitcoin Up or Down - June 6, 12:00AM-12:05AM ET","end":"2026-06-06T04:05:00.000Z","upToken":"46980618425668307911008719212309345702243545633163322966407006261704335985548","downToken":"40269699517154375988759503805520661514082895736504204156586074091582528030337","orderMinSize":5,"tickSize":"0.01"}
[2026-06-06T04:00:01.445Z] INFO Captured Chainlink opening tick. {"slug":"btc-updown-5m-1780718400","openingPrice":60664.42428,"tickTimestamp":"2026-06-06T04:00:00.000Z"}
[2026-06-06T04:00:01.451Z] INFO Skipped trade. {"slug":"btc-updown-5m-1780718400","reason":"btc_distance_below_threshold","market":"BTC","minDistanceUsd":{"UP":12,"DOWN":12},"openingPrice":60664.42428,"currentPrice":60664.42428}
[2026-06-06T04:00:01.451Z] INFO Tracking market. {"market":"ETH","slug":"eth-updown-5m-1780718400","title":"Ethereum Up or Down - June 6, 12:00AM-12:05AM ET","end":"2026-06-06T04:05:00.000Z","upToken":"109088993587357801445088522738410030331576208829872731787358472313406954209139","downToken":"101847992600284900858573181826189122754252683401403868636083212779682616380779","orderMinSize":5,"tickSize":"0.01"}
[2026-06-06T04:00:01.451Z] INFO Skipped trade. {"slug":"eth-updown-5m-1780718400","reason":"missing_opening_chainlink_tick"}
[2026-06-06T04:00:01.451Z] INFO Tracking market. {"market":"DOGE","slug":"doge-updown-5m-1780718400","title":"Dogecoin Up or Down - June 6, 12:00AM-12:05AM ET","end":"2026-06-06T04:05:00.000Z","upToken":"74737869466883587922647010971697392076097303465356894016206855753586755855573","downToken":"108426463623783414745743657874751408081742687273620930122984130599348701749927","orderMinSize":5,"tickSize":"0.01"}
[2026-06-06T04:00:01.451Z] INFO Skipped trade. {"slug":"doge-updown-5m-1780718400","reason":"missing_opening_chainlink_tick"}
[2026-06-06T04:00:02.484Z] INFO Captured Chainlink opening tick. {"slug":"eth-updown-5m-1780718400","openingPrice":1562.8366764112977,"tickTimestamp":"2026-06-06T04:00:00.000Z"}
[2026-06-06T04:00:02.491Z] INFO Skipped trade. {"slug":"eth-updown-5m-1780718400","reason":"btc_distance_below_threshold","market":"ETH","minDistanceUsd":{"UP":2,"DOWN":2},"openingPrice":1562.8366764112977,"currentPrice":1562.837975974312}
[2026-06-06T04:00:02.506Z] INFO Captured Chainlink opening tick. {"slug":"doge-updown-5m-1780718400","openingPrice":0.081034529,"tickTimestamp":"2026-06-06T04:00:00.000Z"}
[2026-06-06T04:00:02.511Z] INFO Skipped trade. {"slug":"doge-updown-5m-1780718400","reason":"btc_distance_below_threshold","market":"DOGE","minDistanceUsd":{"UP":0.0003,"DOWN":0.0003},"openingPrice":0.081034529,"currentPrice":0.081034529}
[2026-06-06T04:00:50.057Z] INFO Skipped trade. {"slug":"btc-updown-5m-1780718400","reason":"stale_chainlink_tick","tickTimestamp":"2026-06-06T04:00:40.000Z"}
[2026-06-06T04:04:28.707Z] INFO Skipped trade. {"slug":"eth-updown-5m-1780718400","reason":"no_ask_liquidity_under_cap","outcome":"DOWN"}
[2026-06-06T04:04:35.418Z] INFO Skipped trade. {"slug":"btc-updown-5m-1780718400","reason":"no_ask_liquidity_under_cap","outcome":"DOWN"}
[2026-06-06T04:04:43.611Z] INFO Trade attempt recorded. {"mode":"sim","slug":"btc-updown-5m-1780718400","outcome":"DOWN","amountUsd":5,"bestAsk":0.6,"estimatedShares":8.333333333333334}
[2026-06-06T04:04:44.808Z] INFO Skipped trade. {"slug":"btc-updown-5m-1780718400","reason":"market_already_traded"}
[2026-06-06T04:05:00.996Z] INFO Resolved trade. {"mode":"sim","slug":"btc-updown-5m-1780718400","outcome":"DOWN","winningOutcome":"UP","won":false,"finalPrice":60688.746170566716}
[2026-06-06T04:05:01.222Z] INFO Tracking market. {"market":"BTC","slug":"btc-updown-5m-1780718700","title":"Bitcoin Up or Down - June 6, 12:05AM-12:10AM ET","end":"2026-06-06T04:10:00.000Z","upToken":"46190670908612645360878620189925728152082538385608572977727519471687545677271","downToken":"94320645408030885768896012813842920284972326920239439261891569464028216818982","orderMinSize":5,"tickSize":"0.01"}
[2026-06-06T04:05:01.241Z] INFO Captured Chainlink opening tick. {"slug":"btc-updown-5m-1780718700","openingPrice":60688.746170566716,"tickTimestamp":"2026-06-06T04:05:00.000Z"}
[2026-06-06T04:05:01.248Z] INFO Skipped trade. {"slug":"btc-updown-5m-1780718700","reason":"btc_distance_below_threshold","market":"BTC","minDistanceUsd":{"UP":12,"DOWN":12},"openingPrice":60688.746170566716,"currentPrice":60688.746170566716}
[2026-06-06T04:05:01.248Z] INFO Tracking market. {"market":"ETH","slug":"eth-updown-5m-1780718700","title":"Ethereum Up or Down - June 6, 12:05AM-12:10AM ET","end":"2026-06-06T04:10:00.000Z","upToken":"95225403186553581554989852804877374760911689108286696781559277248272004499668","downToken":"8923838411509499669241993289205453104926921774729032060262413306257956713419","orderMinSize":5,"tickSize":"0.01"}
[2026-06-06T04:05:01.248Z] INFO Skipped trade. {"slug":"eth-updown-5m-1780718700","reason":"missing_opening_chainlink_tick"}
[2026-06-06T04:05:01.248Z] INFO Tracking market. {"market":"DOGE","slug":"doge-updown-5m-1780718700","title":"Dogecoin Up or Down - June 6, 12:05AM-12:10AM ET","end":"2026-06-06T04:10:00.000Z","upToken":"17391218312413358410236400190371314501660985932927864306174522705341610142914","downToken":"777599774157339352255198323406046099360966417097822838834176175382474622774","orderMinSize":5,"tickSize":"0.01"}
[2026-06-06T04:05:01.249Z] INFO Skipped trade. {"slug":"doge-updown-5m-1780718700","reason":"missing_opening_chainlink_tick"}
[2026-06-06T04:05:02.258Z] INFO Captured Chainlink opening tick. {"slug":"eth-updown-5m-1780718700","openingPrice":1560.09914,"tickTimestamp":"2026-06-06T04:05:00.000Z"}
[2026-06-06T04:05:02.262Z] INFO Skipped trade. {"slug":"eth-updown-5m-1780718700","reason":"btc_distance_below_threshold","market":"ETH","minDistanceUsd":{"UP":2,"DOWN":2},"openingPrice":1560.09914,"currentPrice":1560.12025}
[2026-06-06T04:05:02.271Z] INFO Captured Chainlink opening tick. {"slug":"doge-updown-5m-1780718700","openingPrice":0.081021671,"tickTimestamp":"2026-06-06T04:05:00.000Z"}
[2026-06-06T04:05:02.275Z] INFO Skipped trade. {"slug":"doge-updown-5m-1780718700","reason":"btc_distance_below_threshold","market":"DOGE","minDistanceUsd":{"UP":0.0003,"DOWN":0.0003},"openingPrice":0.081021671,"currentPrice":0.0810199}
[2026-06-06T04:05:59.403Z] WARN Bot loop iteration failed; retrying. {"error":"fetch failed"}
[2026-06-06T04:09:29.517Z] INFO Skipped trade. {"slug":"btc-updown-5m-1780718700","reason":"no_ask_liquidity_under_cap","outcome":"DOWN"}
[2026-06-06T04:09:29.517Z] INFO Skipped trade. {"slug":"eth-updown-5m-1780718700","reason":"no_ask_liquidity_under_cap","outcome":"DOWN"}
[2026-06-06T04:09:29.517Z] INFO Skipped trade. {"slug":"doge-updown-5m-1780718700","reason":"no_ask_liquidity_under_cap","outcome":"DOWN"}
[2026-06-06T04:10:01.581Z] INFO Tracking market. {"market":"BTC","slug":"btc-updown-5m-1780719000","title":"Bitcoin Up or Down - June 6, 12:10AM-12:15AM ET","end":"2026-06-06T04:15:00.000Z","upToken":"43598218476377070741844255794082309083814063619684053695650039519484295532547","downToken":"44796454058164665972822511210833179445328145601308922084878028765065743506867","orderMinSize":5,"tickSize":"0.01"}
[2026-06-06T04:10:01.627Z] INFO Captured Chainlink opening tick. {"slug":"btc-updown-5m-1780719000","openingPrice":60351.47196118943,"tickTimestamp":"2026-06-06T04:10:00.000Z"}
[2026-06-06T04:10:01.637Z] INFO Skipped trade. {"slug":"btc-updown-5m-1780719000","reason":"btc_distance_below_threshold","market":"BTC","minDistanceUsd":{"UP":12,"DOWN":12},"openingPrice":60351.47196118943,"currentPrice":60351.47196118943}
[2026-06-06T04:10:01.637Z] INFO Tracking market. {"market":"ETH","slug":"eth-updown-5m-1780719000","title":"Ethereum Up or Down - June 6, 12:10AM-12:15AM ET","end":"2026-06-06T04:15:00.000Z","upToken":"106137747007058070100940547388655806802315722148369447854577097024731406624466","downToken":"2778576174211463160138325312103821500230208858341723752271762083398278469099","orderMinSize":5,"tickSize":"0.01"}
[2026-06-06T04:10:01.638Z] INFO Skipped trade. {"slug":"eth-updown-5m-1780719000","reason":"missing_opening_chainlink_tick"}
[2026-06-06T04:10:01.638Z] INFO Tracking market. {"market":"DOGE","slug":"doge-updown-5m-1780719000","title":"Dogecoin Up or Down - June 6, 12:10AM-12:15AM ET","end":"2026-06-06T04:15:00.000Z","upToken":"26269962752792980717168212283931060298841813291857305626700410958777517879612","downToken":"59527992514734891940018145366244558228974509144498401616847766393872605740428","orderMinSize":5,"tickSize":"0.01"}
[2026-06-06T04:10:01.638Z] INFO Skipped trade. {"slug":"doge-updown-5m-1780719000","reason":"missing_opening_chainlink_tick"}
[2026-06-06T04:10:02.655Z] INFO Captured Chainlink opening tick. {"slug":"eth-updown-5m-1780719000","openingPrice":1544.8678866555401,"tickTimestamp":"2026-06-06T04:10:00.000Z"}
[2026-06-06T04:10:02.659Z] INFO Skipped trade. {"slug":"eth-updown-5m-1780719000","reason":"btc_distance_below_threshold","market":"ETH","minDistanceUsd":{"UP":2,"DOWN":2},"openingPrice":1544.8678866555401,"currentPrice":1545.0034423983147}
[2026-06-06T04:10:02.666Z] INFO Captured Chainlink opening tick. {"slug":"doge-updown-5m-1780719000","openingPrice":0.079991608,"tickTimestamp":"2026-06-06T04:10:00.000Z"}
[2026-06-06T04:10:02.669Z] INFO Skipped trade. {"slug":"doge-updown-5m-1780719000","reason":"btc_distance_below_threshold","market":"DOGE","minDistanceUsd":{"UP":0.0003,"DOWN":0.0003},"openingPrice":0.079991608,"currentPrice":0.080010025}
[2026-06-06T04:13:55.548Z] INFO Skipped trade. {"slug":"eth-updown-5m-1780719000","reason":"stale_chainlink_tick","tickTimestamp":"2026-06-06T04:13:45.000Z"}
[2026-06-06T04:13:56.558Z] INFO Skipped trade. {"slug":"doge-updown-5m-1780719000","reason":"stale_chainlink_tick","tickTimestamp":"2026-06-06T04:13:46.000Z"}
[2026-06-06T04:14:30.364Z] INFO Skipped trade. {"slug":"btc-updown-5m-1780719000","reason":"no_ask_liquidity_under_cap","outcome":"DOWN"}
[2026-06-06T04:14:30.365Z] INFO Skipped trade. {"slug":"eth-updown-5m-1780719000","reason":"no_ask_liquidity_under_cap","outcome":"DOWN"}
[2026-06-06T04:14:30.365Z] INFO Skipped trade. {"slug":"doge-updown-5m-1780719000","reason":"no_ask_liquidity_under_cap","outcome":"DOWN"}
[2026-06-06T04:15:01.114Z] INFO Tracking market. {"market":"BTC","slug":"btc-updown-5m-1780719300","title":"Bitcoin Up or Down - June 6, 12:15AM-12:20AM ET","end":"2026-06-06T04:20:00.000Z","upToken":"108706409719477148472393525161952651378701314542875889797680829215529057220486","downToken":"11732362959298273765739829967737729246265691410943059766522582393060538964996","orderMinSize":5,"tickSize":"0.01"}
[2026-06-06T04:15:01.137Z] INFO Captured Chainlink opening tick. {"slug":"btc-updown-5m-1780719300","openingPrice":60107.62859787496,"tickTimestamp":"2026-06-06T04:15:00.000Z"}
[2026-06-06T04:15:01.143Z] INFO Skipped trade. {"slug":"btc-updown-5m-1780719300","reason":"btc_distance_below_threshold","market":"BTC","minDistanceUsd":{"UP":12,"DOWN":12},"openingPrice":60107.62859787496,"currentPrice":60107.62859787496}
[2026-06-06T04:15:01.144Z] INFO Tracking market. {"market":"ETH","slug":"eth-updown-5m-1780719300","title":"Ethereum Up or Down - June 6, 12:15AM-12:20AM ET","end":"2026-06-06T04:20:00.000Z","upToken":"105616085343662491073476365358606390297781295880966498812802376096344738097172","downToken":"89002352641854581714211887286463639032482149370893096519267610494091835468172","orderMinSize":5,"tickSize":"0.01"}
[2026-06-06T04:15:01.144Z] INFO Skipped trade. {"slug":"eth-updown-5m-1780719300","reason":"missing_opening_chainlink_tick"}
[2026-06-06T04:15:01.144Z] INFO Tracking market. {"market":"DOGE","slug":"doge-updown-5m-1780719300","title":"Dogecoin Up or Down - June 6, 12:15AM-12:20AM ET","end":"2026-06-06T04:20:00.000Z","upToken":"11324392887512912475813973095814365696904410290561227761259199350403446979001","downToken":"914594142605658752777800298830377474462691195904022558338117219986274552025","orderMinSize":5,"tickSize":"0.01"}
[2026-06-06T04:15:01.144Z] INFO Skipped trade. {"slug":"doge-updown-5m-1780719300","reason":"missing_opening_chainlink_tick"}
[2026-06-06T04:15:03.186Z] INFO Captured Chainlink opening tick. {"slug":"eth-updown-5m-1780719300","openingPrice":1541.04825,"tickTimestamp":"2026-06-06T04:15:00.000Z"}
[2026-06-06T04:15:03.191Z] INFO Skipped trade. {"slug":"eth-updown-5m-1780719300","reason":"btc_distance_below_threshold","market":"ETH","minDistanceUsd":{"UP":2,"DOWN":2},"openingPrice":1541.04825,"currentPrice":1541.07821}
[2026-06-06T04:15:03.203Z] INFO Captured Chainlink opening tick. {"slug":"doge-updown-5m-1780719300","openingPrice":0.0797497323700075,"tickTimestamp":"2026-06-06T04:15:00.000Z"}
[2026-06-06T04:15:03.208Z] INFO Skipped trade. {"slug":"doge-updown-5m-1780719300","reason":"btc_distance_below_threshold","market":"DOGE","minDistanceUsd":{"UP":0.0003,"DOWN":0.0003},"openingPrice":0.0797497323700075,"currentPrice":0.079752470654805}
[2026-06-06T04:19:30.155Z] INFO Skipped trade. {"slug":"doge-updown-5m-1780719300","reason":"no_ask_liquidity_under_cap","outcome":"DOWN"}
[2026-06-06T04:19:31.845Z] INFO Skipped trade. {"slug":"btc-updown-5m-1780719300","reason":"no_ask_liquidity_under_cap","outcome":"DOWN"}
[2026-06-06T04:19:59.457Z] INFO Skipped trade. {"slug":"eth-updown-5m-1780719300","reason":"no_ask_liquidity_under_cap","outcome":"DOWN"}
[2026-06-06T04:20:00.737Z] INFO Tracking market. {"market":"BTC","slug":"btc-updown-5m-1780719600","title":"Bitcoin Up or Down - June 6, 12:20AM-12:25AM ET","end":"2026-06-06T04:25:00.000Z","upToken":"16768027611221141383878022336478661154025558444404016231660690411979379391854","downToken":"46833114051455411559354622802003051788438154944805947007821603532003523590130","orderMinSize":5,"tickSize":"0.01"}
[2026-06-06T04:20:00.751Z] INFO Captured Chainlink opening tick. {"slug":"btc-updown-5m-1780719600","openingPrice":60015.161147028135,"tickTimestamp":"2026-06-06T04:20:00.000Z"}
[2026-06-06T04:20:00.755Z] INFO Skipped trade. {"slug":"btc-updown-5m-1780719600","reason":"btc_distance_below_threshold","market":"BTC","minDistanceUsd":{"UP":12,"DOWN":12},"openingPrice":60015.161147028135,"currentPrice":60015.161147028135}
[2026-06-06T04:20:00.755Z] INFO Tracking market. {"market":"ETH","slug":"eth-updown-5m-1780719600","title":"Ethereum Up or Down - June 6, 12:20AM-12:25AM ET","end":"2026-06-06T04:25:00.000Z","upToken":"79659059982094734944986618635242145223492770230713244867474181145182459572321","downToken":"50093299491839253833195812156143431405320843298711412848706385284465344555970","orderMinSize":5,"tickSize":"0.01"}
[2026-06-06T04:20:00.755Z] INFO Skipped trade. {"slug":"eth-updown-5m-1780719600","reason":"missing_opening_chainlink_tick"}
[2026-06-06T04:20:00.755Z] INFO Tracking market. {"market":"DOGE","slug":"doge-updown-5m-1780719600","title":"Dogecoin Up or Down - June 6, 12:20AM-12:25AM ET","end":"2026-06-06T04:25:00.000Z","upToken":"73400269220704578637706477664825401971221228692174089458575375768509655681657","downToken":"98457633812627218495698324437900867684143020024464410553680547131300689910960","orderMinSize":5,"tickSize":"0.01"}
[2026-06-06T04:20:00.755Z] INFO Skipped trade. {"slug":"doge-updown-5m-1780719600","reason":"missing_opening_chainlink_tick"}
[2026-06-06T04:20:03.789Z] INFO Captured Chainlink opening tick. {"slug":"eth-updown-5m-1780719600","openingPrice":1537.9666651638324,"tickTimestamp":"2026-06-06T04:20:00.000Z"}
[2026-06-06T04:20:03.792Z] INFO Skipped trade. {"slug":"eth-updown-5m-1780719600","reason":"btc_distance_below_threshold","market":"ETH","minDistanceUsd":{"UP":2,"DOWN":2},"openingPrice":1537.9666651638324,"currentPrice":1538.4989610889168}
[2026-06-06T04:20:03.800Z] INFO Captured Chainlink opening tick. {"slug":"doge-updown-5m-1780719600","openingPrice":0.0791776206268255,"tickTimestamp":"2026-06-06T04:20:00.000Z"}
[2026-06-06T04:20:03.803Z] INFO Skipped trade. {"slug":"doge-updown-5m-1780719600","reason":"btc_distance_below_threshold","market":"DOGE","minDistanceUsd":{"UP":0.0003,"DOWN":0.0003},"openingPrice":0.0791776206268255,"currentPrice":0.0791616937327126}
[2026-06-06T04:23:04.619Z] WARN RTDS websocket closed; reconnecting soon.
[2026-06-06T04:23:08.971Z] INFO Connected to Polymarket RTDS Chainlink feed.
[2026-06-06T04:24:30.579Z] INFO Skipped trade. {"slug":"btc-updown-5m-1780719600","reason":"no_ask_liquidity_under_cap","outcome":"UP"}
[2026-06-06T04:24:30.580Z] INFO Skipped trade. {"slug":"eth-updown-5m-1780719600","reason":"no_ask_liquidity_under_cap","outcome":"UP"}
[2026-06-06T04:24:34.918Z] INFO Skipped trade. {"slug":"doge-updown-5m-1780719600","reason":"no_ask_liquidity_under_cap","outcome":"UP"}
[2026-06-06T04:25:01.284Z] INFO Tracking market. {"market":"BTC","slug":"btc-updown-5m-1780719900","title":"Bitcoin Up or Down - June 6, 12:25AM-12:30AM ET","end":"2026-06-06T04:30:00.000Z","upToken":"114633401736114091651586340556867000056284826746697762138794319123501471876279","downToken":"92871098814446413390012588041203801724827425403190503553498695449021884264610","orderMinSize":5,"tickSize":"0.01"}
[2026-06-06T04:25:01.310Z] INFO Captured Chainlink opening tick. {"slug":"btc-updown-5m-1780719900","openingPrice":60077.7060421805,"tickTimestamp":"2026-06-06T04:25:00.000Z"}
[2026-06-06T04:25:01.324Z] INFO Skipped trade. {"slug":"btc-updown-5m-1780719900","reason":"btc_distance_below_threshold","market":"BTC","minDistanceUsd":{"UP":12,"DOWN":12},"openingPrice":60077.7060421805,"currentPrice":60077.7060421805}
[2026-06-06T04:25:01.324Z] INFO Tracking market. {"market":"ETH","slug":"eth-updown-5m-1780719900","title":"Ethereum Up or Down - June 6, 12:25AM-12:30AM ET","end":"2026-06-06T04:30:00.000Z","upToken":"69300253664272862055227819477690683552208306504867316440406956483787818456447","downToken":"11356587073065047419139656248569773821403639275310802195047164605259076696753","orderMinSize":5,"tickSize":"0.01"}
[2026-06-06T04:25:01.324Z] INFO Skipped trade. {"slug":"eth-updown-5m-1780719900","reason":"missing_opening_chainlink_tick"}
[2026-06-06T04:25:01.324Z] INFO Tracking market. {"market":"DOGE","slug":"doge-updown-5m-1780719900","title":"Dogecoin Up or Down - June 6, 12:25AM-12:30AM ET","end":"2026-06-06T04:30:00.000Z","upToken":"17368984139845262772366298259065110331821670526887654818811832075771652952465","downToken":"94257693981501423466185567850844110336983717873609510045252619283318784088699","orderMinSize":5,"tickSize":"0.01"}
[2026-06-06T04:25:01.325Z] INFO Skipped trade. {"slug":"doge-updown-5m-1780719900","reason":"missing_opening_chainlink_tick"}
[2026-06-06T04:25:04.365Z] INFO Captured Chainlink opening tick. {"slug":"eth-updown-5m-1780719900","openingPrice":1541.40055,"tickTimestamp":"2026-06-06T04:25:00.000Z"}
[2026-06-06T04:25:04.369Z] INFO Skipped trade. {"slug":"eth-updown-5m-1780719900","reason":"btc_distance_below_threshold","market":"ETH","minDistanceUsd":{"UP":2,"DOWN":2},"openingPrice":1541.40055,"currentPrice":1542.5461385373512}
[2026-06-06T04:25:04.386Z] INFO Captured Chainlink opening tick. {"slug":"doge-updown-5m-1780719900","openingPrice":0.0793274,"tickTimestamp":"2026-06-06T04:25:00.000Z"}
[2026-06-06T04:25:04.392Z] INFO Skipped trade. {"slug":"doge-updown-5m-1780719900","reason":"btc_distance_below_threshold","market":"DOGE","minDistanceUsd":{"UP":0.0003,"DOWN":0.0003},"openingPrice":0.0793274,"currentPrice":0.07940605870895}
[2026-06-06T04:27:37.032Z] INFO Skipped trade. {"slug":"doge-updown-5m-1780719900","reason":"stale_chainlink_tick","tickTimestamp":"2026-06-06T04:27:27.000Z"}
[2026-06-06T04:27:38.045Z] INFO Skipped trade. {"slug":"eth-updown-5m-1780719900","reason":"stale_chainlink_tick","tickTimestamp":"2026-06-06T04:27:28.000Z"}
[2026-06-06T04:29:29.931Z] INFO Skipped trade. {"slug":"btc-updown-5m-1780719900","reason":"no_ask_liquidity_under_cap","outcome":"DOWN"}
[2026-06-06T04:29:29.931Z] INFO Skipped trade. {"slug":"eth-updown-5m-1780719900","reason":"no_ask_liquidity_under_cap","outcome":"DOWN"}
[2026-06-06T04:29:29.932Z] INFO Skipped trade. {"slug":"doge-updown-5m-1780719900","reason":"no_ask_liquidity_under_cap","outcome":"DOWN"}
[2026-06-06T04:30:01.704Z] INFO Tracking market. {"market":"BTC","slug":"btc-updown-5m-1780720200","title":"Bitcoin Up or Down - June 6, 12:30AM-12:35AM ET","end":"2026-06-06T04:35:00.000Z","upToken":"71265797517398241025625303815389446083927121004060119600728296409514199960019","downToken":"109323754492010865592132634756190268607687476241123054960585490825559700243004","orderMinSize":5,"tickSize":"0.01"}
[2026-06-06T04:30:01.751Z] INFO Captured Chainlink opening tick. {"slug":"btc-updown-5m-1780720200","openingPrice":59943.931501724204,"tickTimestamp":"2026-06-06T04:30:01.000Z"}
[2026-06-06T04:30:01.757Z] INFO Skipped trade. {"slug":"btc-updown-5m-1780720200","reason":"btc_distance_below_threshold","market":"BTC","minDistanceUsd":{"UP":12,"DOWN":12},"openingPrice":59943.931501724204,"currentPrice":59943.931501724204}
[2026-06-06T04:30:01.757Z] INFO Tracking market. {"market":"ETH","slug":"eth-updown-5m-1780720200","title":"Ethereum Up or Down - June 6, 12:30AM-12:35AM ET","end":"2026-06-06T04:35:00.000Z","upToken":"76338765756105871146051973784564508388034595714715588408492205989000736904651","downToken":"44381340808155607517035818084567879839590479096160440159223906679006349646481","orderMinSize":5,"tickSize":"0.01"}
[2026-06-06T04:30:01.758Z] INFO Skipped trade. {"slug":"eth-updown-5m-1780720200","reason":"missing_opening_chainlink_tick"}
[2026-06-06T04:30:01.758Z] INFO Tracking market. {"market":"DOGE","slug":"doge-updown-5m-1780720200","title":"Dogecoin Up or Down - June 6, 12:30AM-12:35AM ET","end":"2026-06-06T04:35:00.000Z","upToken":"11230158728164397188885766094981937685629306374939817284227524234446494286071","downToken":"40424883845833539094247295765049133653092033209923747587961862831001877760746","orderMinSize":5,"tickSize":"0.01"}
[2026-06-06T04:30:01.758Z] INFO Skipped trade. {"slug":"doge-updown-5m-1780720200","reason":"missing_opening_chainlink_tick"}
[2026-06-06T04:30:04.829Z] INFO Captured Chainlink opening tick. {"slug":"eth-updown-5m-1780720200","openingPrice":1533.3413271230418,"tickTimestamp":"2026-06-06T04:30:01.000Z"}
[2026-06-06T04:30:04.837Z] INFO Skipped trade. {"slug":"eth-updown-5m-1780720200","reason":"btc_distance_below_threshold","market":"ETH","minDistanceUsd":{"UP":2,"DOWN":2},"openingPrice":1533.3413271230418,"currentPrice":1533.39067}
[2026-06-06T04:30:04.854Z] INFO Captured Chainlink opening tick. {"slug":"doge-updown-5m-1780720200","openingPrice":0.0789875210069613,"tickTimestamp":"2026-06-06T04:30:01.000Z"}
[2026-06-06T04:30:04.862Z] INFO Skipped trade. {"slug":"doge-updown-5m-1780720200","reason":"btc_distance_below_threshold","market":"DOGE","minDistanceUsd":{"UP":0.0003,"DOWN":0.0003},"openingPrice":0.0789875210069613,"currentPrice":0.0790023}
[2026-06-06T04:31:03.218Z] WARN RTDS websocket closed; reconnecting soon.
[2026-06-06T04:31:06.951Z] INFO Connected to Polymarket RTDS Chainlink feed.
[2026-06-06T04:34:29.048Z] INFO Skipped trade. {"slug":"btc-updown-5m-1780720200","reason":"no_ask_liquidity_under_cap","outcome":"DOWN"}
[2026-06-06T04:34:29.048Z] INFO Skipped trade. {"slug":"eth-updown-5m-1780720200","reason":"no_ask_liquidity_under_cap","outcome":"DOWN"}
[2026-06-06T04:34:29.048Z] INFO Skipped trade. {"slug":"doge-updown-5m-1780720200","reason":"no_ask_liquidity_under_cap","outcome":"DOWN"}
[2026-06-06T04:35:00.405Z] INFO Tracking market. {"market":"BTC","slug":"btc-updown-5m-1780720500","title":"Bitcoin Up or Down - June 6, 12:35AM-12:40AM ET","end":"2026-06-06T04:40:00.000Z","upToken":"78476122463658946098198330033566928129716888851651177613940379321431176507186","downToken":"3764468315858140315849614775152866099043267899587510698351229790723721307790","orderMinSize":5,"tickSize":"0.01"}
[2026-06-06T04:35:00.449Z] INFO Captured Chainlink opening tick. {"slug":"btc-updown-5m-1780720500","openingPrice":59476.06626462832,"tickTimestamp":"2026-06-06T04:35:00.000Z"}
[2026-06-06T04:35:00.457Z] INFO Skipped trade. {"slug":"btc-updown-5m-1780720500","reason":"btc_distance_below_threshold","market":"BTC","minDistanceUsd":{"UP":12,"DOWN":12},"openingPrice":59476.06626462832,"currentPrice":59476.06626462832}
[2026-06-06T04:35:00.457Z] INFO Tracking market. {"market":"ETH","slug":"eth-updown-5m-1780720500","title":"Ethereum Up or Down - June 6, 12:35AM-12:40AM ET","end":"2026-06-06T04:40:00.000Z","upToken":"7621517309947324242127843634403130993128580720382656491187088218401348623893","downToken":"85414931574933151762025919905846119523784669294871485182393865812834423072672","orderMinSize":5,"tickSize":"0.01"}
[2026-06-06T04:35:00.457Z] INFO Skipped trade. {"slug":"eth-updown-5m-1780720500","reason":"missing_opening_chainlink_tick"}
[2026-06-06T04:35:00.457Z] INFO Tracking market. {"market":"DOGE","slug":"doge-updown-5m-1780720500","title":"Dogecoin Up or Down - June 6, 12:35AM-12:40AM ET","end":"2026-06-06T04:40:00.000Z","upToken":"106663402857245070922019563635865346297934676520198776769566202712911851583632","downToken":"41225641471387660136157835451190694143868184275842113175972638395268187388529","orderMinSize":5,"tickSize":"0.01"}
[2026-06-06T04:35:00.458Z] INFO Skipped trade. {"slug":"doge-updown-5m-1780720500","reason":"missing_opening_chainlink_tick"}
[2026-06-06T04:35:03.489Z] INFO Captured Chainlink opening tick. {"slug":"eth-updown-5m-1780720500","openingPrice":1515.2657512762664,"tickTimestamp":"2026-06-06T04:35:00.000Z"}
[2026-06-06T04:35:03.492Z] INFO Skipped trade. {"slug":"eth-updown-5m-1780720500","reason":"btc_distance_below_threshold","market":"ETH","minDistanceUsd":{"UP":2,"DOWN":2},"openingPrice":1515.2657512762664,"currentPrice":1515.8632851644898}
[2026-06-06T04:35:03.500Z] INFO Captured Chainlink opening tick. {"slug":"doge-updown-5m-1780720500","openingPrice":0.0781543,"tickTimestamp":"2026-06-06T04:35:00.000Z"}
[2026-06-06T04:35:03.504Z] INFO Skipped trade. {"slug":"doge-updown-5m-1780720500","reason":"btc_distance_below_threshold","market":"DOGE","minDistanceUsd":{"UP":0.0003,"DOWN":0.0003},"openingPrice":0.0781543,"currentPrice":0.0782456048156179}
[2026-06-06T04:39:29.981Z] INFO Skipped trade. {"slug":"btc-updown-5m-1780720500","reason":"no_ask_liquidity_under_cap","outcome":"UP"}
[2026-06-06T04:39:29.981Z] INFO Skipped trade. {"slug":"eth-updown-5m-1780720500","reason":"no_ask_liquidity_under_cap","outcome":"UP"}
[2026-06-06T04:40:01.046Z] INFO Tracking market. {"market":"BTC","slug":"btc-updown-5m-1780720800","title":"Bitcoin Up or Down - June 6, 12:40AM-12:45AM ET","end":"2026-06-06T04:45:00.000Z","upToken":"22559319897706139979949959025914767865843704599396342503469339710503769730339","downToken":"24725297950212533389904483529318310995958766483454039496933899937252484151094","orderMinSize":5,"tickSize":"0.01"}
[2026-06-06T04:40:01.046Z] INFO Skipped trade. {"slug":"btc-updown-5m-1780720800","reason":"missing_opening_chainlink_tick"}
[2026-06-06T04:40:01.046Z] INFO Tracking market. {"market":"ETH","slug":"eth-updown-5m-1780720800","title":"Ethereum Up or Down - June 6, 12:40AM-12:45AM ET","end":"2026-06-06T04:45:00.000Z","upToken":"19598567317590034545790969749304668831984446821809496902058250551557670278392","downToken":"19046872829754555181009025063959487170703733248902642446350575651763480578231","orderMinSize":5,"tickSize":"0.01"}
[2026-06-06T04:40:01.046Z] INFO Skipped trade. {"slug":"eth-updown-5m-1780720800","reason":"missing_opening_chainlink_tick"}
[2026-06-06T04:40:01.047Z] INFO Tracking market. {"market":"DOGE","slug":"doge-updown-5m-1780720800","title":"Dogecoin Up or Down - June 6, 12:40AM-12:45AM ET","end":"2026-06-06T04:45:00.000Z","upToken":"21109786584309049543621248378438037141040211594939644168572605736994141405155","downToken":"12278097571583467331675315492921246830929437144759103108943423895060930971486","orderMinSize":5,"tickSize":"0.01"}
[2026-06-06T04:40:01.047Z] INFO Skipped trade. {"slug":"doge-updown-5m-1780720800","reason":"missing_opening_chainlink_tick"}
[2026-06-06T04:40:02.065Z] INFO Captured Chainlink opening tick. {"slug":"btc-updown-5m-1780720800","openingPrice":59676.30880075148,"tickTimestamp":"2026-06-06T04:40:01.000Z"}
[2026-06-06T04:40:02.069Z] INFO Skipped trade. {"slug":"btc-updown-5m-1780720800","reason":"btc_distance_below_threshold","market":"BTC","minDistanceUsd":{"UP":12,"DOWN":12},"openingPrice":59676.30880075148,"currentPrice":59676.30880075148}
[2026-06-06T04:40:03.089Z] INFO Captured Chainlink opening tick. {"slug":"eth-updown-5m-1780720800","openingPrice":1517.4329864162642,"tickTimestamp":"2026-06-06T04:40:01.000Z"}
[2026-06-06T04:40:03.093Z] INFO Skipped trade. {"slug":"eth-updown-5m-1780720800","reason":"btc_distance_below_threshold","market":"ETH","minDistanceUsd":{"UP":2,"DOWN":2},"openingPrice":1517.4329864162642,"currentPrice":1517.1379}
[2026-06-06T04:40:03.101Z] INFO Captured Chainlink opening tick. {"slug":"doge-updown-5m-1780720800","openingPrice":0.0780507,"tickTimestamp":"2026-06-06T04:40:01.000Z"}
[2026-06-06T04:40:03.104Z] INFO Skipped trade. {"slug":"doge-updown-5m-1780720800","reason":"btc_distance_below_threshold","market":"DOGE","minDistanceUsd":{"UP":0.0003,"DOWN":0.0003},"openingPrice":0.0780507,"currentPrice":0.0780141084208629}
[2026-06-06T04:40:42.757Z] INFO Skipped trade. {"slug":"eth-updown-5m-1780720800","reason":"stale_chainlink_tick","tickTimestamp":"2026-06-06T04:40:32.000Z"}
[2026-06-06T04:44:30.061Z] INFO Skipped trade. {"slug":"btc-updown-5m-1780720800","reason":"no_ask_liquidity_under_cap","outcome":"UP"}
[2026-06-06T04:44:34.341Z] INFO Skipped trade. {"slug":"eth-updown-5m-1780720800","reason":"no_ask_liquidity_under_cap","outcome":"UP"}
[2026-06-06T04:45:01.936Z] INFO Tracking market. {"market":"BTC","slug":"btc-updown-5m-1780721100","title":"Bitcoin Up or Down - June 6, 12:45AM-12:50AM ET","end":"2026-06-06T04:50:00.000Z","upToken":"92432836983504414693336067033137690773435756186899883607566087436145222305375","downToken":"1165553304572921005946372783649506716564799139835436742689435997925323356484","orderMinSize":5,"tickSize":"0.01"}
[2026-06-06T04:45:01.951Z] INFO Captured Chainlink opening tick. {"slug":"btc-updown-5m-1780721100","openingPrice":59787.10563174557,"tickTimestamp":"2026-06-06T04:45:00.000Z"}
[2026-06-06T04:45:01.957Z] INFO Skipped trade. {"slug":"btc-updown-5m-1780721100","reason":"btc_distance_below_threshold","market":"BTC","minDistanceUsd":{"UP":12,"DOWN":12},"openingPrice":59787.10563174557,"currentPrice":59787.10563174557}
[2026-06-06T04:45:01.957Z] INFO Tracking market. {"market":"ETH","slug":"eth-updown-5m-1780721100","title":"Ethereum Up or Down - June 6, 12:45AM-12:50AM ET","end":"2026-06-06T04:50:00.000Z","upToken":"2950207832135474966444678677604940612569511981724735024614873175855195512094","downToken":"43020126288685244541077027878366374662266194307274886368058419231157734895325","orderMinSize":5,"tickSize":"0.01"}
[2026-06-06T04:45:01.958Z] INFO Skipped trade. {"slug":"eth-updown-5m-1780721100","reason":"missing_opening_chainlink_tick"}
[2026-06-06T04:45:01.958Z] INFO Tracking market. {"market":"DOGE","slug":"doge-updown-5m-1780721100","title":"Dogecoin Up or Down - June 6, 12:45AM-12:50AM ET","end":"2026-06-06T04:50:00.000Z","upToken":"68778256780643545791610002732510333314159240748656534122876862617709533676415","downToken":"41536124935332288943122219097686627979034483636210289883756501982280003240294","orderMinSize":5,"tickSize":"0.01"}
[2026-06-06T04:45:01.958Z] INFO Skipped trade. {"slug":"doge-updown-5m-1780721100","reason":"missing_opening_chainlink_tick"}
[2026-06-06T04:45:03.977Z] INFO Captured Chainlink opening tick. {"slug":"eth-updown-5m-1780721100","openingPrice":1520.2182578551588,"tickTimestamp":"2026-06-06T04:45:00.000Z"}
[2026-06-06T04:45:03.982Z] INFO Skipped trade. {"slug":"eth-updown-5m-1780721100","reason":"btc_distance_below_threshold","market":"ETH","minDistanceUsd":{"UP":2,"DOWN":2},"openingPrice":1520.2182578551588,"currentPrice":1519.612135}
[2026-06-06T04:45:03.991Z] INFO Captured Chainlink opening tick. {"slug":"doge-updown-5m-1780721100","openingPrice":0.0782092,"tickTimestamp":"2026-06-06T04:45:00.000Z"}
[2026-06-06T04:45:03.995Z] INFO Skipped trade. {"slug":"doge-updown-5m-1780721100","reason":"btc_distance_below_threshold","market":"DOGE","minDistanceUsd":{"UP":0.0003,"DOWN":0.0003},"openingPrice":0.0782092,"currentPrice":0.078163}
[2026-06-06T04:49:31.659Z] INFO Skipped trade. {"slug":"btc-updown-5m-1780721100","reason":"no_ask_liquidity_under_cap","outcome":"UP"}
[2026-06-06T04:49:31.659Z] INFO Skipped trade. {"slug":"doge-updown-5m-1780721100","reason":"no_ask_liquidity_under_cap","outcome":"UP"}
[2026-06-06T04:49:52.121Z] INFO Skipped trade. {"slug":"eth-updown-5m-1780721100","reason":"no_ask_liquidity_under_cap","outcome":"DOWN"}
[2026-06-06T04:49:52.143Z] INFO Trade attempt recorded. {"mode":"sim","slug":"btc-updown-5m-1780721100","outcome":"UP","amountUsd":5,"bestAsk":0.22,"estimatedShares":22.727272727272727}
[2026-06-06T04:49:53.492Z] INFO Skipped trade. {"slug":"btc-updown-5m-1780721100","reason":"market_already_traded"}
[2026-06-06T04:50:00.997Z] INFO Tracking market. {"market":"BTC","slug":"btc-updown-5m-1780721400","title":"Bitcoin Up or Down - June 6, 12:50AM-12:55AM ET","end":"2026-06-06T04:55:00.000Z","upToken":"32626420914428019447941129374417931278204182220432711353824786854529820492831","downToken":"14427000422383011590859013117433665998959605581352593801234737251474528574903","orderMinSize":5,"tickSize":"0.01"}
[2026-06-06T04:50:00.997Z] INFO Skipped trade. {"slug":"btc-updown-5m-1780721400","reason":"missing_opening_chainlink_tick"}
[2026-06-06T04:50:00.997Z] INFO Tracking market. {"market":"ETH","slug":"eth-updown-5m-1780721400","title":"Ethereum Up or Down - June 6, 12:50AM-12:55AM ET","end":"2026-06-06T04:55:00.000Z","upToken":"16672518960537531885900043734301128247013750709046462306423627674268743139398","downToken":"22665058477465645951105047123650087526149420098173655728697215092537091176784","orderMinSize":5,"tickSize":"0.01"}
[2026-06-06T04:50:00.997Z] INFO Skipped trade. {"slug":"eth-updown-5m-1780721400","reason":"missing_opening_chainlink_tick"}
[2026-06-06T04:50:00.997Z] INFO Tracking market. {"market":"DOGE","slug":"doge-updown-5m-1780721400","title":"Dogecoin Up or Down - June 6, 12:50AM-12:55AM ET","end":"2026-06-06T04:55:00.000Z","upToken":"11850325551792970667102611259064163238718463374051235599485171045493907724245","downToken":"4224114156732417630148853115814343461174069252752268022052585501245818724224","orderMinSize":5,"tickSize":"0.01"}
[2026-06-06T04:50:00.998Z] INFO Skipped trade. {"slug":"doge-updown-5m-1780721400","reason":"missing_opening_chainlink_tick"}
[2026-06-06T04:50:02.025Z] INFO Resolved trade. {"mode":"sim","slug":"btc-updown-5m-1780721100","outcome":"UP","winningOutcome":"DOWN","won":false,"finalPrice":59771.09467165983}
[2026-06-06T04:50:02.049Z] INFO Captured Chainlink opening tick. {"slug":"btc-updown-5m-1780721400","openingPrice":59771.09467165983,"tickTimestamp":"2026-06-06T04:50:00.000Z"}
[2026-06-06T04:50:02.076Z] INFO Skipped trade. {"slug":"btc-updown-5m-1780721400","reason":"btc_distance_below_threshold","market":"BTC","minDistanceUsd":{"UP":12,"DOWN":12},"openingPrice":59771.09467165983,"currentPrice":59771.09467165983}
[2026-06-06T04:50:04.104Z] INFO Captured Chainlink opening tick. {"slug":"eth-updown-5m-1780721400","openingPrice":1516.5254731303546,"tickTimestamp":"2026-06-06T04:50:00.000Z"}
[2026-06-06T04:50:04.109Z] INFO Skipped trade. {"slug":"eth-updown-5m-1780721400","reason":"btc_distance_below_threshold","market":"ETH","minDistanceUsd":{"UP":2,"DOWN":2},"openingPrice":1516.5254731303546,"currentPrice":1517.0195023379874}
[2026-06-06T04:50:04.117Z] INFO Captured Chainlink opening tick. {"slug":"doge-updown-5m-1780721400","openingPrice":0.0783167215081764,"tickTimestamp":"2026-06-06T04:50:00.000Z"}
[2026-06-06T04:50:04.121Z] INFO Skipped trade. {"slug":"doge-updown-5m-1780721400","reason":"btc_distance_below_threshold","market":"DOGE","minDistanceUsd":{"UP":0.0003,"DOWN":0.0003},"openingPrice":0.0783167215081764,"currentPrice":0.0783367970885439}
[2026-06-06T04:54:29.936Z] INFO Skipped trade. {"slug":"btc-updown-5m-1780721400","reason":"no_ask_liquidity_under_cap","outcome":"UP"}
[2026-06-06T04:54:29.936Z] INFO Skipped trade. {"slug":"eth-updown-5m-1780721400","reason":"no_ask_liquidity_under_cap","outcome":"UP"}
[2026-06-06T04:54:29.936Z] INFO Skipped trade. {"slug":"doge-updown-5m-1780721400","reason":"no_ask_liquidity_under_cap","outcome":"UP"}
[2026-06-06T04:55:03.177Z] INFO Tracking market. {"market":"BTC","slug":"btc-updown-5m-1780721700","title":"Bitcoin Up or Down - June 6, 12:55AM-1:00AM ET","end":"2026-06-06T05:00:00.000Z","upToken":"55096704793144175915335447686594789690800479224432071530149400424540517306296","downToken":"86893882796135457980124669934844792934188023511255900585105012641445357631133","orderMinSize":5,"tickSize":"0.01"}
[2026-06-06T04:55:03.197Z] INFO Captured Chainlink opening tick. {"slug":"btc-updown-5m-1780721700","openingPrice":60242.11943779565,"tickTimestamp":"2026-06-06T04:55:00.000Z"}
[2026-06-06T04:55:03.201Z] INFO Skipped trade. {"slug":"btc-updown-5m-1780721700","reason":"btc_distance_below_threshold","market":"BTC","minDistanceUsd":{"UP":12,"DOWN":12},"openingPrice":60242.11943779565,"currentPrice":60251.039523623236}
[2026-06-06T04:55:03.201Z] INFO Tracking market. {"market":"ETH","slug":"eth-updown-5m-1780721700","title":"Ethereum Up or Down - June 6, 12:55AM-1:00AM ET","end":"2026-06-06T05:00:00.000Z","upToken":"105181644615889541498449897816211547496579832264458566629465849914550156206351","downToken":"5595945051454743093677369980210608941604867311494327393209662146680896390119","orderMinSize":5,"tickSize":"0.01"}
[2026-06-06T04:55:03.201Z] INFO Skipped trade. {"slug":"eth-updown-5m-1780721700","reason":"missing_opening_chainlink_tick"}
[2026-06-06T04:55:03.201Z] INFO Tracking market. {"market":"DOGE","slug":"doge-updown-5m-1780721700","title":"Dogecoin Up or Down - June 6, 12:55AM-1:00AM ET","end":"2026-06-06T05:00:00.000Z","upToken":"67863425858031595650723606363100833030506866609924754887858819274728522566086","downToken":"62437194908988626779140224342620699232753909571146122450984752554946111998506","orderMinSize":5,"tickSize":"0.01"}
[2026-06-06T04:55:03.201Z] INFO Skipped trade. {"slug":"doge-updown-5m-1780721700","reason":"missing_opening_chainlink_tick"}
[2026-06-06T04:55:05.225Z] INFO Captured Chainlink opening tick. {"slug":"eth-updown-5m-1780721700","openingPrice":1528.80939,"tickTimestamp":"2026-06-06T04:55:00.000Z"}
[2026-06-06T04:55:05.230Z] INFO Skipped trade. {"slug":"eth-updown-5m-1780721700","reason":"btc_distance_below_threshold","market":"ETH","minDistanceUsd":{"UP":2,"DOWN":2},"openingPrice":1528.80939,"currentPrice":1528.4931905386286}
[2026-06-06T04:55:05.242Z] INFO Captured Chainlink opening tick. {"slug":"doge-updown-5m-1780721700","openingPrice":0.0790055066603593,"tickTimestamp":"2026-06-06T04:55:00.000Z"}
[2026-06-06T04:55:05.250Z] INFO Skipped trade. {"slug":"doge-updown-5m-1780721700","reason":"btc_distance_below_threshold","market":"DOGE","minDistanceUsd":{"UP":0.0003,"DOWN":0.0003},"openingPrice":0.0790055066603593,"currentPrice":0.078985011}
[2026-06-06T04:59:30.726Z] INFO Skipped trade. {"slug":"btc-updown-5m-1780721700","reason":"no_ask_liquidity_under_cap","outcome":"DOWN"}
[2026-06-06T04:59:30.726Z] INFO Skipped trade. {"slug":"eth-updown-5m-1780721700","reason":"no_ask_liquidity_under_cap","outcome":"DOWN"}
[2026-06-06T04:59:30.726Z] INFO Skipped trade. {"slug":"doge-updown-5m-1780721700","reason":"no_ask_liquidity_under_cap","outcome":"DOWN"}
[2026-06-06T05:00:01.172Z] INFO Tracking market. {"market":"BTC","slug":"btc-updown-5m-1780722000","title":"Bitcoin Up or Down - June 6, 1:00AM-1:05AM ET","end":"2026-06-06T05:05:00.000Z","upToken":"77811524274681065953299028713237741195668168822943600615968601585477166489043","downToken":"25303324899735633400435869926909445914483816226593459885007917341792277267805","orderMinSize":5,"tickSize":"0.01"}
[2026-06-06T05:00:01.187Z] INFO Captured Chainlink opening tick. {"slug":"btc-updown-5m-1780722000","openingPrice":60077.53670543102,"tickTimestamp":"2026-06-06T05:00:00.000Z"}
[2026-06-06T05:00:01.191Z] INFO Skipped trade. {"slug":"btc-updown-5m-1780722000","reason":"btc_distance_below_threshold","market":"BTC","minDistanceUsd":{"UP":12,"DOWN":12},"openingPrice":60077.53670543102,"currentPrice":60077.53670543102}
[2026-06-06T05:00:01.191Z] INFO Tracking market. {"market":"ETH","slug":"eth-updown-5m-1780722000","title":"Ethereum Up or Down - June 6, 1:00AM-1:05AM ET","end":"2026-06-06T05:05:00.000Z","upToken":"17006133318211978337728988207533178842632029426085901632931377554897880502685","downToken":"51559707983387305290256935377279510553543669614948162156594056327917219876999","orderMinSize":5,"tickSize":"0.01"}
[2026-06-06T05:00:01.191Z] INFO Skipped trade. {"slug":"eth-updown-5m-1780722000","reason":"missing_opening_chainlink_tick"}
[2026-06-06T05:00:01.191Z] INFO Tracking market. {"market":"DOGE","slug":"doge-updown-5m-1780722000","title":"Dogecoin Up or Down - June 6, 1:00AM-1:05AM ET","end":"2026-06-06T05:05:00.000Z","upToken":"100917238313074382373185635386346817960099037677807493504154856488218425598886","downToken":"108882837460780743809398012616286927733835262925581802973438937145148339889797","orderMinSize":5,"tickSize":"0.01"}
[2026-06-06T05:00:01.191Z] INFO Skipped trade. {"slug":"doge-updown-5m-1780722000","reason":"missing_opening_chainlink_tick"}
[2026-06-06T05:00:05.238Z] INFO Captured Chainlink opening tick. {"slug":"eth-updown-5m-1780722000","openingPrice":1521.7884860613733,"tickTimestamp":"2026-06-06T05:00:00.000Z"}
[2026-06-06T05:00:05.241Z] INFO Skipped trade. {"slug":"eth-updown-5m-1780722000","reason":"btc_distance_below_threshold","market":"ETH","minDistanceUsd":{"UP":2,"DOWN":2},"openingPrice":1521.7884860613733,"currentPrice":1520.7136789747524}
[2026-06-06T05:00:05.248Z] INFO Captured Chainlink opening tick. {"slug":"doge-updown-5m-1780722000","openingPrice":0.0785904886116813,"tickTimestamp":"2026-06-06T05:00:00.000Z"}
[2026-06-06T05:00:05.252Z] INFO Skipped trade. {"slug":"doge-updown-5m-1780722000","reason":"btc_distance_below_threshold","market":"DOGE","minDistanceUsd":{"UP":0.0003,"DOWN":0.0003},"openingPrice":0.0785904886116813,"currentPrice":0.0785431616530911}
[2026-06-06T05:04:28.882Z] INFO Skipped trade. {"slug":"btc-updown-5m-1780722000","reason":"no_ask_liquidity_under_cap","outcome":"DOWN"}
[2026-06-06T05:04:28.882Z] INFO Skipped trade. {"slug":"eth-updown-5m-1780722000","reason":"no_ask_liquidity_under_cap","outcome":"DOWN"}
[2026-06-06T05:04:28.882Z] INFO Skipped trade. {"slug":"doge-updown-5m-1780722000","reason":"no_ask_liquidity_under_cap","outcome":"DOWN"}
[2026-06-06T05:05:02.180Z] INFO Tracking market. {"market":"BTC","slug":"btc-updown-5m-1780722300","title":"Bitcoin Up or Down - June 6, 1:05AM-1:10AM ET","end":"2026-06-06T05:10:00.000Z","upToken":"66002243218592103295327172749527184110042094053819082422464139836002383427536","downToken":"11326134193147819865836328022638827252899107376425521113387555205798309693125","orderMinSize":5,"tickSize":"0.01"}
[2026-06-06T05:05:02.197Z] INFO Captured Chainlink opening tick. {"slug":"btc-updown-5m-1780722300","openingPrice":59879.24410132633,"tickTimestamp":"2026-06-06T05:05:00.000Z"}
[2026-06-06T05:05:02.201Z] INFO Skipped trade. {"slug":"btc-updown-5m-1780722300","reason":"btc_distance_below_threshold","market":"BTC","minDistanceUsd":{"UP":12,"DOWN":12},"openingPrice":59879.24410132633,"currentPrice":59880.36531335481}
[2026-06-06T05:05:02.202Z] INFO Tracking market. {"market":"ETH","slug":"eth-updown-5m-1780722300","title":"Ethereum Up or Down - June 6, 1:05AM-1:10AM ET","end":"2026-06-06T05:10:00.000Z","upToken":"64749405420975854601285883722583326648462297824517680030433414537416830194663","downToken":"67552011524150568315228129194263213602387435475371433217220655159653213534262","orderMinSize":5,"tickSize":"0.01"}
[2026-06-06T05:05:02.217Z] INFO Captured Chainlink opening tick. {"slug":"eth-updown-5m-1780722300","openingPrice":1512.420838259863,"tickTimestamp":"2026-06-06T05:05:00.000Z"}
[2026-06-06T05:05:02.221Z] INFO Skipped trade. {"slug":"eth-updown-5m-1780722300","reason":"btc_distance_below_threshold","market":"ETH","minDistanceUsd":{"UP":2,"DOWN":2},"openingPrice":1512.420838259863,"currentPrice":1512.420838259863}
[2026-06-06T05:05:02.221Z] INFO Tracking market. {"market":"DOGE","slug":"doge-updown-5m-1780722300","title":"Dogecoin Up or Down - June 6, 1:05AM-1:10AM ET","end":"2026-06-06T05:10:00.000Z","upToken":"101132266108720081421192982007778870096623689651914280381261368699927817908689","downToken":"90535675494142904246161355256198668427818127196184764544544051123761549856308","orderMinSize":5,"tickSize":"0.01"}
[2026-06-06T05:05:02.229Z] INFO Captured Chainlink opening tick. {"slug":"doge-updown-5m-1780722300","openingPrice":0.078040298,"tickTimestamp":"2026-06-06T05:05:00.000Z"}
[2026-06-06T05:05:02.235Z] INFO Skipped trade. {"slug":"doge-updown-5m-1780722300","reason":"btc_distance_below_threshold","market":"DOGE","minDistanceUsd":{"UP":0.0003,"DOWN":0.0003},"openingPrice":0.078040298,"currentPrice":0.078040298}
[2026-06-06T05:09:29.921Z] INFO Skipped trade. {"slug":"btc-updown-5m-1780722300","reason":"no_ask_liquidity_under_cap","outcome":"UP"}
[2026-06-06T05:09:29.921Z] INFO Skipped trade. {"slug":"eth-updown-5m-1780722300","reason":"no_ask_liquidity_under_cap","outcome":"UP"}
[2026-06-06T05:09:29.921Z] INFO Skipped trade. {"slug":"doge-updown-5m-1780722300","reason":"no_ask_liquidity_under_cap","outcome":"UP"}
[2026-06-06T05:10:02.570Z] INFO Tracking market. {"market":"BTC","slug":"btc-updown-5m-1780722600","title":"Bitcoin Up or Down - June 6, 1:10AM-1:15AM ET","end":"2026-06-06T05:15:00.000Z","upToken":"47255680502479072935472765464305958720383059050208128531696967165881496757050","downToken":"54298467832430664006475580236554260769482860910593931047387918966849901996343","orderMinSize":5,"tickSize":"0.01"}
[2026-06-06T05:10:02.583Z] INFO Captured Chainlink opening tick. {"slug":"btc-updown-5m-1780722600","openingPrice":60037.46420022732,"tickTimestamp":"2026-06-06T05:10:00.000Z"}
[2026-06-06T05:10:02.586Z] INFO Tracking market. {"market":"ETH","slug":"eth-updown-5m-1780722600","title":"Ethereum Up or Down - June 6, 1:10AM-1:15AM ET","end":"2026-06-06T05:15:00.000Z","upToken":"40729604475842363346163923327172749890455723943800532805331295131898184445757","downToken":"33263335131052495664987555694840633003787761478118040908249827860620439543147","orderMinSize":5,"tickSize":"0.01"}
[2026-06-06T05:10:02.593Z] INFO Captured Chainlink opening tick. {"slug":"eth-updown-5m-1780722600","openingPrice":1522.0979109390028,"tickTimestamp":"2026-06-06T05:10:00.000Z"}
[2026-06-06T05:10:02.597Z] INFO Skipped trade. {"slug":"eth-updown-5m-1780722600","reason":"btc_distance_below_threshold","market":"ETH","minDistanceUsd":{"UP":2,"DOWN":2},"openingPrice":1522.0979109390028,"currentPrice":1522.0979109390028}
[2026-06-06T05:10:02.597Z] INFO Tracking market. {"market":"DOGE","slug":"doge-updown-5m-1780722600","title":"Dogecoin Up or Down - June 6, 1:10AM-1:15AM ET","end":"2026-06-06T05:15:00.000Z","upToken":"28981467027785329917529456418336784826905986996023629430227587037618044296157","downToken":"6543734409862322180751920303536219022229664482042613366063312855948823450231","orderMinSize":5,"tickSize":"0.01"}
[2026-06-06T05:10:02.605Z] INFO Captured Chainlink opening tick. {"slug":"doge-updown-5m-1780722600","openingPrice":0.078509367,"tickTimestamp":"2026-06-06T05:10:00.000Z"}
[2026-06-06T05:10:02.608Z] INFO Skipped trade. {"slug":"doge-updown-5m-1780722600","reason":"btc_distance_below_threshold","market":"DOGE","minDistanceUsd":{"UP":0.0003,"DOWN":0.0003},"openingPrice":0.078509367,"currentPrice":0.078509367}
[2026-06-06T05:12:07.516Z] INFO Skipped trade. {"slug":"btc-updown-5m-1780722600","reason":"btc_distance_below_threshold","market":"BTC","minDistanceUsd":{"UP":12,"DOWN":12},"openingPrice":60037.46420022732,"currentPrice":60044.42973704564}
[2026-06-06T05:13:13.740Z] INFO Skipped trade. {"slug":"eth-updown-5m-1780722600","reason":"stale_chainlink_tick","tickTimestamp":"2026-06-06T05:13:03.000Z"}
[2026-06-06T05:13:14.752Z] INFO Skipped trade. {"slug":"doge-updown-5m-1780722600","reason":"stale_chainlink_tick","tickTimestamp":"2026-06-06T05:13:04.000Z"}
[2026-06-06T05:14:30.602Z] INFO Skipped trade. {"slug":"btc-updown-5m-1780722600","reason":"no_ask_liquidity_under_cap","outcome":"DOWN"}
[2026-06-06T05:14:30.602Z] INFO Skipped trade. {"slug":"eth-updown-5m-1780722600","reason":"no_ask_liquidity_under_cap","outcome":"DOWN"}
[2026-06-06T05:15:01.923Z] INFO Tracking market. {"market":"BTC","slug":"btc-updown-5m-1780722900","title":"Bitcoin Up or Down - June 6, 1:15AM-1:20AM ET","end":"2026-06-06T05:20:00.000Z","upToken":"92480989478025679290554779423529510136432785190703091795441543338573666119586","downToken":"3293845440443044255796925111985732695323936315341706279279737476285518365873","orderMinSize":5,"tickSize":"0.01"}
[2026-06-06T05:15:01.965Z] INFO Captured Chainlink opening tick. {"slug":"btc-updown-5m-1780722900","openingPrice":59867.19866771983,"tickTimestamp":"2026-06-06T05:15:00.000Z"}
[2026-06-06T05:15:01.973Z] INFO Skipped trade. {"slug":"btc-updown-5m-1780722900","reason":"btc_distance_below_threshold","market":"BTC","minDistanceUsd":{"UP":12,"DOWN":12},"openingPrice":59867.19866771983,"currentPrice":59868.47667706028}
[2026-06-06T05:15:01.974Z] INFO Tracking market. {"market":"ETH","slug":"eth-updown-5m-1780722900","title":"Ethereum Up or Down - June 6, 1:15AM-1:20AM ET","end":"2026-06-06T05:20:00.000Z","upToken":"24454438459364477045073860550666888720198733912016446220587627866231662109973","downToken":"77937935080027047674605926833454744516385046571891714558279471660156989106862","orderMinSize":5,"tickSize":"0.01"}
[2026-06-06T05:15:01.982Z] INFO Captured Chainlink opening tick. {"slug":"eth-updown-5m-1780722900","openingPrice":1518.17034,"tickTimestamp":"2026-06-06T05:15:00.000Z"}
[2026-06-06T05:15:01.986Z] INFO Skipped trade. {"slug":"eth-updown-5m-1780722900","reason":"btc_distance_below_threshold","market":"ETH","minDistanceUsd":{"UP":2,"DOWN":2},"openingPrice":1518.17034,"currentPrice":1518.17034}
[2026-06-06T05:15:01.986Z] INFO Tracking market. {"market":"DOGE","slug":"doge-updown-5m-1780722900","title":"Dogecoin Up or Down - June 6, 1:15AM-1:20AM ET","end":"2026-06-06T05:20:00.000Z","upToken":"56486139004930475465884233648519028069864469828489151633796924810519437797734","downToken":"104541689823345818456953078884485745022219878075934210481245258612459024752686","orderMinSize":5,"tickSize":"0.01"}
[2026-06-06T05:15:01.993Z] INFO Captured Chainlink opening tick. {"slug":"doge-updown-5m-1780722900","openingPrice":0.0781785631378989,"tickTimestamp":"2026-06-06T05:15:00.000Z"}
[2026-06-06T05:15:01.997Z] INFO Skipped trade. {"slug":"doge-updown-5m-1780722900","reason":"btc_distance_below_threshold","market":"DOGE","minDistanceUsd":{"UP":0.0003,"DOWN":0.0003},"openingPrice":0.0781785631378989,"currentPrice":0.0781785631378989}
[2026-06-06T05:19:29.616Z] INFO Skipped trade. {"slug":"btc-updown-5m-1780722900","reason":"no_ask_liquidity_under_cap","outcome":"UP"}
[2026-06-06T05:19:29.616Z] INFO Skipped trade. {"slug":"eth-updown-5m-1780722900","reason":"no_ask_liquidity_under_cap","outcome":"UP"}
[2026-06-06T05:19:29.616Z] INFO Skipped trade. {"slug":"doge-updown-5m-1780722900","reason":"no_ask_liquidity_under_cap","outcome":"UP"}
[2026-06-06T05:20:02.860Z] INFO Tracking market. {"market":"BTC","slug":"btc-updown-5m-1780723200","title":"Bitcoin Up or Down - June 6, 1:20AM-1:25AM ET","end":"2026-06-06T05:25:00.000Z","upToken":"51480457938686083243514044024584290656595552541326773885140911752228268801783","downToken":"59902732102473043102545182775963562526650160629886378740312103584738677830034","orderMinSize":5,"tickSize":"0.01"}
[2026-06-06T05:20:02.905Z] INFO Captured Chainlink opening tick. {"slug":"btc-updown-5m-1780723200","openingPrice":60116.77191663667,"tickTimestamp":"2026-06-06T05:20:00.000Z"}
[2026-06-06T05:20:02.909Z] INFO Skipped trade. {"slug":"btc-updown-5m-1780723200","reason":"btc_distance_below_threshold","market":"BTC","minDistanceUsd":{"UP":12,"DOWN":12},"openingPrice":60116.77191663667,"currentPrice":60117.05531890602}
[2026-06-06T05:20:02.909Z] INFO Tracking market. {"market":"ETH","slug":"eth-updown-5m-1780723200","title":"Ethereum Up or Down - June 6, 1:20AM-1:25AM ET","end":"2026-06-06T05:25:00.000Z","upToken":"7110623261834598089388134321827366623813635679622840222234927038320546251046","downToken":"61742882530223504649854873633681451337138151097086155188080531566336657569894","orderMinSize":5,"tickSize":"0.01"}
[2026-06-06T05:20:02.921Z] INFO Captured Chainlink opening tick. {"slug":"eth-updown-5m-1780723200","openingPrice":1528.6844211063417,"tickTimestamp":"2026-06-06T05:20:00.000Z"}
[2026-06-06T05:20:02.927Z] INFO Skipped trade. {"slug":"eth-updown-5m-1780723200","reason":"btc_distance_below_threshold","market":"ETH","minDistanceUsd":{"UP":2,"DOWN":2},"openingPrice":1528.6844211063417,"currentPrice":1528.5996604968213}
[2026-06-06T05:20:02.927Z] INFO Tracking market. {"market":"DOGE","slug":"doge-updown-5m-1780723200","title":"Dogecoin Up or Down - June 6, 1:20AM-1:25AM ET","end":"2026-06-06T05:25:00.000Z","upToken":"36083353478638866794633071804165316015188575591186994273173423906906159267614","downToken":"51939034479706854757478568331065211874301101830421549436443577111105483132915","orderMinSize":5,"tickSize":"0.01"}
[2026-06-06T05:20:02.936Z] INFO Captured Chainlink opening tick. {"slug":"doge-updown-5m-1780723200","openingPrice":0.0786073273394324,"tickTimestamp":"2026-06-06T05:20:00.000Z"}
[2026-06-06T05:20:02.940Z] INFO Skipped trade. {"slug":"doge-updown-5m-1780723200","reason":"btc_distance_below_threshold","market":"DOGE","minDistanceUsd":{"UP":0.0003,"DOWN":0.0003},"openingPrice":0.0786073273394324,"currentPrice":0.0786063492221919}
[2026-06-06T05:24:31.131Z] INFO Skipped trade. {"slug":"btc-updown-5m-1780723200","reason":"no_ask_liquidity_under_cap","outcome":"UP"}
[2026-06-06T05:24:31.131Z] INFO Skipped trade. {"slug":"eth-updown-5m-1780723200","reason":"no_ask_liquidity_under_cap","outcome":"UP"}
[2026-06-06T05:24:31.131Z] INFO Skipped trade. {"slug":"doge-updown-5m-1780723200","reason":"no_ask_liquidity_under_cap","outcome":"UP"}
[2026-06-06T05:25:02.562Z] INFO Tracking market. {"market":"BTC","slug":"btc-updown-5m-1780723500","title":"Bitcoin Up or Down - June 6, 1:25AM-1:30AM ET","end":"2026-06-06T05:30:00.000Z","upToken":"107367644575391215107229506589295227595915972037396722068387018599383926688279","downToken":"83595543212859661282246121646941811508587030429608998344890326533678145594292","orderMinSize":5,"tickSize":"0.01"}
[2026-06-06T05:25:02.588Z] INFO Captured Chainlink opening tick. {"slug":"btc-updown-5m-1780723500","openingPrice":60793.37236829944,"tickTimestamp":"2026-06-06T05:25:00.000Z"}
[2026-06-06T05:25:02.594Z] INFO Tracking market. {"market":"ETH","slug":"eth-updown-5m-1780723500","title":"Ethereum Up or Down - June 6, 1:25AM-1:30AM ET","end":"2026-06-06T05:30:00.000Z","upToken":"10006872118203554979914267978819817695600118861794210703920370101426493252095","downToken":"110721221022975180134615695645190500381814505441743207436730309570640053231373","orderMinSize":5,"tickSize":"0.01"}
[2026-06-06T05:25:02.605Z] INFO Captured Chainlink opening tick. {"slug":"eth-updown-5m-1780723500","openingPrice":1556.1453,"tickTimestamp":"2026-06-06T05:25:00.000Z"}
[2026-06-06T05:25:02.608Z] INFO Skipped trade. {"slug":"eth-updown-5m-1780723500","reason":"btc_distance_below_threshold","market":"ETH","minDistanceUsd":{"UP":2,"DOWN":2},"openingPrice":1556.1453,"currentPrice":1555.142235}
[2026-06-06T05:25:02.608Z] INFO Tracking market. {"market":"DOGE","slug":"doge-updown-5m-1780723500","title":"Dogecoin Up or Down - June 6, 1:25AM-1:30AM ET","end":"2026-06-06T05:30:00.000Z","upToken":"19317737268704253553757789380930363932667546457977354697441653981746065273739","downToken":"87908439515813017636657443880789588782655289483221780496151988001881603103077","orderMinSize":5,"tickSize":"0.01"}
[2026-06-06T05:25:02.619Z] INFO Captured Chainlink opening tick. {"slug":"doge-updown-5m-1780723500","openingPrice":0.0803486,"tickTimestamp":"2026-06-06T05:25:00.000Z"}
[2026-06-06T05:25:02.623Z] INFO Skipped trade. {"slug":"doge-updown-5m-1780723500","reason":"btc_distance_below_threshold","market":"DOGE","minDistanceUsd":{"UP":0.0003,"DOWN":0.0003},"openingPrice":0.0803486,"currentPrice":0.080271767}
[2026-06-06T05:27:39.502Z] INFO Skipped trade. {"slug":"btc-updown-5m-1780723500","reason":"btc_distance_below_threshold","market":"BTC","minDistanceUsd":{"UP":12,"DOWN":12},"openingPrice":60793.37236829944,"currentPrice":60803.689415}
[2026-06-06T05:29:29.639Z] INFO Skipped trade. {"slug":"btc-updown-5m-1780723500","reason":"no_ask_liquidity_under_cap","outcome":"DOWN"}
[2026-06-06T05:29:29.640Z] INFO Skipped trade. {"slug":"eth-updown-5m-1780723500","reason":"no_ask_liquidity_under_cap","outcome":"DOWN"}
[2026-06-06T05:29:29.640Z] INFO Skipped trade. {"slug":"doge-updown-5m-1780723500","reason":"no_ask_liquidity_under_cap","outcome":"DOWN"}
[2026-06-06T05:30:00.621Z] INFO Tracking market. {"market":"BTC","slug":"btc-updown-5m-1780723800","title":"Bitcoin Up or Down - June 6, 1:30AM-1:35AM ET","end":"2026-06-06T05:35:00.000Z","upToken":"77470752302650342418757806524504608358633382802467078805773289288402383511975","downToken":"31544529542047419890428261972217466443425214507692663897214987942278877297581","orderMinSize":5,"tickSize":"0.01"}
[2026-06-06T05:30:00.622Z] INFO Skipped trade. {"slug":"btc-updown-5m-1780723800","reason":"missing_opening_chainlink_tick"}
[2026-06-06T05:30:00.622Z] INFO Tracking market. {"market":"ETH","slug":"eth-updown-5m-1780723800","title":"Ethereum Up or Down - June 6, 1:30AM-1:35AM ET","end":"2026-06-06T05:35:00.000Z","upToken":"13919931818146157929923595470564201568604930956930524725940102943899010936411","downToken":"57960040902907565770432387247492591294097719699207843113254273877426673128045","orderMinSize":5,"tickSize":"0.01"}
[2026-06-06T05:30:00.622Z] INFO Skipped trade. {"slug":"eth-updown-5m-1780723800","reason":"missing_opening_chainlink_tick"}
[2026-06-06T05:30:00.622Z] INFO Tracking market. {"market":"DOGE","slug":"doge-updown-5m-1780723800","title":"Dogecoin Up or Down - June 6, 1:30AM-1:35AM ET","end":"2026-06-06T05:35:00.000Z","upToken":"89129161948149221578889261629393310450377020102032486044781880571469661731457","downToken":"55451521922288416150245898348408345665580116998031647521409621887060285995739","orderMinSize":5,"tickSize":"0.01"}
[2026-06-06T05:30:00.622Z] INFO Skipped trade. {"slug":"doge-updown-5m-1780723800","reason":"missing_opening_chainlink_tick"}
[2026-06-06T05:30:01.690Z] INFO Captured Chainlink opening tick. {"slug":"btc-updown-5m-1780723800","openingPrice":60721.7311776473,"tickTimestamp":"2026-06-06T05:30:00.000Z"}
[2026-06-06T05:30:01.702Z] INFO Skipped trade. {"slug":"btc-updown-5m-1780723800","reason":"btc_distance_below_threshold","market":"BTC","minDistanceUsd":{"UP":12,"DOWN":12},"openingPrice":60721.7311776473,"currentPrice":60718.89341100928}
[2026-06-06T05:30:03.738Z] INFO Captured Chainlink opening tick. {"slug":"eth-updown-5m-1780723800","openingPrice":1548.9159290354771,"tickTimestamp":"2026-06-06T05:30:00.000Z"}
[2026-06-06T05:30:03.742Z] INFO Skipped trade. {"slug":"eth-updown-5m-1780723800","reason":"btc_distance_below_threshold","market":"ETH","minDistanceUsd":{"UP":2,"DOWN":2},"openingPrice":1548.9159290354771,"currentPrice":1548.837886512892}
[2026-06-06T05:30:03.751Z] INFO Captured Chainlink opening tick. {"slug":"doge-updown-5m-1780723800","openingPrice":0.079939417,"tickTimestamp":"2026-06-06T05:30:00.000Z"}
[2026-06-06T05:30:03.754Z] INFO Skipped trade. {"slug":"doge-updown-5m-1780723800","reason":"btc_distance_below_threshold","market":"DOGE","minDistanceUsd":{"UP":0.0003,"DOWN":0.0003},"openingPrice":0.079939417,"currentPrice":0.0799370173177974}
[2026-06-06T05:34:29.509Z] INFO Skipped trade. {"slug":"btc-updown-5m-1780723800","reason":"no_ask_liquidity_under_cap","outcome":"DOWN"}
[2026-06-06T05:34:29.509Z] INFO Skipped trade. {"slug":"doge-updown-5m-1780723800","reason":"no_ask_liquidity_under_cap","outcome":"DOWN"}
[2026-06-06T05:34:35.689Z] INFO Skipped trade. {"slug":"eth-updown-5m-1780723800","reason":"no_ask_liquidity_under_cap","outcome":"UP"}
[2026-06-06T05:35:00.893Z] INFO Tracking market. {"market":"BTC","slug":"btc-updown-5m-1780724100","title":"Bitcoin Up or Down - June 6, 1:35AM-1:40AM ET","end":"2026-06-06T05:40:00.000Z","upToken":"54964103035008529551956765496666735128456350198537842421606601685113940038290","downToken":"95077253317336451715097309883248485710762354453746597126883475409615763247816","orderMinSize":5,"tickSize":"0.01"}
[2026-06-06T05:35:00.907Z] INFO Captured Chainlink opening tick. {"slug":"btc-updown-5m-1780724100","openingPrice":60586.035879756295,"tickTimestamp":"2026-06-06T05:35:00.000Z"}
[2026-06-06T05:35:00.911Z] INFO Skipped trade. {"slug":"btc-updown-5m-1780724100","reason":"btc_distance_below_threshold","market":"BTC","minDistanceUsd":{"UP":12,"DOWN":12},"openingPrice":60586.035879756295,"currentPrice":60586.035879756295}
[2026-06-06T05:35:00.911Z] INFO Tracking market. {"market":"ETH","slug":"eth-updown-5m-1780724100","title":"Ethereum Up or Down - June 6, 1:35AM-1:40AM ET","end":"2026-06-06T05:40:00.000Z","upToken":"68916749054694534906618075327885599978227766071244045895088895426970821310329","downToken":"49960045284996658619672465813463246938888285195825166832932694374540481343261","orderMinSize":5,"tickSize":"0.01"}
[2026-06-06T05:35:00.912Z] INFO Skipped trade. {"slug":"eth-updown-5m-1780724100","reason":"missing_opening_chainlink_tick"}
[2026-06-06T05:35:00.912Z] INFO Tracking market. {"market":"DOGE","slug":"doge-updown-5m-1780724100","title":"Dogecoin Up or Down - June 6, 1:35AM-1:40AM ET","end":"2026-06-06T05:40:00.000Z","upToken":"23921997361130573383003124490318640431234519930916551669943734931044774769093","downToken":"115630697012376734276627456633481838073942111494789568803105499553776948970769","orderMinSize":5,"tickSize":"0.01"}
[2026-06-06T05:35:00.912Z] INFO Skipped trade. {"slug":"doge-updown-5m-1780724100","reason":"missing_opening_chainlink_tick"}
[2026-06-06T05:35:03.953Z] INFO Captured Chainlink opening tick. {"slug":"eth-updown-5m-1780724100","openingPrice":1549.771579252131,"tickTimestamp":"2026-06-06T05:35:00.000Z"}
[2026-06-06T05:35:03.956Z] INFO Skipped trade. {"slug":"eth-updown-5m-1780724100","reason":"btc_distance_below_threshold","market":"ETH","minDistanceUsd":{"UP":2,"DOWN":2},"openingPrice":1549.771579252131,"currentPrice":1550.605873822847}
[2026-06-06T05:35:03.964Z] INFO Captured Chainlink opening tick. {"slug":"doge-updown-5m-1780724100","openingPrice":0.0794741454472386,"tickTimestamp":"2026-06-06T05:35:00.000Z"}
[2026-06-06T05:35:03.968Z] INFO Skipped trade. {"slug":"doge-updown-5m-1780724100","reason":"btc_distance_below_threshold","market":"DOGE","minDistanceUsd":{"UP":0.0003,"DOWN":0.0003},"openingPrice":0.0794741454472386,"currentPrice":0.0795380583300727}
[2026-06-06T05:39:30.919Z] INFO Skipped trade. {"slug":"btc-updown-5m-1780724100","reason":"no_ask_liquidity_under_cap","outcome":"UP"}
[2026-06-06T05:39:30.919Z] INFO Skipped trade. {"slug":"eth-updown-5m-1780724100","reason":"no_ask_liquidity_under_cap","outcome":"UP"}
[2026-06-06T05:39:30.919Z] INFO Skipped trade. {"slug":"doge-updown-5m-1780724100","reason":"no_ask_liquidity_under_cap","outcome":"UP"}
[2026-06-06T05:40:02.080Z] INFO Tracking market. {"market":"BTC","slug":"btc-updown-5m-1780724400","title":"Bitcoin Up or Down - June 6, 1:40AM-1:45AM ET","end":"2026-06-06T05:45:00.000Z","upToken":"65566859000691159157862136453840070165870179498694999053769579307173839630001","downToken":"68635737712618248099967762877289832580424345679891049954111786165584830431154","orderMinSize":5,"tickSize":"0.01"}
[2026-06-06T05:40:02.094Z] INFO Captured Chainlink opening tick. {"slug":"btc-updown-5m-1780724400","openingPrice":60779.67388386863,"tickTimestamp":"2026-06-06T05:40:00.000Z"}
[2026-06-06T05:40:02.099Z] INFO Skipped trade. {"slug":"btc-updown-5m-1780724400","reason":"btc_distance_below_threshold","market":"BTC","minDistanceUsd":{"UP":12,"DOWN":12},"openingPrice":60779.67388386863,"currentPrice":60780.02977663807}
[2026-06-06T05:40:02.099Z] INFO Tracking market. {"market":"ETH","slug":"eth-updown-5m-1780724400","title":"Ethereum Up or Down - June 6, 1:40AM-1:45AM ET","end":"2026-06-06T05:45:00.000Z","upToken":"21758445665769179752148541550450194073532302011075546987030370325723455066221","downToken":"110391962817380822292862837135899384099974323300525200256741140956447820286430","orderMinSize":5,"tickSize":"0.01"}
[2026-06-06T05:40:02.099Z] INFO Skipped trade. {"slug":"eth-updown-5m-1780724400","reason":"missing_opening_chainlink_tick"}
[2026-06-06T05:40:02.099Z] INFO Tracking market. {"market":"DOGE","slug":"doge-updown-5m-1780724400","title":"Dogecoin Up or Down - June 6, 1:40AM-1:45AM ET","end":"2026-06-06T05:45:00.000Z","upToken":"101632888835444514833513896070850276744494374492198446013248950631478782500596","downToken":"97492040280447465921954441651950022414099479814897107174316697020354897335012","orderMinSize":5,"tickSize":"0.01"}
[2026-06-06T05:40:02.099Z] INFO Skipped trade. {"slug":"doge-updown-5m-1780724400","reason":"missing_opening_chainlink_tick"}
[2026-06-06T05:40:04.120Z] INFO Captured Chainlink opening tick. {"slug":"eth-updown-5m-1780724400","openingPrice":1555.4426562372635,"tickTimestamp":"2026-06-06T05:40:00.000Z"}
[2026-06-06T05:40:04.123Z] INFO Skipped trade. {"slug":"eth-updown-5m-1780724400","reason":"btc_distance_below_threshold","market":"ETH","minDistanceUsd":{"UP":2,"DOWN":2},"openingPrice":1555.4426562372635,"currentPrice":1555.6888743540414}
[2026-06-06T05:40:04.130Z] INFO Captured Chainlink opening tick. {"slug":"doge-updown-5m-1780724400","openingPrice":0.079998119,"tickTimestamp":"2026-06-06T05:40:00.000Z"}
[2026-06-06T05:40:04.133Z] INFO Skipped trade. {"slug":"doge-updown-5m-1780724400","reason":"btc_distance_below_threshold","market":"DOGE","minDistanceUsd":{"UP":0.0003,"DOWN":0.0003},"openingPrice":0.079998119,"currentPrice":0.0800317031513912}
[2026-06-06T05:41:40.880Z] INFO Skipped trade. {"slug":"eth-updown-5m-1780724400","reason":"stale_chainlink_tick","tickTimestamp":"2026-06-06T05:41:30.000Z"}
[2026-06-06T05:41:40.881Z] INFO Skipped trade. {"slug":"doge-updown-5m-1780724400","reason":"stale_chainlink_tick","tickTimestamp":"2026-06-06T05:41:30.000Z"}
[2026-06-06T05:43:18.287Z] INFO Skipped trade. {"slug":"btc-updown-5m-1780724400","reason":"stale_chainlink_tick","tickTimestamp":"2026-06-06T05:42:54.000Z"}
[2026-06-06T05:44:30.434Z] INFO Skipped trade. {"slug":"btc-updown-5m-1780724400","reason":"no_ask_liquidity_under_cap","outcome":"DOWN"}
[2026-06-06T05:44:30.434Z] INFO Skipped trade. {"slug":"eth-updown-5m-1780724400","reason":"no_ask_liquidity_under_cap","outcome":"UP"}
[2026-06-06T05:44:39.301Z] INFO Trade attempt recorded. {"mode":"sim","slug":"btc-updown-5m-1780724400","outcome":"DOWN","amountUsd":5,"bestAsk":0.42,"estimatedShares":11.904761904761905}
[2026-06-06T05:44:41.699Z] INFO Skipped trade. {"slug":"btc-updown-5m-1780724400","reason":"market_already_traded"}
[2026-06-06T05:45:01.573Z] INFO Resolved trade. {"mode":"sim","slug":"btc-updown-5m-1780724400","outcome":"DOWN","winningOutcome":"UP","won":false,"finalPrice":60799.011}
[2026-06-06T05:45:20.374Z] INFO Tracking market. {"market":"BTC","slug":"btc-updown-5m-1780724700","title":"Bitcoin Up or Down - June 6, 1:45AM-1:50AM ET","end":"2026-06-06T05:50:00.000Z","upToken":"15882071474804847491374468917666164696470773479060976993978237201567696467046","downToken":"65839623671575553198064132740650200897757147739589667692083408655699143097857","orderMinSize":5,"tickSize":"0.01"}
[2026-06-06T05:45:20.382Z] INFO Captured Chainlink opening tick. {"slug":"btc-updown-5m-1780724700","openingPrice":60787.8305060218,"tickTimestamp":"2026-06-06T05:45:00.000Z"}
[2026-06-06T05:45:20.385Z] INFO Tracking market. {"market":"ETH","slug":"eth-updown-5m-1780724700","title":"Ethereum Up or Down - June 6, 1:45AM-1:50AM ET","end":"2026-06-06T05:50:00.000Z","upToken":"1941175040816561538402799644274388986396462808564240200526466254513038584415","downToken":"718786099299595273263951944410699036514113273836561643614231568439255176134","orderMinSize":5,"tickSize":"0.01"}
[2026-06-06T05:45:20.393Z] INFO Captured Chainlink opening tick. {"slug":"eth-updown-5m-1780724700","openingPrice":1559.513321295385,"tickTimestamp":"2026-06-06T05:45:00.000Z"}
[2026-06-06T05:45:20.396Z] INFO Skipped trade. {"slug":"eth-updown-5m-1780724700","reason":"btc_distance_below_threshold","market":"ETH","minDistanceUsd":{"UP":2,"DOWN":2},"openingPrice":1559.513321295385,"currentPrice":1558.5844680460568}
[2026-06-06T05:45:20.396Z] INFO Tracking market. {"market":"DOGE","slug":"doge-updown-5m-1780724700","title":"Dogecoin Up or Down - June 6, 1:45AM-1:50AM ET","end":"2026-06-06T05:50:00.000Z","upToken":"39490655491766946425866608782189960355149938145825588956387033957489271664429","downToken":"22431140122774183498709749426682848268178718095210370095916182828661854678298","orderMinSize":5,"tickSize":"0.01"}
[2026-06-06T05:45:20.403Z] INFO Captured Chainlink opening tick. {"slug":"doge-updown-5m-1780724700","openingPrice":0.080099,"tickTimestamp":"2026-06-06T05:45:00.000Z"}
[2026-06-06T05:45:20.406Z] INFO Skipped trade. {"slug":"doge-updown-5m-1780724700","reason":"btc_distance_below_threshold","market":"DOGE","minDistanceUsd":{"UP":0.0003,"DOWN":0.0003},"openingPrice":0.080099,"currentPrice":0.0800430061310382}
[2026-06-06T05:45:22.507Z] INFO Skipped trade. {"slug":"btc-updown-5m-1780724700","reason":"btc_distance_below_threshold","market":"BTC","minDistanceUsd":{"UP":12,"DOWN":12},"openingPrice":60787.8305060218,"currentPrice":60776.41179483868}
[2026-06-06T05:49:31.963Z] INFO Skipped trade. {"slug":"btc-updown-5m-1780724700","reason":"no_ask_liquidity_under_cap","outcome":"UP"}
[2026-06-06T05:49:31.963Z] INFO Skipped trade. {"slug":"eth-updown-5m-1780724700","reason":"no_ask_liquidity_under_cap","outcome":"UP"}
[2026-06-06T05:49:31.963Z] INFO Skipped trade. {"slug":"doge-updown-5m-1780724700","reason":"no_ask_liquidity_under_cap","outcome":"UP"}
[2026-06-06T05:50:01.058Z] INFO Tracking market. {"market":"BTC","slug":"btc-updown-5m-1780725000","title":"Bitcoin Up or Down - June 6, 1:50AM-1:55AM ET","end":"2026-06-06T05:55:00.000Z","upToken":"12410528020932558305895126664689538009610356920887273393940855803062989475033","downToken":"76524992403066582666791893932644743976379258496693449100453961425598662021025","orderMinSize":5,"tickSize":"0.01"}
[2026-06-06T05:50:01.080Z] INFO Captured Chainlink opening tick. {"slug":"btc-updown-5m-1780725000","openingPrice":60916.39920180119,"tickTimestamp":"2026-06-06T05:50:00.000Z"}
[2026-06-06T05:50:01.083Z] INFO Skipped trade. {"slug":"btc-updown-5m-1780725000","reason":"btc_distance_below_threshold","market":"BTC","minDistanceUsd":{"UP":12,"DOWN":12},"openingPrice":60916.39920180119,"currentPrice":60916.39920180119}
[2026-06-06T05:50:01.083Z] INFO Tracking market. {"market":"ETH","slug":"eth-updown-5m-1780725000","title":"Ethereum Up or Down - June 6, 1:50AM-1:55AM ET","end":"2026-06-06T05:55:00.000Z","upToken":"38628005170522931042906769160210707120637883861096877425804540386007444996128","downToken":"23049291666825335103019840906106323943808207511853869036400837190939760555291","orderMinSize":5,"tickSize":"0.01"}
[2026-06-06T05:50:01.083Z] INFO Skipped trade. {"slug":"eth-updown-5m-1780725000","reason":"missing_opening_chainlink_tick"}
[2026-06-06T05:50:01.083Z] INFO Tracking market. {"market":"DOGE","slug":"doge-updown-5m-1780725000","title":"Dogecoin Up or Down - June 6, 1:50AM-1:55AM ET","end":"2026-06-06T05:55:00.000Z","upToken":"42765806944664498984361881544913637568536885980228978179135180604823108696276","downToken":"22457698636651657181519049447822023809424537121356541557749234841646938047874","orderMinSize":5,"tickSize":"0.01"}
[2026-06-06T05:50:01.084Z] INFO Skipped trade. {"slug":"doge-updown-5m-1780725000","reason":"missing_opening_chainlink_tick"}
[2026-06-06T05:50:05.148Z] INFO Captured Chainlink opening tick. {"slug":"eth-updown-5m-1780725000","openingPrice":1563.357682435732,"tickTimestamp":"2026-06-06T05:50:00.000Z"}
[2026-06-06T05:50:05.156Z] INFO Skipped trade. {"slug":"eth-updown-5m-1780725000","reason":"btc_distance_below_threshold","market":"ETH","minDistanceUsd":{"UP":2,"DOWN":2},"openingPrice":1563.357682435732,"currentPrice":1563.703573563938}
[2026-06-06T05:50:05.166Z] INFO Captured Chainlink opening tick. {"slug":"doge-updown-5m-1780725000","openingPrice":0.08057,"tickTimestamp":"2026-06-06T05:50:00.000Z"}
[2026-06-06T05:50:05.170Z] INFO Skipped trade. {"slug":"doge-updown-5m-1780725000","reason":"btc_distance_below_threshold","market":"DOGE","minDistanceUsd":{"UP":0.0003,"DOWN":0.0003},"openingPrice":0.08057,"currentPrice":0.0805921}
[2026-06-06T05:54:30.159Z] INFO Skipped trade. {"slug":"btc-updown-5m-1780725000","reason":"no_ask_liquidity_under_cap","outcome":"DOWN"}
[2026-06-06T05:54:30.159Z] INFO Skipped trade. {"slug":"doge-updown-5m-1780725000","reason":"no_ask_liquidity_under_cap","outcome":"DOWN"}
[2026-06-06T05:54:32.566Z] INFO Skipped trade. {"slug":"eth-updown-5m-1780725000","reason":"no_ask_liquidity_under_cap","outcome":"DOWN"}
[2026-06-06T05:55:02.241Z] INFO Tracking market. {"market":"BTC","slug":"btc-updown-5m-1780725300","title":"Bitcoin Up or Down - June 6, 1:55AM-2:00AM ET","end":"2026-06-06T06:00:00.000Z","upToken":"16596760722616705312776880799889686074138002951566058466909977150155716162214","downToken":"103801996909650773580993906403811898491383519048080878059950687669457138225363","orderMinSize":5,"tickSize":"0.01"}
[2026-06-06T05:55:02.265Z] INFO Captured Chainlink opening tick. {"slug":"btc-updown-5m-1780725300","openingPrice":60865.74612028564,"tickTimestamp":"2026-06-06T05:55:00.000Z"}
[2026-06-06T05:55:02.273Z] INFO Skipped trade. {"slug":"btc-updown-5m-1780725300","reason":"btc_distance_below_threshold","market":"BTC","minDistanceUsd":{"UP":12,"DOWN":12},"openingPrice":60865.74612028564,"currentPrice":60860.16134035459}
[2026-06-06T05:55:02.273Z] INFO Tracking market. {"market":"ETH","slug":"eth-updown-5m-1780725300","title":"Ethereum Up or Down - June 6, 1:55AM-2:00AM ET","end":"2026-06-06T06:00:00.000Z","upToken":"8204859578822614067154706451477216698045469565662350462344169486171967857132","downToken":"80007836963807795658642113023080494110663981303504589827434002685402593319505","orderMinSize":5,"tickSize":"0.01"}
[2026-06-06T05:55:02.274Z] INFO Skipped trade. {"slug":"eth-updown-5m-1780725300","reason":"missing_opening_chainlink_tick"}
[2026-06-06T05:55:02.274Z] INFO Tracking market. {"market":"DOGE","slug":"doge-updown-5m-1780725300","title":"Dogecoin Up or Down - June 6, 1:55AM-2:00AM ET","end":"2026-06-06T06:00:00.000Z","upToken":"15475591532179159435425266261845520241583607889592307048740078961406224189248","downToken":"66325537036970787393692512868178533122654228457860079790784436550227857232964","orderMinSize":5,"tickSize":"0.01"}
[2026-06-06T05:55:02.275Z] INFO Skipped trade. {"slug":"doge-updown-5m-1780725300","reason":"missing_opening_chainlink_tick"}
[2026-06-06T05:55:05.323Z] INFO Captured Chainlink opening tick. {"slug":"eth-updown-5m-1780725300","openingPrice":1562.386552543383,"tickTimestamp":"2026-06-06T05:55:00.000Z"}
[2026-06-06T05:55:05.328Z] INFO Skipped trade. {"slug":"eth-updown-5m-1780725300","reason":"btc_distance_below_threshold","market":"ETH","minDistanceUsd":{"UP":2,"DOWN":2},"openingPrice":1562.386552543383,"currentPrice":1561.9914842440144}
[2026-06-06T05:55:05.341Z] INFO Captured Chainlink opening tick. {"slug":"doge-updown-5m-1780725300","openingPrice":0.0803037581219259,"tickTimestamp":"2026-06-06T05:55:00.000Z"}
[2026-06-06T05:55:05.345Z] INFO Skipped trade. {"slug":"doge-updown-5m-1780725300","reason":"btc_distance_below_threshold","market":"DOGE","minDistanceUsd":{"UP":0.0003,"DOWN":0.0003},"openingPrice":0.0803037581219259,"currentPrice":0.0802823388223636}
[2026-06-06T05:59:29.310Z] INFO Skipped trade. {"slug":"btc-updown-5m-1780725300","reason":"no_ask_liquidity_under_cap","outcome":"UP"}
[2026-06-06T05:59:29.310Z] INFO Skipped trade. {"slug":"eth-updown-5m-1780725300","reason":"no_ask_liquidity_under_cap","outcome":"UP"}
[2026-06-06T06:00:02.089Z] INFO Tracking market. {"market":"BTC","slug":"btc-updown-5m-1780725600","title":"Bitcoin Up or Down - June 6, 2:00AM-2:05AM ET","end":"2026-06-06T06:05:00.000Z","upToken":"37237098177486654766688679028773722698326416602838662747089851707672363894247","downToken":"49073557857862011150960622804087878752082607753835645112276560390765319038314","orderMinSize":5,"tickSize":"0.01"}
[2026-06-06T06:00:02.105Z] INFO Captured Chainlink opening tick. {"slug":"btc-updown-5m-1780725600","openingPrice":60913.333355896975,"tickTimestamp":"2026-06-06T06:00:00.000Z"}
[2026-06-06T06:00:02.110Z] INFO Skipped trade. {"slug":"btc-updown-5m-1780725600","reason":"btc_distance_below_threshold","market":"BTC","minDistanceUsd":{"UP":12,"DOWN":12},"openingPrice":60913.333355896975,"currentPrice":60913.92041239788}
[2026-06-06T06:00:02.110Z] INFO Tracking market. {"market":"ETH","slug":"eth-updown-5m-1780725600","title":"Ethereum Up or Down - June 6, 2:00AM-2:05AM ET","end":"2026-06-06T06:05:00.000Z","upToken":"86453631037873055050989183956523401130675063306296261793313471965688468806914","downToken":"48990424745882194069519722190569499383881132002308689002114970244672196110625","orderMinSize":5,"tickSize":"0.01"}
[2026-06-06T06:00:02.120Z] INFO Captured Chainlink opening tick. {"slug":"eth-updown-5m-1780725600","openingPrice":1565.9283882752993,"tickTimestamp":"2026-06-06T06:00:00.000Z"}
[2026-06-06T06:00:02.124Z] INFO Skipped trade. {"slug":"eth-updown-5m-1780725600","reason":"btc_distance_below_threshold","market":"ETH","minDistanceUsd":{"UP":2,"DOWN":2},"openingPrice":1565.9283882752993,"currentPrice":1565.9283882752993}
[2026-06-06T06:00:02.124Z] INFO Tracking market. {"market":"DOGE","slug":"doge-updown-5m-1780725600","title":"Dogecoin Up or Down - June 6, 2:00AM-2:05AM ET","end":"2026-06-06T06:05:00.000Z","upToken":"44231504554502465542571566182187678164269099475892854677789848135487104268196","downToken":"50716079122432750708046036590374734341618848712241683891566457760038674090662","orderMinSize":5,"tickSize":"0.01"}
[2026-06-06T06:00:02.132Z] INFO Captured Chainlink opening tick. {"slug":"doge-updown-5m-1780725600","openingPrice":0.0804901379854183,"tickTimestamp":"2026-06-06T06:00:00.000Z"}
[2026-06-06T06:00:02.136Z] INFO Skipped trade. {"slug":"doge-updown-5m-1780725600","reason":"btc_distance_below_threshold","market":"DOGE","minDistanceUsd":{"UP":0.0003,"DOWN":0.0003},"openingPrice":0.0804901379854183,"currentPrice":0.0804901379854183}
[2026-06-06T06:04:32.452Z] INFO Skipped trade. {"slug":"btc-updown-5m-1780725600","reason":"no_ask_liquidity_under_cap","outcome":"UP"}
[2026-06-06T06:04:32.452Z] INFO Skipped trade. {"slug":"eth-updown-5m-1780725600","reason":"no_ask_liquidity_under_cap","outcome":"UP"}
[2026-06-06T06:04:48.065Z] INFO Skipped trade. {"slug":"doge-updown-5m-1780725600","reason":"no_ask_liquidity_under_cap","outcome":"UP"}
[2026-06-06T06:05:01.375Z] INFO Tracking market. {"market":"BTC","slug":"btc-updown-5m-1780725900","title":"Bitcoin Up or Down - June 6, 2:05AM-2:10AM ET","end":"2026-06-06T06:10:00.000Z","upToken":"83044341249372129462343425502682872698828641550806245248877206615530689117838","downToken":"85137340018557626747466045592939736492291466125963427995701099285590958691713","orderMinSize":5,"tickSize":"0.01"}
[2026-06-06T06:05:01.398Z] INFO Captured Chainlink opening tick. {"slug":"btc-updown-5m-1780725900","openingPrice":61121.40333294864,"tickTimestamp":"2026-06-06T06:05:00.000Z"}
[2026-06-06T06:05:01.403Z] INFO Skipped trade. {"slug":"btc-updown-5m-1780725900","reason":"btc_distance_below_threshold","market":"BTC","minDistanceUsd":{"UP":12,"DOWN":12},"openingPrice":61121.40333294864,"currentPrice":61121.40333294864}
[2026-06-06T06:05:01.403Z] INFO Tracking market. {"market":"ETH","slug":"eth-updown-5m-1780725900","title":"Ethereum Up or Down - June 6, 2:05AM-2:10AM ET","end":"2026-06-06T06:10:00.000Z","upToken":"49224428093997380729247207697535422049274885504043440111982182373357490425779","downToken":"109485039190175078682724082719511732232533457428027915469316317612113165146505","orderMinSize":5,"tickSize":"0.01"}
[2026-06-06T06:05:01.411Z] INFO Captured Chainlink opening tick. {"slug":"eth-updown-5m-1780725900","openingPrice":1571.6843478903504,"tickTimestamp":"2026-06-06T06:05:00.000Z"}
[2026-06-06T06:05:01.415Z] INFO Skipped trade. {"slug":"eth-updown-5m-1780725900","reason":"btc_distance_below_threshold","market":"ETH","minDistanceUsd":{"UP":2,"DOWN":2},"openingPrice":1571.6843478903504,"currentPrice":1571.6843478903504}
[2026-06-06T06:05:01.415Z] INFO Tracking market. {"market":"DOGE","slug":"doge-updown-5m-1780725900","title":"Dogecoin Up or Down - June 6, 2:05AM-2:10AM ET","end":"2026-06-06T06:10:00.000Z","upToken":"80982743785352460060845980895108914637842459250252954965492245409411576821260","downToken":"72300522327544837731070544166872330025105884354632838067521037045515629156567","orderMinSize":5,"tickSize":"0.01"}
[2026-06-06T06:05:01.424Z] INFO Captured Chainlink opening tick. {"slug":"doge-updown-5m-1780725900","openingPrice":0.0808571863713478,"tickTimestamp":"2026-06-06T06:05:00.000Z"}
[2026-06-06T06:05:01.438Z] INFO Skipped trade. {"slug":"doge-updown-5m-1780725900","reason":"btc_distance_below_threshold","market":"DOGE","minDistanceUsd":{"UP":0.0003,"DOWN":0.0003},"openingPrice":0.0808571863713478,"currentPrice":0.0808571863713478}
[2026-06-06T06:09:29.192Z] INFO Skipped trade. {"slug":"btc-updown-5m-1780725900","reason":"no_ask_liquidity_under_cap","outcome":"DOWN"}
[2026-06-06T06:09:29.192Z] INFO Skipped trade. {"slug":"eth-updown-5m-1780725900","reason":"no_ask_liquidity_under_cap","outcome":"DOWN"}
[2026-06-06T06:10:01.405Z] INFO Tracking market. {"market":"BTC","slug":"btc-updown-5m-1780726200","title":"Bitcoin Up or Down - June 6, 2:10AM-2:15AM ET","end":"2026-06-06T06:15:00.000Z","upToken":"50113537928866736996324235709847220934910816427696448207065873010522396138529","downToken":"63370851503125337774857642893806318180201474228230899901355375614445285999227","orderMinSize":5,"tickSize":"0.01"}
[2026-06-06T06:10:01.449Z] INFO Captured Chainlink opening tick. {"slug":"btc-updown-5m-1780726200","openingPrice":61085.936395679506,"tickTimestamp":"2026-06-06T06:10:00.000Z"}
[2026-06-06T06:10:01.457Z] INFO Skipped trade. {"slug":"btc-updown-5m-1780726200","reason":"btc_distance_below_threshold","market":"BTC","minDistanceUsd":{"UP":12,"DOWN":12},"openingPrice":61085.936395679506,"currentPrice":61085.936395679506}
[2026-06-06T06:10:01.457Z] INFO Tracking market. {"market":"ETH","slug":"eth-updown-5m-1780726200","title":"Ethereum Up or Down - June 6, 2:10AM-2:15AM ET","end":"2026-06-06T06:15:00.000Z","upToken":"72321877199462408426109292523079812790176016771998530482610185449668837932868","downToken":"35787680268336932430959675364051537480791695019157835853538737093749718480203","orderMinSize":5,"tickSize":"0.01"}
[2026-06-06T06:10:01.457Z] INFO Skipped trade. {"slug":"eth-updown-5m-1780726200","reason":"missing_opening_chainlink_tick"}
[2026-06-06T06:10:01.458Z] INFO Tracking market. {"market":"DOGE","slug":"doge-updown-5m-1780726200","title":"Dogecoin Up or Down - June 6, 2:10AM-2:15AM ET","end":"2026-06-06T06:15:00.000Z","upToken":"17007933815120000971540105091534381074305271845223178534828029908787152459149","downToken":"62507423532508110057952508528543209864791250536650583707690983557102010715903","orderMinSize":5,"tickSize":"0.01"}
[2026-06-06T06:10:01.458Z] INFO Skipped trade. {"slug":"doge-updown-5m-1780726200","reason":"missing_opening_chainlink_tick"}
[2026-06-06T06:10:02.481Z] INFO Captured Chainlink opening tick. {"slug":"eth-updown-5m-1780726200","openingPrice":1572.2959668247595,"tickTimestamp":"2026-06-06T06:10:00.000Z"}
[2026-06-06T06:10:02.485Z] INFO Skipped trade. {"slug":"eth-updown-5m-1780726200","reason":"btc_distance_below_threshold","market":"ETH","minDistanceUsd":{"UP":2,"DOWN":2},"openingPrice":1572.2959668247595,"currentPrice":1572.2959668247595}
[2026-06-06T06:10:02.493Z] INFO Captured Chainlink opening tick. {"slug":"doge-updown-5m-1780726200","openingPrice":0.0809035612650074,"tickTimestamp":"2026-06-06T06:10:00.000Z"}
[2026-06-06T06:10:02.496Z] INFO Skipped trade. {"slug":"doge-updown-5m-1780726200","reason":"btc_distance_below_threshold","market":"DOGE","minDistanceUsd":{"UP":0.0003,"DOWN":0.0003},"openingPrice":0.0809035612650074,"currentPrice":0.0809035612650074}
[2026-06-06T06:14:30.710Z] INFO Skipped trade. {"slug":"btc-updown-5m-1780726200","reason":"no_ask_liquidity_under_cap","outcome":"UP"}
[2026-06-06T06:14:30.710Z] INFO Skipped trade. {"slug":"eth-updown-5m-1780726200","reason":"no_ask_liquidity_under_cap","outcome":"UP"}
[2026-06-06T06:15:01.195Z] INFO Tracking market. {"market":"BTC","slug":"btc-updown-5m-1780726500","title":"Bitcoin Up or Down - June 6, 2:15AM-2:20AM ET","end":"2026-06-06T06:20:00.000Z","upToken":"100290078829275176896712517483109280770366241425763377631777984779919577451229","downToken":"51708892410830141531624005383107565845181816974207693539880231108517262884491","orderMinSize":5,"tickSize":"0.01"}
[2026-06-06T06:15:01.213Z] INFO Captured Chainlink opening tick. {"slug":"btc-updown-5m-1780726500","openingPrice":61126.296703270666,"tickTimestamp":"2026-06-06T06:15:00.000Z"}
[2026-06-06T06:15:01.219Z] INFO Skipped trade. {"slug":"btc-updown-5m-1780726500","reason":"btc_distance_below_threshold","market":"BTC","minDistanceUsd":{"UP":12,"DOWN":12},"openingPrice":61126.296703270666,"currentPrice":61126.296703270666}
[2026-06-06T06:15:01.219Z] INFO Tracking market. {"market":"ETH","slug":"eth-updown-5m-1780726500","title":"Ethereum Up or Down - June 6, 2:15AM-2:20AM ET","end":"2026-06-06T06:20:00.000Z","upToken":"45553365859356217770648666297686435188876284764077906568144071256966138142696","downToken":"105804003595230105147455240348011027792014227219555514243750552749030134971374","orderMinSize":5,"tickSize":"0.01"}
[2026-06-06T06:15:01.219Z] INFO Skipped trade. {"slug":"eth-updown-5m-1780726500","reason":"missing_opening_chainlink_tick"}
[2026-06-06T06:15:01.219Z] INFO Tracking market. {"market":"DOGE","slug":"doge-updown-5m-1780726500","title":"Dogecoin Up or Down - June 6, 2:15AM-2:20AM ET","end":"2026-06-06T06:20:00.000Z","upToken":"59688943402875572170709358624367288830749691840988516401140448817762015886041","downToken":"8450938978836178985840966664129956532435611511322440146422799086198089792134","orderMinSize":5,"tickSize":"0.01"}
[2026-06-06T06:15:01.219Z] INFO Skipped trade. {"slug":"doge-updown-5m-1780726500","reason":"missing_opening_chainlink_tick"}
[2026-06-06T06:15:02.254Z] INFO Captured Chainlink opening tick. {"slug":"eth-updown-5m-1780726500","openingPrice":1575.349405,"tickTimestamp":"2026-06-06T06:15:00.000Z"}
[2026-06-06T06:15:02.262Z] INFO Skipped trade. {"slug":"eth-updown-5m-1780726500","reason":"btc_distance_below_threshold","market":"ETH","minDistanceUsd":{"UP":2,"DOWN":2},"openingPrice":1575.349405,"currentPrice":1575.338975}
[2026-06-06T06:15:02.280Z] INFO Captured Chainlink opening tick. {"slug":"doge-updown-5m-1780726500","openingPrice":0.0809908012282074,"tickTimestamp":"2026-06-06T06:15:00.000Z"}
[2026-06-06T06:15:02.287Z] INFO Skipped trade. {"slug":"doge-updown-5m-1780726500","reason":"btc_distance_below_threshold","market":"DOGE","minDistanceUsd":{"UP":0.0003,"DOWN":0.0003},"openingPrice":0.0809908012282074,"currentPrice":0.0809897}
[2026-06-06T06:19:29.629Z] INFO Skipped trade. {"slug":"btc-updown-5m-1780726500","reason":"no_ask_liquidity_under_cap","outcome":"DOWN"}
[2026-06-06T06:19:29.629Z] INFO Skipped trade. {"slug":"eth-updown-5m-1780726500","reason":"no_ask_liquidity_under_cap","outcome":"DOWN"}
[2026-06-06T06:20:01.912Z] INFO Tracking market. {"market":"BTC","slug":"btc-updown-5m-1780726800","title":"Bitcoin Up or Down - June 6, 2:20AM-2:25AM ET","end":"2026-06-06T06:25:00.000Z","upToken":"86418450486426142179230383312755732570526318213772303286318520026105105898091","downToken":"61256956175415483801162700583048742782405624942067087383109343094282257141899","orderMinSize":5,"tickSize":"0.01"}
[2026-06-06T06:20:01.926Z] INFO Captured Chainlink opening tick. {"slug":"btc-updown-5m-1780726800","openingPrice":61005.36778464455,"tickTimestamp":"2026-06-06T06:20:00.000Z"}
[2026-06-06T06:20:01.930Z] INFO Skipped trade. {"slug":"btc-updown-5m-1780726800","reason":"btc_distance_below_threshold","market":"BTC","minDistanceUsd":{"UP":12,"DOWN":12},"openingPrice":61005.36778464455,"currentPrice":61004.89812985657}
[2026-06-06T06:20:01.930Z] INFO Tracking market. {"market":"ETH","slug":"eth-updown-5m-1780726800","title":"Ethereum Up or Down - June 6, 2:20AM-2:25AM ET","end":"2026-06-06T06:25:00.000Z","upToken":"47250628973500974473926159826612958442817636291468969802798664554292373254542","downToken":"99336706079419370672491116390885514725285446604495577919037911793569577619687","orderMinSize":5,"tickSize":"0.01"}
[2026-06-06T06:20:01.930Z] INFO Skipped trade. {"slug":"eth-updown-5m-1780726800","reason":"missing_opening_chainlink_tick"}
[2026-06-06T06:20:01.930Z] INFO Tracking market. {"market":"DOGE","slug":"doge-updown-5m-1780726800","title":"Dogecoin Up or Down - June 6, 2:20AM-2:25AM ET","end":"2026-06-06T06:25:00.000Z","upToken":"71637974112857802583830390793769656357338437309955800752604727927726777211810","downToken":"3630811331745877174967491396541791386374835815177489593559417374626340832591","orderMinSize":5,"tickSize":"0.01"}
[2026-06-06T06:20:01.930Z] INFO Skipped trade. {"slug":"doge-updown-5m-1780726800","reason":"missing_opening_chainlink_tick"}
[2026-06-06T06:20:02.953Z] INFO Captured Chainlink opening tick. {"slug":"eth-updown-5m-1780726800","openingPrice":1571.7691593287896,"tickTimestamp":"2026-06-06T06:20:00.000Z"}
[2026-06-06T06:20:02.958Z] INFO Skipped trade. {"slug":"eth-updown-5m-1780726800","reason":"btc_distance_below_threshold","market":"ETH","minDistanceUsd":{"UP":2,"DOWN":2},"openingPrice":1571.7691593287896,"currentPrice":1571.7912825870715}
[2026-06-06T06:20:02.967Z] INFO Captured Chainlink opening tick. {"slug":"doge-updown-5m-1780726800","openingPrice":0.080941,"tickTimestamp":"2026-06-06T06:20:00.000Z"}
[2026-06-06T06:20:02.971Z] INFO Skipped trade. {"slug":"doge-updown-5m-1780726800","reason":"btc_distance_below_threshold","market":"DOGE","minDistanceUsd":{"UP":0.0003,"DOWN":0.0003},"openingPrice":0.080941,"currentPrice":0.0809410094772904}
[2026-06-06T06:23:09.017Z] WARN RTDS websocket closed; reconnecting soon.
[2026-06-06T06:23:13.049Z] INFO Connected to Polymarket RTDS Chainlink feed.
[2026-06-06T06:24:31.266Z] INFO Skipped trade. {"slug":"btc-updown-5m-1780726800","reason":"no_ask_liquidity_under_cap","outcome":"UP"}
[2026-06-06T06:24:31.266Z] INFO Skipped trade. {"slug":"eth-updown-5m-1780726800","reason":"no_ask_liquidity_under_cap","outcome":"UP"}
[2026-06-06T06:24:31.266Z] INFO Skipped trade. {"slug":"doge-updown-5m-1780726800","reason":"no_ask_liquidity_under_cap","outcome":"UP"}
[2026-06-06T06:25:02.372Z] INFO Tracking market. {"market":"BTC","slug":"btc-updown-5m-1780727100","title":"Bitcoin Up or Down - June 6, 2:25AM-2:30AM ET","end":"2026-06-06T06:30:00.000Z","upToken":"84644949559905259910163086524155495729877436740297116698083860430215978925833","downToken":"50385541423297192978211660961198519274350621230207036759770587238707397697708","orderMinSize":5,"tickSize":"0.01"}
[2026-06-06T06:25:02.391Z] INFO Captured Chainlink opening tick. {"slug":"btc-updown-5m-1780727100","openingPrice":61089.257329353844,"tickTimestamp":"2026-06-06T06:25:00.000Z"}
[2026-06-06T06:25:02.396Z] INFO Skipped trade. {"slug":"btc-updown-5m-1780727100","reason":"btc_distance_below_threshold","market":"BTC","minDistanceUsd":{"UP":12,"DOWN":12},"openingPrice":61089.257329353844,"currentPrice":61089.394432528985}
[2026-06-06T06:25:02.396Z] INFO Tracking market. {"market":"ETH","slug":"eth-updown-5m-1780727100","title":"Ethereum Up or Down - June 6, 2:25AM-2:30AM ET","end":"2026-06-06T06:30:00.000Z","upToken":"62479604874783846006403805685341612038132655752701158089525531987629086994881","downToken":"90529039854486663170759706005314481067143732785656602525370155890822463745382","orderMinSize":5,"tickSize":"0.01"}
[2026-06-06T06:25:02.396Z] INFO Skipped trade. {"slug":"eth-updown-5m-1780727100","reason":"missing_opening_chainlink_tick"}
[2026-06-06T06:25:02.396Z] INFO Tracking market. {"market":"DOGE","slug":"doge-updown-5m-1780727100","title":"Dogecoin Up or Down - June 6, 2:25AM-2:30AM ET","end":"2026-06-06T06:30:00.000Z","upToken":"59026595278019280361818980979245714095802329822625654874609510937975590643177","downToken":"79041338284497129222627856315530111206185994576846383402955271879467232278291","orderMinSize":5,"tickSize":"0.01"}
[2026-06-06T06:25:02.396Z] INFO Skipped trade. {"slug":"doge-updown-5m-1780727100","reason":"missing_opening_chainlink_tick"}
[2026-06-06T06:25:03.420Z] INFO Captured Chainlink opening tick. {"slug":"eth-updown-5m-1780727100","openingPrice":1576.5090676457971,"tickTimestamp":"2026-06-06T06:25:00.000Z"}
[2026-06-06T06:25:03.426Z] INFO Skipped trade. {"slug":"eth-updown-5m-1780727100","reason":"btc_distance_below_threshold","market":"ETH","minDistanceUsd":{"UP":2,"DOWN":2},"openingPrice":1576.5090676457971,"currentPrice":1576.52725}
[2026-06-06T06:25:03.442Z] INFO Captured Chainlink opening tick. {"slug":"doge-updown-5m-1780727100","openingPrice":0.0813197,"tickTimestamp":"2026-06-06T06:25:00.000Z"}
[2026-06-06T06:25:03.446Z] INFO Skipped trade. {"slug":"doge-updown-5m-1780727100","reason":"btc_distance_below_threshold","market":"DOGE","minDistanceUsd":{"UP":0.0003,"DOWN":0.0003},"openingPrice":0.0813197,"currentPrice":0.081321362}
[2026-06-06T06:25:35.524Z] WARN Bot loop iteration failed; retrying. {"error":"fetch failed"}
[2026-06-06T06:29:29.974Z] INFO Skipped trade. {"slug":"btc-updown-5m-1780727100","reason":"no_ask_liquidity_under_cap","outcome":"DOWN"}
[2026-06-06T06:29:29.974Z] INFO Skipped trade. {"slug":"eth-updown-5m-1780727100","reason":"no_ask_liquidity_under_cap","outcome":"DOWN"}
[2026-06-06T06:30:02.552Z] INFO Tracking market. {"market":"BTC","slug":"btc-updown-5m-1780727400","title":"Bitcoin Up or Down - June 6, 2:30AM-2:35AM ET","end":"2026-06-06T06:35:00.000Z","upToken":"53637294698493932766362231356903671859478867531662167336331928045108285640897","downToken":"103471296286510421228869395938173640519973765474854045536667411052233387574917","orderMinSize":5,"tickSize":"0.01"}
[2026-06-06T06:30:02.576Z] INFO Captured Chainlink opening tick. {"slug":"btc-updown-5m-1780727400","openingPrice":60997.637627379256,"tickTimestamp":"2026-06-06T06:30:00.000Z"}
[2026-06-06T06:30:02.585Z] INFO Skipped trade. {"slug":"btc-updown-5m-1780727400","reason":"btc_distance_below_threshold","market":"BTC","minDistanceUsd":{"UP":12,"DOWN":12},"openingPrice":60997.637627379256,"currentPrice":60997.007644159414}
[2026-06-06T06:30:02.586Z] INFO Tracking market. {"market":"ETH","slug":"eth-updown-5m-1780727400","title":"Ethereum Up or Down - June 6, 2:30AM-2:35AM ET","end":"2026-06-06T06:35:00.000Z","upToken":"24119542041111901503605175630724588238843273642134416035255658921477165143532","downToken":"110290807159346621622063176871365932552075444047658930739000236151495901210904","orderMinSize":5,"tickSize":"0.01"}
[2026-06-06T06:30:02.586Z] INFO Skipped trade. {"slug":"eth-updown-5m-1780727400","reason":"missing_opening_chainlink_tick"}
[2026-06-06T06:30:02.586Z] INFO Tracking market. {"market":"DOGE","slug":"doge-updown-5m-1780727400","title":"Dogecoin Up or Down - June 6, 2:30AM-2:35AM ET","end":"2026-06-06T06:35:00.000Z","upToken":"65657462559383769546466822341085234366847720506573089454457973977123283354542","downToken":"95302860976405214206587291250236280546059850770532201803605012041732101362683","orderMinSize":5,"tickSize":"0.01"}
[2026-06-06T06:30:02.587Z] INFO Skipped trade. {"slug":"doge-updown-5m-1780727400","reason":"missing_opening_chainlink_tick"}
[2026-06-06T06:30:03.606Z] INFO Captured Chainlink opening tick. {"slug":"eth-updown-5m-1780727400","openingPrice":1573.9429580930027,"tickTimestamp":"2026-06-06T06:30:00.000Z"}
[2026-06-06T06:30:03.611Z] INFO Skipped trade. {"slug":"eth-updown-5m-1780727400","reason":"btc_distance_below_threshold","market":"ETH","minDistanceUsd":{"UP":2,"DOWN":2},"openingPrice":1573.9429580930027,"currentPrice":1574.0486084939348}
[2026-06-06T06:30:03.621Z] INFO Captured Chainlink opening tick. {"slug":"doge-updown-5m-1780727400","openingPrice":0.0811712346446653,"tickTimestamp":"2026-06-06T06:30:00.000Z"}
[2026-06-06T06:30:03.625Z] INFO Skipped trade. {"slug":"doge-updown-5m-1780727400","reason":"btc_distance_below_threshold","market":"DOGE","minDistanceUsd":{"UP":0.0003,"DOWN":0.0003},"openingPrice":0.0811712346446653,"currentPrice":0.081169416417735}
[2026-06-06T06:31:07.014Z] WARN RTDS websocket closed; reconnecting soon.
[2026-06-06T06:31:12.163Z] INFO Connected to Polymarket RTDS Chainlink feed.
[2026-06-06T06:33:56.194Z] INFO Skipped trade. {"slug":"eth-updown-5m-1780727400","reason":"stale_chainlink_tick","tickTimestamp":"2026-06-06T06:33:46.000Z"}
[2026-06-06T06:33:56.195Z] INFO Skipped trade. {"slug":"doge-updown-5m-1780727400","reason":"stale_chainlink_tick","tickTimestamp":"2026-06-06T06:33:46.000Z"}
[2026-06-06T06:34:29.982Z] INFO Skipped trade. {"slug":"btc-updown-5m-1780727400","reason":"no_ask_liquidity_under_cap","outcome":"DOWN"}
[2026-06-06T06:34:59.516Z] INFO Skipped trade. {"slug":"eth-updown-5m-1780727400","reason":"no_ask_liquidity_under_cap","outcome":"DOWN"}
[2026-06-06T06:35:00.722Z] INFO Tracking market. {"market":"BTC","slug":"btc-updown-5m-1780727700","title":"Bitcoin Up or Down - June 6, 2:35AM-2:40AM ET","end":"2026-06-06T06:40:00.000Z","upToken":"15485600847787924025644289289783477668754390600191993476436567477991734586086","downToken":"80576805860028289430424638551126991533848171487177144212386638424317802829846","orderMinSize":5,"tickSize":"0.01"}
[2026-06-06T06:35:00.736Z] INFO Captured Chainlink opening tick. {"slug":"btc-updown-5m-1780727700","openingPrice":60947.85248959153,"tickTimestamp":"2026-06-06T06:35:00.000Z"}
[2026-06-06T06:35:00.740Z] INFO Skipped trade. {"slug":"btc-updown-5m-1780727700","reason":"btc_distance_below_threshold","market":"BTC","minDistanceUsd":{"UP":12,"DOWN":12},"openingPrice":60947.85248959153,"currentPrice":60947.85248959153}
[2026-06-06T06:35:00.740Z] INFO Tracking market. {"market":"ETH","slug":"eth-updown-5m-1780727700","title":"Ethereum Up or Down - June 6, 2:35AM-2:40AM ET","end":"2026-06-06T06:40:00.000Z","upToken":"3245958498713771731092947035222958254432950499667809737819150728597876213831","downToken":"13320736345040647472026409710691519720839305771291376208379199147043757645363","orderMinSize":5,"tickSize":"0.01"}
[2026-06-06T06:35:00.740Z] INFO Skipped trade. {"slug":"eth-updown-5m-1780727700","reason":"missing_opening_chainlink_tick"}
[2026-06-06T06:35:00.740Z] INFO Tracking market. {"market":"DOGE","slug":"doge-updown-5m-1780727700","title":"Dogecoin Up or Down - June 6, 2:35AM-2:40AM ET","end":"2026-06-06T06:40:00.000Z","upToken":"2451448926734902500984054605688646179554669729212431888877528232015572145837","downToken":"39742175359980625850820293918929562135245274372933755960442602502006115439774","orderMinSize":5,"tickSize":"0.01"}
[2026-06-06T06:35:00.740Z] INFO Skipped trade. {"slug":"doge-updown-5m-1780727700","reason":"missing_opening_chainlink_tick"}
[2026-06-06T06:35:03.785Z] INFO Captured Chainlink opening tick. {"slug":"eth-updown-5m-1780727700","openingPrice":1571.261965,"tickTimestamp":"2026-06-06T06:35:00.000Z"}
[2026-06-06T06:35:03.788Z] INFO Skipped trade. {"slug":"eth-updown-5m-1780727700","reason":"btc_distance_below_threshold","market":"ETH","minDistanceUsd":{"UP":2,"DOWN":2},"openingPrice":1571.261965,"currentPrice":1571.6455623968923}
[2026-06-06T06:35:03.797Z] INFO Captured Chainlink opening tick. {"slug":"doge-updown-5m-1780727700","openingPrice":0.0809211,"tickTimestamp":"2026-06-06T06:35:00.000Z"}
[2026-06-06T06:35:03.801Z] INFO Skipped trade. {"slug":"doge-updown-5m-1780727700","reason":"btc_distance_below_threshold","market":"DOGE","minDistanceUsd":{"UP":0.0003,"DOWN":0.0003},"openingPrice":0.0809211,"currentPrice":0.080966558}
[2026-06-06T06:39:29.901Z] INFO Skipped trade. {"slug":"btc-updown-5m-1780727700","reason":"no_ask_liquidity_under_cap","outcome":"UP"}
[2026-06-06T06:39:41.507Z] INFO Trade attempt recorded. {"mode":"sim","slug":"btc-updown-5m-1780727700","outcome":"UP","amountUsd":5,"bestAsk":0.58,"estimatedShares":8.620689655172415}
[2026-06-06T06:39:42.982Z] INFO Skipped trade. {"slug":"btc-updown-5m-1780727700","reason":"market_already_traded"}
[2026-06-06T06:40:02.268Z] INFO Resolved trade. {"mode":"sim","slug":"btc-updown-5m-1780727700","outcome":"UP","winningOutcome":"UP","won":true,"finalPrice":60974.62742096267}
[2026-06-06T06:40:02.669Z] INFO Tracking market. {"market":"BTC","slug":"btc-updown-5m-1780728000","title":"Bitcoin Up or Down - June 6, 2:40AM-2:45AM ET","end":"2026-06-06T06:45:00.000Z","upToken":"2130735114554184706227387368570925892891507746701530151505279989274378404009","downToken":"56219882108880832558905047333772862547264997375589110398357013596203970524579","orderMinSize":5,"tickSize":"0.01"}
[2026-06-06T06:40:02.682Z] INFO Captured Chainlink opening tick. {"slug":"btc-updown-5m-1780728000","openingPrice":60973.22947756899,"tickTimestamp":"2026-06-06T06:40:00.000Z"}
[2026-06-06T06:40:02.685Z] INFO Skipped trade. {"slug":"btc-updown-5m-1780728000","reason":"btc_distance_below_threshold","market":"BTC","minDistanceUsd":{"UP":12,"DOWN":12},"openingPrice":60973.22947756899,"currentPrice":60974.62742096267}
[2026-06-06T06:40:02.685Z] INFO Tracking market. {"market":"ETH","slug":"eth-updown-5m-1780728000","title":"Ethereum Up or Down - June 6, 2:40AM-2:45AM ET","end":"2026-06-06T06:45:00.000Z","upToken":"2875475127106693191353067637877259399539854918333574993159696626648569038677","downToken":"68905229842702824043719526909430617589281139298825083650300435961428754608786","orderMinSize":5,"tickSize":"0.01"}
[2026-06-06T06:40:02.685Z] INFO Skipped trade. {"slug":"eth-updown-5m-1780728000","reason":"missing_opening_chainlink_tick"}
[2026-06-06T06:40:02.685Z] INFO Tracking market. {"market":"DOGE","slug":"doge-updown-5m-1780728000","title":"Dogecoin Up or Down - June 6, 2:40AM-2:45AM ET","end":"2026-06-06T06:45:00.000Z","upToken":"82969002313462185421313535502001432658454849811285862904005079733274728614841","downToken":"17417335922082680495251024522189831962857809289982708135663652017345721136611","orderMinSize":5,"tickSize":"0.01"}
[2026-06-06T06:40:02.686Z] INFO Skipped trade. {"slug":"doge-updown-5m-1780728000","reason":"missing_opening_chainlink_tick"}
[2026-06-06T06:40:03.718Z] INFO Captured Chainlink opening tick. {"slug":"eth-updown-5m-1780728000","openingPrice":1570.694,"tickTimestamp":"2026-06-06T06:40:00.000Z"}
[2026-06-06T06:40:03.722Z] INFO Skipped trade. {"slug":"eth-updown-5m-1780728000","reason":"btc_distance_below_threshold","market":"ETH","minDistanceUsd":{"UP":2,"DOWN":2},"openingPrice":1570.694,"currentPrice":1570.8961639735055}
[2026-06-06T06:40:03.730Z] INFO Captured Chainlink opening tick. {"slug":"doge-updown-5m-1780728000","openingPrice":0.0810593,"tickTimestamp":"2026-06-06T06:40:00.000Z"}
[2026-06-06T06:40:03.733Z] INFO Skipped trade. {"slug":"doge-updown-5m-1780728000","reason":"btc_distance_below_threshold","market":"DOGE","minDistanceUsd":{"UP":0.0003,"DOWN":0.0003},"openingPrice":0.0810593,"currentPrice":0.0810621}
[2026-06-06T06:44:29.365Z] INFO Skipped trade. {"slug":"btc-updown-5m-1780728000","reason":"no_ask_liquidity_under_cap","outcome":"DOWN"}
[2026-06-06T06:44:29.365Z] INFO Skipped trade. {"slug":"eth-updown-5m-1780728000","reason":"no_ask_liquidity_under_cap","outcome":"DOWN"}
[2026-06-06T06:45:00.534Z] INFO Tracking market. {"market":"BTC","slug":"btc-updown-5m-1780728300","title":"Bitcoin Up or Down - June 6, 2:45AM-2:50AM ET","end":"2026-06-06T06:50:00.000Z","upToken":"115540792827262414751044334912828665161388906347890544395111279694648125835506","downToken":"9238324329657592673926564500826501210316729864088524031269101633967538527156","orderMinSize":5,"tickSize":"0.01"}
[2026-06-06T06:45:00.534Z] INFO Skipped trade. {"slug":"btc-updown-5m-1780728300","reason":"missing_opening_chainlink_tick"}
[2026-06-06T06:45:00.534Z] INFO Tracking market. {"market":"ETH","slug":"eth-updown-5m-1780728300","title":"Ethereum Up or Down - June 6, 2:45AM-2:50AM ET","end":"2026-06-06T06:50:00.000Z","upToken":"87067425349600600564152636721853037823298439849169233379960403821466950475912","downToken":"71390506537784771438640675820940361525963253172708218510534680839054042286158","orderMinSize":5,"tickSize":"0.01"}
[2026-06-06T06:45:00.534Z] INFO Skipped trade. {"slug":"eth-updown-5m-1780728300","reason":"missing_opening_chainlink_tick"}
[2026-06-06T06:45:00.534Z] INFO Tracking market. {"market":"DOGE","slug":"doge-updown-5m-1780728300","title":"Dogecoin Up or Down - June 6, 2:45AM-2:50AM ET","end":"2026-06-06T06:50:00.000Z","upToken":"71593992468878403813842634628962408729962654973209687251288848244790553274346","downToken":"58988290752657543534710864451584032661743516208036888535900966369718236498849","orderMinSize":5,"tickSize":"0.01"}
[2026-06-06T06:45:00.534Z] INFO Skipped trade. {"slug":"doge-updown-5m-1780728300","reason":"missing_opening_chainlink_tick"}
[2026-06-06T06:45:01.565Z] INFO Captured Chainlink opening tick. {"slug":"btc-updown-5m-1780728300","openingPrice":60784.30226,"tickTimestamp":"2026-06-06T06:45:00.000Z"}
[2026-06-06T06:45:01.572Z] INFO Skipped trade. {"slug":"btc-updown-5m-1780728300","reason":"btc_distance_below_threshold","market":"BTC","minDistanceUsd":{"UP":12,"DOWN":12},"openingPrice":60784.30226,"currentPrice":60780.03780065121}
[2026-06-06T06:45:04.615Z] INFO Captured Chainlink opening tick. {"slug":"eth-updown-5m-1780728300","openingPrice":1563.0564680283755,"tickTimestamp":"2026-06-06T06:45:00.000Z"}
[2026-06-06T06:45:04.623Z] INFO Skipped trade. {"slug":"eth-updown-5m-1780728300","reason":"btc_distance_below_threshold","market":"ETH","minDistanceUsd":{"UP":2,"DOWN":2},"openingPrice":1563.0564680283755,"currentPrice":1563.2217010155764}
[2026-06-06T06:45:04.644Z] INFO Captured Chainlink opening tick. {"slug":"doge-updown-5m-1780728300","openingPrice":0.0807884,"tickTimestamp":"2026-06-06T06:45:00.000Z"}
[2026-06-06T06:45:04.648Z] INFO Skipped trade. {"slug":"doge-updown-5m-1780728300","reason":"btc_distance_below_threshold","market":"DOGE","minDistanceUsd":{"UP":0.0003,"DOWN":0.0003},"openingPrice":0.0807884,"currentPrice":0.0807599}
[2026-06-06T06:49:29.348Z] INFO Skipped trade. {"slug":"btc-updown-5m-1780728300","reason":"no_ask_liquidity_under_cap","outcome":"UP"}
[2026-06-06T06:49:56.303Z] INFO Trade attempt recorded. {"mode":"sim","slug":"btc-updown-5m-1780728300","outcome":"UP","amountUsd":5,"bestAsk":0.45,"estimatedShares":11.11111111111111}
[2026-06-06T06:49:58.008Z] INFO Skipped trade. {"slug":"btc-updown-5m-1780728300","reason":"market_already_traded"}
[2026-06-06T06:50:01.482Z] INFO Resolved trade. {"mode":"sim","slug":"btc-updown-5m-1780728300","outcome":"UP","winningOutcome":"DOWN","won":false,"finalPrice":60782.033291849075}
[2026-06-06T06:50:01.772Z] INFO Tracking market. {"market":"BTC","slug":"btc-updown-5m-1780728600","title":"Bitcoin Up or Down - June 6, 2:50AM-2:55AM ET","end":"2026-06-06T06:55:00.000Z","upToken":"44379363889205198278286380560742893550367035651923389093262575919638602776652","downToken":"110533488162373052359925213700609540604632393165289696885182374426178276491488","orderMinSize":5,"tickSize":"0.01"}
[2026-06-06T06:50:01.780Z] INFO Captured Chainlink opening tick. {"slug":"btc-updown-5m-1780728600","openingPrice":60782.033291849075,"tickTimestamp":"2026-06-06T06:50:00.000Z"}
[2026-06-06T06:50:01.784Z] INFO Skipped trade. {"slug":"btc-updown-5m-1780728600","reason":"btc_distance_below_threshold","market":"BTC","minDistanceUsd":{"UP":12,"DOWN":12},"openingPrice":60782.033291849075,"currentPrice":60782.033291849075}
[2026-06-06T06:50:01.784Z] INFO Tracking market. {"market":"ETH","slug":"eth-updown-5m-1780728600","title":"Ethereum Up or Down - June 6, 2:50AM-2:55AM ET","end":"2026-06-06T06:55:00.000Z","upToken":"42140694019320334997696651719867624082815816142035102450781294563618296849076","downToken":"74829359270053594378001448733899623086669255850506061716952671925104211934952","orderMinSize":5,"tickSize":"0.01"}
[2026-06-06T06:50:01.785Z] INFO Skipped trade. {"slug":"eth-updown-5m-1780728600","reason":"missing_opening_chainlink_tick"}
[2026-06-06T06:50:01.785Z] INFO Tracking market. {"market":"DOGE","slug":"doge-updown-5m-1780728600","title":"Dogecoin Up or Down - June 6, 2:50AM-2:55AM ET","end":"2026-06-06T06:55:00.000Z","upToken":"5302971111651306166155127970503251736004839557424994638358447585446903584379","downToken":"99633539155915664090510085982436401189548537834074185164129408706114386117624","orderMinSize":5,"tickSize":"0.01"}
[2026-06-06T06:50:01.785Z] INFO Skipped trade. {"slug":"doge-updown-5m-1780728600","reason":"missing_opening_chainlink_tick"}
[2026-06-06T06:50:04.835Z] INFO Captured Chainlink opening tick. {"slug":"eth-updown-5m-1780728600","openingPrice":1561.305117388662,"tickTimestamp":"2026-06-06T06:50:00.000Z"}
[2026-06-06T06:50:04.839Z] INFO Skipped trade. {"slug":"eth-updown-5m-1780728600","reason":"btc_distance_below_threshold","market":"ETH","minDistanceUsd":{"UP":2,"DOWN":2},"openingPrice":1561.305117388662,"currentPrice":1561.459235}
[2026-06-06T06:50:04.847Z] INFO Captured Chainlink opening tick. {"slug":"doge-updown-5m-1780728600","openingPrice":0.0805510981420566,"tickTimestamp":"2026-06-06T06:50:00.000Z"}
[2026-06-06T06:50:04.850Z] INFO Skipped trade. {"slug":"doge-updown-5m-1780728600","reason":"btc_distance_below_threshold","market":"DOGE","minDistanceUsd":{"UP":0.0003,"DOWN":0.0003},"openingPrice":0.0805510981420566,"currentPrice":0.0805692}
[2026-06-06T06:54:28.734Z] INFO Skipped trade. {"slug":"btc-updown-5m-1780728600","reason":"no_ask_liquidity_under_cap","outcome":"UP"}
[2026-06-06T06:54:36.806Z] INFO Trade attempt recorded. {"mode":"sim","slug":"btc-updown-5m-1780728600","outcome":"UP","amountUsd":5,"bestAsk":0.57,"estimatedShares":8.771929824561404}
[2026-06-06T06:54:38.051Z] INFO Skipped trade. {"slug":"btc-updown-5m-1780728600","reason":"market_already_traded"}
[2026-06-06T06:55:00.792Z] INFO Tracking market. {"market":"BTC","slug":"btc-updown-5m-1780728900","title":"Bitcoin Up or Down - June 6, 2:55AM-3:00AM ET","end":"2026-06-06T07:00:00.000Z","upToken":"83679559026337248305184627010115969361977854240366336186362598267873758047526","downToken":"100466128682444365665282240651829166043252425281957202072489525596236286793050","orderMinSize":5,"tickSize":"0.01"}
[2026-06-06T06:55:00.801Z] INFO Captured Chainlink opening tick. {"slug":"btc-updown-5m-1780728900","openingPrice":60795.758499230935,"tickTimestamp":"2026-06-06T06:55:00.000Z"}
[2026-06-06T06:55:00.806Z] INFO Skipped trade. {"slug":"btc-updown-5m-1780728900","reason":"btc_distance_below_threshold","market":"BTC","minDistanceUsd":{"UP":12,"DOWN":12},"openingPrice":60795.758499230935,"currentPrice":60795.758499230935}
[2026-06-06T06:55:00.806Z] INFO Tracking market. {"market":"ETH","slug":"eth-updown-5m-1780728900","title":"Ethereum Up or Down - June 6, 2:55AM-3:00AM ET","end":"2026-06-06T07:00:00.000Z","upToken":"96543242566402718020189723918334203227925713636447218813450105975401643061605","downToken":"25818608400272837105208664561497644598947247564168674533101201280309467408042","orderMinSize":5,"tickSize":"0.01"}
[2026-06-06T06:55:00.806Z] INFO Skipped trade. {"slug":"eth-updown-5m-1780728900","reason":"missing_opening_chainlink_tick"}
[2026-06-06T06:55:00.806Z] INFO Tracking market. {"market":"DOGE","slug":"doge-updown-5m-1780728900","title":"Dogecoin Up or Down - June 6, 2:55AM-3:00AM ET","end":"2026-06-06T07:00:00.000Z","upToken":"6035212518020389241892120955463008300556725190403833505457428865268841782021","downToken":"62388755933942879327084970537573892813732805280977412940903263057344857358349","orderMinSize":5,"tickSize":"0.01"}
[2026-06-06T06:55:00.806Z] INFO Skipped trade. {"slug":"doge-updown-5m-1780728900","reason":"missing_opening_chainlink_tick"}
[2026-06-06T06:55:01.818Z] INFO Resolved trade. {"mode":"sim","slug":"btc-updown-5m-1780728600","outcome":"UP","winningOutcome":"UP","won":true,"finalPrice":60795.87490919726}
[2026-06-06T06:55:04.854Z] INFO Captured Chainlink opening tick. {"slug":"eth-updown-5m-1780728900","openingPrice":1560.55055,"tickTimestamp":"2026-06-06T06:55:00.000Z"}
[2026-06-06T06:55:04.858Z] INFO Skipped trade. {"slug":"eth-updown-5m-1780728900","reason":"btc_distance_below_threshold","market":"ETH","minDistanceUsd":{"UP":2,"DOWN":2},"openingPrice":1560.55055,"currentPrice":1560.3151427401135}
[2026-06-06T06:55:04.866Z] INFO Captured Chainlink opening tick. {"slug":"doge-updown-5m-1780728900","openingPrice":0.0804625959739957,"tickTimestamp":"2026-06-06T06:55:00.000Z"}
[2026-06-06T06:55:04.870Z] INFO Skipped trade. {"slug":"doge-updown-5m-1780728900","reason":"btc_distance_below_threshold","market":"DOGE","minDistanceUsd":{"UP":0.0003,"DOWN":0.0003},"openingPrice":0.0804625959739957,"currentPrice":0.0804262}
[2026-06-06T06:59:29.741Z] INFO Skipped trade. {"slug":"btc-updown-5m-1780728900","reason":"no_ask_liquidity_under_cap","outcome":"DOWN"}
[2026-06-06T06:59:29.742Z] INFO Skipped trade. {"slug":"eth-updown-5m-1780728900","reason":"no_ask_liquidity_under_cap","outcome":"DOWN"}
[2026-06-06T07:00:01.663Z] INFO Tracking market. {"market":"BTC","slug":"btc-updown-5m-1780729200","title":"Bitcoin Up or Down - June 6, 3:00AM-3:05AM ET","end":"2026-06-06T07:05:00.000Z","upToken":"104624082857769338506645422210347123581865410468702171387066272473253372516433","downToken":"73598362393834760501446835175732768382461262096966928543876350511874453492511","orderMinSize":5,"tickSize":"0.01"}
[2026-06-06T07:00:01.684Z] INFO Captured Chainlink opening tick. {"slug":"btc-updown-5m-1780729200","openingPrice":60756.708583818414,"tickTimestamp":"2026-06-06T07:00:00.000Z"}
[2026-06-06T07:00:01.687Z] INFO Skipped trade. {"slug":"btc-updown-5m-1780729200","reason":"btc_distance_below_threshold","market":"BTC","minDistanceUsd":{"UP":12,"DOWN":12},"openingPrice":60756.708583818414,"currentPrice":60757.1868354036}
[2026-06-06T07:00:01.688Z] INFO Tracking market. {"market":"ETH","slug":"eth-updown-5m-1780729200","title":"Ethereum Up or Down - June 6, 3:00AM-3:05AM ET","end":"2026-06-06T07:05:00.000Z","upToken":"38821376242390313061905767675551267294469800377416139158284096288144450203855","downToken":"10812574137121475598313925639434872990357591930401078214376694336827674739603","orderMinSize":5,"tickSize":"0.01"}
[2026-06-06T07:00:01.688Z] INFO Skipped trade. {"slug":"eth-updown-5m-1780729200","reason":"missing_opening_chainlink_tick"}
[2026-06-06T07:00:01.688Z] INFO Tracking market. {"market":"DOGE","slug":"doge-updown-5m-1780729200","title":"Dogecoin Up or Down - June 6, 3:00AM-3:05AM ET","end":"2026-06-06T07:05:00.000Z","upToken":"72102707112481203116298358284424737187187396102361909411172986842389537551973","downToken":"99102022206752939297050170763416878149336441430731675950559944460357473577617","orderMinSize":5,"tickSize":"0.01"}
[2026-06-06T07:00:01.688Z] INFO Skipped trade. {"slug":"doge-updown-5m-1780729200","reason":"missing_opening_chainlink_tick"}
[2026-06-06T07:00:05.733Z] INFO Captured Chainlink opening tick. {"slug":"eth-updown-5m-1780729200","openingPrice":1559.3709379300083,"tickTimestamp":"2026-06-06T07:00:00.000Z"}
[2026-06-06T07:00:05.739Z] INFO Skipped trade. {"slug":"eth-updown-5m-1780729200","reason":"btc_distance_below_threshold","market":"ETH","minDistanceUsd":{"UP":2,"DOWN":2},"openingPrice":1559.3709379300083,"currentPrice":1559.395275}
[2026-06-06T07:00:05.755Z] INFO Captured Chainlink opening tick. {"slug":"doge-updown-5m-1780729200","openingPrice":0.0803139102241265,"tickTimestamp":"2026-06-06T07:00:00.000Z"}
[2026-06-06T07:00:05.759Z] INFO Skipped trade. {"slug":"doge-updown-5m-1780729200","reason":"btc_distance_below_threshold","market":"DOGE","minDistanceUsd":{"UP":0.0003,"DOWN":0.0003},"openingPrice":0.0803139102241265,"currentPrice":0.0803312}
[2026-06-06T07:04:29.473Z] INFO Skipped trade. {"slug":"btc-updown-5m-1780729200","reason":"no_ask_liquidity_under_cap","outcome":"UP"}
[2026-06-06T07:05:01.210Z] INFO Tracking market. {"market":"BTC","slug":"btc-updown-5m-1780729500","title":"Bitcoin Up or Down - June 6, 3:05AM-3:10AM ET","end":"2026-06-06T07:10:00.000Z","upToken":"16714052540060913232170698060137296087291811351186894673579568931061123150377","downToken":"6038412943693400666120830595907684333226081909974432006902399801477249923077","orderMinSize":5,"tickSize":"0.01"}
[2026-06-06T07:05:01.229Z] INFO Captured Chainlink opening tick. {"slug":"btc-updown-5m-1780729500","openingPrice":60740.42554594813,"tickTimestamp":"2026-06-06T07:05:00.000Z"}
[2026-06-06T07:05:01.234Z] INFO Skipped trade. {"slug":"btc-updown-5m-1780729500","reason":"btc_distance_below_threshold","market":"BTC","minDistanceUsd":{"UP":12,"DOWN":12},"openingPrice":60740.42554594813,"currentPrice":60740.42554594813}
[2026-06-06T07:05:01.234Z] INFO Tracking market. {"market":"ETH","slug":"eth-updown-5m-1780729500","title":"Ethereum Up or Down - June 6, 3:05AM-3:10AM ET","end":"2026-06-06T07:10:00.000Z","upToken":"58051039044486103439263981166512471784449392021468407910908019990466413000748","downToken":"88662234980618212638598516251903178034236036741918697833359948482375210740674","orderMinSize":5,"tickSize":"0.01"}
[2026-06-06T07:05:01.244Z] INFO Captured Chainlink opening tick. {"slug":"eth-updown-5m-1780729500","openingPrice":1557.8257982821412,"tickTimestamp":"2026-06-06T07:05:00.000Z"}
[2026-06-06T07:05:01.248Z] INFO Skipped trade. {"slug":"eth-updown-5m-1780729500","reason":"btc_distance_below_threshold","market":"ETH","minDistanceUsd":{"UP":2,"DOWN":2},"openingPrice":1557.8257982821412,"currentPrice":1557.8257982821412}
[2026-06-06T07:05:01.248Z] INFO Tracking market. {"market":"DOGE","slug":"doge-updown-5m-1780729500","title":"Dogecoin Up or Down - June 6, 3:05AM-3:10AM ET","end":"2026-06-06T07:10:00.000Z","upToken":"63266171428710090579936839402274710383296668807937590142765689212498090111097","downToken":"90028227110869787334685453151799423752597129818000011025110400444695471374583","orderMinSize":5,"tickSize":"0.01"}
[2026-06-06T07:05:01.257Z] INFO Captured Chainlink opening tick. {"slug":"doge-updown-5m-1780729500","openingPrice":0.080348,"tickTimestamp":"2026-06-06T07:05:00.000Z"}
[2026-06-06T07:05:01.260Z] INFO Skipped trade. {"slug":"doge-updown-5m-1780729500","reason":"btc_distance_below_threshold","market":"DOGE","minDistanceUsd":{"UP":0.0003,"DOWN":0.0003},"openingPrice":0.080348,"currentPrice":0.080348}
[2026-06-06T07:09:28.639Z] INFO Skipped trade. {"slug":"btc-updown-5m-1780729500","reason":"no_ask_liquidity_under_cap","outcome":"UP"}
[2026-06-06T07:09:28.639Z] INFO Skipped trade. {"slug":"eth-updown-5m-1780729500","reason":"no_ask_liquidity_under_cap","outcome":"UP"}
[2026-06-06T07:09:28.640Z] INFO Skipped trade. {"slug":"doge-updown-5m-1780729500","reason":"no_ask_liquidity_under_cap","outcome":"UP"}
[2026-06-06T07:10:00.176Z] INFO Tracking market. {"market":"BTC","slug":"btc-updown-5m-1780729800","title":"Bitcoin Up or Down - June 6, 3:10AM-3:15AM ET","end":"2026-06-06T07:15:00.000Z","upToken":"19470440765137569968281485811874698522211834047213511363348526754299886127199","downToken":"15316463553843458619079121263979139345548234412130103627573063210485541756327","orderMinSize":5,"tickSize":"0.01"}
[2026-06-06T07:10:00.177Z] INFO Skipped trade. {"slug":"btc-updown-5m-1780729800","reason":"missing_opening_chainlink_tick"}
[2026-06-06T07:10:00.177Z] INFO Tracking market. {"market":"ETH","slug":"eth-updown-5m-1780729800","title":"Ethereum Up or Down - June 6, 3:10AM-3:15AM ET","end":"2026-06-06T07:15:00.000Z","upToken":"79995470018278292469023112060985945577015101578766867688512052328451813175809","downToken":"59001425825824333580463447803387833279481703419874615664967459254089704663772","orderMinSize":5,"tickSize":"0.01"}
[2026-06-06T07:10:00.177Z] INFO Skipped trade. {"slug":"eth-updown-5m-1780729800","reason":"missing_opening_chainlink_tick"}
[2026-06-06T07:10:00.177Z] INFO Tracking market. {"market":"DOGE","slug":"doge-updown-5m-1780729800","title":"Dogecoin Up or Down - June 6, 3:10AM-3:15AM ET","end":"2026-06-06T07:15:00.000Z","upToken":"3403082936046416596243593122982927788335916036741732298176134159930321355929","downToken":"99484649062287493300920959678073282444652798265097886034087607362732809002068","orderMinSize":5,"tickSize":"0.01"}
[2026-06-06T07:10:00.177Z] INFO Skipped trade. {"slug":"doge-updown-5m-1780729800","reason":"missing_opening_chainlink_tick"}
[2026-06-06T07:10:01.226Z] INFO Captured Chainlink opening tick. {"slug":"btc-updown-5m-1780729800","openingPrice":61018.35693944617,"tickTimestamp":"2026-06-06T07:10:00.000Z"}
[2026-06-06T07:10:01.235Z] INFO Skipped trade. {"slug":"btc-updown-5m-1780729800","reason":"btc_distance_below_threshold","market":"BTC","minDistanceUsd":{"UP":12,"DOWN":12},"openingPrice":61018.35693944617,"currentPrice":61018.35693944617}
[2026-06-06T07:10:01.248Z] INFO Captured Chainlink opening tick. {"slug":"eth-updown-5m-1780729800","openingPrice":1571.5500967087285,"tickTimestamp":"2026-06-06T07:10:00.000Z"}
[2026-06-06T07:10:01.252Z] INFO Skipped trade. {"slug":"eth-updown-5m-1780729800","reason":"btc_distance_below_threshold","market":"ETH","minDistanceUsd":{"UP":2,"DOWN":2},"openingPrice":1571.5500967087285,"currentPrice":1571.5500967087285}
[2026-06-06T07:10:01.260Z] INFO Captured Chainlink opening tick. {"slug":"doge-updown-5m-1780729800","openingPrice":0.0809327,"tickTimestamp":"2026-06-06T07:10:00.000Z"}
[2026-06-06T07:10:01.264Z] INFO Skipped trade. {"slug":"doge-updown-5m-1780729800","reason":"btc_distance_below_threshold","market":"DOGE","minDistanceUsd":{"UP":0.0003,"DOWN":0.0003},"openingPrice":0.0809327,"currentPrice":0.0809327}
[2026-06-06T07:14:28.809Z] INFO Skipped trade. {"slug":"btc-updown-5m-1780729800","reason":"no_ask_liquidity_under_cap","outcome":"UP"}
[2026-06-06T07:14:31.994Z] INFO Skipped trade. {"slug":"eth-updown-5m-1780729800","reason":"no_ask_liquidity_under_cap","outcome":"UP"}
[2026-06-06T07:15:00.513Z] INFO Tracking market. {"market":"BTC","slug":"btc-updown-5m-1780730100","title":"Bitcoin Up or Down - June 6, 3:15AM-3:20AM ET","end":"2026-06-06T07:20:00.000Z","upToken":"5307829014229254265596470418014177839177225031312620939178434938148262794794","downToken":"67132431752083798062446815193661747047525140158514900342837931901227905411116","orderMinSize":5,"tickSize":"0.01"}
[2026-06-06T07:15:00.513Z] INFO Skipped trade. {"slug":"btc-updown-5m-1780730100","reason":"missing_opening_chainlink_tick"}
[2026-06-06T07:15:00.513Z] INFO Tracking market. {"market":"ETH","slug":"eth-updown-5m-1780730100","title":"Ethereum Up or Down - June 6, 3:15AM-3:20AM ET","end":"2026-06-06T07:20:00.000Z","upToken":"56352363962104931572067323445654802668371876235574731302592543390742352172254","downToken":"65714733661041580356719893598401512575294390555385175944797964684266331130555","orderMinSize":5,"tickSize":"0.01"}
[2026-06-06T07:15:00.514Z] INFO Skipped trade. {"slug":"eth-updown-5m-1780730100","reason":"missing_opening_chainlink_tick"}
[2026-06-06T07:15:00.514Z] INFO Tracking market. {"market":"DOGE","slug":"doge-updown-5m-1780730100","title":"Dogecoin Up or Down - June 6, 3:15AM-3:20AM ET","end":"2026-06-06T07:20:00.000Z","upToken":"68523023857191138492260767205105210724571466026146003544073039310989267649260","downToken":"51824681700294844074172932213680261863559670527951435263935888296494162454514","orderMinSize":5,"tickSize":"0.01"}
[2026-06-06T07:15:00.514Z] INFO Skipped trade. {"slug":"doge-updown-5m-1780730100","reason":"missing_opening_chainlink_tick"}
[2026-06-06T07:15:01.544Z] INFO Captured Chainlink opening tick. {"slug":"btc-updown-5m-1780730100","openingPrice":61060.80664633489,"tickTimestamp":"2026-06-06T07:15:00.000Z"}
[2026-06-06T07:15:01.548Z] INFO Skipped trade. {"slug":"btc-updown-5m-1780730100","reason":"btc_distance_below_threshold","market":"BTC","minDistanceUsd":{"UP":12,"DOWN":12},"openingPrice":61060.80664633489,"currentPrice":61060.18425036162}
[2026-06-06T07:15:01.557Z] INFO Captured Chainlink opening tick. {"slug":"eth-updown-5m-1780730100","openingPrice":1573.6723486120038,"tickTimestamp":"2026-06-06T07:15:00.000Z"}
[2026-06-06T07:15:01.560Z] INFO Skipped trade. {"slug":"eth-updown-5m-1780730100","reason":"btc_distance_below_threshold","market":"ETH","minDistanceUsd":{"UP":2,"DOWN":2},"openingPrice":1573.6723486120038,"currentPrice":1573.6838518579686}
[2026-06-06T07:15:01.568Z] INFO Captured Chainlink opening tick. {"slug":"doge-updown-5m-1780730100","openingPrice":0.0811411607254182,"tickTimestamp":"2026-06-06T07:15:00.000Z"}
[2026-06-06T07:15:01.571Z] INFO Skipped trade. {"slug":"doge-updown-5m-1780730100","reason":"btc_distance_below_threshold","market":"DOGE","minDistanceUsd":{"UP":0.0003,"DOWN":0.0003},"openingPrice":0.0811411607254182,"currentPrice":0.0811407}
[2026-06-06T07:19:28.633Z] INFO Skipped trade. {"slug":"btc-updown-5m-1780730100","reason":"no_ask_liquidity_under_cap","outcome":"DOWN"}
[2026-06-06T07:20:00.199Z] INFO Tracking market. {"market":"BTC","slug":"btc-updown-5m-1780730400","title":"Bitcoin Up or Down - June 6, 3:20AM-3:25AM ET","end":"2026-06-06T07:25:00.000Z","upToken":"7374675063804431104571467519735390699120380349824450370824879173587873639786","downToken":"94193026607405881820442201321008974923496698461413693890900255959648542972517","orderMinSize":5,"tickSize":"0.01"}
[2026-06-06T07:20:00.199Z] INFO Skipped trade. {"slug":"btc-updown-5m-1780730400","reason":"missing_opening_chainlink_tick"}
[2026-06-06T07:20:00.199Z] INFO Tracking market. {"market":"ETH","slug":"eth-updown-5m-1780730400","title":"Ethereum Up or Down - June 6, 3:20AM-3:25AM ET","end":"2026-06-06T07:25:00.000Z","upToken":"29084244590237512397250395813639898180707815831438821954132522535381915501393","downToken":"87910173550465210811870659951233440487857534545167374109920252230773471046921","orderMinSize":5,"tickSize":"0.01"}
[2026-06-06T07:20:00.199Z] INFO Skipped trade. {"slug":"eth-updown-5m-1780730400","reason":"missing_opening_chainlink_tick"}
[2026-06-06T07:20:00.199Z] INFO Tracking market. {"market":"DOGE","slug":"doge-updown-5m-1780730400","title":"Dogecoin Up or Down - June 6, 3:20AM-3:25AM ET","end":"2026-06-06T07:25:00.000Z","upToken":"100368403188195123678026766675797790366719797930462077839766652011581132405254","downToken":"86194639707582054689942976221227578170801455404939509421209282353826450720090","orderMinSize":5,"tickSize":"0.01"}
[2026-06-06T07:20:00.199Z] INFO Skipped trade. {"slug":"doge-updown-5m-1780730400","reason":"missing_opening_chainlink_tick"}
[2026-06-06T07:20:01.215Z] INFO Captured Chainlink opening tick. {"slug":"btc-updown-5m-1780730400","openingPrice":60969.82067389457,"tickTimestamp":"2026-06-06T07:20:00.000Z"}
[2026-06-06T07:20:01.221Z] INFO Skipped trade. {"slug":"btc-updown-5m-1780730400","reason":"btc_distance_below_threshold","market":"BTC","minDistanceUsd":{"UP":12,"DOWN":12},"openingPrice":60969.82067389457,"currentPrice":60969.82067389457}
[2026-06-06T07:20:02.237Z] INFO Captured Chainlink opening tick. {"slug":"eth-updown-5m-1780730400","openingPrice":1572.0908723753446,"tickTimestamp":"2026-06-06T07:20:00.000Z"}
[2026-06-06T07:20:02.241Z] INFO Skipped trade. {"slug":"eth-updown-5m-1780730400","reason":"btc_distance_below_threshold","market":"ETH","minDistanceUsd":{"UP":2,"DOWN":2},"openingPrice":1572.0908723753446,"currentPrice":1572.087488113777}
[2026-06-06T07:20:02.249Z] INFO Captured Chainlink opening tick. {"slug":"doge-updown-5m-1780730400","openingPrice":0.081205,"tickTimestamp":"2026-06-06T07:20:00.000Z"}
[2026-06-06T07:20:02.253Z] INFO Skipped trade. {"slug":"doge-updown-5m-1780730400","reason":"btc_distance_below_threshold","market":"DOGE","minDistanceUsd":{"UP":0.0003,"DOWN":0.0003},"openingPrice":0.081205,"currentPrice":0.081205}
[2026-06-06T07:24:30.103Z] INFO Skipped trade. {"slug":"btc-updown-5m-1780730400","reason":"no_ask_liquidity_under_cap","outcome":"DOWN"}
[2026-06-06T07:24:30.103Z] INFO Skipped trade. {"slug":"eth-updown-5m-1780730400","reason":"no_ask_liquidity_under_cap","outcome":"DOWN"}
[2026-06-06T07:24:30.103Z] INFO Skipped trade. {"slug":"doge-updown-5m-1780730400","reason":"no_ask_liquidity_under_cap","outcome":"DOWN"}
[2026-06-06T07:24:47.663Z] WARN Bot loop iteration failed; retrying. {"error":"fetch failed"}
[2026-06-06T07:24:49.197Z] WARN Bot loop iteration failed; retrying. {"error":"fetch failed"}
[2026-06-06T07:25:00.719Z] INFO Tracking market. {"market":"BTC","slug":"btc-updown-5m-1780730700","title":"Bitcoin Up or Down - June 6, 3:25AM-3:30AM ET","end":"2026-06-06T07:30:00.000Z","upToken":"41878224374296267544681619905735352141554728134486601040575910161621572517993","downToken":"51286702675940503103294186890146959445160484412321951275971680588167721994345","orderMinSize":5,"tickSize":"0.01"}
[2026-06-06T07:25:00.741Z] INFO Captured Chainlink opening tick. {"slug":"btc-updown-5m-1780730700","openingPrice":60886.88841874255,"tickTimestamp":"2026-06-06T07:25:00.000Z"}
[2026-06-06T07:25:00.745Z] INFO Skipped trade. {"slug":"btc-updown-5m-1780730700","reason":"btc_distance_below_threshold","market":"BTC","minDistanceUsd":{"UP":12,"DOWN":12},"openingPrice":60886.88841874255,"currentPrice":60886.88841874255}
[2026-06-06T07:25:00.745Z] INFO Tracking market. {"market":"ETH","slug":"eth-updown-5m-1780730700","title":"Ethereum Up or Down - June 6, 3:25AM-3:30AM ET","end":"2026-06-06T07:30:00.000Z","upToken":"79811263393023483733847800034351543612527222092448451473924254294675232512073","downToken":"95612173312810787012459708234217981320349514649937496258014016820564688551356","orderMinSize":5,"tickSize":"0.01"}
[2026-06-06T07:25:00.745Z] INFO Skipped trade. {"slug":"eth-updown-5m-1780730700","reason":"missing_opening_chainlink_tick"}
[2026-06-06T07:25:00.745Z] INFO Tracking market. {"market":"DOGE","slug":"doge-updown-5m-1780730700","title":"Dogecoin Up or Down - June 6, 3:25AM-3:30AM ET","end":"2026-06-06T07:30:00.000Z","upToken":"100533620450540572642739077195506666310374206296563978995409011682047919072875","downToken":"23928486567734654710113186196489452798306091857502671198958755403046634058751","orderMinSize":5,"tickSize":"0.01"}
[2026-06-06T07:25:00.746Z] INFO Skipped trade. {"slug":"doge-updown-5m-1780730700","reason":"missing_opening_chainlink_tick"}
[2026-06-06T07:25:02.794Z] INFO Captured Chainlink opening tick. {"slug":"eth-updown-5m-1780730700","openingPrice":1568.1144080905312,"tickTimestamp":"2026-06-06T07:25:00.000Z"}
[2026-06-06T07:25:02.801Z] INFO Skipped trade. {"slug":"eth-updown-5m-1780730700","reason":"btc_distance_below_threshold","market":"ETH","minDistanceUsd":{"UP":2,"DOWN":2},"openingPrice":1568.1144080905312,"currentPrice":1568.039296883352}
[2026-06-06T07:25:02.814Z] INFO Captured Chainlink opening tick. {"slug":"doge-updown-5m-1780730700","openingPrice":0.0809076,"tickTimestamp":"2026-06-06T07:25:00.000Z"}
[2026-06-06T07:25:02.820Z] INFO Skipped trade. {"slug":"doge-updown-5m-1780730700","reason":"btc_distance_below_threshold","market":"DOGE","minDistanceUsd":{"UP":0.0003,"DOWN":0.0003},"openingPrice":0.0809076,"currentPrice":0.0809009}
[2026-06-06T07:26:10.967Z] WARN Bot loop iteration failed; retrying. {"error":"fetch failed"}
[2026-06-06T07:29:30.102Z] INFO Skipped trade. {"slug":"btc-updown-5m-1780730700","reason":"no_ask_liquidity_under_cap","outcome":"DOWN"}
[2026-06-06T07:30:00.499Z] INFO Tracking market. {"market":"BTC","slug":"btc-updown-5m-1780731000","title":"Bitcoin Up or Down - June 6, 3:30AM-3:35AM ET","end":"2026-06-06T07:35:00.000Z","upToken":"107207150315311729484806757590761264815834201067197001433725242581494251107714","downToken":"37376889309536886645565944558585741316403119993557631165564287132399189872070","orderMinSize":5,"tickSize":"0.01"}
[2026-06-06T07:30:00.499Z] INFO Skipped trade. {"slug":"btc-updown-5m-1780731000","reason":"missing_opening_chainlink_tick"}
[2026-06-06T07:30:00.499Z] INFO Tracking market. {"market":"ETH","slug":"eth-updown-5m-1780731000","title":"Ethereum Up or Down - June 6, 3:30AM-3:35AM ET","end":"2026-06-06T07:35:00.000Z","upToken":"866768065300998608832367580951356327851764711949058639358028005805699830413","downToken":"112846291826140195593606101211654086094276026869605037078349748486719560138230","orderMinSize":5,"tickSize":"0.01"}
[2026-06-06T07:30:00.499Z] INFO Skipped trade. {"slug":"eth-updown-5m-1780731000","reason":"missing_opening_chainlink_tick"}
[2026-06-06T07:30:00.499Z] INFO Tracking market. {"market":"DOGE","slug":"doge-updown-5m-1780731000","title":"Dogecoin Up or Down - June 6, 3:30AM-3:35AM ET","end":"2026-06-06T07:35:00.000Z","upToken":"8018145077512566909621537834655969549327022450927923480497992454720088429670","downToken":"63559424391043099623563265495286291649594501706995860653209724043148417575761","orderMinSize":5,"tickSize":"0.01"}
[2026-06-06T07:30:00.499Z] INFO Skipped trade. {"slug":"doge-updown-5m-1780731000","reason":"missing_opening_chainlink_tick"}
[2026-06-06T07:30:01.520Z] INFO Captured Chainlink opening tick. {"slug":"btc-updown-5m-1780731000","openingPrice":60855.07820849667,"tickTimestamp":"2026-06-06T07:30:00.000Z"}
[2026-06-06T07:30:01.527Z] INFO Skipped trade. {"slug":"btc-updown-5m-1780731000","reason":"btc_distance_below_threshold","market":"BTC","minDistanceUsd":{"UP":12,"DOWN":12},"openingPrice":60855.07820849667,"currentPrice":60855.09443849667}
[2026-06-06T07:30:03.556Z] INFO Captured Chainlink opening tick. {"slug":"eth-updown-5m-1780731000","openingPrice":1567.19436,"tickTimestamp":"2026-06-06T07:30:00.000Z"}
[2026-06-06T07:30:03.562Z] INFO Skipped trade. {"slug":"eth-updown-5m-1780731000","reason":"btc_distance_below_threshold","market":"ETH","minDistanceUsd":{"UP":2,"DOWN":2},"openingPrice":1567.19436,"currentPrice":1566.9455771382293}
[2026-06-06T07:30:03.584Z] INFO Captured Chainlink opening tick. {"slug":"doge-updown-5m-1780731000","openingPrice":0.0809123830460321,"tickTimestamp":"2026-06-06T07:30:00.000Z"}
[2026-06-06T07:30:03.589Z] INFO Skipped trade. {"slug":"doge-updown-5m-1780731000","reason":"btc_distance_below_threshold","market":"DOGE","minDistanceUsd":{"UP":0.0003,"DOWN":0.0003},"openingPrice":0.0809123830460321,"currentPrice":0.0809035773068969}
[2026-06-06T07:34:30.676Z] INFO Skipped trade. {"slug":"btc-updown-5m-1780731000","reason":"no_ask_liquidity_under_cap","outcome":"UP"}
[2026-06-06T07:34:30.676Z] INFO Skipped trade. {"slug":"eth-updown-5m-1780731000","reason":"no_ask_liquidity_under_cap","outcome":"UP"}
[2026-06-06T07:34:59.838Z] INFO Skipped trade. {"slug":"doge-updown-5m-1780731000","reason":"no_ask_liquidity_under_cap","outcome":"UP"}
[2026-06-06T07:35:01.082Z] INFO Tracking market. {"market":"BTC","slug":"btc-updown-5m-1780731300","title":"Bitcoin Up or Down - June 6, 3:35AM-3:40AM ET","end":"2026-06-06T07:40:00.000Z","upToken":"111256252887851277293456970694090676251887857490405389030782857771880418251216","downToken":"103593613901670525698344036184945522444746522108993950705283508937439852510111","orderMinSize":5,"tickSize":"0.01"}
[2026-06-06T07:35:01.096Z] INFO Captured Chainlink opening tick. {"slug":"btc-updown-5m-1780731300","openingPrice":60983.28494671376,"tickTimestamp":"2026-06-06T07:35:00.000Z"}
[2026-06-06T07:35:01.102Z] INFO Skipped trade. {"slug":"btc-updown-5m-1780731300","reason":"btc_distance_below_threshold","market":"BTC","minDistanceUsd":{"UP":12,"DOWN":12},"openingPrice":60983.28494671376,"currentPrice":60983.28494671376}
[2026-06-06T07:35:01.102Z] INFO Tracking market. {"market":"ETH","slug":"eth-updown-5m-1780731300","title":"Ethereum Up or Down - June 6, 3:35AM-3:40AM ET","end":"2026-06-06T07:40:00.000Z","upToken":"99670745428108228613414090749392598333036419569816516538434709133053891874302","downToken":"16416577614685915371340545920978121744474002104428858503032865636495292996618","orderMinSize":5,"tickSize":"0.01"}
[2026-06-06T07:35:01.103Z] INFO Skipped trade. {"slug":"eth-updown-5m-1780731300","reason":"missing_opening_chainlink_tick"}
[2026-06-06T07:35:01.103Z] INFO Tracking market. {"market":"DOGE","slug":"doge-updown-5m-1780731300","title":"Dogecoin Up or Down - June 6, 3:35AM-3:40AM ET","end":"2026-06-06T07:40:00.000Z","upToken":"20873405681353546001271014042781323762711313567687555196300977924654775903567","downToken":"51419878087747187506108075962961980451915439913971738809744841889484716090813","orderMinSize":5,"tickSize":"0.01"}
[2026-06-06T07:35:01.103Z] INFO Skipped trade. {"slug":"doge-updown-5m-1780731300","reason":"missing_opening_chainlink_tick"}
[2026-06-06T07:35:04.165Z] INFO Captured Chainlink opening tick. {"slug":"eth-updown-5m-1780731300","openingPrice":1572.498378764545,"tickTimestamp":"2026-06-06T07:35:00.000Z"}
[2026-06-06T07:35:04.170Z] INFO Skipped trade. {"slug":"eth-updown-5m-1780731300","reason":"btc_distance_below_threshold","market":"ETH","minDistanceUsd":{"UP":2,"DOWN":2},"openingPrice":1572.498378764545,"currentPrice":1573.3850720243122}
[2026-06-06T07:35:04.179Z] INFO Captured Chainlink opening tick. {"slug":"doge-updown-5m-1780731300","openingPrice":0.081234644,"tickTimestamp":"2026-06-06T07:35:00.000Z"}
[2026-06-06T07:35:04.182Z] INFO Skipped trade. {"slug":"doge-updown-5m-1780731300","reason":"btc_distance_below_threshold","market":"DOGE","minDistanceUsd":{"UP":0.0003,"DOWN":0.0003},"openingPrice":0.081234644,"currentPrice":0.0812812266634392}
[2026-06-06T07:39:30.077Z] INFO Skipped trade. {"slug":"btc-updown-5m-1780731300","reason":"no_ask_liquidity_under_cap","outcome":"DOWN"}
[2026-06-06T07:40:01.264Z] INFO Tracking market. {"market":"BTC","slug":"btc-updown-5m-1780731600","title":"Bitcoin Up or Down - June 6, 3:40AM-3:45AM ET","end":"2026-06-06T07:45:00.000Z","upToken":"78170454149042005483143270782989891617383527525794336241692345669649377819786","downToken":"63811994386799797400563989613761305440942202179720566025846084459801492015142","orderMinSize":5,"tickSize":"0.01"}
[2026-06-06T07:40:01.294Z] INFO Captured Chainlink opening tick. {"slug":"btc-updown-5m-1780731600","openingPrice":60974.46773655411,"tickTimestamp":"2026-06-06T07:40:00.000Z"}
[2026-06-06T07:40:01.299Z] INFO Skipped trade. {"slug":"btc-updown-5m-1780731600","reason":"btc_distance_below_threshold","market":"BTC","minDistanceUsd":{"UP":12,"DOWN":12},"openingPrice":60974.46773655411,"currentPrice":60974.46773655411}
[2026-06-06T07:40:01.299Z] INFO Tracking market. {"market":"ETH","slug":"eth-updown-5m-1780731600","title":"Ethereum Up or Down - June 6, 3:40AM-3:45AM ET","end":"2026-06-06T07:45:00.000Z","upToken":"50790806860109000410525864629240734731196237323240636773255048019648747838289","downToken":"92440292651023196539875382680030396070057070092366635591609298350276477748895","orderMinSize":5,"tickSize":"0.01"}
[2026-06-06T07:40:01.300Z] INFO Skipped trade. {"slug":"eth-updown-5m-1780731600","reason":"missing_opening_chainlink_tick"}
[2026-06-06T07:40:01.300Z] INFO Tracking market. {"market":"DOGE","slug":"doge-updown-5m-1780731600","title":"Dogecoin Up or Down - June 6, 3:40AM-3:45AM ET","end":"2026-06-06T07:45:00.000Z","upToken":"34307457597400804273961303805842133551857051943242619136439218835064632786206","downToken":"24648500395154745567878795418166156124381091566408035876198859481265425429684","orderMinSize":5,"tickSize":"0.01"}
[2026-06-06T07:40:01.300Z] INFO Skipped trade. {"slug":"doge-updown-5m-1780731600","reason":"missing_opening_chainlink_tick"}
[2026-06-06T07:40:04.323Z] INFO Captured Chainlink opening tick. {"slug":"eth-updown-5m-1780731600","openingPrice":1573.1277581090765,"tickTimestamp":"2026-06-06T07:40:00.000Z"}
[2026-06-06T07:40:04.327Z] INFO Skipped trade. {"slug":"eth-updown-5m-1780731600","reason":"btc_distance_below_threshold","market":"ETH","minDistanceUsd":{"UP":2,"DOWN":2},"openingPrice":1573.1277581090765,"currentPrice":1573.018485}
[2026-06-06T07:40:04.337Z] INFO Captured Chainlink opening tick. {"slug":"doge-updown-5m-1780731600","openingPrice":0.0813005047381891,"tickTimestamp":"2026-06-06T07:40:00.000Z"}
[2026-06-06T07:40:04.341Z] INFO Skipped trade. {"slug":"doge-updown-5m-1780731600","reason":"btc_distance_below_threshold","market":"DOGE","minDistanceUsd":{"UP":0.0003,"DOWN":0.0003},"openingPrice":0.0813005047381891,"currentPrice":0.0812996522635197}
[2026-06-06T07:44:28.588Z] WARN Bot loop iteration failed; retrying. {"error":"fetch failed"}
[2026-06-06T07:44:30.348Z] INFO Skipped trade. {"slug":"btc-updown-5m-1780731600","reason":"no_ask_liquidity_under_cap","outcome":"UP"}
[2026-06-06T07:44:30.348Z] INFO Skipped trade. {"slug":"eth-updown-5m-1780731600","reason":"no_ask_liquidity_under_cap","outcome":"UP"}
[2026-06-06T07:44:30.348Z] INFO Skipped trade. {"slug":"doge-updown-5m-1780731600","reason":"no_ask_liquidity_under_cap","outcome":"UP"}
[2026-06-06T07:45:01.602Z] INFO Tracking market. {"market":"BTC","slug":"btc-updown-5m-1780731900","title":"Bitcoin Up or Down - June 6, 3:45AM-3:50AM ET","end":"2026-06-06T07:50:00.000Z","upToken":"86898478967717617177210152496068389602134189679679299721445187153087300454420","downToken":"46983199893205515468588818849222430810099735249017124517660312229399994513002","orderMinSize":5,"tickSize":"0.01"}
[2026-06-06T07:45:01.616Z] INFO Captured Chainlink opening tick. {"slug":"btc-updown-5m-1780731900","openingPrice":61013.115035,"tickTimestamp":"2026-06-06T07:45:00.000Z"}
[2026-06-06T07:45:01.619Z] INFO Skipped trade. {"slug":"btc-updown-5m-1780731900","reason":"btc_distance_below_threshold","market":"BTC","minDistanceUsd":{"UP":12,"DOWN":12},"openingPrice":61013.115035,"currentPrice":61014.38422}
[2026-06-06T07:45:01.619Z] INFO Tracking market. {"market":"ETH","slug":"eth-updown-5m-1780731900","title":"Ethereum Up or Down - June 6, 3:45AM-3:50AM ET","end":"2026-06-06T07:50:00.000Z","upToken":"39751203878054240342511108691951882505925629110906225610822278720959119642439","downToken":"42103148889231784997925958751127595597312681685808205462846514488344550227100","orderMinSize":5,"tickSize":"0.01"}
[2026-06-06T07:45:01.619Z] INFO Skipped trade. {"slug":"eth-updown-5m-1780731900","reason":"missing_opening_chainlink_tick"}
[2026-06-06T07:45:01.619Z] INFO Tracking market. {"market":"DOGE","slug":"doge-updown-5m-1780731900","title":"Dogecoin Up or Down - June 6, 3:45AM-3:50AM ET","end":"2026-06-06T07:50:00.000Z","upToken":"81717115650446300237779676037453452216990517052114450957109397640575017678784","downToken":"73969195374667717030227930850307665831516879323738219945821388238435831672305","orderMinSize":5,"tickSize":"0.01"}
[2026-06-06T07:45:01.619Z] INFO Skipped trade. {"slug":"doge-updown-5m-1780731900","reason":"missing_opening_chainlink_tick"}
[2026-06-06T07:45:04.662Z] INFO Captured Chainlink opening tick. {"slug":"eth-updown-5m-1780731900","openingPrice":1575.8383543256257,"tickTimestamp":"2026-06-06T07:45:00.000Z"}
[2026-06-06T07:45:04.666Z] INFO Skipped trade. {"slug":"eth-updown-5m-1780731900","reason":"btc_distance_below_threshold","market":"ETH","minDistanceUsd":{"UP":2,"DOWN":2},"openingPrice":1575.8383543256257,"currentPrice":1576.7886351441366}
[2026-06-06T07:45:04.675Z] INFO Captured Chainlink opening tick. {"slug":"doge-updown-5m-1780731900","openingPrice":0.0816285933725813,"tickTimestamp":"2026-06-06T07:45:00.000Z"}
[2026-06-06T07:45:04.679Z] INFO Skipped trade. {"slug":"doge-updown-5m-1780731900","reason":"btc_distance_below_threshold","market":"DOGE","minDistanceUsd":{"UP":0.0003,"DOWN":0.0003},"openingPrice":0.0816285933725813,"currentPrice":0.0816885384283603}
[2026-06-06T07:49:29.982Z] INFO Skipped trade. {"slug":"btc-updown-5m-1780731900","reason":"no_ask_liquidity_under_cap","outcome":"UP"}
[2026-06-06T07:50:01.739Z] INFO Tracking market. {"market":"BTC","slug":"btc-updown-5m-1780732200","title":"Bitcoin Up or Down - June 6, 3:50AM-3:55AM ET","end":"2026-06-06T07:55:00.000Z","upToken":"21503722092827028607376869154361601144130771217294100510247737613439653090844","downToken":"112307570115128900871426771780782398109657850171648827269793752687294559505799","orderMinSize":5,"tickSize":"0.01"}
[2026-06-06T07:50:01.785Z] INFO Captured Chainlink opening tick. {"slug":"btc-updown-5m-1780732200","openingPrice":61028.24111101869,"tickTimestamp":"2026-06-06T07:50:00.000Z"}
[2026-06-06T07:50:01.789Z] INFO Skipped trade. {"slug":"btc-updown-5m-1780732200","reason":"btc_distance_below_threshold","market":"BTC","minDistanceUsd":{"UP":12,"DOWN":12},"openingPrice":61028.24111101869,"currentPrice":61027.99703290916}
[2026-06-06T07:50:01.789Z] INFO Tracking market. {"market":"ETH","slug":"eth-updown-5m-1780732200","title":"Ethereum Up or Down - June 6, 3:50AM-3:55AM ET","end":"2026-06-06T07:55:00.000Z","upToken":"3801305494071759596825708449686053161643854768757445802970323539313377325426","downToken":"11900080831265267417280050287751564787656172915041205512749616525296345795901","orderMinSize":5,"tickSize":"0.01"}
[2026-06-06T07:50:01.790Z] INFO Skipped trade. {"slug":"eth-updown-5m-1780732200","reason":"missing_opening_chainlink_tick"}
[2026-06-06T07:50:01.790Z] INFO Tracking market. {"market":"DOGE","slug":"doge-updown-5m-1780732200","title":"Dogecoin Up or Down - June 6, 3:50AM-3:55AM ET","end":"2026-06-06T07:55:00.000Z","upToken":"108291211307900255519620672407471170360632941100127055247745237205361162313616","downToken":"46009466180746868130120867913171775498437316895983648990329369148351372124280","orderMinSize":5,"tickSize":"0.01"}
[2026-06-06T07:50:01.790Z] INFO Skipped trade. {"slug":"doge-updown-5m-1780732200","reason":"missing_opening_chainlink_tick"}
[2026-06-06T07:50:04.843Z] INFO Captured Chainlink opening tick. {"slug":"eth-updown-5m-1780732200","openingPrice":1575.341195704832,"tickTimestamp":"2026-06-06T07:50:00.000Z"}
[2026-06-06T07:50:04.849Z] INFO Skipped trade. {"slug":"eth-updown-5m-1780732200","reason":"btc_distance_below_threshold","market":"ETH","minDistanceUsd":{"UP":2,"DOWN":2},"openingPrice":1575.341195704832,"currentPrice":1574.6734227412337}
[2026-06-06T07:50:04.868Z] INFO Captured Chainlink opening tick. {"slug":"doge-updown-5m-1780732200","openingPrice":0.08159707,"tickTimestamp":"2026-06-06T07:50:00.000Z"}
[2026-06-06T07:50:04.873Z] INFO Skipped trade. {"slug":"doge-updown-5m-1780732200","reason":"btc_distance_below_threshold","market":"DOGE","minDistanceUsd":{"UP":0.0003,"DOWN":0.0003},"openingPrice":0.08159707,"currentPrice":0.0815637}
[2026-06-06T07:54:30.098Z] INFO Skipped trade. {"slug":"btc-updown-5m-1780732200","reason":"no_ask_liquidity_under_cap","outcome":"DOWN"}
[2026-06-06T07:55:00.237Z] INFO Tracking market. {"market":"BTC","slug":"btc-updown-5m-1780732500","title":"Bitcoin Up or Down - June 6, 3:55AM-4:00AM ET","end":"2026-06-06T08:00:00.000Z","upToken":"89990015017590999347450567307678076423305498095190081968522249845356551610459","downToken":"20865298790358315294947002181678982447745632922429146403550070935727839279031","orderMinSize":5,"tickSize":"0.01"}
[2026-06-06T07:55:00.238Z] INFO Skipped trade. {"slug":"btc-updown-5m-1780732500","reason":"missing_opening_chainlink_tick"}
[2026-06-06T07:55:00.238Z] INFO Tracking market. {"market":"ETH","slug":"eth-updown-5m-1780732500","title":"Ethereum Up or Down - June 6, 3:55AM-4:00AM ET","end":"2026-06-06T08:00:00.000Z","upToken":"110879101816660830138925761711099607040791308598065964545842616334136195464247","downToken":"110471280053659497654740760738534635965009018097824065571294570759099646262729","orderMinSize":5,"tickSize":"0.01"}
[2026-06-06T07:55:00.238Z] INFO Skipped trade. {"slug":"eth-updown-5m-1780732500","reason":"missing_opening_chainlink_tick"}
[2026-06-06T07:55:00.238Z] INFO Tracking market. {"market":"DOGE","slug":"doge-updown-5m-1780732500","title":"Dogecoin Up or Down - June 6, 3:55AM-4:00AM ET","end":"2026-06-06T08:00:00.000Z","upToken":"25405859514896640728921435041392755911619030005469931286124859560945677450595","downToken":"51160620818241206061859235691824478726762067094757404166892268124769563638744","orderMinSize":5,"tickSize":"0.01"}
[2026-06-06T07:55:00.239Z] INFO Skipped trade. {"slug":"doge-updown-5m-1780732500","reason":"missing_opening_chainlink_tick"}
[2026-06-06T07:55:01.285Z] INFO Captured Chainlink opening tick. {"slug":"btc-updown-5m-1780732500","openingPrice":60963.26606,"tickTimestamp":"2026-06-06T07:55:00.000Z"}
[2026-06-06T07:55:01.291Z] INFO Skipped trade. {"slug":"btc-updown-5m-1780732500","reason":"btc_distance_below_threshold","market":"BTC","minDistanceUsd":{"UP":12,"DOWN":12},"openingPrice":60963.26606,"currentPrice":60963.26606}
[2026-06-06T07:55:05.428Z] INFO Captured Chainlink opening tick. {"slug":"eth-updown-5m-1780732500","openingPrice":1574.4259,"tickTimestamp":"2026-06-06T07:55:00.000Z"}
[2026-06-06T07:55:05.432Z] INFO Skipped trade. {"slug":"eth-updown-5m-1780732500","reason":"btc_distance_below_threshold","market":"ETH","minDistanceUsd":{"UP":2,"DOWN":2},"openingPrice":1574.4259,"currentPrice":1575.0432047521047}
[2026-06-06T07:55:05.443Z] INFO Captured Chainlink opening tick. {"slug":"doge-updown-5m-1780732500","openingPrice":0.081510428,"tickTimestamp":"2026-06-06T07:55:00.000Z"}
[2026-06-06T07:55:05.446Z] INFO Skipped trade. {"slug":"doge-updown-5m-1780732500","reason":"btc_distance_below_threshold","market":"DOGE","minDistanceUsd":{"UP":0.0003,"DOWN":0.0003},"openingPrice":0.081510428,"currentPrice":0.081543784}
[2026-06-06T07:59:31.380Z] INFO Trade attempt recorded. {"mode":"sim","slug":"btc-updown-5m-1780732500","outcome":"DOWN","amountUsd":5,"bestAsk":0.57,"estimatedShares":8.771929824561404}
[2026-06-06T07:59:32.573Z] INFO Skipped trade. {"slug":"btc-updown-5m-1780732500","reason":"market_already_traded"}
[2026-06-06T08:00:01.261Z] INFO Resolved trade. {"mode":"sim","slug":"btc-updown-5m-1780732500","outcome":"DOWN","winningOutcome":"UP","won":false,"finalPrice":60972.87901516691}
[2026-06-06T08:00:01.470Z] INFO Tracking market. {"market":"BTC","slug":"btc-updown-5m-1780732800","title":"Bitcoin Up or Down - June 6, 4:00AM-4:05AM ET","end":"2026-06-06T08:05:00.000Z","upToken":"36004809290503037704155096591811153226367798077781312598352522693310577092322","downToken":"98541655022907746944461959168719371539134151870196963625711754385182576079791","orderMinSize":5,"tickSize":"0.01"}
[2026-06-06T08:00:01.490Z] INFO Captured Chainlink opening tick. {"slug":"btc-updown-5m-1780732800","openingPrice":60972.87901516691,"tickTimestamp":"2026-06-06T08:00:00.000Z"}
[2026-06-06T08:00:01.497Z] INFO Skipped trade. {"slug":"btc-updown-5m-1780732800","reason":"btc_distance_below_threshold","market":"BTC","minDistanceUsd":{"UP":12,"DOWN":12},"openingPrice":60972.87901516691,"currentPrice":60972.87901516691}
[2026-06-06T08:00:01.497Z] INFO Tracking market. {"market":"ETH","slug":"eth-updown-5m-1780732800","title":"Ethereum Up or Down - June 6, 4:00AM-4:05AM ET","end":"2026-06-06T08:05:00.000Z","upToken":"83636389638128392291603015763774189347748088548778572076014385424798890480429","downToken":"9777944652015308260522930837422634003175275531991326463829606070342100618359","orderMinSize":5,"tickSize":"0.01"}
[2026-06-06T08:00:01.497Z] INFO Skipped trade. {"slug":"eth-updown-5m-1780732800","reason":"missing_opening_chainlink_tick"}
[2026-06-06T08:00:01.497Z] INFO Tracking market. {"market":"DOGE","slug":"doge-updown-5m-1780732800","title":"Dogecoin Up or Down - June 6, 4:00AM-4:05AM ET","end":"2026-06-06T08:05:00.000Z","upToken":"78579066397831649662311085824914034886148277858222788849513869029002341956969","downToken":"25493982126956844139128540717455395390381190684814579299327390442292977569355","orderMinSize":5,"tickSize":"0.01"}
[2026-06-06T08:00:01.497Z] INFO Skipped trade. {"slug":"doge-updown-5m-1780732800","reason":"missing_opening_chainlink_tick"}
[2026-06-06T08:00:06.640Z] INFO Captured Chainlink opening tick. {"slug":"eth-updown-5m-1780732800","openingPrice":1574.4280410561394,"tickTimestamp":"2026-06-06T08:00:00.000Z"}
[2026-06-06T08:00:06.643Z] INFO Skipped trade. {"slug":"eth-updown-5m-1780732800","reason":"btc_distance_below_threshold","market":"ETH","minDistanceUsd":{"UP":2,"DOWN":2},"openingPrice":1574.4280410561394,"currentPrice":1574.7908493628818}
[2026-06-06T08:00:06.657Z] INFO Captured Chainlink opening tick. {"slug":"doge-updown-5m-1780732800","openingPrice":0.0814614910366108,"tickTimestamp":"2026-06-06T08:00:00.000Z"}
[2026-06-06T08:00:06.663Z] INFO Skipped trade. {"slug":"doge-updown-5m-1780732800","reason":"btc_distance_below_threshold","market":"DOGE","minDistanceUsd":{"UP":0.0003,"DOWN":0.0003},"openingPrice":0.0814614910366108,"currentPrice":0.0814789}
[2026-06-06T08:01:38.386Z] INFO Skipped trade. {"slug":"eth-updown-5m-1780732800","reason":"stale_chainlink_tick","tickTimestamp":"2026-06-06T08:01:28.000Z"}
[2026-06-06T08:01:38.386Z] INFO Skipped trade. {"slug":"doge-updown-5m-1780732800","reason":"stale_chainlink_tick","tickTimestamp":"2026-06-06T08:01:28.000Z"}
[2026-06-06T08:03:34.294Z] INFO Bot started. {"mode":"sim","enabledMarkets":["BTC","ETH","DOGE"],"minDistanceUsdByMarket":{"BTC":12,"ETH":2,"DOGE":0.0003},"minDistanceUsdByMarketOutcome":{"BTC":{"UP":12,"DOWN":12},"ETH":{"UP":2,"DOWN":2},"DOGE":{"UP":0.0003,"DOWN":0.0003}},"entryWindowSeconds":32,"entryWindowSecondsByMarket":{"BTC":32,"ETH":32,"DOGE":32},"entryWindowSecondsByMarketOutcome":{"BTC":{"UP":32,"DOWN":32},"ETH":{"UP":32,"DOWN":32},"DOGE":{"UP":32,"DOWN":32}},"maxAskPrice":0.6,"maxAskPriceByMarketOutcome":{"BTC":{"UP":0.6,"DOWN":0.6},"ETH":{"UP":0.6,"DOWN":0.6},"DOGE":{"UP":0.6,"DOWN":0.6}},"dailySpendLimitUsd":1000}
[2026-06-06T08:03:34.386Z] INFO Tracking market. {"market":"BTC","slug":"btc-updown-5m-1780732800","title":"Bitcoin Up or Down - June 6, 4:00AM-4:05AM ET","end":"2026-06-06T08:05:00.000Z","upToken":"36004809290503037704155096591811153226367798077781312598352522693310577092322","downToken":"98541655022907746944461959168719371539134151870196963625711754385182576079791","orderMinSize":5,"tickSize":"0.01"}
[2026-06-06T08:03:34.387Z] INFO Skipped trade. {"slug":"btc-updown-5m-1780732800","reason":"missing_current_chainlink_tick"}
[2026-06-06T08:03:34.387Z] INFO Tracking market. {"market":"ETH","slug":"eth-updown-5m-1780732800","title":"Ethereum Up or Down - June 6, 4:00AM-4:05AM ET","end":"2026-06-06T08:05:00.000Z","upToken":"83636389638128392291603015763774189347748088548778572076014385424798890480429","downToken":"9777944652015308260522930837422634003175275531991326463829606070342100618359","orderMinSize":5,"tickSize":"0.01"}
[2026-06-06T08:03:34.387Z] INFO Skipped trade. {"slug":"eth-updown-5m-1780732800","reason":"missing_current_chainlink_tick"}
[2026-06-06T08:03:34.387Z] INFO Tracking market. {"market":"DOGE","slug":"doge-updown-5m-1780732800","title":"Dogecoin Up or Down - June 6, 4:00AM-4:05AM ET","end":"2026-06-06T08:05:00.000Z","upToken":"78579066397831649662311085824914034886148277858222788849513869029002341956969","downToken":"25493982126956844139128540717455395390381190684814579299327390442292977569355","orderMinSize":5,"tickSize":"0.01"}
[2026-06-06T08:03:34.387Z] INFO Skipped trade. {"slug":"doge-updown-5m-1780732800","reason":"missing_current_chainlink_tick"}
[2026-06-06T08:03:34.918Z] INFO Connected to Polymarket RTDS Chainlink feed.
[2026-06-06T08:03:35.390Z] INFO Skipped trade. {"slug":"doge-updown-5m-1780732800","reason":"btc_distance_below_threshold","market":"DOGE","minDistanceUsd":{"UP":0.0003,"DOWN":0.0003},"openingPrice":0.0814614910366108,"currentPrice":0.081203}
[2026-06-06T08:04:28.678Z] INFO Skipped trade. {"slug":"btc-updown-5m-1780732800","reason":"no_ask_liquidity_under_cap","outcome":"DOWN"}
[2026-06-06T08:04:28.678Z] INFO Skipped trade. {"slug":"eth-updown-5m-1780732800","reason":"no_ask_liquidity_under_cap","outcome":"DOWN"}
[2026-06-06T08:04:28.678Z] INFO Skipped trade. {"slug":"doge-updown-5m-1780732800","reason":"no_ask_liquidity_under_cap","outcome":"DOWN"}
[2026-06-06T08:05:00.203Z] INFO Tracking market. {"market":"BTC","slug":"btc-updown-5m-1780733100","title":"Bitcoin Up or Down - June 6, 4:05AM-4:10AM ET","end":"2026-06-06T08:10:00.000Z","upToken":"47488675093979868808724745944134278770032597964827138965937034951188802563558","downToken":"68737011350116265733320837774657659318458911746497391883559184317754950150750","orderMinSize":5,"tickSize":"0.01"}
[2026-06-06T08:05:00.204Z] INFO Skipped trade. {"slug":"btc-updown-5m-1780733100","reason":"missing_opening_chainlink_tick"}
[2026-06-06T08:05:00.204Z] INFO Tracking market. {"market":"ETH","slug":"eth-updown-5m-1780733100","title":"Ethereum Up or Down - June 6, 4:05AM-4:10AM ET","end":"2026-06-06T08:10:00.000Z","upToken":"86649935880305943429159048691031555476336948655663079091192981600783811228905","downToken":"20087369308944759145430637116907065414169757255920871683034939949700004479050","orderMinSize":5,"tickSize":"0.01"}
[2026-06-06T08:05:00.204Z] INFO Skipped trade. {"slug":"eth-updown-5m-1780733100","reason":"missing_opening_chainlink_tick"}
[2026-06-06T08:05:00.204Z] INFO Tracking market. {"market":"DOGE","slug":"doge-updown-5m-1780733100","title":"Dogecoin Up or Down - June 6, 4:05AM-4:10AM ET","end":"2026-06-06T08:10:00.000Z","upToken":"70847361039077659218128233472601804057547947848594626402655301154165571150094","downToken":"9123868289655628694660453760654360729798839866040040432254803519879318965336","orderMinSize":5,"tickSize":"0.01"}
[2026-06-06T08:05:00.204Z] INFO Skipped trade. {"slug":"doge-updown-5m-1780733100","reason":"missing_opening_chainlink_tick"}
[2026-06-06T08:05:01.225Z] INFO Captured Chainlink opening tick. {"slug":"btc-updown-5m-1780733100","openingPrice":60868.955562079536,"tickTimestamp":"2026-06-06T08:05:00.000Z"}
[2026-06-06T08:05:01.230Z] INFO Skipped trade. {"slug":"btc-updown-5m-1780733100","reason":"btc_distance_below_threshold","market":"BTC","minDistanceUsd":{"UP":12,"DOWN":12},"openingPrice":60868.955562079536,"currentPrice":60868.955562079536}
[2026-06-06T08:05:05.362Z] INFO Captured Chainlink opening tick. {"slug":"eth-updown-5m-1780733100","openingPrice":1570.037915,"tickTimestamp":"2026-06-06T08:05:00.000Z"}
[2026-06-06T08:05:05.366Z] INFO Skipped trade. {"slug":"eth-updown-5m-1780733100","reason":"btc_distance_below_threshold","market":"ETH","minDistanceUsd":{"UP":2,"DOWN":2},"openingPrice":1570.037915,"currentPrice":1571.1977278941606}
[2026-06-06T08:05:05.375Z] INFO Captured Chainlink opening tick. {"slug":"doge-updown-5m-1780733100","openingPrice":0.0811599577661087,"tickTimestamp":"2026-06-06T08:05:00.000Z"}
[2026-06-06T08:05:05.383Z] INFO Skipped trade. {"slug":"doge-updown-5m-1780733100","reason":"btc_distance_below_threshold","market":"DOGE","minDistanceUsd":{"UP":0.0003,"DOWN":0.0003},"openingPrice":0.0811599577661087,"currentPrice":0.0812515957513006}
[2026-06-06T08:09:28.888Z] INFO Skipped trade. {"slug":"btc-updown-5m-1780733100","reason":"no_ask_liquidity_under_cap","outcome":"UP"}
[2026-06-06T08:09:28.889Z] INFO Skipped trade. {"slug":"eth-updown-5m-1780733100","reason":"no_ask_liquidity_under_cap","outcome":"UP"}
[2026-06-06T08:09:28.889Z] INFO Skipped trade. {"slug":"doge-updown-5m-1780733100","reason":"no_ask_liquidity_under_cap","outcome":"UP"}
[2026-06-06T08:10:00.481Z] INFO Tracking market. {"market":"BTC","slug":"btc-updown-5m-1780733400","title":"Bitcoin Up or Down - June 6, 4:10AM-4:15AM ET","end":"2026-06-06T08:15:00.000Z","upToken":"35750244584485469990097762035436913026871470872974202942876358264888497662141","downToken":"103433509449128113894875347200519802835410974037037146390051251802896628455397","orderMinSize":5,"tickSize":"0.01"}
[2026-06-06T08:10:00.495Z] INFO Captured Chainlink opening tick. {"slug":"btc-updown-5m-1780733400","openingPrice":61068.736908839186,"tickTimestamp":"2026-06-06T08:10:00.000Z"}
[2026-06-06T08:10:00.500Z] INFO Skipped trade. {"slug":"btc-updown-5m-1780733400","reason":"btc_distance_below_threshold","market":"BTC","minDistanceUsd":{"UP":12,"DOWN":12},"openingPrice":61068.736908839186,"currentPrice":61068.736908839186}
[2026-06-06T08:10:00.500Z] INFO Tracking market. {"market":"ETH","slug":"eth-updown-5m-1780733400","title":"Ethereum Up or Down - June 6, 4:10AM-4:15AM ET","end":"2026-06-06T08:15:00.000Z","upToken":"48678574449321918394212503742764706949513217021501946979633588391542748569487","downToken":"73743681868389817193301177802475541846314317951483230399000778576490771204992","orderMinSize":5,"tickSize":"0.01"}
[2026-06-06T08:10:00.501Z] INFO Skipped trade. {"slug":"eth-updown-5m-1780733400","reason":"missing_opening_chainlink_tick"}
[2026-06-06T08:10:00.501Z] INFO Tracking market. {"market":"DOGE","slug":"doge-updown-5m-1780733400","title":"Dogecoin Up or Down - June 6, 4:10AM-4:15AM ET","end":"2026-06-06T08:15:00.000Z","upToken":"34913990287082688792286124059170119571643048583611928563498782952388715817904","downToken":"76410838422227318012114875370946302280183051368734412746837720236713498150106","orderMinSize":5,"tickSize":"0.01"}
[2026-06-06T08:10:00.501Z] INFO Skipped trade. {"slug":"doge-updown-5m-1780733400","reason":"missing_opening_chainlink_tick"}
[2026-06-06T08:10:01.527Z] INFO Captured Chainlink opening tick. {"slug":"eth-updown-5m-1780733400","openingPrice":1576.5809896507774,"tickTimestamp":"2026-06-06T08:10:00.000Z"}
[2026-06-06T08:10:01.532Z] INFO Skipped trade. {"slug":"eth-updown-5m-1780733400","reason":"btc_distance_below_threshold","market":"ETH","minDistanceUsd":{"UP":2,"DOWN":2},"openingPrice":1576.5809896507774,"currentPrice":1576.5809896507774}
[2026-06-06T08:10:01.542Z] INFO Captured Chainlink opening tick. {"slug":"doge-updown-5m-1780733400","openingPrice":0.081598586,"tickTimestamp":"2026-06-06T08:10:00.000Z"}
[2026-06-06T08:10:01.546Z] INFO Skipped trade. {"slug":"doge-updown-5m-1780733400","reason":"btc_distance_below_threshold","market":"DOGE","minDistanceUsd":{"UP":0.0003,"DOWN":0.0003},"openingPrice":0.081598586,"currentPrice":0.081598586}
[2026-06-06T08:14:29.946Z] INFO Skipped trade. {"slug":"btc-updown-5m-1780733400","reason":"no_ask_liquidity_under_cap","outcome":"UP"}
[2026-06-06T08:15:01.291Z] INFO Tracking market. {"market":"BTC","slug":"btc-updown-5m-1780733700","title":"Bitcoin Up or Down - June 6, 4:15AM-4:20AM ET","end":"2026-06-06T08:20:00.000Z","upToken":"45886603288285528675203404994052167222554280696269538393052470575570231059940","downToken":"39902621139197786593416120358633446254440088226206755713809200049010179536562","orderMinSize":5,"tickSize":"0.01"}
[2026-06-06T08:15:01.306Z] INFO Captured Chainlink opening tick. {"slug":"btc-updown-5m-1780733700","openingPrice":61111.143355,"tickTimestamp":"2026-06-06T08:15:00.000Z"}
[2026-06-06T08:15:01.311Z] INFO Skipped trade. {"slug":"btc-updown-5m-1780733700","reason":"btc_distance_below_threshold","market":"BTC","minDistanceUsd":{"UP":12,"DOWN":12},"openingPrice":61111.143355,"currentPrice":61111.143355}
[2026-06-06T08:15:01.311Z] INFO Tracking market. {"market":"ETH","slug":"eth-updown-5m-1780733700","title":"Ethereum Up or Down - June 6, 4:15AM-4:20AM ET","end":"2026-06-06T08:20:00.000Z","upToken":"66572407971014342156672541504731821398642581376930523977392499311084343468758","downToken":"19920074466201704697945703315440066551505108437087989478729354008873075915292","orderMinSize":5,"tickSize":"0.01"}
[2026-06-06T08:15:01.322Z] INFO Captured Chainlink opening tick. {"slug":"eth-updown-5m-1780733700","openingPrice":1577.4447301581563,"tickTimestamp":"2026-06-06T08:15:00.000Z"}
[2026-06-06T08:15:01.326Z] INFO Skipped trade. {"slug":"eth-updown-5m-1780733700","reason":"btc_distance_below_threshold","market":"ETH","minDistanceUsd":{"UP":2,"DOWN":2},"openingPrice":1577.4447301581563,"currentPrice":1577.4447301581563}
[2026-06-06T08:15:01.326Z] INFO Tracking market. {"market":"DOGE","slug":"doge-updown-5m-1780733700","title":"Dogecoin Up or Down - June 6, 4:15AM-4:20AM ET","end":"2026-06-06T08:20:00.000Z","upToken":"68853317421459668198592371129296727437369782998175635699714577588318062251069","downToken":"75123788209950549498551672550323885546843218640191811790545434280731418780791","orderMinSize":5,"tickSize":"0.01"}
[2026-06-06T08:15:01.336Z] INFO Captured Chainlink opening tick. {"slug":"doge-updown-5m-1780733700","openingPrice":0.0815416,"tickTimestamp":"2026-06-06T08:15:00.000Z"}
[2026-06-06T08:15:01.339Z] INFO Skipped trade. {"slug":"doge-updown-5m-1780733700","reason":"btc_distance_below_threshold","market":"DOGE","minDistanceUsd":{"UP":0.0003,"DOWN":0.0003},"openingPrice":0.0815416,"currentPrice":0.0815416}
[2026-06-06T08:19:30.167Z] INFO Skipped trade. {"slug":"btc-updown-5m-1780733700","reason":"no_ask_liquidity_under_cap","outcome":"DOWN"}
[2026-06-06T08:19:30.167Z] INFO Skipped trade. {"slug":"eth-updown-5m-1780733700","reason":"no_ask_liquidity_under_cap","outcome":"DOWN"}
[2026-06-06T08:20:01.424Z] INFO Tracking market. {"market":"BTC","slug":"btc-updown-5m-1780734000","title":"Bitcoin Up or Down - June 6, 4:20AM-4:25AM ET","end":"2026-06-06T08:25:00.000Z","upToken":"105674353846239916600596861413163468094781171812786477510389035801387693082127","downToken":"106081625167876069965602616958346899281383050761809074736707187076110087156569","orderMinSize":5,"tickSize":"0.01"}
[2026-06-06T08:20:01.457Z] INFO Captured Chainlink opening tick. {"slug":"btc-updown-5m-1780734000","openingPrice":61053.74448922708,"tickTimestamp":"2026-06-06T08:20:00.000Z"}
[2026-06-06T08:20:01.468Z] INFO Skipped trade. {"slug":"btc-updown-5m-1780734000","reason":"btc_distance_below_threshold","market":"BTC","minDistanceUsd":{"UP":12,"DOWN":12},"openingPrice":61053.74448922708,"currentPrice":61053.74448922708}
[2026-06-06T08:20:01.468Z] INFO Tracking market. {"market":"ETH","slug":"eth-updown-5m-1780734000","title":"Ethereum Up or Down - June 6, 4:20AM-4:25AM ET","end":"2026-06-06T08:25:00.000Z","upToken":"38424154550402863736417698889571482316432175404105521492206811551722157313620","downToken":"95125473907708916109494302262204163030186339490824816472293928978278213258263","orderMinSize":5,"tickSize":"0.01"}
[2026-06-06T08:20:01.468Z] INFO Skipped trade. {"slug":"eth-updown-5m-1780734000","reason":"missing_opening_chainlink_tick"}
[2026-06-06T08:20:01.468Z] INFO Tracking market. {"market":"DOGE","slug":"doge-updown-5m-1780734000","title":"Dogecoin Up or Down - June 6, 4:20AM-4:25AM ET","end":"2026-06-06T08:25:00.000Z","upToken":"64807507341430375229477537644261109077245283212363629701857145780447049667156","downToken":"83460451837562594510198018800598977731909074217040420938885331004094935809370","orderMinSize":5,"tickSize":"0.01"}
[2026-06-06T08:20:01.468Z] INFO Skipped trade. {"slug":"doge-updown-5m-1780734000","reason":"missing_opening_chainlink_tick"}
[2026-06-06T08:20:02.483Z] INFO Captured Chainlink opening tick. {"slug":"eth-updown-5m-1780734000","openingPrice":1574.5439,"tickTimestamp":"2026-06-06T08:20:00.000Z"}
[2026-06-06T08:20:02.486Z] INFO Skipped trade. {"slug":"eth-updown-5m-1780734000","reason":"btc_distance_below_threshold","market":"ETH","minDistanceUsd":{"UP":2,"DOWN":2},"openingPrice":1574.5439,"currentPrice":1574.5762951183974}
[2026-06-06T08:20:02.496Z] INFO Captured Chainlink opening tick. {"slug":"doge-updown-5m-1780734000","openingPrice":0.081531457,"tickTimestamp":"2026-06-06T08:20:00.000Z"}
[2026-06-06T08:20:02.501Z] INFO Skipped trade. {"slug":"doge-updown-5m-1780734000","reason":"btc_distance_below_threshold","market":"DOGE","minDistanceUsd":{"UP":0.0003,"DOWN":0.0003},"openingPrice":0.081531457,"currentPrice":0.0815327}
[2026-06-06T08:23:12.978Z] WARN RTDS websocket closed; reconnecting soon.
[2026-06-06T08:23:16.572Z] INFO Connected to Polymarket RTDS Chainlink feed.
[2026-06-06T08:24:29.937Z] INFO Skipped trade. {"slug":"btc-updown-5m-1780734000","reason":"no_ask_liquidity_under_cap","outcome":"UP"}
[2026-06-06T08:24:37.877Z] INFO Skipped trade. {"slug":"eth-updown-5m-1780734000","reason":"no_ask_liquidity_under_cap","outcome":"UP"}
[2026-06-06T08:25:00.172Z] INFO Tracking market. {"market":"BTC","slug":"btc-updown-5m-1780734300","title":"Bitcoin Up or Down - June 6, 4:25AM-4:30AM ET","end":"2026-06-06T08:30:00.000Z","upToken":"23373491523049677400234426980604169272703940401454873816756209670349207599194","downToken":"18752155553891204591632654269780603541912191667464218807485217039885935739969","orderMinSize":5,"tickSize":"0.01"}
[2026-06-06T08:25:00.172Z] INFO Skipped trade. {"slug":"btc-updown-5m-1780734300","reason":"missing_opening_chainlink_tick"}
[2026-06-06T08:25:00.172Z] INFO Tracking market. {"market":"ETH","slug":"eth-updown-5m-1780734300","title":"Ethereum Up or Down - June 6, 4:25AM-4:30AM ET","end":"2026-06-06T08:30:00.000Z","upToken":"66954622509845235656999997740820477332679294110264783135928961030586644055074","downToken":"105107820112213070677776938727639005050612230750613365140326231436157234870512","orderMinSize":5,"tickSize":"0.01"}
[2026-06-06T08:25:00.172Z] INFO Skipped trade. {"slug":"eth-updown-5m-1780734300","reason":"missing_opening_chainlink_tick"}
[2026-06-06T08:25:00.172Z] INFO Tracking market. {"market":"DOGE","slug":"doge-updown-5m-1780734300","title":"Dogecoin Up or Down - June 6, 4:25AM-4:30AM ET","end":"2026-06-06T08:30:00.000Z","upToken":"55504161913480309658663650451425264135715984064198390634285426007007351762860","downToken":"65850288606004355127817075569267902719574795578469400989735660288140921803834","orderMinSize":5,"tickSize":"0.01"}
[2026-06-06T08:25:00.172Z] INFO Skipped trade. {"slug":"doge-updown-5m-1780734300","reason":"missing_opening_chainlink_tick"}
[2026-06-06T08:25:01.192Z] INFO Captured Chainlink opening tick. {"slug":"btc-updown-5m-1780734300","openingPrice":61107.99671739222,"tickTimestamp":"2026-06-06T08:25:00.000Z"}
[2026-06-06T08:25:01.201Z] INFO Skipped trade. {"slug":"btc-updown-5m-1780734300","reason":"btc_distance_below_threshold","market":"BTC","minDistanceUsd":{"UP":12,"DOWN":12},"openingPrice":61107.99671739222,"currentPrice":61107.99671739222}
[2026-06-06T08:25:02.218Z] INFO Captured Chainlink opening tick. {"slug":"eth-updown-5m-1780734300","openingPrice":1576.253453331289,"tickTimestamp":"2026-06-06T08:25:00.000Z"}
[2026-06-06T08:25:02.227Z] INFO Skipped trade. {"slug":"eth-updown-5m-1780734300","reason":"btc_distance_below_threshold","market":"ETH","minDistanceUsd":{"UP":2,"DOWN":2},"openingPrice":1576.253453331289,"currentPrice":1576.38339069443}
[2026-06-06T08:25:02.235Z] INFO Captured Chainlink opening tick. {"slug":"doge-updown-5m-1780734300","openingPrice":0.0817230848413611,"tickTimestamp":"2026-06-06T08:25:00.000Z"}
[2026-06-06T08:25:02.238Z] INFO Skipped trade. {"slug":"doge-updown-5m-1780734300","reason":"btc_distance_below_threshold","market":"DOGE","minDistanceUsd":{"UP":0.0003,"DOWN":0.0003},"openingPrice":0.0817230848413611,"currentPrice":0.0817282706015391}
[2026-06-06T08:26:59.463Z] WARN Bot loop iteration failed; retrying. {"error":"fetch failed"}
[2026-06-06T08:27:01.004Z] WARN Bot loop iteration failed; retrying. {"error":"fetch failed"}
[2026-06-06T08:29:28.719Z] INFO Skipped trade. {"slug":"btc-updown-5m-1780734300","reason":"no_ask_liquidity_under_cap","outcome":"UP"}
[2026-06-06T08:29:28.719Z] INFO Skipped trade. {"slug":"eth-updown-5m-1780734300","reason":"no_ask_liquidity_under_cap","outcome":"UP"}
[2026-06-06T08:29:28.719Z] INFO Skipped trade. {"slug":"doge-updown-5m-1780734300","reason":"no_ask_liquidity_under_cap","outcome":"UP"}
[2026-06-06T08:30:00.174Z] INFO Tracking market. {"market":"BTC","slug":"btc-updown-5m-1780734600","title":"Bitcoin Up or Down - June 6, 4:30AM-4:35AM ET","end":"2026-06-06T08:35:00.000Z","upToken":"112479856170602453188606491160893628762670723610203489443219886772057130640233","downToken":"103903979149593903815449058347303285378689506998290687656166421437396558002215","orderMinSize":5,"tickSize":"0.01"}
[2026-06-06T08:30:00.174Z] INFO Skipped trade. {"slug":"btc-updown-5m-1780734600","reason":"missing_opening_chainlink_tick"}
[2026-06-06T08:30:00.174Z] INFO Tracking market. {"market":"ETH","slug":"eth-updown-5m-1780734600","title":"Ethereum Up or Down - June 6, 4:30AM-4:35AM ET","end":"2026-06-06T08:35:00.000Z","upToken":"28370581745683351352825461586913141144910439867224794928573955502180825601835","downToken":"94632087107675998657585714663271720551098528738584869925406128852374780429563","orderMinSize":5,"tickSize":"0.01"}
[2026-06-06T08:30:00.174Z] INFO Skipped trade. {"slug":"eth-updown-5m-1780734600","reason":"missing_opening_chainlink_tick"}
[2026-06-06T08:30:00.174Z] INFO Tracking market. {"market":"DOGE","slug":"doge-updown-5m-1780734600","title":"Dogecoin Up or Down - June 6, 4:30AM-4:35AM ET","end":"2026-06-06T08:35:00.000Z","upToken":"79630944029716518127979168302935198740314936561243815206557878077597869601116","downToken":"103566174694131008965162760318886055646994677999341266675689709954007673320435","orderMinSize":5,"tickSize":"0.01"}
[2026-06-06T08:30:00.175Z] INFO Skipped trade. {"slug":"doge-updown-5m-1780734600","reason":"missing_opening_chainlink_tick"}
[2026-06-06T08:30:01.202Z] INFO Captured Chainlink opening tick. {"slug":"btc-updown-5m-1780734600","openingPrice":61376.39466452826,"tickTimestamp":"2026-06-06T08:30:00.000Z"}
[2026-06-06T08:30:01.206Z] INFO Skipped trade. {"slug":"btc-updown-5m-1780734600","reason":"btc_distance_below_threshold","market":"BTC","minDistanceUsd":{"UP":12,"DOWN":12},"openingPrice":61376.39466452826,"currentPrice":61376.39466452826}
[2026-06-06T08:30:03.240Z] INFO Captured Chainlink opening tick. {"slug":"eth-updown-5m-1780734600","openingPrice":1585.3019858630614,"tickTimestamp":"2026-06-06T08:30:00.000Z"}
[2026-06-06T08:30:03.253Z] INFO Skipped trade. {"slug":"eth-updown-5m-1780734600","reason":"btc_distance_below_threshold","market":"ETH","minDistanceUsd":{"UP":2,"DOWN":2},"openingPrice":1585.3019858630614,"currentPrice":1585.251296444779}
[2026-06-06T08:30:03.288Z] INFO Captured Chainlink opening tick. {"slug":"doge-updown-5m-1780734600","openingPrice":0.0823512,"tickTimestamp":"2026-06-06T08:30:00.000Z"}
[2026-06-06T08:30:03.295Z] INFO Skipped trade. {"slug":"doge-updown-5m-1780734600","reason":"btc_distance_below_threshold","market":"DOGE","minDistanceUsd":{"UP":0.0003,"DOWN":0.0003},"openingPrice":0.0823512,"currentPrice":0.082313409}
[2026-06-06T08:34:29.681Z] INFO Skipped trade. {"slug":"btc-updown-5m-1780734600","reason":"no_ask_liquidity_under_cap","outcome":"DOWN"}
[2026-06-06T08:35:01.475Z] INFO Tracking market. {"market":"BTC","slug":"btc-updown-5m-1780734900","title":"Bitcoin Up or Down - June 6, 4:35AM-4:40AM ET","end":"2026-06-06T08:40:00.000Z","upToken":"87342337205374283888009164655126317034153353311194493582703201869612325485438","downToken":"111981894273046076720238217699961387162306069189921336019515694594445780739871","orderMinSize":5,"tickSize":"0.01"}
[2026-06-06T08:35:01.490Z] INFO Captured Chainlink opening tick. {"slug":"btc-updown-5m-1780734900","openingPrice":61306.51189253768,"tickTimestamp":"2026-06-06T08:35:00.000Z"}
[2026-06-06T08:35:01.494Z] INFO Skipped trade. {"slug":"btc-updown-5m-1780734900","reason":"btc_distance_below_threshold","market":"BTC","minDistanceUsd":{"UP":12,"DOWN":12},"openingPrice":61306.51189253768,"currentPrice":61306.51189253768}
[2026-06-06T08:35:01.494Z] INFO Tracking market. {"market":"ETH","slug":"eth-updown-5m-1780734900","title":"Ethereum Up or Down - June 6, 4:35AM-4:40AM ET","end":"2026-06-06T08:40:00.000Z","upToken":"97800884564283614193685867745787496368687701778675276685897463705543075526240","downToken":"72617271734940191774574417146822600811404239080146190064049446880488085508761","orderMinSize":5,"tickSize":"0.01"}
[2026-06-06T08:35:01.494Z] INFO Skipped trade. {"slug":"eth-updown-5m-1780734900","reason":"missing_opening_chainlink_tick"}
[2026-06-06T08:35:01.494Z] INFO Tracking market. {"market":"DOGE","slug":"doge-updown-5m-1780734900","title":"Dogecoin Up or Down - June 6, 4:35AM-4:40AM ET","end":"2026-06-06T08:40:00.000Z","upToken":"86269573819839366894906422525463789202997029394944645404904469715309299291632","downToken":"42045424666338142278944927817749356688431427752046865826735298827115515179581","orderMinSize":5,"tickSize":"0.01"}
[2026-06-06T08:35:01.494Z] INFO Skipped trade. {"slug":"doge-updown-5m-1780734900","reason":"missing_opening_chainlink_tick"}
[2026-06-06T08:35:03.538Z] INFO Captured Chainlink opening tick. {"slug":"eth-updown-5m-1780734900","openingPrice":1586.6474104602587,"tickTimestamp":"2026-06-06T08:35:00.000Z"}
[2026-06-06T08:35:03.544Z] INFO Skipped trade. {"slug":"eth-updown-5m-1780734900","reason":"btc_distance_below_threshold","market":"ETH","minDistanceUsd":{"UP":2,"DOWN":2},"openingPrice":1586.6474104602587,"currentPrice":1586.5514560351578}
[2026-06-06T08:35:03.557Z] INFO Captured Chainlink opening tick. {"slug":"doge-updown-5m-1780734900","openingPrice":0.0821502248287141,"tickTimestamp":"2026-06-06T08:35:00.000Z"}
[2026-06-06T08:35:03.562Z] INFO Skipped trade. {"slug":"doge-updown-5m-1780734900","reason":"btc_distance_below_threshold","market":"DOGE","minDistanceUsd":{"UP":0.0003,"DOWN":0.0003},"openingPrice":0.0821502248287141,"currentPrice":0.0821503507777674}
[2026-06-06T08:39:29.028Z] INFO Skipped trade. {"slug":"eth-updown-5m-1780734900","reason":"no_ask_liquidity_under_cap","outcome":"DOWN"}
[2026-06-06T08:40:00.601Z] INFO Tracking market. {"market":"BTC","slug":"btc-updown-5m-1780735200","title":"Bitcoin Up or Down - June 6, 4:40AM-4:45AM ET","end":"2026-06-06T08:45:00.000Z","upToken":"73157950142041493523508316282604359158082758776492903891242978958695437975553","downToken":"34875164726030350231751129280255754015462254775827848980792668130107838495895","orderMinSize":5,"tickSize":"0.01"}
[2026-06-06T08:40:00.618Z] INFO Captured Chainlink opening tick. {"slug":"btc-updown-5m-1780735200","openingPrice":61311.1373304647,"tickTimestamp":"2026-06-06T08:40:00.000Z"}
[2026-06-06T08:40:00.621Z] INFO Skipped trade. {"slug":"btc-updown-5m-1780735200","reason":"btc_distance_below_threshold","market":"BTC","minDistanceUsd":{"UP":12,"DOWN":12},"openingPrice":61311.1373304647,"currentPrice":61311.1373304647}
[2026-06-06T08:40:00.621Z] INFO Tracking market. {"market":"ETH","slug":"eth-updown-5m-1780735200","title":"Ethereum Up or Down - June 6, 4:40AM-4:45AM ET","end":"2026-06-06T08:45:00.000Z","upToken":"113178433718091392377862312510525339542846392504077493114365004776093683486827","downToken":"3582287102116583423642836356480468571136402649151622151674024558315353227641","orderMinSize":5,"tickSize":"0.01"}
[2026-06-06T08:40:00.621Z] INFO Skipped trade. {"slug":"eth-updown-5m-1780735200","reason":"missing_opening_chainlink_tick"}
[2026-06-06T08:40:00.621Z] INFO Tracking market. {"market":"DOGE","slug":"doge-updown-5m-1780735200","title":"Dogecoin Up or Down - June 6, 4:40AM-4:45AM ET","end":"2026-06-06T08:45:00.000Z","upToken":"27376773778275308087534465321240581345661737821811475976735055722819162831587","downToken":"96241548289061920221007563624483831017258796210164084723579794911727718902787","orderMinSize":5,"tickSize":"0.01"}
[2026-06-06T08:40:00.622Z] INFO Skipped trade. {"slug":"doge-updown-5m-1780735200","reason":"missing_opening_chainlink_tick"}
[2026-06-06T08:40:03.650Z] INFO Captured Chainlink opening tick. {"slug":"eth-updown-5m-1780735200","openingPrice":1585.5124939147358,"tickTimestamp":"2026-06-06T08:40:00.000Z"}
[2026-06-06T08:40:03.653Z] INFO Skipped trade. {"slug":"eth-updown-5m-1780735200","reason":"btc_distance_below_threshold","market":"ETH","minDistanceUsd":{"UP":2,"DOWN":2},"openingPrice":1585.5124939147358,"currentPrice":1585.5067536630995}
[2026-06-06T08:40:03.662Z] INFO Captured Chainlink opening tick. {"slug":"doge-updown-5m-1780735200","openingPrice":0.0820592154747999,"tickTimestamp":"2026-06-06T08:40:00.000Z"}
[2026-06-06T08:40:03.665Z] INFO Skipped trade. {"slug":"doge-updown-5m-1780735200","reason":"btc_distance_below_threshold","market":"DOGE","minDistanceUsd":{"UP":0.0003,"DOWN":0.0003},"openingPrice":0.0820592154747999,"currentPrice":0.0820577}
[2026-06-06T08:44:29.637Z] INFO Skipped trade. {"slug":"btc-updown-5m-1780735200","reason":"no_ask_liquidity_under_cap","outcome":"UP"}
[2026-06-06T08:44:29.637Z] INFO Skipped trade. {"slug":"eth-updown-5m-1780735200","reason":"no_ask_liquidity_under_cap","outcome":"UP"}
[2026-06-06T08:45:00.855Z] INFO Tracking market. {"market":"BTC","slug":"btc-updown-5m-1780735500","title":"Bitcoin Up or Down - June 6, 4:45AM-4:50AM ET","end":"2026-06-06T08:50:00.000Z","upToken":"43939800769280579879947916490473914832301915494666891234647918435599224093447","downToken":"2496296123073240127924358766205887966714210504022023804808962398293035397030","orderMinSize":5,"tickSize":"0.01"}
[2026-06-06T08:45:00.871Z] INFO Captured Chainlink opening tick. {"slug":"btc-updown-5m-1780735500","openingPrice":61330.727795,"tickTimestamp":"2026-06-06T08:45:00.000Z"}
[2026-06-06T08:45:00.875Z] INFO Skipped trade. {"slug":"btc-updown-5m-1780735500","reason":"btc_distance_below_threshold","market":"BTC","minDistanceUsd":{"UP":12,"DOWN":12},"openingPrice":61330.727795,"currentPrice":61330.727795}
[2026-06-06T08:45:00.875Z] INFO Tracking market. {"market":"ETH","slug":"eth-updown-5m-1780735500","title":"Ethereum Up or Down - June 6, 4:45AM-4:50AM ET","end":"2026-06-06T08:50:00.000Z","upToken":"99928382062062230819040176739839414216266313888106791466583719307734292547975","downToken":"99250434135375441182173018360933213277247034714486616469258788550287796667738","orderMinSize":5,"tickSize":"0.01"}
[2026-06-06T08:45:00.875Z] INFO Skipped trade. {"slug":"eth-updown-5m-1780735500","reason":"missing_opening_chainlink_tick"}
[2026-06-06T08:45:00.875Z] INFO Tracking market. {"market":"DOGE","slug":"doge-updown-5m-1780735500","title":"Dogecoin Up or Down - June 6, 4:45AM-4:50AM ET","end":"2026-06-06T08:50:00.000Z","upToken":"71321220728121858232845899529873500608021727900094497638095956122571972742896","downToken":"33893102876180427238567712124981501448836546725772731705880944108660008947121","orderMinSize":5,"tickSize":"0.01"}
[2026-06-06T08:45:00.875Z] INFO Skipped trade. {"slug":"doge-updown-5m-1780735500","reason":"missing_opening_chainlink_tick"}
[2026-06-06T08:45:03.902Z] INFO Captured Chainlink opening tick. {"slug":"eth-updown-5m-1780735500","openingPrice":1586.79914,"tickTimestamp":"2026-06-06T08:45:00.000Z"}
[2026-06-06T08:45:03.906Z] INFO Skipped trade. {"slug":"eth-updown-5m-1780735500","reason":"btc_distance_below_threshold","market":"ETH","minDistanceUsd":{"UP":2,"DOWN":2},"openingPrice":1586.79914,"currentPrice":1586.4685407486404}
[2026-06-06T08:45:03.914Z] INFO Captured Chainlink opening tick. {"slug":"doge-updown-5m-1780735500","openingPrice":0.0820505960308639,"tickTimestamp":"2026-06-06T08:45:00.000Z"}
[2026-06-06T08:45:03.918Z] INFO Skipped trade. {"slug":"doge-updown-5m-1780735500","reason":"btc_distance_below_threshold","market":"DOGE","minDistanceUsd":{"UP":0.0003,"DOWN":0.0003},"openingPrice":0.0820505960308639,"currentPrice":0.0820379214858803}
[2026-06-06T08:46:07.696Z] WARN Bot loop iteration failed; retrying. {"error":"fetch failed"}
[2026-06-06T08:46:08.701Z] WARN Bot loop iteration failed; retrying. {"error":"fetch failed"}
[2026-06-06T08:46:09.721Z] WARN Bot loop iteration failed; retrying. {"error":"fetch failed"}
[2026-06-06T08:46:10.762Z] WARN Bot loop iteration failed; retrying. {"error":"fetch failed"}
